std_error_mean,geometric_mean,harmonic_mean,root_mean_square,shannon_entropy,coef_of_var,signal_to_noise,percentile_75,mean,std_dev,max_value,mean_abs_dev,contrast,energy,entropy,range,variance,iqr,label
0.03464330712445177,0.0004700081427451359,1.9104196206869954e-06,0.48332306925835394,5.616774794978603,1.3858979787535934,0.72155199297049,0.4703986421227455,0.28280889665438735,0.39194427824684935,1.5460599660873413,0.32862306529941065,0.15362031725044367,29.900952227496397,3.8932516131075827,1.5460599660873413,0.15362031725044367,0.4703986421227455,1
0.03154307813835941,0.0005582888471672221,1.9999803561926346e-06,0.4354919480036501,5.589701673901015,1.4297935676624862,0.6993997038995793,0.4554571285843849,0.24959490606852341,0.35686919121809724,1.3823904991149902,0.2947684210034822,0.12735561964065886,24.275614307329775,3.874485955563695,1.3823904991149902,0.12735561964065886,0.4554571285843849,1
0.030227720785247568,0.0006492739538658794,2.0644962599222283e-06,0.4159879074935284,5.59291365951586,1.4439963499303323,0.6925205011594062,0.38322147727012634,0.2368341315886937,0.3419876215529937,1.3216389417648315,0.27555307601505774,0.11695553329547366,22.149880215148073,3.876712334336623,1.3216389417648315,0.11695553329547366,0.38322147727012634,1
0.033050242515374945,0.0015098903403198446,2.4150671877400786e-06,0.45457655092935556,5.683440696892982,1.4464933030344016,0.6913252370725365,0.3873993456363678,0.25850158369576093,0.37392080963970503,1.8198703527450562,0.28449154669397103,0.1398167718816125,26.44989960381811,3.9394608950590193,1.8198703527450562,0.1398167718816125,0.3873993456363678,1
0.0297057882965802,0.000389832949758841,1.9104119916391126e-06,0.4001197924786344,5.471160476017635,1.547859025909078,0.6460517449015062,0.3446507677435875,0.21712741528426704,0.33608262952006146,1.58216392993927,0.2671896304231325,0.1129515338651189,20.492268586642616,3.7923194584706312,1.58216392993927,0.1129515338651189,0.3446507677435875,1
0.03142488800029666,0.0013507962716055525,2.3272152031964783e-06,0.44385399804620007,5.782904504409654,1.3380306484756959,0.7473649340252108,0.4402126148343086,0.2657129138660821,0.35553202244860055,1.6804794073104858,0.27889329796087736,0.12640301898639222,25.21681556244431,4.008403952806958,1.6804794073104858,0.12640301898639222,0.4402126148343086,1
0.042101681098508856,0.0005005350575013997,1.910437384021356e-06,0.5748985445551067,5.5502168780447345,1.4797180998903117,0.6758029794166026,0.5283577293157578,0.32190330529920175,0.4763261472657457,1.8384507894515991,0.3769470919547757,0.22688659856902882,42.305067076042235,3.847117180640928,1.8384507894515991,0.22688659856902882,0.5283577293157578,1
0.038384847827982856,0.0003547932721591438,1.8285639857216239e-06,0.5182897980492425,5.466410291709841,1.5351103537057513,0.6514174664399937,0.4523544907569885,0.282894958043471,0.4342749791036864,1.8572092056274414,0.3470020095919608,0.18859475747550727,34.383912289526336,3.7890268816105426,1.8572092056274414,0.18859475747550727,0.4523544907569885,1
0.03194070247593643,0.00018063181409359822,1.6842025753418922e-06,0.4215195110008369,5.315649572724853,1.6652361059583096,0.6005137824995959,0.3566398099064827,0.2170069432031596,0.36136779706554556,1.78799569606781,0.2800948108688317,0.13058668475600532,22.742873363761234,3.6845275143069074,1.78799569606781,0.13058668475600532,0.3566398099064827,1
0.04212017125701149,0.0009319719684212577,2.0983516647775344e-06,0.593933827550898,5.697780417907852,1.344239893408581,0.7439132750244911,0.6577388048171997,0.3545017090073088,0.4765353395291446,1.7820388078689575,0.4019904558158487,0.22708592982015713,45.15294611318525,3.949400432250493,1.7820388078689575,0.22708592982015713,0.6577388048171997,1
0.03584531300427901,0.0006665385241926091,1.9999936815480576e-06,0.4987501066133505,5.669320177745629,1.3968800699113593,0.7158793054026038,0.4895143210887909,0.29032085940707475,0.40554342238528046,1.638056755065918,0.31904004327407165,0.16446546743996598,31.840213612394045,3.9296732970239896,1.638056755065918,0.16446546743996598,0.4895143210887909,1
0.040578058877761704,0.0008951449762901703,2.13331282246831e-06,0.5576153393958758,5.606461966339987,1.4505122673759578,0.6894101099770258,0.5215793401002884,0.3165008252071857,0.4590883295976366,1.7367998361587524,0.3672551138495237,0.21076209437274823,39.799662941385954,3.886103305013126,1.7367998361587524,0.21076209437274823,0.5215793401002884,1
0.02688176441717139,0.0004054365546238369,1.9104351218615576e-06,0.36361350261767766,5.533133020968505,1.5260465774973508,0.6552858390532283,0.290497325360775,0.19929434070945717,0.3041324465542581,1.3307931423187256,0.23315145590368047,0.09249654504707866,16.92349174859467,3.8352755532754506,1.3307931423187256,0.09249654504707866,0.290497325360775,1
0.03519894511598676,0.00039795128049471937,1.855064779596079e-06,0.48424340277335143,5.56321083527456,1.44544687138126,0.6918258351085966,0.5031390190124512,0.2755069123595604,0.3982306045140375,1.484531044960022,0.3255837466615503,0.15858761437161578,30.014934160577823,3.8561239054590994,1.484531044960022,0.15858761437161578,0.5031390190124512,1
0.03375138025974227,0.0008152306416166568,2.133310757543043e-06,0.4644347426109633,5.613173760986509,1.44442878600763,0.6923133842852338,0.5052090585231781,0.26436282729628147,0.3818532776971126,1.6109657287597656,0.30768091998947966,0.14581192568802817,27.609552658446297,3.890755566548863,1.6109657287597656,0.14581192568802817,0.5052090585231781,1
0.030595580067579307,0.0005437827026717139,1.969223197321232e-06,0.4205532062918146,5.616432944662131,1.4492817568404566,0.6899949622377356,0.3619919642806053,0.23884208340314217,0.34614947424194076,1.4049818515777588,0.2719846057534596,0.11981945851797202,22.63871991325767,3.893014660524547,1.4049818515777588,0.11981945851797202,0.3619919642806053,1
0.033479955495417435,0.0006780003785424485,2.0317352982398224e-06,0.4681102038306871,5.657931478025356,1.377153919371502,0.7261333289640965,0.5271070748567581,0.27504729261272587,0.3787824570341358,1.561510682106018,0.31477264960722096,0.14347614975681694,28.048276855092148,3.9217792519226387,1.561510682106018,0.14347614975681694,0.5271070748567581,1
0.030558237187892103,0.0006233297417969246,2.031732788906117e-06,0.4213075212666028,5.616927543315782,1.4358889524353784,0.6964306716453135,0.40373966097831726,0.24077557474083733,0.34572698778664707,1.4921343326568604,0.27597528484398026,0.11952715008402842,22.72000351690355,3.8933574901868333,1.4921343326568604,0.11952715008402842,0.40373966097831726,1
0.03226218042963126,0.00021547177499461396,1.7297069021551415e-06,0.4281640007861073,5.363438714853675,1.6307895060583453,0.6131982433068941,0.3898564502596855,0.2238209796951196,0.36500490492249904,1.6206337213516235,0.28181115278160007,0.13322858061748255,23.465524680853203,3.7176524234348793,1.6206337213516235,0.13322858061748255,0.3898564502596855,1
0.03607275454575137,0.0010016041477615009,2.1694717819510106e-06,0.5067493552622647,5.700994097328181,1.3586107104015217,0.7360442119807108,0.5238548517227173,0.3003926191377104,0.4081166296860585,1.4136165380477905,0.3396492286888133,0.1665591834263074,32.86974835951628,3.9516279850799183,1.4136165380477905,0.1665591834263074,0.5238548517227173,1
0.03660318694964764,0.0005052415373708802,1.9393798150619755e-06,0.49697559174820993,5.540618478906021,1.5072168088790032,0.6634729518294535,0.39701762795448303,0.27475661420612596,0.4141177872821566,1.77268648147583,0.3203757143965049,0.17149354174346948,31.61404656556588,3.840464077340042,1.77268648147583,0.17149354174346948,0.39701762795448303,1
0.031135619990043818,0.0003249440605000554,1.8550553825337794e-06,0.4150383825652846,5.390487149568579,1.604993092932282,0.6230538720658522,0.32103750109672546,0.21947716164868325,0.35225932850251856,1.4636900424957275,0.2775583239945263,0.12408663451704527,22.04887795230816,3.736400969696076,1.4636900424957275,0.12408663451704527,0.32103750109672546,1
0.02390662518710118,0.00014464640427719005,1.662331001103119e-06,0.31041175666691306,5.233402267907577,1.7757381038494102,0.5631440247937254,0.20845036581158638,0.1523155852628406,0.27047258856134976,1.3811516761779785,0.19843325755164187,0.07315542116307719,12.333498710660974,3.62751802686416,1.3811516761779785,0.07315542116307719,0.20845036581158638,1
0.02395108932282707,0.00067873805780742,2.0983425537906222e-06,0.33257623318922025,5.679980285227087,1.4053371145034892,0.7115704120561385,0.33203552663326263,0.19281896139727905,0.2709756428316118,1.3239109516143799,0.21282335681553377,0.07342779900800524,14.157689712938318,3.9370623204692277,1.3239109516143799,0.07342779900800524,0.33203552663326263,1
0.02364279697195115,0.0005098285455842647,1.999987056855958e-06,0.32336895394327003,5.610096501114839,1.4720743543697832,0.6793109726801906,0.2927578315138817,0.18170801783708157,0.2674877130413349,1.2135581970214844,0.20581743597904278,0.07154967662808354,13.38463748791868,3.888622572544965,1.2135581970214844,0.07154967662808354,0.2927578315138817,1
0.03296876404061889,0.0004851333132787097,1.9393671423959846e-06,0.45016646787031983,5.567654163230383,1.4799495761569077,0.6756968853165368,0.4171762391924858,0.25203492871423805,0.3729989859273731,1.6921467781066895,0.29111791694622013,0.13912824350284864,25.939180645739484,3.859203785703981,1.6921467781066895,0.13912824350284864,0.4171762391924858,1
0.032458016437089114,0.0004347647250569442,1.9102447605810643e-06,0.44316649141134173,5.560411041636629,1.4802272555769704,0.675570101199348,0.4254402071237564,0.24808389052486746,0.36722053642448216,1.844772458076477,0.29091361324719855,0.13485092237188442,25.13875700605937,3.8541832363928172,1.844772458076477,0.13485092237188442,0.4254402071237564,1
0.0331216091581887,0.00031353054755611695,1.8285572221947161e-06,0.43988651530296763,5.396130319829876,1.626505211448815,0.6148134813018662,0.3295827656984329,0.23038858307700139,0.37472823103305103,1.683917760848999,0.2850249010450625,0.14042124713315965,24.76801873220966,3.7403125172521126,1.683917760848999,0.14042124713315965,0.3295827656984329,1
0.02804288686048192,0.0009288652128650715,2.169477063595207e-06,0.397779530922418,5.754909261860124,1.322311312739022,0.7562491816239022,0.39759815484285355,0.23993521370721282,0.3172690474095024,1.3850897550582886,0.25873186074920795,0.1006596484441331,20.253255068269944,3.9889991293646596,1.3850897550582886,0.1006596484441331,0.39759815484285355,1
0.027019939586407055,0.0004484415984415413,1.939376544490771e-06,0.37428141124995784,5.590512535623571,1.4155507538131293,0.7064365061374684,0.37932100892066956,0.21595532291394193,0.3056957201407883,1.034967064857483,0.2541948071675506,0.09344987331239514,17.931081575329287,3.875048002080507,1.034967064857483,0.09344987331239514,0.37932100892066956,1
0.02681929641627235,0.0005419087834951368,1.99998880276019e-06,0.3689583166165932,5.602426272870921,1.4454894470161859,0.6918049151969671,0.3691099211573601,0.20991208370833192,0.303425701801572,1.2438503503799438,0.24438744316421435,0.0920671565137765,17.424670643270428,3.8833059754634403,1.2438503503799438,0.0920671565137765,0.3691099211573601,1
0.023768592588235764,0.00029934428203888405,1.8550474659543998e-06,0.320645312437313,5.467459645718906,1.539771184576211,0.6494447300529201,0.2985011413693428,0.17464343447136343,0.26891092797442917,1.3852039575576782,0.21571895790236795,0.07231308718406863,13.160117297666822,3.7897542383833356,1.3852039575576782,0.07231308718406863,0.2985011413693428,1
0.033741986105032123,0.0005678391636422134,2.031719188913317e-06,0.45199834331999533,5.472158083217433,1.5773627683807787,0.6339679118313325,0.33001621067523956,0.24201597921637585,0.3817469949691276,1.853332757949829,0.2902633259451477,0.14573076816795916,26.150720302594607,3.7930109470884776,1.853332757949829,0.14573076816795916,0.33001621067523956,1
0.027586240635579917,0.0005311287885421738,1.9993283957764732e-06,0.3821810819004459,5.620062958853088,1.414936404848352,0.7067432801290874,0.37671272456645966,0.2205771821718372,0.3121026851337993,1.211127758026123,0.25653590674642146,0.09740808606772747,18.695984558412203,3.8955307946264024,1.211127758026123,0.09740808606772747,0.37671272456645966,1
0.03854209452509264,0.0007498339790284497,2.031738176485416e-06,0.5401335413218852,5.682756209317976,1.3680155174431214,0.7309841839955624,0.5284062027931213,0.3187493247241946,0.43605402239721464,1.6347306966781616,0.35570520679038964,0.19014311044879056,37.34326303499784,3.9389864444262765,1.6347306966781616,0.19014311044879056,0.5284062027931213,1
0.03341979394866772,0.0002894160843335657,1.7777732151340013e-06,0.44952602331024416,5.468663439926571,1.5551363304067154,0.6430287400945368,0.3669181540608406,0.24313097150297835,0.37810180683136146,1.7728396654129028,0.29323130179363943,0.14296097632914018,25.86542664103964,3.7905886449443544,1.7728396654129028,0.14296097632914018,0.3669181540608406,1
0.03499469544862065,0.0005134455341254733,1.9393847511803624e-06,0.4787709269779093,5.581307709301317,1.4707223497773865,0.67993627375934,0.45539359748363495,0.26920090211206116,0.3959197833164428,1.8220343589782715,0.3100373431148,0.156752474821339,29.340364866468676,3.868667702667693,1.8220343589782715,0.156752474821339,0.45539359748363495,1
0.035515001574754165,0.0012092988367461413,2.245591817627565e-06,0.5010048830389976,5.758823358424879,1.3426591325079757,0.7447888202103622,0.5173524618148804,0.2992616408955655,0.40180637515775336,1.9176700115203857,0.3182299942793634,0.16144836311741326,32.12875428210172,3.9917121743629593,1.9176700115203857,0.16144836311741326,0.5173524618148804,1
0.039496925480135364,0.0007469875359058809,2.0317356798173905e-06,0.5592544642462519,5.683263571719779,1.3288209227213847,0.7525451662088299,0.6723056584596634,0.33628060323826503,0.44685670148837525,1.53057062625885,0.38657820635626194,0.1996809116650709,40.03399113975837,3.9393381212446075,1.53057062625885,0.1996809116650709,0.6723056584596634,1
0.053297214098431016,0.00048259411857418154,1.8823429158435731e-06,0.7179159555959083,5.473256329502464,1.5476152695916456,0.6461543519546438,0.6169968843460083,0.3896247058073641,0.6029891441176294,2.3921139240264893,0.4729035522053664,0.36359590792371116,65.97162487029583,3.793772193404506,2.3921139240264893,0.36359590792371116,0.6169968843460083,1
0.047946925082459096,0.0008467403729067339,2.0645061476430562e-06,0.6554224105468636,5.5987239804941025,1.474644658052339,0.6781282196226758,0.4813273251056671,0.36785643974872073,0.5424575338056031,2.2591731548309326,0.41804272848537494,0.2942601759824571,54.98605263962385,3.880739741940841,2.2591731548309326,0.2942601759824571,0.4813273251056671,1
0.051032739427415916,0.0005064767420573405,1.9104387855936574e-06,0.6833865549146906,5.452626821798891,1.5792487375857256,0.6332113771632593,0.5594167560338974,0.3655975933652371,0.5773695377864302,2.580713987350464,0.44677142359432764,0.33335558316371605,59.77819948008569,3.7794729083034353,2.580713987350464,0.33335558316371605,0.5594167560338974,1
0.03935206605749597,0.0007688214516475976,2.064478570731511e-06,0.5442866636193096,5.642969448366419,1.4219851538044588,0.7032406430108837,0.5462393462657928,0.3130959581512798,0.44521780420730195,2.0705204010009766,0.35435435703173823,0.19821889318317146,37.919740440811445,3.911408363249091,2.0705204010009766,0.19821889318317146,0.5462393462657928,1
0.0507137461423763,0.0014216597150570043,2.2068899845252397e-06,0.7134545678012298,5.767105392404995,1.3530573172723168,0.7390657027978715,0.6721206605434418,0.424047476350097,0.5737605407463584,2.5252320766448975,0.44334792378913335,0.32920115811755357,65.15422980050428,3.9974528428655773,2.5252320766448975,0.32920115811755357,0.6721206605434418,1
0.0432026328907252,0.0007596615623027904,2.064441828434724e-06,0.5953371711587205,5.630338537203881,1.4381010803184961,0.695359990885231,0.5380581468343735,0.3398801388884749,0.4887819949143163,2.395211935043335,0.38003217922582166,0.23890783855241873,45.36657246249827,3.9026532827888767,2.395211935043335,0.23890783855241873,0.5380581468343735,1
0.05046747907650817,0.0015321720072698733,2.2456027237791174e-06,0.7207851396709223,5.785159153961045,1.297938801064573,0.7704510010723903,0.7789181619882584,0.43990852764545707,0.5709743469502261,2.317298650741577,0.4678016112648038,0.3260117048752371,66.49999584901516,4.009966756786655,2.317298650741577,0.3260117048752371,0.7789181619882584,1
0.04334938931811341,0.0009671939318303303,2.0983184094460578e-06,0.6201760001706931,5.759185432997817,1.2920497425231723,0.773962432031219,0.6546555310487747,0.37958473130947823,0.4904423543541389,1.686122179031372,0.4103801260688016,0.24053370294443077,49.2311387120281,3.991963145332344,1.686122179031372,0.24053370294443077,0.6546555310487747,1
0.030650135119899273,0.000846133647034139,2.169462485213396e-06,0.42292741521980454,5.62044603325064,1.4322300231075336,0.6982098546260822,0.368600569665432,0.24211662135712686,0.34676669420103573,1.3704679012298584,0.28108138883919764,0.12024714020711463,22.895052613696635,3.895796321565009,1.3704679012298584,0.12024714020711463,0.368600569665432,1
0.03899298608821256,0.0006963254522643007,2.0644990748408684e-06,0.525711422321185,5.518785997305713,1.5428922326278995,0.6481319382406628,0.45741450041532516,0.28592747359653004,0.441155278107005,2.1266090869903564,0.34249057307442854,0.19461797940166892,35.375679943547304,3.825330954274158,2.1266090869903564,0.19461797940166892,0.45741450041532516,1
0.04757686837168487,0.0006964481377399789,1.9999910366858583e-06,0.6468223029718803,5.581233022676045,1.5007443526831512,0.6663347694193886,0.6022818237543106,0.35866922909917776,0.5382708200518104,2.6319456100463867,0.4109076009410728,0.2897354757192484,53.552523727596395,3.8686159338439605,2.6319456100463867,0.2897354757192484,0.6022818237543106,1
0.031771359171452004,0.0012098267960559308,2.3272277889064654e-06,0.4413489580882937,5.670585605149235,1.4036032161233687,0.7124500759952831,0.438964806497097,0.25609224327308766,0.35945189628235397,1.769497036933899,0.2923548324996261,0.12920566574098014,24.932979559119673,3.9305504244610034,1.769497036933899,0.12920566574098014,0.438964806497097,1
0.04436821802365658,0.0010406439385975675,2.169444918114978e-06,0.6135213956049393,5.654298483152846,1.4229995160039268,0.7027395277389917,0.5920338183641434,0.35275422071026696,0.5019690853390523,2.5038058757781982,0.39867057254042493,0.2519729626361248,48.180288366724156,3.9192610517697704,2.5038058757781982,0.2519729626361248,0.5920338183641434,1
0.040005506604608006,0.0005953993919903239,1.9999814004226273e-06,0.5468001830725333,5.537938278074018,1.4752016525384974,0.6778719294949082,0.5445635616779327,0.30681272577203345,0.4526106400787446,1.9103490114212036,0.3721405910434896,0.20485639151249088,38.270776346643956,3.8386063036900016,1.9103490114212036,0.20485639151249088,0.5445635616779327,1
0.0352423495726786,0.0003985477459960445,1.8823209386754515e-06,0.4792831563869682,5.507540011547487,1.4991933680457432,0.6670236897423362,0.48700301349163055,0.26595746645034524,0.39872166988460583,1.6190590858459473,0.3207148488788789,0.15897897003556857,29.403180031520648,3.8175358309532283,1.6190590858459473,0.15897897003556857,0.48700301349163055,1
0.04274397465082534,0.0010648230905072555,2.2452934069547242e-06,0.5849074963065134,5.582804863533389,1.4697940194584755,0.6803660369482057,0.5204851180315018,0.3290208443395386,0.48359286928743184,1.9083073139190674,0.38278177100471567,0.23386206322565115,43.79094774215091,3.8697054509025186,1.9083073139190674,0.23386206322565115,0.5204851180315018,1
0.037100780302921944,0.0005747886871038688,1.9393878460590613e-06,0.5239588181183813,5.681924962805552,1.3384803268570171,0.7471141693719948,0.6122674345970154,0.3135999872465618,0.41974741343213445,1.5643705129623413,0.3570366516169088,0.1761878910829672,35.1402039147534,3.93841026824984,1.5643705129623413,0.1761878910829672,0.6122674345970154,1
0.04068192020402576,0.0007597297570003992,2.0317383680544937e-06,0.566271782973633,5.670150434157156,1.395241479557159,0.716720253796565,0.5731777846813202,0.32988080781069584,0.46026338636730607,2.17984676361084,0.36887965132973477,0.21184238483030005,41.04495772059357,3.9302487869147806,2.17984676361084,0.21184238483030005,0.5731777846813202,1
0.036164679199641794,0.0009580941643863763,2.1333210034568786e-06,0.513144990102988,5.739691914511146,1.3211762772078948,0.7568994184996735,0.5841823816299438,0.3096911785978591,0.40915663842404476,1.7008343935012817,0.3380469311634897,0.1674091547664645,33.70467595107784,3.9784512679541146,1.7008343935012817,0.1674091547664645,0.5841823816299438,1
0.024530819700246443,0.000643154232761233,2.0644993555426578e-06,0.3448366192510409,5.698598405397899,1.3560574357094088,0.7374292345771938,0.36298707872629166,0.20466282328561647,0.277534543329741,1.3084722757339478,0.22630835451673192,0.07702542274124786,15.220773628990381,3.949967417972953,1.3084722757339478,0.07702542274124786,0.36298707872629166,1
0.03716685114164189,0.0008526905522166832,2.09834215242569e-06,0.5229849434552426,5.692813065644769,1.352239563861649,0.7395121756383928,0.5488165616989136,0.3109618523812969,0.4204949196416954,1.578382134437561,0.34809756828713034,0.17681597744447586,35.009696138353064,3.9459573260344896,1.578382134437561,0.17681597744447586,0.5488165616989136,1
0.024406799784674898,0.000573707378926181,2.0317315695868706e-06,0.3400906849033846,5.6480465949724366,1.3908985339187088,0.718957101587918,0.36251599341630936,0.1985273630125448,0.27613141815689585,1.1698576211929321,0.22796408943577262,0.07624856009333847,14.804694266630813,3.9149275731043423,1.1698576211929321,0.07624856009333847,0.36251599341630936,1
0.03591398019482166,0.00030336253887783526,1.8285605479693035e-06,0.467055479112309,5.293638490654294,1.7641999415759668,0.5668277814362684,0.33551952987909317,0.23031420270854142,0.40632030296252414,2.261366128921509,0.292745851851123,0.16509618859955738,27.922025032810048,3.6692705948286277,2.261366128921509,0.16509618859955738,0.33551952987909317,1
0.038876663672876344,0.001478158445301889,2.3272270947329187e-06,0.5488255202733076,5.760228190024694,1.3399343796032397,0.7463035068503322,0.5335966795682907,0.3282543137211178,0.4398392402079932,1.6569515466690063,0.3465043481106136,0.19345855722674477,38.55480981801814,3.9926859294255332,1.6569515466690063,0.19345855722674477,0.5335966795682907,1
0.04280506056072611,0.0004014260604700291,1.8823365468417603e-06,0.5666330794362191,5.381857885694182,1.6462145901488003,0.6074529657823735,0.5202747583389282,0.2941803458452341,0.48428397746544444,2.1619157791137695,0.36947852764501476,0.23453097082975108,41.09734997905569,3.7304196197712294,2.1619157791137695,0.23453097082975108,0.5202747583389282,1
0.03188303599878574,0.0009936323209432136,2.1694800826581667e-06,0.449811784341061,5.750404903243307,1.3423036409399232,0.7449858565820493,0.4453948736190796,0.26872859787545167,0.36071537535289927,1.6021232604980469,0.28994674459409,0.130115582015983,25.898322090507417,3.985876945889181,1.6021232604980469,0.130115582015983,0.4453948736190796,1
0.03199237302522754,0.00030943523576535146,1.8285434513975421e-06,0.42781639972806285,5.4373045626780545,1.5870015485901936,0.6301173669941406,0.37084661424160004,0.22807311241740535,0.3619523825982076,1.882258653640747,0.27718717784210867,0.13100952726851928,23.427439600164053,3.7688523275940202,1.882258653640747,0.13100952726851928,0.37084661424160004,1
0.03534852893891955,0.001015835086132105,2.169480584536132e-06,0.4931576393338451,5.708752436932944,1.385933030724211,0.7215337807499029,0.44992097467184067,0.28855864130309783,0.3999229522828629,1.7349423170089722,0.31545834375992854,0.15993836776264103,31.13017052586635,3.9570056563027856,1.7349423170089722,0.15993836776264103,0.44992097467184067,1
0.025410189643977853,0.0004808005241655193,1.9692081551206736e-06,0.3544568549640515,5.6297953248115,1.3864827232967059,0.7212470121326847,0.39370036125183105,0.20734732117853127,0.2874834785358868,1.1026843786239624,0.23876440660660592,0.08264675043109368,16.081876739968852,3.902276756650653,1.1026843786239624,0.08264675043109368,0.39370036125183105,1
0.037322717047484494,0.001113116382197346,2.206884035078256e-06,0.5185883774138617,5.692390257573641,1.40261325196256,0.7129532181361689,0.5130479782819748,0.3010511561005842,0.4222583410653287,1.9851328134536743,0.33375251364259384,0.17830210659924348,34.423539864158954,3.9456642578120693,1.9851328134536743,0.17830210659924348,0.5130479782819748,1
0.029035775504398176,0.00037480853661431366,1.910309142324707e-06,0.3867032582450878,5.431781018017084,1.6101187485543476,0.6210703134712284,0.3073563203215599,0.204023647568647,0.32850230009872317,1.4062678813934326,0.24972445809252974,0.10791376117015156,19.14104447198298,3.76502369818557,1.4062678813934326,0.10791376117015156,0.3073563203215599,1
0.03781672439086556,0.000820914575327654,2.0645080791861364e-06,0.530234953264309,5.702091910259593,1.3660414675181947,0.7320404881561073,0.5142912715673447,0.31320234877057374,0.42784739614469997,1.6848212480545044,0.3450891785505519,0.18305339438779983,35.987085524890105,3.952388931018109,1.6848212480545044,0.18305339438779983,0.5142912715673447,1
0.04828766852312992,0.0028139797051766244,2.5599816251228213e-06,0.6896039289172788,5.847292099484623,1.2981853503628729,0.7703046173414303,0.703670933842659,0.4208278930382221,0.5463126057662939,2.9104695320129395,0.43570081422444673,0.29845746321915806,60.87085808360286,4.053034032796209,2.9104695320129395,0.29845746321915806,0.703670933842659,1
0.038309597878335086,0.0009194163100005579,2.1694684184109335e-06,0.5230284041108977,5.591942881338625,1.4805237918256546,0.6754350712328894,0.462031327188015,0.29275019118358614,0.4334236231088083,1.8970670700073242,0.3379438709292799,0.18785603706876627,35.015515072869434,3.8760394421801236,1.8970670700073242,0.18785603706876627,0.462031327188015,1
0.027808402505915552,0.0004649372905616527,1.9393853941399474e-06,0.3801316224521578,5.578994742840317,1.4746723419883132,0.6781145838712364,0.33472196757793427,0.21334648437914439,0.3146161597743659,1.3704369068145752,0.24571689748472636,0.09898332799116935,18.49600644967806,3.8670644764865214,1.3704369068145752,0.09898332799116935,0.33472196757793427,1
0.03942254674148069,0.0008217184692989477,2.098346885409446e-06,0.5367464009053241,5.590856443671619,1.4936445104322527,0.6695018466205114,0.47535963356494904,0.29860867094248533,0.4460152021207141,2.0604114532470703,0.3414468511764426,0.19892956052278143,36.87637745725682,3.875286380974385,2.0604114532470703,0.19892956052278143,0.47535963356494904,1
0.02777455794944367,0.000536818666668862,1.999985968530515e-06,0.37920965534691714,5.58351504512412,1.4803654892250941,0.675506707592993,0.3155527412891388,0.21226734520314494,0.3142332523281656,1.4937968254089355,0.24410742892894177,0.0987425368687366,18.406395226665943,3.870197711269818,1.4937968254089355,0.0987425368687366,0.3155527412891388,1
0.03002950602768384,0.0004562849110190537,1.969210950256448e-06,0.4011215441772137,5.460856136845818,1.5932437269407238,0.6276485133542481,0.396242618560791,0.21324112050206168,0.33974507756572075,1.561855673789978,0.258535789977941,0.1154267177301376,20.595007129998386,3.785177034826152,1.561855673789978,0.1154267177301376,0.396242618560791,1
0.029707393933740823,0.00041595885533508224,1.9691868596880563e-06,0.39182099990016156,5.363548268343188,1.6688635414379092,0.5992083833584837,0.2779037430882454,0.20139501336416288,0.3361007952308519,1.447295069694519,0.25489734200834846,0.11296374455481105,19.651033083233585,3.717728360127256,1.447295069694519,0.11296374455481105,0.2779037430882454,1
0.03341552126211708,0.000576702750755947,1.969222660837266e-06,0.46707549590809977,5.645510196704475,1.3782975624766094,0.7255308157707541,0.4819570705294609,0.2742901657766197,0.37805346690122005,1.2731443643569946,0.3139165704083098,0.14292442383603188,27.92441841635806,3.9131694757961277,1.2731443643569946,0.14292442383603188,0.4819570705294609,1
0.03565423355684217,0.0007393904211297641,2.0645062901759597e-06,0.4880557109655503,5.613099750871697,1.4682343335981678,0.6810885007118241,0.45544376224279404,0.27473925380036235,0.4033816052168329,1.5762094259262085,0.3117595623189118,0.16271671942730886,30.48939225677936,3.8907042666464475,1.5762094259262085,0.16271671942730886,0.45544376224279404,1
0.045684879525156735,0.0003389903767260041,1.802811473328705e-06,0.606393586583943,5.393181380971598,1.6298875626493539,0.6135380673981079,0.5092006027698517,0.3171172181464499,0.5168654097588606,2.2845757007598877,0.3961954573037474,0.26714985180519496,47.067287276817666,3.7382684685968535,2.2845757007598877,0.26714985180519496,0.5092006027698517,1
0.035438917653604275,0.0005063266417589646,1.93938510608235e-06,0.48514856602600664,5.553900845038868,1.4678502909305884,0.6812666878092881,0.44353366643190384,0.2731515511695761,0.4009455838524038,1.5376429557800293,0.32450418527014335,0.160757361210745,30.12724878298759,3.849670711976187,1.5376429557800293,0.160757361210745,0.44353366643190384,1
0.03058978144102705,0.0008016653298865738,2.133298516110981e-06,0.4258721055840464,5.664512353251794,1.394490828209505,0.7171055487107935,0.4102242514491081,0.24817938079650048,0.34608387027143406,1.3803398609161377,0.27871691565496803,0.11977404526205479,23.214982440267413,3.926340767031461,1.3803398609161377,0.11977404526205479,0.4102242514491081,1
0.03885745689763832,0.0005357650677155482,1.9393866715898115e-06,0.5315123584638758,5.5670070072091855,1.4716502159108151,0.6795077488603696,0.5097339749336243,0.29872719454579055,0.43962194035174473,1.9908812046051025,0.3525460517121246,0.193267450438633,36.160689561578444,3.8587552113325048,1.9908812046051025,0.193267450438633,0.5097339749336243,1
0.03990766778622097,0.0002829270613690366,1.7777704738234377e-06,0.5290562383604147,5.355543148438771,1.6372926177788205,0.610763020809527,0.4462077245116234,0.2757623868237715,0.4515037202076286,1.765411376953125,0.3511284532614809,0.20385560936132857,35.82726442855321,3.7121796338354653,1.765411376953125,0.20385560936132857,0.4462077245116234,1
0.03772584773345317,0.0005486400900006729,1.939387743256842e-06,0.5200391936267251,5.6052165734844905,1.4366369555631437,0.6960684487622248,0.4712868332862854,0.2970961052342318,0.42681924413337413,1.6794649362564087,0.3425815758646422,0.18217466716258482,34.61641765221562,3.8852400644666494,1.6794649362564087,0.18217466716258482,0.4712868332862854,1
0.02966336589547401,0.0008414620617770699,2.1333114291587266e-06,0.41591561591934306,5.716300243248432,1.3660382843667311,0.7320417236757198,0.420564629137516,0.2456758926018665,0.335602674840119,1.3885902166366577,0.26795477369563514,0.11262915535984266,22.14218234439251,3.962237396969778,1.3885902166366577,0.11262915535984266,0.420564629137516,1
0.03863306845650293,0.0005761114975890013,1.9393770416453985e-06,0.5475598678330716,5.691911661664475,1.3252250058023471,0.7545871136850881,0.6465471088886261,0.3298181614627538,0.4370832749381973,1.9645057916641235,0.3738613354236122,0.1910417892306998,38.37719153425547,3.945332520407003,1.9645057916641235,0.1910417892306998,0.6465471088886261,1
0.038563479143596015,0.0005319489444704735,1.939384713933412e-06,0.5297246578741879,5.576817561747115,1.452271621586772,0.6885748458614863,0.5056655779480934,0.30042311317811254,0.4362959617373238,1.790560007095337,0.34986783859244497,0.19035416622829632,35.917851284470444,3.865555369550199,1.790560007095337,0.19035416622829632,0.5056655779480934,1
0.027831781837762765,0.0006755894791228841,2.0644995511340587e-06,0.3845199310656934,5.678844291698951,1.4267763744989133,0.7008784572529826,0.4095109924674034,0.22069377678781166,0.3148806667197863,1.7576135396957397,0.2435858380159175,0.09914983427389715,18.925513905505994,3.9362749097580663,1.7576135396957397,0.09914983427389715,0.4095109924674034,1
0.02506214935474454,0.0002803449803313879,1.8818065435986431e-06,0.3286016616841026,5.319915020965139,1.7073393702805764,0.5857045708971426,0.2225370742380619,0.16607468737220188,0.28354585215759875,1.264343023300171,0.21061171625693476,0.08039825027577885,13.821318663878838,3.687484097728488,1.264343023300171,0.08039825027577885,0.2225370742380619,1
0.03297775091675592,0.0006216057594452359,2.031710335419491e-06,0.4507240786850391,5.589427172454135,1.475408301452158,0.6777766661480144,0.4958794564008713,0.25287959980778396,0.373100660824304,2.0384583473205566,0.29442396878584987,0.13920410310753234,26.003480973629095,3.8742956856597286,2.0384583473205566,0.13920410310753234,0.4958794564008713,1
0.027715617984548246,0.0004190578371374895,1.8823444443347066e-06,0.39136353131966356,5.666987438326877,1.3389823145073552,0.7468334720022977,0.432613730430603,0.23418264703650493,0.3135664227463984,1.2184644937515259,0.26631196827293024,0.09832390147397305,19.605172946815653,3.9280563652729,1.2184644937515259,0.09832390147397305,0.432613730430603,1
0.028574342165094177,0.00042191751138826464,1.910433419824877e-06,0.39410789609935576,5.5771998599748915,1.4341908417965858,0.6972551194652459,0.40191879868507385,0.22541057186026592,0.3232817778061246,1.273483395576477,0.26604888664223836,0.10451110786148853,19.881092322286158,3.865820358488916,1.273483395576477,0.10451110786148853,0.40191879868507385,1
0.036549093536964894,0.0006306306163079431,1.9692242999528806e-06,0.5175738089330981,5.704650363963934,1.3284020785658568,0.7527823072511481,0.5678402930498123,0.31128059557522647,0.4135057901793487,1.5801236629486084,0.346940826691025,0.17098703851184754,34.28897890476995,3.954162315989865,1.5801236629486084,0.17098703851184754,0.5678402930498123,1
0.036364476172466506,0.0005351517436443055,1.9393881083040756e-06,0.49583830929867656,5.588617861680127,1.4865917347175084,0.6726780097243767,0.4650317579507828,0.2767518973269034,0.4114170831335631,2.0290141105651855,0.3163924285267967,0.16926401629412918,31.469520507925765,3.8737347141785294,2.0290141105651855,0.16926401629412918,0.4650317579507828,1
0.04738373686931559,0.000923806982591081,2.09834790855782e-06,0.6509327825685226,5.624460802335143,1.4519301250936978,0.688737093712314,0.6071340590715408,0.3692228553336463,0.5360857865320333,2.2211294174194336,0.4199378812506893,0.2873879705216688,54.235326390067144,3.89857914743653,2.2211294174194336,0.2873879705216688,0.6071340590715408,1
0.03783673224533619,0.0005111102890439462,1.9691886743934205e-06,0.5089333637386464,5.47799967923582,1.5551824755230215,0.6430098587775896,0.41628894209861755,0.2752562904452134,0.42807375917787077,1.6614426374435425,0.32992702923111494,0.1832471432966737,33.153685596970675,3.7970600328985933,1.6614426374435425,0.1832471432966737,0.41628894209861755,1
0.036663419235255575,0.0006682491510954329,2.0317307353103535e-06,0.503540607312851,5.599273205208322,1.4530252868525542,0.6882176093212556,0.4931091219186783,0.28547282800718676,0.4147992378037524,1.9306179285049438,0.33147117505563983,0.17205840768257394,32.45480233126333,3.8811204355029956,1.9306179285049438,0.17205840768257394,0.4931091219186783,1
0.027973832190665366,0.00044601616009718766,1.9691880935912845e-06,0.37721347137556455,5.490110415002892,1.5420004020471014,0.6485062124515656,0.3865579590201378,0.20524494194978615,0.31648778300470426,1.43156099319458,0.24965167889934037,0.10016451679123275,18.213120382362092,3.8054545552500443,1.43156099319458,0.10016451679123275,0.3865579590201378,1
0.032575766952315635,0.0008360083545504954,2.09835155311169e-06,0.45464063758334833,5.720093406598883,1.3844511296718065,0.7223059487325354,0.4770428463816643,0.2662085526390001,0.3685527314293603,1.8679088354110718,0.2864635757578071,0.13583111584404217,26.457357995800763,3.9648666174515492,1.8679088354110718,0.13583111584404217,0.4770428463816643,1
0.03599311333887188,0.0005615381226187731,1.9692220592122633e-06,0.49115168108197316,5.566866119817513,1.4829382706575895,0.6743352465109349,0.4090914875268936,0.2746005011431407,0.40721559228691656,1.799800157546997,0.32037404107222756,0.16582453860158425,30.877436650194976,3.858657555634191,1.799800157546997,0.16582453860158425,0.4090914875268936,1
0.054480808187249076,0.0009434039309191332,2.0644865249257207e-06,0.7610258841036601,5.685621522963106,1.3809072056401452,0.72416044578695,0.8371037989854813,0.4463587271484357,0.6163799826196384,3.080207109451294,0.4970266853204919,0.37992428297418585,74.13253072329697,3.940972528500817,3.080207109451294,0.37992428297418585,0.8371037989854813,1
0.04599283587562524,0.0007367573809180029,1.9999945530933616e-06,0.6365213949516434,5.64098650597302,1.4193916737359786,0.7045258167440697,0.609703779220581,0.36660038787522353,0.5203495381384725,2.1827991008758545,0.41522280834442427,0.2707636418409216,51.86041423759181,3.9100338923198947,2.1827991008758545,0.2707636418409216,0.609703779220581,1
0.05495644397801989,0.0004637466154071918,1.882345951395217e-06,0.728047915813863,5.380461226785799,1.6415265524423908,0.6091880695930019,0.5088663995265961,0.37877010663214605,0.6217611873081035,2.9255309104919434,0.4779926901194358,0.3865869740427825,67.84688226827645,3.7294515295866804,2.9255309104919434,0.3865869740427825,0.5088663995265961,1
0.0627140380645498,0.0006309835024983577,1.9393791929402243e-06,0.8510356576565835,5.523740340290055,1.509869862590581,0.6623078024083885,0.8242428600788116,0.46992682153359056,0.7095283454565509,3.0166499614715576,0.5623676984396297,0.5034304730063106,92.70549639718061,3.828765043145282,3.0166499614715576,0.5034304730063106,0.8242428600788116,1
0.06065017839166486,0.00039445591605749195,1.8028031550783893e-06,0.8133112587047883,5.454107101186335,1.5715799669002084,0.6363014060478612,0.5989831238985062,0.436616941668035,0.6861784387347206,2.981558084487915,0.5247891332918471,0.47084084978441876,84.66882605260378,3.7804989597872822,2.981558084487915,0.47084084978441876,0.5989831238985062,1
0.026482162240151822,0.00039747775097155266,1.9104075997121214e-06,0.3652153574773407,5.580490291470699,1.4346281667684417,0.6970424013127212,0.44031529128551483,0.20884259137528716,0.299611464007899,1.629372477531433,0.24662459065939402,0.08976702936495658,17.072928939174624,3.8681011118030626,1.629372477531433,0.08976702936495658,0.44031529128551483,1
0.027329640921329324,0.0004644221959892721,1.939384409317339e-06,0.3762916815402177,5.598301274050459,1.4417909084169742,0.6935796029893694,0.4114955887198448,0.21445522298745345,0.3091995907658453,1.3988211154937744,0.2501027365394748,0.09560438692976622,18.124214988334668,3.8804467441612234,1.3988211154937744,0.09560438692976622,0.4114955887198448,1
0.04376794504763833,0.000628719276817675,1.9692250557667982e-06,0.5938566079462135,5.576158075119888,1.5105264592746064,0.6620195061048768,0.458686962723732,0.32781800598604605,0.4951777718685638,2.09541392326355,0.37144826373059914,0.24520102575271546,45.141205862576996,3.8650982482539193,2.09541392326355,0.24520102575271546,0.458686962723732,1
0.03984022850408299,0.0007449385681049248,2.031729586429449e-06,0.5564861966617082,5.672471239158195,1.3811227086257276,0.7240470199998821,0.49487242847681046,0.32635820771974977,0.4507407318281386,1.6741307973861694,0.3628446788486599,0.20316720732896598,39.63864154560171,3.9318574463578813,1.6741307973861694,0.20316720732896598,0.49487242847681046,1
0.03439826599769316,0.0003627238096203635,1.8285656761948317e-06,0.47320707343603147,5.555760888520534,1.4456462443264646,0.6917303831230669,0.5243007093667984,0.2692027568264166,0.38917195436843965,1.7808723449707031,0.32042197393502647,0.15145481006695088,28.662391596786392,3.850959995871225,1.7808723449707031,0.15145481006695088,0.5243007093667984,1
0.045415462611341696,0.001489524975605719,2.2856942629395244e-06,0.639758791592761,5.743089769055333,1.3480350856168315,0.74181901083766,0.6686269491910934,0.381160187011119,0.5138173053312612,2.000652313232422,0.412643613722139,0.26400822325787854,52.389287861789406,3.9808064812513693,2.000652313232422,0.26400822325787854,0.6686269491910934,1
0.03118044364570007,0.0006851761069950423,2.0644973225562865e-06,0.43208034230459796,5.633448682101883,1.4139049021858223,0.707259140077527,0.45744970440864563,0.2494980035298795,0.35276645027647224,1.5236423015594482,0.2874161078948987,0.12444416844066278,23.89675804237549,3.904809070956058,1.5236423015594482,0.12444416844066278,0.45744970440864563,1
0.032724887505057726,0.00033342032191039267,1.828555662171741e-06,0.4440239836711057,5.501917974528846,1.510494160703607,0.6620332107669763,0.4608859047293663,0.24511173066821357,0.3702398378942918,1.6387728452682495,0.2965963619473939,0.1370775375639915,25.236134153620263,3.813638931844753,1.6387728452682495,0.1370775375639915,0.4608859047293663,1
0.04230227215821588,0.0004284621804725657,1.8550653537142773e-06,0.5780687499426246,5.548149170953141,1.4762066910894487,0.6774104985390299,0.5642859935760498,0.32420634517620783,0.4785955760427734,2.080839157104492,0.38154829206428076,0.22905372540771413,42.77292539650926,3.845683955300166,2.080839157104492,0.22905372540771413,0.5642859935760498,1
0.040007200750004364,0.0008377274721062337,2.0645043847117475e-06,0.5688910546707767,5.7178324969937595,1.3134152080969999,0.7613721727364484,0.6725920140743256,0.3446205010841368,0.4526298071459139,1.7761189937591553,0.38538785730384006,0.20487374231694722,41.42554010680687,3.9632994743332555,1.7761189937591553,0.20487374231694722,0.6725920140743256,1
0.03777833049491994,0.0006344101786609621,1.9692179241779366e-06,0.5304536333487788,5.702961110396583,1.3604763591028928,0.7350349410022492,0.5796974152326584,0.3141642380905978,0.42741301879783083,2.052135944366455,0.34313175885193914,0.1826818886378749,36.01677531301385,3.952991414642404,2.052135944366455,0.1826818886378749,0.5796974152326584,1
0.042142132882011095,0.0008738779202563205,2.064482811618443e-06,0.5978464888439713,5.740319804834207,1.3218641116536087,0.7565058267349183,0.6432965248823166,0.36069048455829034,0.4767838069525541,2.223747730255127,0.3916019313699053,0.22732279857217041,45.74981430055229,3.978886488361245,2.223747730255127,0.22732279857217041,0.6432965248823166,1
0.05731627729725194,0.00118709699621334,2.1694760860543456e-06,0.787472816086922,5.632303785639765,1.4514029124322607,0.6889874956986216,0.7121404111385345,0.4467812817747472,0.6484596535880865,3.1117119789123535,0.505244686954029,0.4204999223315812,79.37451981771102,3.9040154892013086,3.1117119789123535,0.4204999223315812,0.7121404111385345,1
0.03358414902832168,0.0006123116833926678,1.9999897616845046e-06,0.4653149352926055,5.632960337503048,1.414584610108078,0.7069194454783105,0.5229397863149643,0.2686027188319713,0.3799612722928938,1.8867112398147583,0.30967863670230145,0.14437056844243457,27.71430259281429,3.904470576274236,1.8867112398147583,0.14437056844243457,0.5229397863149643,1
0.030227591151214196,0.0013348366371708316,2.2857019294702482e-06,0.4363403547297923,5.836330500239969,1.2619640842903128,0.7924132614882875,0.5014203637838364,0.2709951568103861,0.3419861549113286,1.478615641593933,0.2831972788485473,0.11695453015103527,24.37029186121229,4.045436031185347,1.478615641593933,0.11695453015103527,0.5014203637838364,1
0.03548590684948636,0.0008288511795860654,2.133299752570047e-06,0.4901351110310222,5.626596344618802,1.4279537153572608,0.7003010660990371,0.44849997013807297,0.28115561561935465,0.40147720591721536,1.661479115486145,0.320397162157974,0.16118394687109416,30.749750664370236,3.900059392549415,1.661479115486145,0.16118394687109416,0.44849997013807297,1
0.03570338289117816,0.0007874707715297832,2.0983445976104526e-06,0.49358405280526946,5.621624217413634,1.4240507762293517,0.7022204131122789,0.48858893662691116,0.28365397723246133,0.40393766645842943,1.506781816482544,0.32718714428870044,0.16316563838388137,31.184027799510407,3.8966129765957693,1.506781816482544,0.16316563838388137,0.48858893662691116,1
0.035708523573759914,0.0008126533323567094,2.133305918499067e-06,0.4876537907330865,5.575106229940538,1.4791973474059414,0.6760406422352782,0.45619670301675797,0.2731182741445082,0.4039958266426452,1.6531908512115479,0.321929824394374,0.16321262794467423,30.439196110892667,3.8643691647334686,1.6531908512115479,0.16321262794467423,0.45619670301675797,1
0.0358864515597431,0.000942907988079402,2.133321811475042e-06,0.5053301310387512,5.718543849970571,1.3495046229424135,0.74101082723616,0.5297556668519974,0.30085769630386494,0.4060088520098704,1.7631611824035645,0.33184289412292856,0.16484318791037283,32.685893290962106,3.963792546643514,1.7631611824035645,0.16484318791037283,0.5297556668519974,1
0.04239614646175188,0.0008027215018994425,2.0645058851868584e-06,0.5847548502971334,5.621442237446248,1.4341044987616003,0.6972978022505051,0.5539193749427795,0.3344649172795471,0.479657642548525,1.7964454889297485,0.3808402061140441,0.2300714540552086,43.76809407309093,3.8964868376944555,1.7964454889297485,0.2300714540552086,0.5539193749427795,1
0.031413601115701156,0.0007249548659819427,2.0645005065267527e-06,0.437002573999777,5.683933366846107,1.397681343481751,0.7154686516885703,0.42341405153274536,0.2542813693435164,0.35540432592642535,1.6093965768814087,0.27835568452292136,0.12631223488721677,24.444319959351112,3.9398023878479744,1.6093965768814087,0.12631223488721677,0.42341405153274536,1
0.03440441734882899,0.0017886738885238927,2.4150653500589648e-06,0.49588518194363934,5.846941767184914,1.2669194337717657,0.789314145991654,0.5554992407560349,0.3072346501176071,0.3892415489620653,1.6355253458023071,0.3170788272191203,0.15150898343838787,31.475470549923365,4.052791200950407,1.6355253458023071,0.15150898343838787,0.5554992407560349,1
0.03604376905089765,0.0008544355919359601,2.098348397803864e-06,0.5068987918041543,5.6980239884425865,1.3543779246180407,0.7383445414894924,0.5622465908527374,0.3010892962993239,0.40778869624658465,1.4531506299972534,0.3373945967034615,0.1662916207864893,32.88913729696145,3.949569262479912,1.4531506299972534,0.1662916207864893,0.5622465908527374,1
0.02858173907068901,0.0007952791660208306,2.1694505568252235e-06,0.392929572822291,5.614512014039477,1.44862191750875,0.6903091106429636,0.36074938625097275,0.22322281634114916,0.32336546423981904,1.35697603225708,0.2583100824123221,0.10456522346303371,19.76238709738344,3.8916831728794037,1.35697603225708,0.10456522346303371,0.36074938625097275,1
0.04424442475134626,0.0006837598145856446,1.999991875153703e-06,0.6052661938028302,5.585584142458938,1.4711261663410724,0.6797499936818209,0.4886957108974457,0.3402621310087852,0.500568524341998,2.160773277282715,0.39285340391961654,0.25056884756192543,46.89243716615234,3.8716319002537514,2.160773277282715,0.25056884756192543,0.4886957108974457,1
0.04691049170647636,0.0004834383180244922,1.8823455435004898e-06,0.6434825522263918,5.546766892407307,1.4586169485512317,0.6855796628479743,0.6137759387493134,0.36385949665418593,0.5307316287111158,2.333683967590332,0.43477087026758454,0.2816760617143536,53.000933762533265,3.8447258328233724,2.333683967590332,0.2816760617143536,0.6137759387493134,1
0.04287175761447938,0.0007680699134738005,2.0317385990635363e-06,0.5917468313353424,5.64624569452787,1.4309111551777354,0.6988539677631632,0.5574437230825424,0.33897182696091477,0.48503856848935,2.047792911529541,0.37942439386119986,0.2352624129221979,44.821031986613534,3.9136792840387216,2.047792911529541,0.2352624129221979,0.5574437230825424,1
0.04689072843778046,0.0012771851538483556,2.206888500908126e-06,0.6464798138440984,5.68951962380061,1.4359185688571567,0.696417009088373,0.5314970761537552,0.3694555139518343,0.5305080328501032,2.2593352794647217,0.3985607923768839,0.2814387729184862,53.49582716261121,3.943674486105872,2.2593352794647217,0.2814387729184862,0.5314970761537552,1
0.035284724651440696,0.001442298307095568,2.37029152496845e-06,0.4930264338780872,5.710768703420049,1.3797291033658579,0.724778141276856,0.5049228221178055,0.2893329481848923,0.3992010891733417,1.6213979721069336,0.3208104427506555,0.15936150959718232,31.11360825632562,3.958403225733581,1.6213979721069336,0.15936150959718232,0.5049228221178055,1
0.04948693585848514,0.0013817518931409545,2.285671315891335e-06,0.687528651028541,5.662400512476589,1.4030857991190646,0.7127135165479332,0.6532469838857651,0.3990353028748359,0.5598807668108571,2.429450511932373,0.45230974158454273,0.31346647304471337,60.50504268609604,3.9248769505523358,2.429450511932373,0.31346647304471337,0.6532469838857651,1
0.03883746223441509,0.0007446654300441735,2.031738408817572e-06,0.539594672092283,5.663880290647875,1.402926881876419,0.7127939004311239,0.4812043085694313,0.313199306561728,0.4393957265605017,1.9102219343185425,0.3480885132603362,0.19306860451963118,37.26878849924844,3.9259026546196165,1.9102219343185425,0.19306860451963118,0.4812043085694313,1
0.060797977713269134,0.0008353583235512934,1.9999953729081646e-06,0.8413308378032455,5.63186242320179,1.4198366244500824,0.7043053608969624,0.8276046067476273,0.48445756739238277,0.6878505971756991,2.801243305206299,0.5520201953659125,0.47313844403496585,90.60321006575501,3.90370956007182,2.801243305206299,0.47313844403496585,0.8276046067476273,1
0.0485431583253215,0.001349755074850693,2.284414572772646e-06,0.6720436503634195,5.686735389111147,1.4179486217015445,0.7052428867157645,0.6561162024736404,0.387322315144047,0.5492031429127527,2.482177257537842,0.424270201876368,0.30162409218524555,57.810261503205126,3.9417446016808544,2.482177257537842,0.30162409218524555,0.6561162024736404,1
0.05000700846657836,0.0011794707804680753,2.1694799399703282e-06,0.6943080999652506,5.684809429172631,1.4057664528517355,0.7113544575312124,0.5806323438882828,0.40245996449084487,0.5657647166971305,2.623878002166748,0.44110189959565105,0.32008971465938424,61.70415842270161,3.9404096279796,2.623878002166748,0.32008971465938424,0.5806323438882828,1
0.04369379335436931,0.0013129049558568623,2.245601699687586e-06,0.6089708072257795,5.694238540045536,1.390026745965447,0.7194091624514605,0.6469238102436066,0.3556326111429371,0.49433884122621197,2.293694257736206,0.39859736979087756,0.244370889944874,47.46821683881183,3.9469453895963404,2.293694257736206,0.244370889944874,0.6469238102436066,1
0.032363140586436044,0.0006802044919122649,2.0317329602296362e-06,0.4544612253033545,5.684470188227475,1.3601057739486833,0.7352349265908794,0.4659332409501076,0.2692048998833343,0.36614713870660015,1.4518203735351562,0.30035759143601126,0.13406372718303028,26.43648067894097,3.9401744840749355,1.4518203735351562,0.13406372718303028,0.4659332409501076,1
0.03992937018426712,0.0006760091292951771,1.999990996878491e-06,0.5545036246052829,5.647092562192995,1.404894546856294,0.7117956209775321,0.5645488351583481,0.32155385315127205,0.4517492548128516,2.01138973236084,0.3613079404015025,0.20407738922396673,39.35670652165076,3.9142662879731116,2.01138973236084,0.20407738922396673,0.5645488351583481,1
0.03216853344658901,0.000555253568041841,1.9999783251014487e-06,0.440800371396555,5.571146887033355,1.4634265798000277,0.6833258778717661,0.4158046692609787,0.24869400028546806,0.36394541025454963,1.4837567806243896,0.29197021691948066,0.13245626164535243,24.871035830187623,3.8616247573604854,1.4837567806243896,0.13245626164535243,0.4158046692609787,1
0.027529444754262583,0.0007612370258936816,2.0983428526816865e-06,0.38967734588916414,5.735001856118362,1.3299938358848953,0.7518807699292669,0.37937310338020325,0.23418162151210709,0.31146011308863203,1.2982512712478638,0.25206041423700754,0.09700740204518346,19.436599539100577,3.975200367202495,1.2982512712478638,0.09700740204518346,0.37937310338020325,1
0.03603974190465797,0.0008747692396180679,2.1333059127777006e-06,0.5022016998195864,5.67072146020825,1.3907800492218598,0.7190191921728225,0.46835046261548996,0.2931758580489259,0.4077431342879461,1.790753960609436,0.3272383688663467,0.16625446355895807,32.2824380546153,3.9306445920121234,1.790753960609436,0.16625446355895807,0.46835046261548996,1
0.03039440673674596,0.000590869419911548,1.9999907510346258e-06,0.4217283715761764,5.630348854541069,1.4084912730953696,0.7099774851741395,0.4316619858145714,0.2441431227780413,0.3438734578191225,1.3599157333374023,0.28094032510534817,0.1182489549924798,22.765416882213568,3.9026604342220574,1.3599157333374023,0.1182489549924798,0.4316619858145714,1
0.0338988463381183,0.0006225679331782436,1.9999894748708825e-06,0.46934760348784277,5.642487272361162,1.417553282153942,0.7054390160719044,0.4722193628549576,0.27055185208882904,0.38352166592134745,1.8606605529785156,0.30602745686076105,0.14708886823108563,28.196758131172,3.911074144310514,1.8606605529785156,0.14708886823108563,0.4722193628549576,1
0.03835602837355465,0.0007511076821079502,2.0644993845968154e-06,0.5306542447867528,5.635861444146133,1.4208200902598254,0.7038172548670657,0.5694638043642044,0.3054214443982346,0.4339489241971859,2.2699763774871826,0.3491871780213387,0.188311668811895,36.04402272130547,3.906481470164393,2.2699763774871826,0.188311668811895,0.5694638043642044,1
0.036252402020989574,0.0005891471264672399,1.969222467161083e-06,0.4986944487516067,5.629391261128326,1.4458204095476206,0.6916471473667629,0.4846612736582756,0.2836791527806781,0.41014910885348205,2.2168211936950684,0.3172446352400584,0.16822229149330548,31.833107611605612,3.9019966810478923,2.2168211936950684,0.16822229149330548,0.4846612736582756,1
0.03318558702384008,0.0009765030274591749,2.169477600958341e-06,0.46840410153859857,5.716068139507918,1.3405740416067575,0.7459471133370859,0.5126919150352478,0.28006812477542553,0.37545205795541786,1.4368987083435059,0.31360322368959714,0.14096424782295844,28.083507499287265,3.9620765149164447,1.4368987083435059,0.14096424782295844,0.5126919150352478,1
0.028704128284141307,0.0007669955006251105,2.098346719787173e-06,0.4045840029648905,5.711440070933967,1.3458371207456392,0.7430296767004136,0.4437229335308075,0.24129973465460353,0.32475014012423836,1.3112510442733765,0.2675676553667472,0.10546265351071243,20.952091578252098,3.9588685822329728,1.3112510442733765,0.10546265351071243,0.4437229335308075,1
0.028255861759861722,0.000564098981526955,1.999989106967002e-06,0.3912835627404086,5.623832291044627,1.4168330888120697,0.7057972317023121,0.3968590348958969,0.2256289649521932,0.3196785833386861,1.3012281656265259,0.26077022427125485,0.10219439664542926,19.59716178826589,3.8981434966075597,1.3012281656265259,0.10219439664542926,0.3968590348958969,1
0.03726502390860444,0.0016527554195432924,2.327259060956129e-06,0.5406477742525437,5.86381054109917,1.2456937078003358,0.8027636503731985,0.5304971039295197,0.3384504674540949,0.4216056177096484,2.0723652839660645,0.3443850004238129,0.17775129688433416,37.414402022941374,4.064483744028576,2.0723652839660645,0.17775129688433416,0.5304971039295197,1
0.028764132573380452,0.0014572511860647312,2.3703434949706138e-06,0.4141463406498718,5.826616235477644,1.2704594908206461,0.7871143742621127,0.4497615918517113,0.25615063960140105,0.32542901116137884,1.3155971765518188,0.2674561441349397,0.10590404130547285,21.954200508630997,4.038702615954131,1.3155971765518188,0.10590404130547285,0.4497615918517113,1
0.04988729579714762,0.0008817970129355112,2.0645042547106245e-06,0.6928264909279288,5.651536248504501,1.4046772523558868,0.7119060457235415,0.7094979733228683,0.40180783272808185,0.5644103224515558,2.34407114982605,0.45119280087976676,0.3185590120898692,61.44109395603295,3.917346416611224,2.34407114982605,0.3185590120898692,0.7094979733228683,1
0.05210507158471473,0.00220970218923208,2.415069331642374e-06,0.738690451476248,5.81142110636085,1.324299901205918,0.7551146856871382,0.7416853606700897,0.44514206388703315,0.5895015912281965,2.8517906665802,0.45637153871371083,0.3475121260605756,69.84493863707944,4.02817015504858,2.8517906665802,0.3475121260605756,0.7416853606700897,1
0.030145349241281785,0.00044444917932914065,1.9104406782912746e-06,0.4123898111071724,5.571208592208586,1.4711289294203815,0.679748081855853,0.3889097347855568,0.23183263349346817,0.34105569391595353,1.3727551698684692,0.26998435296991374,0.11631898635249259,21.768365607041193,3.861667528128722,1.3727551698684692,0.11631898635249259,0.3889097347855568,1
0.02921990335967947,0.0005008008282947655,1.9692171263497736e-06,0.40116718939763724,5.569314373931276,1.4546398657212276,0.6874532993614855,0.41795969009399414,0.22726275882450864,0.330585468979919,1.2588165998458862,0.2672639682496083,0.10928675230067299,20.59969457269757,3.8603545560704395,1.2588165998458862,0.10928675230067299,0.41795969009399414,1
0.030400603335349944,0.00041335515862036973,1.9104341382354382e-06,0.41230100064183073,5.503227830928465,1.5127361002513846,0.6610519127483916,0.38019123673439026,0.22736521212937078,0.34394356432941314,1.3638566732406616,0.2758310111090623,0.11829717544362116,21.75899073667263,3.814546855115087,1.3638566732406616,0.11829717544362116,0.38019123673439026,1
0.024553492397513952,0.00044109396292160843,1.9393841488213243e-06,0.3368288714387444,5.5924359543978746,1.4583098151505862,0.6857228757537855,0.346839003264904,0.1904883672395954,0.27779105561751133,1.2354635000228882,0.21980456145979588,0.07716787058109129,14.522072145241372,3.876381214380953,1.2354635000228882,0.07716787058109129,0.346839003264904,1
0.025388389094271383,0.0004251879369929991,1.9999429173993314e-06,0.3384364261109032,5.421459764973961,1.6048449518039156,0.6231109849212705,0.24195482954382896,0.17898104932100978,0.2872368334713902,1.2568960189819336,0.22037890762999268,0.08250499850267112,14.661019458396268,3.757869550738883,1.2568960189819336,0.08250499850267112,0.24195482954382896,1
0.02645753608769113,0.00047797106477774946,1.9999587016129545e-06,0.35698856973416376,5.511678978271242,1.5387742034694627,0.6498657548286507,0.29403994232416153,0.19452681895927526,0.29933285089750716,1.514320731163025,0.23114003958380636,0.08960015562642926,16.31242738186802,3.8204047440682296,1.514320731163025,0.08960015562642926,0.29403994232416153,1
0.025567007489969512,0.00045335197616281524,1.939379199553733e-06,0.3548257820985382,5.6142774447940065,1.4075618034742574,0.7104459217480971,0.3843875303864479,0.20550264238409,0.2892576699328751,0.9859068989753723,0.2378618882655701,0.08366999961499613,16.11537096215543,3.8915205818682588,0.9859068989753723,0.08366999961499613,0.3843875303864479,1
0.03966113606198896,0.0014370952394926395,2.3272525700409268e-06,0.5533937481687075,5.694068259683602,1.385423592014797,0.7217992945841859,0.5503486692905426,0.3238825545704458,0.44871453214391555,1.7757322788238525,0.3633755298365031,0.20134473135713302,39.19931398556298,3.946827360243563,1.7757322788238525,0.20134473135713302,0.5503486692905426,1
0.02914452213798625,0.0007017743458295978,2.0645032556440393e-06,0.4092697756470727,5.6883048777907055,1.360047234270671,0.7352663510875923,0.4360607862472534,0.24244204135175096,0.32973262781138457,1.309384822845459,0.27290910457122664,0.10872360584340104,21.440223905050264,3.942832488334012,1.309384822845459,0.10872360584340104,0.4360607862472534,1
0.03431437027411992,0.0003373189877682573,1.8285641730361384e-06,0.46365952969503327,5.460241493122302,1.5314391353266807,0.6529788883531,0.43227097392082214,0.2535019339993596,0.38822278260762055,1.453727126121521,0.31504599905747455,0.1507169289356038,27.51746041305849,3.7847509962621495,1.453727126121521,0.1507169289356038,0.43227097392082214,1
0.033051115458764595,0.0003436663075134966,1.8550256202718847e-06,0.4448945318274296,5.450051353831001,1.551232621748138,0.6446469160684598,0.41893038153648376,0.2410539081142815,0.37393068586675166,1.519938349723816,0.29743674175905,0.1398241578327793,25.335186489593315,3.7776877299428713,1.519938349723816,0.1398241578327793,0.41893038153648376,1
0.03650180016528817,0.00027952343269134077,1.7534204192362992e-06,0.4947893713744243,5.488467143464453,1.5153312624930395,0.659920113362881,0.48480193316936493,0.2725283487379784,0.41297072675826413,1.7766026258468628,0.32846596666172445,0.17054482115924885,31.33651481921254,3.80431552621628,1.7766026258468628,0.17054482115924885,0.48480193316936493,1
0.04093873974220489,0.0001851153216780858,1.6623318393821956e-06,0.5410414850822446,5.311579495181746,1.6562846547923604,0.603759648483089,0.3921036496758461,0.27964333692216314,0.4631689677591087,1.684154748916626,0.35613725428174803,0.2145254926950383,37.46891373824009,3.681706351533242,1.684154748916626,0.2145254926950383,0.3921036496758461,1
0.040441500982196774,0.00034959899594373136,1.8285633866640504e-06,0.5351297146532843,5.405854236030473,1.6486802635225546,0.6065444201308934,0.419311948120594,0.27752097450138535,0.45754335337398017,2.4346368312835693,0.3397101876166744,0.2093459202167069,36.6545678726279,3.7470526223505582,2.4346368312835693,0.2093459202167069,0.419311948120594,1
0.02322262653463802,0.0003970671548696257,1.9393795357855557e-06,0.3116361697939769,5.501860347291628,1.567676435651488,0.6378843051681076,0.2728329226374626,0.16759455026476644,0.2627340271936832,1.2451180219650269,0.19817211473491625,0.06902916904541108,12.43098909745413,3.8135989876877527,1.2451180219650269,0.06902916904541108,0.2728329226374626,1
0.02656743082724687,0.0005010556119862777,1.9999764656239744e-06,0.3609119407318676,5.5433585717048866,1.5045481215718117,0.6646491785338354,0.34447555989027023,0.19977836776160984,0.3005761679464127,1.3235286474227905,0.2369523784605576,0.09034603273735009,16.67295090724392,3.842363364938047,1.3235286474227905,0.09034603273735009,0.34447555989027023,1
0.04571782036778896,0.0006014949846962251,1.939388629105012e-06,0.6285212784244022,5.606700536442087,1.4485350828598909,0.690351292482189,0.6226058751344681,0.35707667627139017,0.5172380928501126,2.2995293140411377,0.4068079886592386,0.2675352446952217,50.56499167132735,3.8862686692067636,2.2995293140411377,0.2675352446952217,0.6226058751344681,1
0.025863934890214796,0.0005513735242871564,1.9999889670687835e-06,0.35830848362786866,5.651098463090559,1.4150750381520587,0.7066738905106827,0.3398003652691841,0.2067855146160582,0.29261701998461165,1.4074918031692505,0.23176263087270854,0.08562472038467463,16.433276088281936,3.9170429668858606,1.4074918031692505,0.08562472038467463,0.3398003652691841,1
0.03913269020923766,0.00032143425075601296,1.8028102524089185e-06,0.5221680258114905,5.42290641774425,1.5992060875425447,0.6253088636365992,0.39975605905056,0.27684727644373197,0.44273584980838987,2.233097553253174,0.34015392960941426,0.19601503270555715,34.900409239023276,3.758872294027859,2.233097553253174,0.19601503270555715,0.39975605905056,1
0.02829890067003181,0.0003030917157516336,1.828548581864888e-06,0.37569249854889003,5.440171448988677,1.6287790898876195,0.6139548836510755,0.29811012744903564,0.1965677942516777,0.32016551302246443,1.6466120481491089,0.23320135556221544,0.10250595572893785,18.06654124363619,3.7708395017572127,1.6466120481491089,0.10250595572893785,0.29811012744903564,1
0.021583192530505394,0.00040894135111251066,1.967224445933922e-06,0.2895551004960395,5.5517580381515,1.5691882137860758,0.6372695741604416,0.23836498335003853,0.15561291285666812,0.2441859487676033,1.49690842628479,0.1762537321905029,0.05962677757553458,10.731795996578757,3.848185431423725,1.49690842628479,0.05962677757553458,0.23836498335003853,1
0.03286568118669578,0.000618447875200564,2.031721600308407e-06,0.4537642407591372,5.602556624787076,1.4296775963747632,0.6994565160436528,0.4835483580827713,0.26008152992653777,0.37183273656684357,1.7323287725448608,0.30409687875931013,0.1382595839827877,26.355454232539678,3.883396328526605,1.7323287725448608,0.1382595839827877,0.4835483580827713,1
0.03332673081773291,0.0004317924386579809,1.910438168652437e-06,0.4487992189112739,5.488223591040443,1.5489440744652263,0.6455993888459293,0.37648386508226395,0.24342319642892107,0.37704891769596216,1.5241296291351318,0.2911514439865641,0.14216588633569643,25.7818545786073,3.8041467085402605,1.5241296291351318,0.14216588633569643,0.37648386508226395,1
0.029251356997069926,0.0004751064725528268,1.939382601418521e-06,0.4033360522157559,5.595612708269211,1.4353818964148646,0.6966765993239462,0.39428291469812393,0.2305597744343686,0.3309413262645874,1.2125002145767212,0.26831871047909317,0.10952216142976408,20.823036290174848,3.878583172370204,1.2125002145767212,0.10952216142976408,0.39428291469812393,1
0.02979602435949144,0.000642391213768018,2.0317315869491843e-06,0.41633033640088374,5.673719952323826,1.3797635620540563,0.724759705983547,0.48994310945272446,0.244319782970706,0.33710353403193527,1.6854374408721924,0.27742148119887133,0.11363879265682014,22.18636147298215,3.9327229883679653,1.6854374408721924,0.11363879265682014,0.48994310945272446,1
0.03429347040063758,0.0006690780932026931,2.0317304055684858e-06,0.47682094232872424,5.643041894801247,1.3997988870194988,0.7143864964241126,0.4676768407225609,0.2771729075720941,0.38798632753137574,1.5110654830932617,0.31605334227361936,0.15053339035128396,29.10185101353633,3.911458579291134,1.5110654830932617,0.15053339035128396,0.4676768407225609,1
0.036148704962680925,0.0010192494080239391,2.1694779690825723e-06,0.5024171617314364,5.707337473127859,1.401443339850191,0.7135483300959462,0.4667603373527527,0.2918247915804386,0.4089759105635758,1.8534886837005615,0.31549974507652223,0.16726129542130597,32.31014456349086,3.956024878130698,1.8534886837005615,0.16726129542130597,0.4667603373527527,1
0.03029874970839158,0.0007771588591596862,2.06450840938094e-06,0.43240958959177744,5.764240487226919,1.3005410618754931,0.7689085043872961,0.49331656098365784,0.26357585479854606,0.3427912220844419,1.4076457023620605,0.2819671273973654,0.11750582193814518,23.933190805878965,3.995467041918823,1.4076457023620605,0.11750582193814518,0.49331656098365784,1
0.029402932219197677,0.0005000609216456006,1.9692176127703376e-06,0.40148511787617874,5.562696758235763,1.4798589897364602,0.6757380269592802,0.3779844269156456,0.22478912278165808,0.33265620414340963,1.6024457216262817,0.26530352495944953,0.1106601501551018,20.632358384134292,3.855767574409065,1.6024457216262817,0.1106601501551018,0.3779844269156456,1
0.04065380381722836,0.0007138392230195024,2.03172846038676e-06,0.5606649575087912,5.61052905129776,1.4345611312285347,0.6970757844085022,0.5433087646961212,0.3206174179340451,0.45994528576303556,1.7859382629394531,0.3700774510783731,0.21154966589564045,40.23618490602683,3.888922393484707,1.7859382629394531,0.21154966589564045,0.5433087646961212,1
0.03795045956067422,0.0009569223919551527,2.1333170266927354e-06,0.5311640113609694,5.700426793507222,1.3730498306856573,0.7283039905846258,0.5112971067428589,0.31270564787701005,0.42936043687197745,1.8056812286376953,0.34670600634831317,0.18435038475089535,36.11330649152972,3.9512347600359004,1.8056812286376953,0.18435038475089535,0.5112971067428589,1
0.030650555129952458,0.0011405327750012818,2.245574002693881e-06,0.441206378280204,5.788147308150609,1.271217887584992,0.786644937921926,0.46842481940984726,0.27278678931361355,0.3467714460723441,1.2006914615631104,0.29021592548764374,0.12025043581110464,24.916872734097208,4.01203798743823,1.2006914615631104,0.12025043581110464,0.46842481940984726,1
0.03388654164064212,0.0007379600993921424,2.0645010584551884e-06,0.4739860069699402,5.667242005952585,1.3755483724335793,0.7269808984443233,0.4305185601115227,0.2787124479546037,0.3833824541609338,1.4772617816925049,0.3152270757244082,0.14698210615846052,28.75683005482345,3.928232818104922,1.4772617816925049,0.14698210615846052,0.4305185601115227,1
0.024824838480383037,0.0004036253475382039,1.9393706770493814e-06,0.334572480115075,5.502717518040801,1.544782161009185,0.6473381585913199,0.2812177911400795,0.18181268090120284,0.2808609861014335,1.4530390501022339,0.21710410422667792,0.07888289351386964,14.328159289645088,3.814193133175801,1.4530390501022339,0.07888289351386964,0.2812177911400795,0
0.03469521927735609,0.00030605760967175626,1.8028083880799079e-06,0.46277557938768993,5.440154123139967,1.601433840104648,0.6244388168889503,0.42144595831632614,0.2451125905936351,0.39253159721236347,2.0376644134521484,0.29741113567865796,0.15408105481008916,27.412638320334352,3.770827492394029,2.0376644134521484,0.15408105481008916,0.42144595831632614,0
0.02852978532113432,0.00029295875501908367,1.8550542603551841e-06,0.3715410743689621,5.294187605820054,1.7541917086397236,0.5700613547406042,0.25896260887384415,0.1840036485591554,0.322777674661928,1.4468169212341309,0.2329328842306495,0.10418542726016146,17.669474552735057,3.669651212457577,1.4468169212341309,0.10418542726016146,0.25896260887384415,0
0.03128981557863572,0.00043573632826256686,1.9104370797678607e-06,0.428276902655065,5.549735078287819,1.4686254005786281,0.6809069043651106,0.4340963438153267,0.24104434820765164,0.3540038524436767,1.5296519994735718,0.2860322602980432,0.12531872754496443,23.47790148452045,3.8467832224978284,1.5296519994735718,0.12531872754496443,0.4340963438153267,0
0.029289648701614397,0.000544827160617269,1.9692235052169126e-06,0.40469587035441873,5.64431603149023,1.426409818289386,0.7010586785465817,0.3581136614084244,0.2323137033963576,0.33137454744773276,1.5513689517974854,0.25862142899495666,0.10980909069618969,20.963679677685825,3.912341743544751,1.5513689517974854,0.10980909069618969,0.3581136614084244,0
0.033257269466971884,0.0008112938600129151,2.098346330277825e-06,0.4661684921327569,5.688057278524829,1.3671975729426082,0.7314212386580421,0.4761274456977844,0.2752075191383483,0.3762630522215062,1.409488558769226,0.30819438704907043,0.1415738844670439,27.816072071338013,3.942660865600959,1.409488558769226,0.1415738844670439,0.4761274456977844,0
0.02526821765793967,0.0006334433959727471,2.0983395468141824e-06,0.34293503444941426,5.564341454007565,1.5092515459478322,0.6625777556380664,0.27464039623737335,0.18941656852257438,0.2858772488708289,1.323352575302124,0.2203382193770267,0.08172580142195382,15.05336804516108,3.85690759064617,1.323352575302124,0.08172580142195382,0.27464039623737335,0
0.02634536835272571,0.0002572202682674506,1.7777701833634876e-06,0.35679799056959427,5.466039960547722,1.5198089593184323,0.6579752270137267,0.3532428964972496,0.19611926618381403,0.298063817841117,1.144438624382019,0.241517154273879,0.08884203950602258,16.295015177536037,3.7887701876096473,1.144438624382019,0.08884203950602258,0.3532428964972496,0
0.03196453350882151,0.00046871098614678956,1.9393822334372306e-06,0.4326854841099461,5.524979018303215,1.5222944807489314,0.6569013075019884,0.45646126568317413,0.23756074727862142,0.3616374144248371,1.7789651155471802,0.28265505217086684,0.1307816195118814,23.963741204410677,3.829623629317728,1.7789651155471802,0.1307816195118814,0.45646126568317413,0
0.03393706548452859,0.00032524464163335304,1.828550055499946e-06,0.4531554256457287,5.4356172273205585,1.5952576099033535,0.6268563706078508,0.34402305632829666,0.24068467927645543,0.3839540662029135,1.618554711341858,0.2908398899820668,0.1474207249537513,26.284779493396677,3.7676827558483112,1.618554711341858,0.1474207249537513,0.34402305632829666,0
0.035170730855902485,0.0003996118386162219,1.8823325604594126e-06,0.4820942574690871,5.5195987997332985,1.4619475989801876,0.6840173256425851,0.5082426816225052,0.27217897336231545,0.3979113965999295,1.3614691495895386,0.3309629036075421,0.15833347954410643,29.74910375483781,3.825894345985193,1.3614691495895386,0.15833347954410643,0.5082426816225052,0
0.03654964591502555,0.000443488705253827,1.9393679488468803e-06,0.48762563514884794,5.418151636501001,1.6000871730794488,0.6249644385137024,0.3960879445075989,0.25843094462652516,0.4135120396237082,1.6798732280731201,0.3189166353815267,0.17099220691375921,30.435681286952622,3.7555765308149223,1.6798732280731201,0.17099220691375921,0.3960879445075989,0
0.03591031417481864,0.0007977368745609046,2.0983472413927608e-06,0.49456044704821434,5.617935042981879,1.4406728962281292,0.6941183812511328,0.48223216086626053,0.28200629563070834,0.4062788266808586,1.9364405870437622,0.32511439415975474,0.16506248500917514,31.307524580419788,3.8940558357398025,1.9364405870437622,0.16506248500917514,0.48223216086626053,0
0.03601883808741557,0.0006258487657068197,2.031730338624559e-06,0.48635642942917867,5.520496884386802,1.5349665087981972,0.6514784135851888,0.3948144391179085,0.26548242730859783,0.40750663459314956,1.7979404926300049,0.31607133367293727,0.16606165723743474,30.277449785228757,3.8265168508306733,1.7979404926300049,0.16606165723743474,0.3948144391179085,0
0.03615728620962932,0.0008101171427081811,2.0983442369831874e-06,0.49918084732058204,5.635974083105301,1.4299336074395088,0.6993314586438207,0.47410064190626144,0.28607831451881793,0.40907299629010774,2.1344761848449707,0.3288763244163988,0.1673407162937665,31.89523434645686,3.906559545541361,2.1344761848449707,0.1673407162937665,0.47410064190626144,0
0.03716421704001106,0.0007136427717898114,2.0644969211309784e-06,0.5060499887521296,5.571966287184589,1.4931561279227878,0.6697207364900516,0.44139913469552994,0.28159487833909225,0.4204651181836875,1.767735242843628,0.3268917381492429,0.17679091560922228,32.7790836628519,3.862192722265063,1.767735242843628,0.17679091560922228,0.44139913469552994,0
0.023019691109256602,0.0003616359946203383,1.9104249293084556e-06,0.30929330718657255,5.511142427095219,1.5610393994793383,0.6405963620546216,0.2687249928712845,0.16683632394779124,0.2604380749468004,1.4783858060836792,0.19495357786462364,0.0678279908819952,12.244780783412164,3.8200328351333446,1.4783858060836792,0.0678279908819952,0.2687249928712845,0
0.03447678117824706,0.0002582334797340973,1.77776841272624e-06,0.4536280996658029,5.316922751737256,1.6843095766699314,0.5937135608272144,0.32637739181518555,0.2315846550045535,0.3900602522339716,1.9153703451156616,0.29641211674243095,0.15214700037282958,26.339641959220174,3.6854100147497038,1.9153703451156616,0.15214700037282958,0.32637739181518555,0
0.044204529015938285,0.0008193260091175015,2.0983334746466618e-06,0.5980004767453262,5.5560369162099725,1.5254324187084547,0.6555505102737911,0.5446124225854874,0.3278527121146908,0.5001171556212395,2.331805467605591,0.38190248820183115,0.25011716934667905,45.77338498401758,3.8511513236859143,2.331805467605591,0.25011716934667905,0.5446124225854874,0
0.031455122483993674,0.001064813996275873,2.206875168044014e-06,0.4491152290641104,5.773816717789196,1.2989651940268025,0.769841405007375,0.4622930586338043,0.2739673766627675,0.35587408658376585,1.4189326763153076,0.2936244627821907,0.12664636550182967,25.81817458909547,4.0021047791334565,1.4189326763153076,0.12664636550182967,0.4622930586338043,0
0.02938812438619028,0.00020918768380968694,1.7297147619273232e-06,0.3900249058859473,5.345039771899113,1.6307340307263987,0.6132189391683609,0.27109263092279434,0.20388896433905757,0.3324886726372623,1.2737540006637573,0.258893145677348,0.11054871743208855,19.47128668305178,3.7048992480006415,1.2737540006637573,0.11054871743208855,0.27109263092279434,0
0.04643224160824895,0.001002350500874419,2.1333210111615386e-06,0.6360487540141361,5.642968343858355,1.4649097246022011,0.6826346221960047,0.5513265281915665,0.3586028802237706,0.52532084651016,2.457028388977051,0.39779964599074447,0.275961991778151,51.783426237815675,3.911407597662441,2.457028388977051,0.275961991778151,0.5513265281915665,0
0.031502147018065516,0.0016230315748107275,2.415062748921954e-06,0.4491718046421975,5.802570629976234,1.3037600208300695,0.767010169235862,0.4582761451601982,0.27336787657259265,0.3564061084545553,1.4632705450057983,0.28703851292618765,0.1270253141437202,25.82467969094764,4.02203547229597,1.4632705450057983,0.1270253141437202,0.4582761451601982,0
0.0436462435748413,0.00036709424544935864,1.8028133079153025e-06,0.594157145669595,5.525619294062602,1.4944229701591412,0.6691532416621154,0.6225319355726242,0.3304291266540531,0.4938008768814411,2.035593271255493,0.39413716484386896,0.24383930600888015,45.186907360030766,3.830067434655125,2.035593271255493,0.24383930600888015,0.6225319355726242,0
0.025367611555101265,0.0003922787167135739,1.9104332483325988e-06,0.348016076036144,5.550030661080829,1.4580611425009111,0.6858399051755506,0.3538479879498482,0.19683794738375582,0.2870017624498932,1.1338491439819336,0.23587549064222912,0.08237001164934493,15.502744214988178,3.8469881048774255,1.1338491439819336,0.08237001164934493,0.3538479879498482,0
0.02673906929923943,0.0005057331199875351,1.9692204678096487e-06,0.3706152014177917,5.62072495450856,1.4129807184589862,0.7077214015443158,0.3932485654950142,0.21409919585858006,0.30251803558574764,1.2544894218444824,0.24795608293152327,0.09151716185465968,17.581520322809638,3.8959896550485347,1.2544894218444824,0.09151716185465968,0.3932485654950142,0
0.033649100529548316,0.001246637855570606,2.2455971348245346e-06,0.4832676479679823,5.807387873870486,1.2788430776589703,0.7819547141549653,0.5063777565956116,0.29768790346133756,0.3806961146443434,1.6708511114120483,0.31451853960300014,0.14492953170529904,29.894095305280725,4.025374531319342,1.6708511114120483,0.14492953170529904,0.5063777565956116,0
0.01760597293616067,0.00044328789480198397,1.9692083959609388e-06,0.24960926980720044,5.721900204248392,1.324147164873787,0.7551992755722734,0.25340817868709564,0.1504280271292373,0.1991888456407367,0.7466700673103333,0.16270999919282758,0.03967619622768923,7.975012809431524,3.9661189941481467,0.7466700673103333,0.03967619622768923,0.25340817868709564,0
0.033614292228346894,0.0004621387379109144,1.939377792746937e-06,0.45333288729029864,5.509043552213964,1.5413048702541454,0.6487992024283484,0.4770553335547447,0.2467404801027442,0.38030230367120565,2.3932318687438965,0.29768741343451666,0.14462984217762592,26.3053704574667,3.818578005927055,2.3932318687438965,0.14462984217762592,0.4770553335547447,0
0.022801359806602372,0.0004911615137640971,2.031718470343593e-06,0.30914846182735733,5.529288692185856,1.5141791687495592,0.6604212659920056,0.2775174379348755,0.17036817277403316,0.2579679382323668,1.1042953729629517,0.20366654507552084,0.06654745715585822,12.23331474562829,3.8326108676186115,1.1042953729629517,0.06654745715585822,0.2775174379348755,0
0.027348135291143397,0.0003537996524694117,1.8823376975000163e-06,0.3680382284980878,5.475637011408002,1.5525203689362066,0.6441118506714579,0.3200806677341461,0.19929453865188407,0.30940883067479413,1.6840944290161133,0.2422171885161788,0.09573382449954343,17.33787361740937,3.795422356355141,1.6840944290161133,0.09573382449954343,0.3200806677341461,0
0.028298935856596236,0.0006682735551362486,2.064501910866059e-06,0.39223968023150463,5.6411939690190165,1.4129370482531303,0.7077434043261002,0.36888428032398224,0.2265960196236847,0.3201659111129974,1.2414202690124512,0.2576910936081731,0.10250621063881575,19.693051743758467,3.9101776947452986,1.2414202690124512,0.10250621063881575,0.36888428032398224,0
0.029494056129446892,0.000628793654874998,2.0644980467725887e-06,0.39962003888983694,5.554468393739045,1.5175586130019454,0.6589511565631396,0.33504629880189896,0.21988419468107168,0.3336871535012569,1.6758633852005005,0.25565927367097174,0.11134711641177138,20.441110461736294,3.8500641067575456,1.6758633852005005,0.11134711641177138,0.33504629880189896,0
0.023865591037974723,0.00048110197929566496,1.9692184176877276e-06,0.33193502644508305,5.63456451417046,1.398493466998789,0.7150525333310555,0.35247158259153366,0.1930708627041895,0.27000834015962916,1.2273682355880737,0.22379439469114004,0.07290450375575802,14.103150307980544,3.9055825068083707,1.2273682355880737,0.07290450375575802,0.35247158259153366,0
0.0333860321600508,0.0004484305786960932,1.910436007976309e-06,0.45700361697498915,5.553523094274748,1.4682712911992495,0.6810712424441359,0.4220292419195175,0.2572547989329905,0.37771983579654533,1.5948288440704346,0.30439482027259146,0.14267227435416918,26.733095158812493,3.849408875099083,1.5948288440704346,0.14267227435416918,0.4220292419195175,0
0.03714547251800285,0.0006279598450202888,1.999991068603503e-06,0.5100201132225468,5.587696562196973,1.4542769246768081,0.6876253095394232,0.4429848715662956,0.2889773199276533,0.4202530481257337,1.5281906127929688,0.3385571005910606,0.17661262445897025,33.29542603411706,3.8730961180393293,1.5281906127929688,0.17661262445897025,0.4429848715662956,0
0.032322290312030336,0.00031805542590352136,1.828559632226039e-06,0.4304231738925755,5.4342254709824385,1.610796795801543,0.620809072888472,0.3671639412641525,0.22702116838263464,0.36568497060987043,2.055614709854126,0.275448149238116,0.1337254977299418,23.713805903841063,3.7667180638665156,2.055614709854126,0.1337254977299418,0.3671639412641525,0
0.0367527255234312,0.0004157535086336487,1.8823436209578352e-06,0.4974975195864073,5.496721528247937,1.5223245549467617,0.6568885667708418,0.46317511051893234,0.2731412442662986,0.41580962311529773,1.672634482383728,0.33061120868023863,0.17289764267528596,31.680484095312348,3.810037029756211,1.672634482383728,0.17289764267528596,0.46317511051893234,0
0.029895968655718225,0.000297013989459646,1.8028103625665355e-06,0.4039792741493194,5.470262666997805,1.531164361642583,0.6530958194490152,0.3694159761071205,0.22090004387428053,0.3382342746655813,1.3843131065368652,0.27000159232875376,0.11440242455855189,20.889504504603,3.7916971446798557,1.3843131065368652,0.11440242455855189,0.3694159761071205,0
0.026400690946099523,0.0005795545052249974,2.0317346719532073e-06,0.3588127587041458,5.589856220805972,1.5022808273591381,0.6656522760882574,0.28371433168649673,0.1988241586368531,0.2986897215359562,1.4191210269927979,0.2259967560239602,0.08921554975122706,16.479564263536584,3.8745930793151295,1.4191210269927979,0.08921554975122706,0.28371433168649673,0
0.029494791726249397,0.0003945664519559428,1.910433686465894e-06,0.3921005608678976,5.456337977889084,1.6207562019695696,0.6169940932815886,0.3209950178861618,0.20588875453540822,0.33369547582905323,1.652083158493042,0.2472597662086855,0.11135267058877826,19.679084778613742,3.782045285683971,1.652083158493042,0.11135267058877826,0.3209950178861618,0
0.034007931902455796,0.0005392447105019598,1.9393861809159355e-06,0.4763211420145726,5.657517441640785,1.3702465776474377,0.7297937592171859,0.5657412856817245,0.2807931320348871,0.38475582819770915,1.566251277923584,0.31914867619900633,0.1480370473321051,29.04087428224853,3.9214922637700242,1.566251277923584,0.1480370473321051,0.5657412856817245,0
0.030643529996077386,0.0008897818758472488,2.1333002594796626e-06,0.43736897604475033,5.773162791698224,1.3002302663452288,0.7690923227116457,0.4445977807044983,0.2666388983006982,0.3466919657555152,1.603937029838562,0.28404646958331625,0.12019531911942331,24.485327514423474,4.001651512107205,1.603937029838562,0.12019531911942331,0.4445977807044983,0
0.03609759353438952,0.000594290521284182,1.9692117432657994e-06,0.50909490780635,5.67325904165585,1.3436097281306383,0.7442619165934306,0.6043166071176529,0.303955562550982,0.4083976507629201,1.7460845708847046,0.34540133563245945,0.16678864114867206,33.174736019757574,3.93240350943797,1.7460845708847046,0.16678864114867206,0.6043166071176529,0
0.02802034210462852,0.0005134851591644816,1.9692138372850586e-06,0.38946403472788543,5.62841477470616,1.401231012165504,0.7136559474440498,0.4045862853527069,0.226239627771065,0.31701398261359626,1.3802666664123535,0.2614877886743159,0.1004978651725335,19.415325996355012,3.9013198322375127,1.3802666664123535,0.1004978651725335,0.4045862853527069,0
0.01784147596576503,0.00011662499548054183,1.6410133522160298e-06,0.23284816609708828,5.2232406063020616,1.7389818845762437,0.5750462697742823,0.18031851947307587,0.11607553825524519,0.20185325826830816,1.0440073013305664,0.15319641390840388,0.04074473787353232,6.939938362211484,3.620474499772493,1.0440073013305664,0.04074473787353232,0.18031851947307587,0
0.024256571161933672,0.00032630892600886186,1.8550612609256085e-06,0.3307469221552643,5.5201123961730545,1.4865515309215305,0.6726953861467957,0.28549399971961975,0.18460966175916838,0.27443177531099766,1.0258190631866455,0.22066949516363366,0.0753127993003459,14.002371393943099,3.8262503439093556,1.0258190631866455,0.0753127993003459,0.28549399971961975,0
0.038381684835096415,0.0007915689785952858,2.064472033807348e-06,0.5376453463483726,5.690579552527778,1.3697726590387667,0.7300464719662215,0.571883499622345,0.317015521560279,0.43423919392418486,2.1043930053710938,0.35481329563322106,0.1885636775399258,37.00000236160787,3.9444091727147033,2.1043930053710938,0.1885636775399258,0.571883499622345,0
0.03372785795164995,0.000340928434833656,1.8550306521120138e-06,0.45568512998282146,5.4502564620347265,1.5319945226025187,0.6527421375337527,0.414094902575016,0.24907866675130208,0.38158715316013286,1.5109755992889404,0.3099521711382067,0.1456087554568547,26.579064023994995,3.7778299001159916,1.5109755992889404,0.1456087554568547,0.414094902575016,0
0.03517890905958211,0.0006925259051148361,2.031737456329851e-06,0.483904325622757,5.642108706674405,1.4460324827733932,0.691545659852905,0.43574658781290054,0.27523857669439167,0.3980039224124062,2.0440833568573,0.3093263746541197,0.15840712225566064,29.972914733621145,3.9108117425720823,2.0440833568573,0.15840712225566064,0.43574658781290054,0
0.023632135431928734,0.0003481131246278198,1.9104322096367793e-06,0.3127075484564974,5.424670863874534,1.6486294960292975,0.6065621549574282,0.2464219257235527,0.16217536573822144,0.267367091485371,1.5274769067764282,0.1975169247073154,0.07148516160934676,12.5166093902941,3.760095314888316,1.5274769067764282,0.07148516160934676,0.2464219257235527,0
0.023684949447343638,0.00033491408411874004,1.855064346401722e-06,0.3253009418047932,5.562276546331962,1.4529074209166577,0.6882725311892132,0.3185260593891144,0.18443337132339366,0.26796461386043613,1.0931451320648193,0.21944508061415036,0.07180503428137265,13.545049950602937,3.8554763057127093,1.0931451320648193,0.07180503428137265,0.3185260593891144,0
0.02128439446429581,0.0001227678077867033,1.6410152111631725e-06,0.2753571703441902,5.1838721203138025,1.8031758413096426,0.5545747809934897,0.1595238745212555,0.13354517570041935,0.2408054345464477,1.2424265146255493,0.1769680999634602,0.05798725730710352,9.705161121274802,3.593186344706817,1.2424265146255493,0.05798725730710352,0.1595238745212555,0
0.02153819657451235,0.0001482589572416381,1.6841989037437371e-06,0.28177632229646943,5.243163051955126,1.722217420576491,0.5806443973182597,0.20285852253437042,0.14149019440083066,0.24367687763786486,1.1616216897964478,0.18775468029355125,0.05937842069533897,10.16293066328625,3.634283686806773,1.1616216897964478,0.05937842069533897,0.20285852253437042,0
0.019589302406396458,0.00026482145551347453,1.855033697784935e-06,0.26090901270671973,5.408028239607372,1.6097764171415965,0.6212014769875683,0.19772813469171524,0.13767604914846743,0.22162765712443025,0.9075166583061218,0.1695277940964246,0.049118818402464015,8.713409652684192,3.7485595268004137,0.9075166583061218,0.049118818402464015,0.19772813469171524,0
0.021610231479836504,0.00020176698149486014,1.7534146782466406e-06,0.28517139458350577,5.345558405625893,1.665622164588955,0.6003738009500985,0.21523341909050941,0.14678710739826784,0.2444918595584543,1.2538105249404907,0.18634465615923546,0.05977626939035094,10.409308708953798,3.705258737506103,1.2538105249404907,0.05977626939035094,0.21523341909050941,0
0.0364821325352874,0.0004625362314869294,1.910438612930006e-06,0.4948485794853852,5.526515859182609,1.5120500863671889,0.6613521511207815,0.4365379512310028,0.27297257984173484,0.4127482129255695,2.0631144046783447,0.32307140513739796,0.17036108727325128,31.34401492719406,3.8306888862402495,2.0631144046783447,0.17036108727325128,0.4365379512310028,0
0.03282487554064071,0.00023934794611774906,1.7777643444573595e-06,0.42762998525818696,5.248034676847728,1.7516153060557393,0.5709000736779909,0.2532297298312187,0.21201634405588266,0.3713710733822638,1.8337780237197876,0.27863418800598083,0.13791647414509478,23.4070277493654,3.637660439865825,1.8337780237197876,0.13791647414509478,0.2532297298312187,0
0.024851362716082934,0.0002670172069920569,1.8285356721814209e-06,0.32997159670060433,5.386703056437355,1.6279112005551801,0.6142819356433545,0.2577480375766754,0.172712782783492,0.2811610735723005,1.1764955520629883,0.21442263153494423,0.07905154929232859,13.936800592530723,3.7337780362111914,1.1764955520629883,0.07905154929232859,0.2577480375766754,0
0.036565595928714126,0.0007152580930944392,2.0983134841144e-06,0.49347380880579267,5.52396549840474,1.537742401301919,0.6503024055945925,0.4295642599463463,0.2690258739557976,0.41369249342913555,1.5425360202789307,0.3154499452767823,0.17114147911961536,31.17009919709389,3.828921110857658,1.5425360202789307,0.17114147911961536,0.4295642599463463,0
0.03343584419838536,0.000522418553716439,1.9692138989497746e-06,0.45571334320003715,5.55119515690534,1.4886089180739401,0.6717663345589175,0.41287171095609665,0.25411872123368084,0.3782833946780028,1.6282488107681274,0.29901608556247083,0.14309832668911365,26.582355349831023,3.8477952718749586,1.6282488107681274,0.14309832668911365,0.41287171095609665,0
0.03544888788040704,0.0004959864785551237,1.999978898247096e-06,0.4637179603099922,5.34659992027966,1.7229075431902967,0.5804127508502124,0.30913111567497253,0.23277998037519865,0.40105838409211897,1.898689866065979,0.2915879409615627,0.16084782745058163,27.52439637939961,3.705980660451874,1.898689866065979,0.16084782745058163,0.30913111567497253,0
0.03898333133880929,0.0002583930369744599,1.777764812511306e-06,0.5067516591410668,5.24721189678986,1.7673594027967996,0.565814588184904,0.30629218369722366,0.24955085331748705,0.44104604708662565,2.083195924758911,0.32529971417375236,0.194521615650738,32.87004723740466,3.6370901321884936,2.083195924758911,0.194521615650738,0.30629218369722366,0
0.029660136955593618,0.0012326906356630524,2.2856939434747392e-06,0.42564844527259554,5.789327050310427,1.2814593911394272,0.7803579472630032,0.45963291078805923,0.2618624873139197,0.33556614355555153,1.2934162616729736,0.2826901929693122,0.11260463670074503,23.190604667261155,4.012855722390096,1.2934162616729736,0.11260463670074503,0.45963291078805923,0
0.028215479520972597,0.0007473405997477524,2.0983460028841217e-06,0.39642519063126364,5.691325669320736,1.3580775931216154,0.7363326458337713,0.4099816456437111,0.23505410300276708,0.31922171045935815,1.2308176755905151,0.2645569029125454,0.10190250042859829,20.115575266180315,3.94492634146611,1.2308176755905151,0.10190250042859829,0.4099816456437111,0
0.03523243120094285,0.00035202043091732887,1.8550588256449814e-06,0.4697335817226606,5.421891458605813,1.6039597451447678,0.6234554790493333,0.3975941240787506,0.24851587299781386,0.398609456318003,1.997953176498413,0.30626352579338345,0.15888949866613392,28.24315363814393,3.7581687779626676,1.997953176498413,0.15888949866613392,0.3975941240787506,0
0.029243187675760188,0.0009498850235624471,2.206865529780152e-06,0.40780403124142134,5.690973501007513,1.387684362295086,0.7206227904935432,0.40199796855449677,0.23841797885324922,0.33084890094465447,1.3887598514556885,0.26645747588230506,0.10946099525628578,21.28692837078453,3.9446822369927195,1.3887598514556885,0.10946099525628578,0.40199796855449677,0
0.030982545497068987,0.001454073102477316,2.327258436326224e-06,0.444742506897796,5.834619921390061,1.2805740982735287,0.780897527533179,0.48334307223558426,0.27372682985151187,0.35052748831037145,1.541682481765747,0.28204710686350154,0.1228695200611776,25.317874872542223,4.0442503482784105,1.541682481765747,0.1228695200611776,0.48334307223558426,0
0.035883044595436044,0.0006922474716625106,2.031611616171673e-06,0.5002887849209269,5.669316629388311,1.388576108866559,0.7201604077633077,0.4947691783308983,0.29236446170762065,0.40597030660883393,1.9448167085647583,0.3289356270428243,0.16481188984807063,32.03697514466015,3.929670837490119,1.9448167085647583,0.16481188984807063,0.4947691783308983,0
0.03762446411360097,0.0008875048288961988,2.098352609128294e-06,0.5251083723152126,5.695917715321755,1.38440448345393,0.7223305491507915,0.5130412131547928,0.3074767703365069,0.4256722194117945,2.017096996307373,0.34138484483719367,0.18119683837896294,35.294566742468085,3.948109305204719,2.017096996307373,0.18119683837896294,0.5130412131547928,0
0.0340219485911661,0.001028981839039322,2.2068782104104806e-06,0.47534943085238085,5.681975610790852,1.380002936766006,0.7246342564821249,0.5414610058069229,0.27892289115698077,0.3849144089278985,1.4743589162826538,0.3170927124465379,0.14815910220031347,28.92250642069535,3.938445374758051,1.4743589162826538,0.14815910220031347,0.5414610058069229,0
0.03350310726347263,0.0005224478025429278,1.9691936746510556e-06,0.46053761699085183,5.573904955863796,1.4490979833531465,0.6900826398775177,0.5003589019179344,0.26157264294306515,0.37904438938914836,1.6208492517471313,0.30807492683152304,0.1436746491273923,27.148146772942404,3.863536504994095,1.6208492517471313,0.1436746491273923,0.5003589019179344,0
0.03313003114426152,0.000976799255533507,2.16945609026782e-06,0.4674849029849071,5.745805805733278,1.341658102197813,0.7453443842710209,0.4763968586921692,0.27937334728903807,0.37482351492846133,1.7641905546188354,0.3023470955996004,0.1404926673433265,27.97339321840742,3.982689094416987,1.7641905546188354,0.1404926673433265,0.4763968586921692,0
0.03074386950897009,0.00042307447282942775,1.882339962153827e-06,0.43105471106879417,5.630263213850601,1.3661368264457767,0.7319889967529344,0.47886085510253906,0.25460639887751313,0.34782717775531335,1.4262092113494873,0.2960063974842342,0.12098374558522634,23.78344498362901,3.90260107261892,1.4262092113494873,0.12098374558522634,0.47886085510253906,0
0.02859860237865058,0.0012357742949097403,2.2856963304229642e-06,0.40855226428654995,5.804219199071251,1.2970681252848222,0.7709671449502807,0.4179396778345108,0.24945200986985583,0.3235562507904249,1.5258077383041382,0.26198652217885865,0.10468864742555631,21.36511393966937,4.023178173316141,1.5258077383041382,0.10468864742555631,0.4179396778345108,0
0.034538025835502806,0.000253867990159304,1.7534058006807344e-06,0.4669951618304899,5.437886734360471,1.5280072037554777,0.6544455015581108,0.3815993517637253,0.25572729989289655,0.39075315643328334,1.539618968963623,0.3161743329972069,0.152688029262574,27.914813590154935,3.7692558582542874,1.539618968963623,0.152688029262574,0.3815993517637253,0
0.027246074685340373,0.00014411526197338388,1.6410194644600864e-06,0.35980263973056614,5.2983301963615705,1.661094157927092,0.6020108800948681,0.34907667338848114,0.18557295217760839,0.3082541467315089,1.626625657081604,0.24222546061491812,0.09502061897717062,16.570616263306697,3.672522637411643,1.626625657081604,0.09502061897717062,0.34907667338848114,0
0.024139506205686362,0.00044964944777699413,1.969182543074931e-06,0.3292597517604088,5.568818006310658,1.4849729023086895,0.6734104958377896,0.3051668182015419,0.18391402031375037,0.2731073365205692,1.2480655908584595,0.21325464965590868,0.07458761726135943,13.87673396855373,3.860010500253688,1.2480655908584595,0.07458761726135943,0.3051668182015419,0
0.023348057369263528,0.000401900980553536,1.9104230980125154e-06,0.32397975535717377,5.629837746051448,1.4082206324117374,0.7101133098856552,0.33483171463012695,0.18757935298890516,0.26415311509342054,1.1992816925048828,0.21289006354123785,0.06977686821355789,13.435248880805656,3.9023061608135174,1.1992816925048828,0.06977686821355789,0.33483171463012695,0
0.023931354504152243,0.0003646497437395972,1.9104168935899776e-06,0.32564062448689723,5.517397907476352,1.4964640365662525,0.6682394512442709,0.3476349115371704,0.18092808262008475,0.27075236884584447,1.0912142992019653,0.21756955685475532,0.07330684523563621,13.573352488475702,3.8243688037225736,1.0912142992019653,0.07330684523563621,0.3476349115371704,0
0.025885437241744202,0.00037934011921670035,1.8823330003839476e-06,0.3595080066274844,5.5980054841239895,1.404498995060991,0.7119952302783938,0.3737262487411499,0.20851584255433409,0.29286029132185804,1.0888904333114624,0.24406602690180534,0.08576715023312356,16.543488874146224,3.880241718207653,1.0888904333114624,0.08576715023312356,0.3737262487411499,0
0.03390623914822117,0.0006534002491960656,2.0982475660724968e-06,0.4550580375896934,5.490785281701109,1.5670445993569988,0.6381422670235495,0.3565206378698349,0.24479539776802994,0.38360530601983966,1.6712899208068848,0.2913200905859412,0.14715303080657482,26.5059606495978,3.805922337199169,1.6712899208068848,0.14715303080657482,0.3565206378698349,0
0.03468996529119443,0.00045221626967768597,1.939378852314046e-06,0.4634625929537316,5.444954143156124,1.5921669111205285,0.6280732535455469,0.37920109182596207,0.2465018914808752,0.3924721551444728,1.8688783645629883,0.3024895287530853,0.15403439256374715,27.494089608626727,3.774154612734861,1.8688783645629883,0.15403439256374715,0.37920109182596207,0
0.02738580874187637,0.00035737378696561726,1.8823270187544335e-06,0.3723790121639921,5.507174461021165,1.4999526490314052,0.6666855604624803,0.3281639516353607,0.20656322538889071,0.30983505711453785,1.3131293058395386,0.2483766703863921,0.09599776261716894,17.749264473629516,3.8172824506365552,1.3131293058395386,0.09599776261716894,0.3281639516353607,0
0.03387975861256723,0.00037731910329360456,1.8823323219974425e-06,0.45482492010527326,5.443652200681598,1.5655901833995027,0.6387350928272904,0.4427870512008667,0.24483144888290553,0.38330571295855403,1.7263418436050415,0.30391388260102303,0.14692326958666543,26.478810617442328,3.7732521749793895,1.7263418436050415,0.14692326958666543,0.4427870512008667,0
0.03499154349133586,0.0004141915859479464,1.9104253422834987e-06,0.46558003881912746,5.440542349791453,1.615644522565562,0.6189464699987083,0.38790642470121384,0.2450316993999877,0.39588412299052145,2.1529626846313477,0.2973205939355239,0.1567242388359743,27.745890885992992,3.7710965906029257,2.1529626846313477,0.1567242388359743,0.38790642470121384,0
0.037037797407801255,0.000432249637378146,1.8823350147760132e-06,0.510497775021551,5.562028186151997,1.4371273699459983,0.6958308877012608,0.5457869619131088,0.2915780828334391,0.4190348433163168,1.507100224494934,0.3437655023371917,0.17559019991313018,33.357821222650124,3.855304155554201,1.507100224494934,0.17559019991313018,0.5457869619131088,0
0.030573961038615472,0.00047050920231999006,1.939382660861197e-06,0.4201669530618997,5.557053744855649,1.450235121623759,0.6895413675546325,0.39531485736370087,0.23851641550572822,0.3459048828502128,1.2673673629760742,0.2861975804745498,0.11965018797961946,22.597154361001042,3.8518561355947787,1.2673673629760742,0.11965018797961946,0.39531485736370087,0
0.03418423704845418,0.0006978255072725388,2.09830138400808e-06,0.46964964101416334,5.5739731129520305,1.4515014696518553,0.6889399943909043,0.5172642022371292,0.26644857157407387,0.3867504932264058,1.6017167568206787,0.3188135838319113,0.14957594401086818,28.23306051900576,3.8635837478876414,1.6017167568206787,0.14957594401086818,0.5172642022371292,0
0.031864358159414075,0.00027668350275541375,1.80279773842296e-06,0.4229985243506706,5.384191586816158,1.62918036475709,0.6138038781623344,0.3828328773379326,0.22127940375503385,0.36050405972285743,1.812192440032959,0.27821573151356915,0.12996317707666155,22.90275220516414,3.732037218124196,1.812192440032959,0.12996317707666155,0.3828328773379326,0
0.03511971586395897,0.0014025382580618638,2.3272533205312152e-06,0.4902327863129157,5.730090250596604,1.3837285896976284,0.722683256441204,0.4413352534174919,0.28714751636289293,0.3973342278520025,1.6249423027038574,0.31244850561893145,0.15787448862274703,30.762007651343986,3.971795901683066,1.6249423027038574,0.15787448862274703,0.4413352534174919,0
0.03016143249253118,0.00034463064420501156,1.828563018224199e-06,0.41780938555621383,5.579379269587653,1.4154299223816598,0.7064970534302465,0.42202887684106827,0.24108410436747363,0.34123765513230514,1.521096110343933,0.2845153080106684,0.11644313728019401,22.3442793803342,3.8673310101172875,1.521096110343933,0.11644313728019401,0.42202887684106827,0
0.025337996300973154,0.00043497687374797643,1.9393424826444446e-06,0.35101297736243775,5.604515936983021,1.4151884131996728,0.7066172265921732,0.3902684822678566,0.2025643380229667,0.2866667040975644,1.1630008220672607,0.2344754916793903,0.08217779923816054,15.770894115435933,3.884754420251061,1.1630008220672607,0.08217779923816054,0.3902684822678566,0
0.028973631641980455,0.0003602576694274569,1.8823235194552612e-06,0.38903209874153716,5.462028229332629,1.5646136074382824,0.6391334861255082,0.3247622773051262,0.20950809899386513,0.3277992225543281,1.3159902095794678,0.25408022073823133,0.1074523303072219,19.372284652959372,3.7859894674287418,1.3159902095794678,0.1074523303072219,0.3247622773051262,0
0.02396610390869628,0.00032883299262269887,1.8823353573851658e-06,0.3206725361807409,5.459921856081905,1.583752118729916,0.6314096127359546,0.27411124110221863,0.17120451507071266,0.271145513479369,1.3481711149215698,0.2063028902567794,0.07351988947999066,13.162352058955335,3.7845294407487957,1.3481711149215698,0.07351988947999066,0.27411124110221863,0
0.03037285404380473,0.0003008541594582358,1.8550243726554984e-06,0.39926423516771803,5.3406465079374135,1.690264420050978,0.5916216883203778,0.29635487496852875,0.20329932574895793,0.3436296169338172,1.8908032178878784,0.258610636063338,0.11808131363408195,20.404726973960045,3.7018540694721342,1.8908032178878784,0.11808131363408195,0.29635487496852875,0
0.028417860704500027,0.0004965353988147137,1.9691996602172374e-06,0.3964958040603901,5.620223159718694,1.385627431920253,0.7216924742274676,0.4516540840268135,0.2320330738039047,0.32151139217546704,1.283785104751587,0.2731840750908532,0.10336957529860698,20.122742097599392,3.8956418374047184,1.283785104751587,0.10336957529860698,0.4516540840268135,0
0.030215661034135786,0.0009356241362582599,2.2068448644012627e-06,0.425048286308685,5.696337616551334,1.3533613162173412,0.7388988164328864,0.42569129168987274,0.25259417196866707,0.3418511810443447,1.2661075592041016,0.2821352349537847,0.11686222998141335,23.125253848825587,3.948400358558115,1.2661075592041016,0.11686222998141335,0.42569129168987274,0
0.035670930593117156,0.0008893678840659954,2.133298703446847e-06,0.49907986052611775,5.683508730016859,1.3744745325407013,0.7275489639490904,0.5243298411369324,0.29361803442952805,0.4035705106180451,1.712726354598999,0.32998291808621616,0.16286915704050964,31.88233051939445,3.9395080520270196,1.712726354598999,0.16286915704050964,0.5243298411369324,0
0.03795011570844312,0.0008882989629161809,2.1333157625035558e-06,0.5214534804920631,5.630412229850387,1.4509372376197827,0.6892080822043493,0.4838280826807022,0.2959166912914952,0.42935654662806805,2.047001600265503,0.33809577473743957,0.18434704413238037,34.804957736612664,3.9027043626390285,2.047001600265503,0.18434704413238037,0.4838280826807022,0
0.027354305178643852,0.000594044238568962,2.0317266964627322e-06,0.37935668126081146,5.639564247173281,1.4105958217029395,0.708918000028081,0.37114202231168747,0.2193956838818849,0.3094786349834458,1.3648767471313477,0.2484413080048853,0.09577702551121689,18.420670927003762,3.9090480576428286,1.3648767471313477,0.09577702551121689,0.37114202231168747,0
0.02967053268071675,0.0006305679839327975,2.0317355029987944e-06,0.40766366999202097,5.631730184593167,1.4512049474694315,0.6890804932537907,0.3737555146217346,0.2313138184545096,0.3356837577592302,1.6446661949157715,0.2607898329274576,0.11268358522335756,21.272277482414513,3.9036178992530925,1.6446661949157715,0.11268358522335756,0.3737555146217346,0
0.027862281786259446,0.00018542434054631606,1.7066597562465258e-06,0.36539152494036875,5.289134912852411,1.705950223809572,0.5861817148727423,0.2786254212260246,0.18478014765423723,0.3152257342463118,1.2845306396484375,0.2377680529943973,0.09936726353112638,17.08940371177576,3.6661489525728186,1.2845306396484375,0.09936726353112638,0.2786254212260246,0
0.02809045934590671,0.00039600665180840046,1.9104364257192045e-06,0.37756010496452386,5.483255157281753,1.5591123381747136,0.6413885830827839,0.32438576966524124,0.20383859511639457,0.3178072686421707,1.484273076057434,0.24618690495026385,0.10100146000179686,18.246609006185253,3.800702852688626,1.484273076057434,0.10100146000179686,0.32438576966524124,0
0.029827371769163624,0.0004807734827551624,1.9692190497753317e-06,0.39955500616004647,5.480034938883756,1.5774211944211514,0.6339442123735822,0.32077208906412125,0.213930300087668,0.3374581894871646,1.4676090478897095,0.25869576196782873,0.11387802965195508,20.43445797728701,3.798470767385268,1.4676090478897095,0.11387802965195508,0.32077208906412125,0
0.02900796547362495,0.00020553524006308653,1.7297206859291501e-06,0.38451352041524034,5.3285627151199755,1.6380027174030927,0.6104977374870098,0.36894015222787857,0.2003584377671359,0.3281876655172071,1.3467737436294556,0.26075764557936054,0.10770714379763419,18.924882864911545,3.6934782225502563,1.3467737436294556,0.10770714379763419,0.36894015222787857,0
0.036449725010495565,0.0004049693327150137,1.9103885056590785e-06,0.4873078496380403,5.415112084760616,1.5883120585479689,0.6295976723751672,0.3420475050806999,0.2596351021938972,0.4123815636369011,1.6365694999694824,0.32224376709555713,0.1700585540276155,30.396024360812916,3.753469674095908,1.6365694999694824,0.1700585540276155,0.3420475050806999,0
0.03182819029508221,0.0004758274271347899,1.9393762695713316e-06,0.4366851644189787,5.567721427793916,1.4576754254611763,0.6860218711894407,0.43464887142181396,0.24703364052038523,0.36009486704877586,1.505601406097412,0.29075440174324285,0.12966831327487555,24.4088234014247,3.8592504099465454,1.505601406097412,0.12966831327487555,0.43464887142181396,0
0.034034265814342705,0.0005866374766169917,1.9692195889059043e-06,0.4803304205992324,5.679340815271388,1.34098412546844,0.7457190461650544,0.5287017077207565,0.2871426701385644,0.3850537624004356,1.4185854196548462,0.3252587492697785,0.1482663999387311,29.531816057988546,3.9366190736723823,1.4185854196548462,0.1482663999387311,0.5287017077207565,0
0.03155148260435181,0.00047983201323398473,1.9393454795102845e-06,0.43786011551669946,5.60208215409641,1.4077517381653697,0.7103505337598155,0.44334661960601807,0.25357047497709573,0.3569642768964249,1.2104156017303467,0.2958572606126779,0.1274234949801875,24.54034953731807,3.88306745050511,1.2104156017303467,0.1274234949801875,0.44334661960601807,0
0.03369457221519072,0.0006410863675543826,2.0317296545507444e-06,0.46344696274599817,5.597365441939281,1.4464138489208287,0.6913632481677676,0.4187600091099739,0.26355566791971796,0.38121056804065906,1.4305940866470337,0.3049237119456052,0.14532149718588197,27.4922351716468,3.879798074771883,1.4305940866470337,0.14532149718588197,0.4187600091099739,0
0.029202156870475896,0.0008975488165706749,2.169474519881695e-06,0.40872658261569483,5.699736671902036,1.3729918925519626,0.7283342157074552,0.39420967549085617,0.24063120267965132,0.3303846903741894,1.2227706909179688,0.2659023169403554,0.10915404363364897,21.383349675098163,3.950756404191022,1.2227706909179688,0.10915404363364897,0.39420967549085617,0
0.02554821289370787,0.0006457782321460327,2.0645009711573776e-06,0.35581067966167873,5.668363394059414,1.3930211384618711,0.7178617127430117,0.34354276955127716,0.20749508056178456,0.2890450333494148,1.3108868598937988,0.2332829266003955,0.08354703130396429,16.204958689447135,3.9290101051094846,1.3108868598937988,0.08354703130396429,0.34354276955127716,0
0.02395180718766295,0.0005899466970029001,2.031698787844274e-06,0.33585390494754175,5.701552177821533,1.3657920702989559,0.7321731700614933,0.34208205342292786,0.19840777409535804,0.2709837645451066,1.365783929824829,0.21676412478504403,0.07343220064703776,14.438124219969586,3.952014817000411,1.365783929824829,0.07343220064703776,0.34208205342292786,0
0.02014741224831338,0.0006977279438372091,2.1333119865745713e-06,0.2847434762284998,5.7257117778705044,1.3357302647874658,0.7486508611051486,0.303788498044014,0.1706496851911652,0.22794194918629276,0.8075912594795227,0.18746628270105248,0.05195753219884647,10.37809244860035,3.96876097565781,0.8075912594795227,0.05195753219884647,0.303788498044014,0
0.019878319472083936,0.0004997024869302014,2.0317059211256812e-06,0.2743555806312108,5.630411919345125,1.4312176795574247,0.6987026277226936,0.2608070597052574,0.15713718127517495,0.22489751195685032,1.0001349449157715,0.1777126417805448,0.050578890884381625,9.634686031806568,3.902704147413183,1.0001349449157715,0.050578890884381625,0.2608070597052574,0
0.034066416652301326,0.0007995777506752783,2.098344013058349e-06,0.471083738197922,5.661095101508245,1.4228614405555464,0.702807298669473,0.4420987665653229,0.2708749401899695,0.3854175076090975,2.052614450454712,0.3025024258480471,0.14854665517160873,28.40574571449962,3.9239721086201564,2.052614450454712,0.14854665517160873,0.4420987665653229,0
0.035484594854662904,0.0007449435018905569,2.098279670479727e-06,0.4839471231950389,5.578715316400907,1.485545270432913,0.6731518244619101,0.43127478659152985,0.2702457948475967,0.4014623623902306,1.7160897254943848,0.31293401527242537,0.16117202841594483,29.978216710240535,3.86687079283787,1.7160897254943848,0.16117202841594483,0.43127478659152985,0
0.03323315254148825,0.0012127763499842508,2.245599096549268e-06,0.4723003307159462,5.775128487137138,1.3154314798360547,0.7602048116469887,0.4573461711406708,0.2858303196480847,0.3759902003566926,1.5364327430725098,0.3036072826085956,0.14136863076426587,28.552653106482193,4.003014028358527,1.5364327430725098,0.14136863076426587,0.4573461711406708,0
0.042340974774819296,0.00037718919764175403,1.8550172231170599e-06,0.5677139025202192,5.428051093045062,1.5722838101890855,0.6360161606874184,0.4915815368294716,0.3046736492869968,0.47903344616517246,2.0700583457946777,0.37864641757323625,0.22947304254488116,41.25428161468634,3.7624383112075144,2.0700583457946777,0.22947304254488116,0.4915815368294716,0
0.024483125468749617,0.00035185278024013486,1.9103904111297477e-06,0.32924594995437617,5.478150530845044,1.556330768488274,0.6425346141618598,0.2942873612046242,0.1779794824506098,0.2769949446975028,1.4009251594543457,0.21411082312687313,0.07672619938797265,13.875570631854025,3.7971645952662083,1.4009251594543457,0.07672619938797265,0.2942873612046242,0
0.03379148476162475,0.00042397600115626243,1.939161042310447e-06,0.44623889435408814,5.403460803894872,1.6610978427728937,0.6020099229306612,0.31868061423301697,0.2301532146370846,0.382307008340908,1.8461624383926392,0.28055720520439564,0.14615864862657513,25.488531306797956,3.7453936216139057,1.8461624383926392,0.14615864862657513,0.31868061423301697,0
0.031150589763837624,0.0006099765819433894,2.0644914739909995e-06,0.41578877026590827,5.502964967252762,1.5974280965728482,0.6260044910315761,0.3686606287956238,0.22062257006473374,0.35242869215951744,1.9256534576416016,0.2621463602542917,0.1242059830572679,22.12867858934224,3.8143646518994028,1.9256534576416016,0.1242059830572679,0.3686606287956238,0
0.03037842147798387,0.0010411794489643127,2.2455910874224184e-06,0.4208922444920687,5.677811619097408,1.4146522955525975,0.7068854258926796,0.38775525242090225,0.242952000531659,0.3436926052612073,1.4658622741699219,0.27096084992831493,0.11812460691123608,22.675236028617128,3.935559115655866,1.4658622741699219,0.11812460691123608,0.38775525242090225,0
0.02679351469683589,0.00034113602583840034,1.8823357263613302e-06,0.35539962399956165,5.4268780641975995,1.6339459330077863,0.6120133358997465,0.26506227254867554,0.18552267172344727,0.3031340149432653,1.4795037508010864,0.2226751413393231,0.09189023101562381,16.167538270595813,3.76162522956918,1.4795037508010864,0.09189023101562381,0.26506227254867554,0
0.028429273292014064,0.00040482746688191173,1.910416666077176e-06,0.3861345198432743,5.537748017738124,1.5054399533421072,0.6642555810536014,0.36660679429769516,0.21365216868980497,0.32164051086382,1.5973811149597168,0.25069722581184806,0.10345261822873911,19.084783029068287,3.8384744252746055,1.5973811149597168,0.10345261822873911,0.36660679429769516,0
0.027165725015719885,0.0004002256246586864,1.882343426368856e-06,0.3793659243137221,5.622539063812043,1.382006912220376,0.7235830280561855,0.42293333262205124,0.22239041735156206,0.307345093991433,1.141700267791748,0.25803542467099305,0.09446100680060279,18.421568579891805,3.897247099797471,1.141700267791748,0.09446100680060279,0.42293333262205124,0
0.030366683705588135,0.00043340529066591364,1.9104389850634913e-06,0.41170890220893747,5.545816868172644,1.5143336016528215,0.6603545534588028,0.3442571684718132,0.22687194363970775,0.34355980752589454,1.6080186367034912,0.26233634084906043,0.11803334134722972,21.696540180235317,3.8440673262036533,1.6080186367034912,0.11803334134722972,0.3442571684718132,0
0.028168837066848182,0.0002692834676400492,1.8027950861973348e-06,0.3746629105793696,5.407553575699957,1.6177897966272632,0.6181253363623384,0.27097872644662857,0.19699346107518068,0.31869401132971725,1.50705087184906,0.24262250659160145,0.10156587285742597,17.967653960167002,3.748230514851275,1.50705087184906,0.10156587285742597,0.27097872644662857,0
0.02670736934149629,0.0007299590591861143,2.0983460035423285e-06,0.37344856499631585,5.68959997665023,1.3768192506030632,0.726309346750766,0.3674333766102791,0.2194619165675249,0.3021593915044116,1.2595274448394775,0.24386455583271527,0.0913002978743163,17.851370329319366,3.943730182457037,1.2595274448394775,0.0913002978743163,0.3674333766102791,0
0.027422686314733574,0.0005941295214312142,2.0317294173590914e-06,0.3792489170013379,5.627528488193702,1.4224385203140613,0.7030158158302594,0.4182937666773796,0.21811296220766963,0.31025227922399434,1.2682534456253052,0.25243101448648986,0.09625647676368335,18.41020685397602,3.900705505240235,1.2682534456253052,0.09625647676368335,0.4182937666773796,0
0.02650312433317777,0.0005749364930378886,2.031724342797756e-06,0.3638241920376307,5.61433034728808,1.4551841837007353,0.68719594137688,0.35545705258846283,0.20605544396130426,0.29984862301792314,1.285213828086853,0.23546840553936477,0.0899091967257446,16.943109467114855,3.8915572510828698,1.285213828086853,0.0899091967257446,0.35545705258846283,0
0.027719937954548555,0.00034441364495026714,1.8823377079710835e-06,0.3689654299652429,5.4183468244125965,1.6134700042076042,0.6197802306720362,0.26851287484169006,0.19437318128620973,0.31361529762770624,1.259385585784912,0.2391999323994014,0.09835455490611478,17.425342529207878,3.755711824765523,1.259385585784912,0.09835455490611478,0.26851287484169006,0
0.028270837462479274,0.0003684140501416996,1.8550655370892509e-06,0.3917231518915313,5.583479712912233,1.4143117275921882,0.7070554913854025,0.442155160009861,0.22615100181428716,0.31984801407266855,1.148056983947754,0.2679536774248845,0.10230275210622997,19.64121954916297,3.870173220846767,1.148056983947754,0.10230275210622997,0.442155160009861,0
0.028348404091579568,0.0006240902576839531,2.064498592322703e-06,0.38588029062126766,5.568104947548161,1.4947620726086872,0.6690007061352734,0.34582769870758057,0.21456630869943183,0.32072558030355813,1.2605592012405396,0.24973957942142988,0.1028648978610541,19.05966063231411,3.8595162455828893,1.2605592012405396,0.1028648978610541,0.34582769870758057,0
0.026566925486142194,0.00027000883954062915,1.828532520849694e-06,0.35213178433391856,5.36964029604558,1.6384253601023093,0.6103400846661721,0.29057294875383377,0.18345080464678176,0.3005704506644618,1.1866811513900757,0.23057506466534505,0.09034259581263768,15.871589572888237,3.7219510319530613,1.1866811513900757,0.09034259581263768,0.29057294875383377,0
0.029721600624494936,0.0007497174773789556,2.0983460527336784e-06,0.4114220623657067,5.6598730961481305,1.4184803324762452,0.704977716812884,0.39060594141483307,0.2370575875393115,0.33626152558877914,1.425628662109375,0.2650841528293313,0.11307181359129316,21.66631851536019,3.9231250790501635,1.425628662109375,0.11307181359129316,0.39060594141483307,0
0.0340703443729029,0.0002485013173572757,1.7534170102742594e-06,0.454387065078006,5.380392978766714,1.602109273409281,0.6241755305422572,0.4163214862346649,0.24059653800941305,0.3854619446950492,1.6882643699645996,0.3035385643770496,0.14858091080808916,26.427853428506126,3.7294042236646745,1.6882643699645996,0.14858091080808916,0.4163214862346649,0
0.032734627158695025,0.00035810582740865087,1.8550572228547482e-06,0.4431655649236137,5.496578387341065,1.5216592792017667,0.6571755671766265,0.3832114711403847,0.24338564786376082,0.3703500294964253,1.6859797239303589,0.2905821796194914,0.13715914434800308,25.138651895560407,3.809937812040189,1.6859797239303589,0.13715914434800308,0.3832114711403847,0
0.031119321436867554,0.0003779687131958571,1.855057347999224e-06,0.4313345567688208,5.580018369568737,1.4129105964122757,0.7077568547102967,0.4955848157405853,0.249184153843089,0.3520749314229271,1.5048121213912964,0.297429058562102,0.12395675733645882,23.814335982458253,3.8677740004672714,1.5048121213912964,0.12395675733645882,0.4955848157405853,0
0.03332271276350686,0.0020815330953919313,2.509766106822915e-06,0.48208288621989837,5.869621478925905,1.2547814138494933,0.7969494419299887,0.5299180746078491,0.3004534928877547,0.3770034586017155,1.7906643152236938,0.3042819672272117,0.14213160779765543,29.747700375821758,4.068511579199586,1.7906643152236938,0.14213160779765543,0.5299180746078491,0
0.04068127307973271,0.0007992975006578777,2.098337295009169e-06,0.5570552415852962,5.584513136871273,1.4666846706433805,0.681808330936246,0.5192190557718277,0.3138071012836008,0.46025606499169197,1.9570989608764648,0.3653951744885262,0.21183564536163657,39.71974939873954,3.8708895357502975,1.9570989608764648,0.21183564536163657,0.5192190557718277,0
0.04172971555647721,0.0004341198205289029,1.8823450043875876e-06,0.5607864195637478,5.46563882088008,1.5600391377290892,0.6410082014640293,0.4681798070669174,0.3026320469361963,0.47211783755153286,1.9836546182632446,0.3664645668875437,0.2228952525343356,40.25362027099234,3.78849213878001,1.9836546182632446,0.2228952525343356,0.4681798070669174,0
0.04038216917324637,0.0004422978610839036,1.8823466611396115e-06,0.5447853662427706,5.496354495574728,1.5395995777814635,0.6495181121375354,0.45231593400239944,0.2967473472817801,0.45687209058279793,1.7676575183868408,0.3535334689440788,0.20873210715349633,37.98926019485052,3.8097826220936017,1.7676575183868408,0.20873210715349633,0.45231593400239944,0
0.04750200555370772,0.0009374931531010787,2.0645095693058625e-06,0.6744966434006976,5.72647388616406,1.3185731441331554,0.7583941351483517,0.7485593259334564,0.40757984973606654,0.5374238439518043,2.147677421569824,0.4504668304571169,0.28882438804793326,58.2330524107274,3.96928922887277,2.147677421569824,0.28882438804793326,0.7485593259334564,0
0.03414412756236434,0.0007551439907983979,2.0645065958236982e-06,0.47615914561376455,5.66502335666873,1.3875973652799718,0.7206682834261509,0.47908469289541245,0.2783925048133824,0.38629670619274126,1.426094651222229,0.3164526913319605,0.14922514521536107,29.021124089808666,3.926694967609167,1.426094651222229,0.14922514521536107,0.47908469289541245,0
0.03184191388025446,0.00065967316725752,2.0317347364293705e-06,0.4414350561801152,5.6510117655096685,1.4120969758310349,0.7081646949708298,0.4411727711558342,0.255117132786836,0.3602501316909757,1.6568820476531982,0.2888827501714104,0.12978015738336532,24.942708329566905,3.916982872702105,1.6568820476531982,0.12978015738336532,0.4411727711558342,0
0.034499664432425865,0.0005801904933142577,1.969223545119303e-06,0.47527834160035537,5.632688170584714,1.4393177053101052,0.6947718591324497,0.48105374723672867,0.27118345398048405,0.3903191467012588,2.1014583110809326,0.30766102964571473,0.15234903628159877,28.91385625528116,3.904281924542149,2.1014583110809326,0.15234903628159877,0.48105374723672867,0
0.036505129633496725,0.0014265389344672807,2.327107040432005e-06,0.5111296457838025,5.754059174618327,1.3715413923955608,0.7291049211434737,0.43791595846414566,0.30112718265809235,0.41300839539103235,1.9977868795394897,0.31854764240637223,0.1705759346634753,33.440449894281656,3.988409893789778,1.9977868795394897,0.1705759346634753,0.43791595846414566,0
0.03017346986080626,0.00078618495783816,2.098259329234272e-06,0.4254648086337056,5.723657978873149,1.3443228230413173,0.7438667658757716,0.45739153772592545,0.253937399973438,0.34137384240806434,1.4732494354248047,0.2805513896400669,0.11653610028044593,23.170598833371614,3.9673373906733573,1.4732494354248047,0.11653610028044593,0.45739153772592545,0
0.029168309409615886,0.0012919366214936875,2.327250857110642e-06,0.41068922098217375,5.760857279230862,1.3498784562986852,0.7408051925387238,0.409988671541214,0.24446775080286898,0.33000175006858845,1.515587329864502,0.2626895788580441,0.1089011550483311,21.589201437560927,3.9931219808351086,1.515587329864502,0.1089011550483311,0.409988671541214,0
0.02937574784796019,0.0005560665283228805,1.9692209923314254e-06,0.412109674276146,5.688552740563463,1.3638868918073546,0.733196423491895,0.4509394019842148,0.24367757332947804,0.3323486480915005,1.656435489654541,0.27144215319015075,0.11045562388824803,21.738801104894865,3.9430042937161134,1.656435489654541,0.11045562388824803,0.4509394019842148,0
0.03501512278325743,0.0006053459512981623,1.999955989495137e-06,0.4811105328644187,5.607465722822923,1.4510747615464967,0.6891426287712069,0.4158174470067024,0.2730051564012683,0.39615089222593447,1.8329960107803345,0.31412209702801874,0.15693552941140396,29.627820138634867,3.8867990559892442,1.8329960107803345,0.15693552941140396,0.4158174470067024,0
0.027855415718956507,0.000603834465179525,2.0317314180738136e-06,0.3855534517234666,5.628933236834747,1.4188782272043008,0.7047798801371736,0.3767857477068901,0.2221107121949899,0.31514805356231196,1.2340350151062012,0.2542600521314853,0.09931829566411385,19.027387409392574,3.9016792028001714,1.2340350151062012,0.09931829566411385,0.3767857477068901,0
0.03777158429303056,0.00044612311481713137,1.9104393617698135e-06,0.5034972018771133,5.449983516426439,1.6049783416873504,0.6230599092564427,0.49129777401685715,0.26625698499265127,0.4273366942361792,2.1348230838775635,0.3257929194260214,0.18261665024070572,32.44920733415458,3.7776407086371613,2.1348230838775635,0.18261665024070572,0.49129777401685715,0
0.029054522879947295,0.0003451021951929001,1.8550335002715065e-06,0.39399113147036596,5.5220783665374285,1.5134178457006386,0.6607540413875592,0.40055953711271286,0.2172000306291011,0.3287144024408069,1.8089269399642944,0.258408944925975,0.10805315837201676,19.869313494694296,3.8276130507244854,1.8089269399642944,0.10805315837201676,0.40055953711271286,0
0.03915466252212695,0.0005418926551356662,1.939387649213867e-06,0.5334870388367733,5.56389539549098,1.4901437283721297,0.6710746913533476,0.4937285929918289,0.2972763161815237,0.4429844381514678,1.9350017309188843,0.34696645090798484,0.19623521244437162,36.4298778376741,3.8565984064430334,1.9350017309188843,0.19623521244437162,0.4937285929918289,0
0.0348473224397855,0.0006628961369530345,2.031728783245138e-06,0.48172320564408616,5.62423762876541,1.4242851190017811,0.7021048315532509,0.50706847012043,0.2768072507351462,0.3942524480538636,1.8183799982070923,0.3198722759169641,0.15543499279646444,29.70332759756986,3.898424455305896,1.8183799982070923,0.15543499279646444,0.50706847012043,0
0.03423836719289817,0.0006273715093270984,1.9999792249431203e-06,0.48186466891249496,5.678462324492029,1.3515475423574845,0.739890671329171,0.5221442729234695,0.2866069403862639,0.38736290590165307,1.7772061824798584,0.32202583015708797,0.15005002086857294,29.72077557070699,3.9360101502655227,1.7772061824798584,0.15005002086857294,0.5221442729234695,0
0.028123619118857357,0.000493578907739069,1.999963264143628e-06,0.3822466793849477,5.520199456759331,1.5020563438033245,0.665751894916734,0.33382491022348404,0.21183122055299464,0.3181824286472268,1.3395822048187256,0.2542189477447323,0.10124005789984755,18.702403059304835,3.826310689709272,1.3395822048187256,0.10124005789984755,0.33382491022348404,0
0.03416509064419692,0.0009281964763025396,2.133308661668105e-06,0.488223829909027,5.754181663211417,1.295998948383381,0.7716035681654813,0.5465076863765717,0.29825168984280026,0.38653387638983544,1.5931144952774048,0.32633272176872197,0.1494084375969526,30.510401035652933,3.9884947964127297,1.5931144952774048,0.1494084375969526,0.5465076863765717,0
0.03544045204686902,0.0006611418899578783,2.0317331081058742e-06,0.485441858483286,5.60291010623342,1.4652577391596058,0.6824720861626086,0.460698626935482,0.273646699017263,0.4009629435305239,2.107729196548462,0.3136412671333346,0.16077128208466213,30.163686139866456,3.883641343194518,2.107729196548462,0.16077128208466213,0.460698626935482,0
0.024500553381943714,0.00015641832289024665,1.6841557341855045e-06,0.32434385301521057,5.301582743201292,1.6458916524229104,0.6075712158420332,0.2381638064980507,0.16841456035035662,0.2771921190271264,1.11995267868042,0.21789738452798701,0.07683547085074861,13.465463678560322,3.6747771310832356,1.11995267868042,0.07683547085074861,0.2381638064980507,0
0.027257963796382147,0.0005093538239977574,1.999985154024863e-06,0.36891342029703467,5.526774550186882,1.5231428652529582,0.6565351026234935,0.32069019228219986,0.2024686348886462,0.30838865666814763,1.3409541845321655,0.23972876079233174,0.09510356356158463,17.420430294432837,3.830868197180496,1.3409541845321655,0.09510356356158463,0.32069019228219986,0
0.022618970226829217,0.0002415980268789264,1.8027988247228805e-06,0.3011013821473488,5.397871850221474,1.6128478545709735,0.620018862580522,0.25029636546969414,0.15866619716689456,0.25590443569356097,1.1298052072525024,0.19772486106262477,0.0654870802076399,11.6047414183736,3.7415196541329094,1.1298052072525024,0.0654870802076399,0.25029636546969414,0
0.036054148141888905,0.0006414379967278584,2.031706514417507e-06,0.49333126280536616,5.596496043310349,1.4701030319610395,0.680222764473584,0.4168943464756012,0.27746771034981066,0.40790612225654416,1.8660337924957275,0.31409052501558676,0.16638740457437076,31.152094062225565,3.8791954535634567,1.8660337924957275,0.16638740457437076,0.4168943464756012,0
0.037558499320158804,0.0005140818158765894,1.939385743611255e-06,0.5082112625289223,5.530680006835672,1.5242498602268792,0.656058873776294,0.40732331573963165,0.278777071958757,0.424925912967594,1.7164615392684937,0.32592723840821236,0.18056203151134328,33.05967198223888,3.833575253445404,1.7164615392684937,0.18056203151134328,0.40732331573963165,0
0.03912577079330219,0.0009090573404878901,2.1332830717535693e-06,0.5451889407454551,5.664584494337638,1.3908963452134082,0.7189592124272071,0.5291628539562225,0.31825345366451074,0.44265756555351277,1.8249636888504028,0.3575096330565657,0.19594572034176244,38.04556558222737,3.926390771421716,1.8249636888504028,0.19594572034176244,0.5291628539562225,0
0.0378730339253856,0.0002543362175643689,1.7534153877085177e-06,0.5035903258265205,5.359782157365935,1.6194695578863536,0.6174846951144285,0.39758020639419556,0.2645832172129303,0.4284844658039733,1.6969066858291626,0.33585543546723784,0.18359893743531636,32.46121168205582,3.7151178909216975,1.6969066858291626,0.18359893743531636,0.39758020639419556,0
0.04409601599762371,0.0012234473710681282,2.2455941849308145e-06,0.6038012464622955,5.625799975603012,1.4667812863537324,0.6817635354742668,0.5261436551809311,0.34012533129862277,0.4988894709636833,2.2590479850769043,0.3868649384374976,0.24889070423842383,46.66572098936598,3.8995073916114356,2.2590479850769043,0.24889070423842383,0.5261436551809311,0
0.0299591411804671,0.0009665739160210463,2.1694796812697813e-06,0.4205633872890064,5.754674194017732,1.361393046730512,0.73453956013205,0.3944642022252083,0.24897217670513783,0.338948990195735,1.564556360244751,0.25895726461385493,0.11488641795470844,22.639816029184356,3.9888361927524656,1.564556360244751,0.11488641795470844,0.3944642022252083,0
0.041809819082144505,0.0006099062145907815,1.9692242986669605e-06,0.5685734323502067,5.57070303980387,1.4994068303761543,0.6669289919777376,0.4291941970586777,0.31547415678505786,0.47302410549067353,2.2100720405578613,0.36507252047431393,0.22375180437525186,41.37929574073537,3.8613171059047677,2.2100720405578613,0.22375180437525186,0.4291941970586777,0
0.029399047729428217,0.00032817414614969074,1.8550486097390435e-06,0.3940457598553255,5.442955234706386,1.5742386519425815,0.635225791382582,0.328686960041523,0.21128451886761468,0.33261225615849066,1.4092442989349365,0.25956330500457625,0.11063091294684141,19.874823790074984,3.772769074978725,1.4092442989349365,0.11063091294684141,0.328686960041523,0
0.05813998021319309,0.000480151604999593,1.8823070389152317e-06,0.7777187635369553,5.445757133314197,1.585245974017479,0.6308159718583524,0.6178817003965378,0.4149379964055697,0.6577787882688085,2.8891220092773438,0.5010574532101373,0.432672934296382,77.42034882015368,3.7747112030989447,2.8891220092773438,0.432672934296382,0.6178817003965378,0
0.03829131565265219,0.00043084961935547296,1.882346084312769e-06,0.5161290090298645,5.5009863659853,1.5441296834794462,0.6476125045655753,0.46601638942956924,0.2805572536890395,0.43321678333671926,2.131927251815796,0.33405098434832325,0.18767678136461394,34.097811707155195,3.812993190009408,2.131927251815796,0.18767678136461394,0.46601638942956924,0
0.04488945591739845,0.0005778339680106436,1.9692195831879707e-06,0.6006493056734498,5.485906327511564,1.5835946584125686,0.6314734807099068,0.5149704813957214,0.32070468047459144,0.5078662189274726,2.3644518852233887,0.37974118324518713,0.2579280963276876,46.17978731596766,3.8025405038586024,2.3644518852233887,0.2579280963276876,0.5149704813957214,0
0.03597831136714843,0.0006843446653347346,2.0644870057971576e-06,0.48909060986861363,5.563762134062255,1.5012006305379992,0.6661318433737283,0.45705311745405197,0.2711483853745449,0.4070481270936272,1.8802597522735596,0.31911232157830227,0.16568817777042968,30.61883195669151,3.856506036659435,1.8802597522735596,0.16568817777042968,0.45705311745405197,0
0.04882654854679792,0.0006944693492493639,1.999989814482545e-06,0.6643108250189553,5.565954963876729,1.4970893747513334,0.6679615837348197,0.6107082813978195,0.3689888837543549,0.5524093372699996,2.496500253677368,0.4290903298347075,0.3051560759030802,56.487535646382725,3.8580259904627847,2.496500253677368,0.3051560759030802,0.6107082813978195,0
0.03653956640649654,0.0004604778167592356,1.910435892089401e-06,0.4971381990266443,5.540518119461524,1.4971067861865308,0.6679534087055359,0.48656413704156876,0.2761312732109218,0.413398003002398,1.939469337463379,0.32705849904971274,0.17089790888637063,31.63473778322629,3.8403945134740445,1.939469337463379,0.17089790888637063,0.48656413704156876,0
0.03129095839201171,0.0007747250969327202,2.098347407699464e-06,0.43573428555041,5.669204664283322,1.3935456294793314,0.7175919856006151,0.39469874650239944,0.2540403230523225,0.35401678190108143,1.4848064184188843,0.2850775598708424,0.12532788186759786,24.30263905332816,3.9295932291932756,1.4848064184188843,0.12532788186759786,0.39469874650239944,0
0.02910814788122399,0.00030045133811284266,1.8285605041451264e-06,0.38222260214489323,5.38850026421899,1.6974022213194628,0.5891337662335798,0.27457456290721893,0.19401476912025828,0.3293211000735091,1.5329042673110962,0.23130908295502195,0.10845238695362622,18.70004705157291,3.735023765717914,1.5329042673110962,0.10845238695362622,0.27457456290721893,0
0.029330408516340882,0.001618320097041083,2.4150661599706796e-06,0.421599332677132,5.8318881061330305,1.2759979159193906,0.7836979778677409,0.456436850130558,0.26005974458894343,0.33183569211002084,1.6296967267990112,0.2715715003478749,0.11011492655813654,22.751487656166788,4.042356798235188,1.6296967267990112,0.11011492655813654,0.456436850130558,0
0.03005461809550264,0.0008865927721832731,2.133320435162281e-06,0.4286607318293499,5.749162203837233,1.3027061064104162,0.7676305915538572,0.47595711797475815,0.2610175744994194,0.3400291881808294,1.3041629791259766,0.2859306000639208,0.1156198488149139,23.52000294559665,3.9850155722995786,1.3041629791259766,0.1156198488149139,0.47595711797475815,0
0.03073123548765334,0.0008080063506236705,2.1330927084865817e-06,0.4320583179648594,5.692859742844957,1.3555166812590045,0.7377239525422465,0.41620900481939316,0.2564957295826389,0.3476842401209657,1.1781209707260132,0.2883651402023304,0.12088433082849333,23.89432193569581,3.9459896802041943,1.1781209707260132,0.12088433082849333,0.41620900481939316,0
0.027567239904811115,0.00033276698479827637,1.8550589588543748e-06,0.3743957423533161,5.492725672676811,1.5058392501848687,0.6640793787287854,0.34485113620758057,0.207118865022494,0.3118877164046134,1.3554021120071411,0.2524083662397061,0.09727394764408454,17.9420380022132,3.80726731373316,1.3554021120071411,0.09727394764408454,0.34485113620758057,0
0.026945910893599934,0.00038543822590049313,1.910419059590578e-06,0.36857071647931694,5.518809288170273,1.4717686097785934,0.6794524038309504,0.4056180417537689,0.2071373034214048,0.3048581810898076,1.2225701808929443,0.25168398276204584,0.09293851057738595,17.388079749897862,3.825347098271263,1.2225701808929443,0.09293851057738595,0.4056180417537689,0
0.04221596623852654,0.0005260059387442046,1.9393810445113448e-06,0.5672703561064144,5.5134527847144135,1.5605167537873628,0.6408120283610799,0.5337591916322708,0.30606472815270536,0.4776191360256714,2.7231838703155518,0.36343395208496077,0.2281200390979088,41.18984408538857,3.8216342530031726,2.7231838703155518,0.2281200390979088,0.5337591916322708,0
0.050100050211952615,0.000817945028910667,2.031737000620746e-06,0.6913153254824611,5.63391876393319,1.4321839495446391,0.698233097839389,0.6595009714365005,0.3957713421259541,0.5668173638825316,2.218064069747925,0.44824045113091415,0.32128192399874217,61.17336054360591,3.9051349068520618,2.218064069747925,0.32128192399874217,0.6595009714365005,0
0.04897479483465403,0.00045530175462837267,1.8550585199247658e-06,0.6696338003100583,5.55255055190765,1.4735223103891852,0.6786447603680668,0.5579012036323547,0.37602861432787904,0.5540865525568602,2.3466715812683105,0.4371407798785185,0.3070119077243462,57.39640659426445,3.8487347600993544,2.3466715812683105,0.3070119077243462,0.5579012036323547,0
0.03329026959845765,0.0008334751801952238,2.0983494646329824e-06,0.4656853951453169,5.709611084174073,1.375209233623083,0.7271601444181174,0.4597909301519394,0.27387571060535265,0.3766364060895643,1.7582852840423584,0.2971505561927188,0.14185498239206318,27.758449568211198,3.95760082521707,1.7582852840423584,0.14185498239206318,0.4597909301519394,0
0.03282112785064782,0.0004347012832312604,1.9104341870482648e-06,0.4420972768258929,5.503220940114187,1.547672837832414,0.6461296486767784,0.35865267366170883,0.2399271112299175,0.3713286731101397,1.4658886194229126,0.28223148748679705,0.13788498347373698,25.01760027863938,3.8145420787666007,1.4658886194229126,0.13788498347373698,0.35865267366170883,0
0.03861932106496674,0.0006803641093574459,2.03173245329259e-06,0.5274040643439646,5.583621181666047,1.479206824653218,0.6760364369814968,0.49289173632860184,0.2953797492518788,0.4369277409577354,2.0124711990356445,0.342119130111314,0.19090585081842995,35.60384602707619,3.8702712795146086,2.0124711990356445,0.19090585081842995,0.49289173632860184,0
0.029396459366832516,0.0004999874607821391,1.999965834875223e-06,0.3968027249135536,5.4971555824240355,1.5366928629157321,0.6507461688493511,0.3662332221865654,0.21642774571591872,0.33258297217859323,1.3932784795761108,0.26117574832653645,0.11061143338314691,20.153907519849128,3.810337893184584,1.3932784795761108,0.11061143338314691,0.3662332221865654,0
0.024083556655526354,0.0007738274882568098,2.133315498568632e-06,0.3380806012221675,5.727645141374964,1.3614151775573384,0.7345270909475993,0.3440225347876549,0.200140518565604,0.27247433961940953,1.2049754858016968,0.2169448505484297,0.07424226575103333,14.630207094111004,3.970101081119925,1.2049754858016968,0.07424226575103333,0.3440225347876549,0
0.03990888838970142,0.0016349320967340712,2.285706493911269e-06,0.5831763054709422,5.880567568886366,1.2233304309278354,0.8174388210820698,0.63248710334301,0.3690887746633962,0.4515175297595992,1.862464189529419,0.37139135945108137,0.20386807968021053,43.532109217630435,4.076098830593836,1.862464189529419,0.20386807968021053,0.63248710334301,0
0.040762162488500155,0.0008131685250138606,2.098344556731874e-06,0.5539039630450652,5.578627797298286,1.5031300298279056,0.6652769965131876,0.52621890604496,0.30680727217986714,0.46117122418314205,2.4050369262695312,0.3530415710720263,0.21267889801457784,39.27162883545971,3.866810129218643,2.4050369262695312,0.21267889801457784,0.52621890604496,0
0.044511039393809224,0.0006763322344840428,1.9999928548006397e-06,0.6036887226038095,5.563141196660903,1.512585598767337,0.6611182964167426,0.5053190514445305,0.3329298686294351,0.5035849246883849,2.23221492767334,0.3859569221813217,0.2535977763734063,46.64832944627445,3.856075635650383,2.23221492767334,0.2535977763734063,0.5053190514445305,0
0.04530345668864256,0.0009015432211157783,2.098349226373459e-06,0.6224587823976243,5.625058424107897,1.4511780457879702,0.6890939756686059,0.6103307604789734,0.3531958772800863,0.5125501029716834,2.5170810222625732,0.4031862677002209,0.26270760805628324,49.59423178034342,3.8989933872833564,2.5170810222625732,0.26270760805628324,0.6103307604789734,0
0.02649073012752372,0.0006493781469126638,2.06447901249971e-06,0.372210583005191,5.686115100310984,1.3578910077450672,0.7364336737859689,0.3725007548928261,0.22071609347040066,0.2997083985880768,1.1064049005508423,0.24658444214958308,0.08982512418422951,17.733211916936213,3.9413146502478877,1.1064049005508423,0.08982512418422951,0.3725007548928261,0
0.045414439701992125,0.002066612363616959,2.37036102847791e-06,0.6600607317123337,5.882642640549695,1.2400358400206999,0.80642673499357,0.7230576127767563,0.4143474856537068,0.5138057324330593,2.0977370738983154,0.4167399189495882,0.2639963306810725,55.76706170222353,4.077537160666731,2.0977370738983154,0.2639963306810725,0.7230576127767563,0
0.029625282206205538,0.0008688052332461998,2.1694634656343058e-06,0.4103601132575029,5.674776682658088,1.4156608077834767,0.7063817907271998,0.37715358287096024,0.23675996766905882,0.3351718070811696,1.6358332633972168,0.2623107690080815,0.1123401402620568,21.554614086746955,3.933455458019773,1.6358332633972168,0.1123401402620568,0.37715358287096024,0
0.04251394957613043,0.0005090358424218534,1.9104400605892364e-06,0.5834647240440226,5.559301168017134,1.4563484263674238,0.6866474415433602,0.565413773059845,0.33027153662987985,0.48099043264487645,2.0121371746063232,0.39123855850311884,0.23135179629590544,43.57517877808223,3.853413930622686,2.0121371746063232,0.23135179629590544,0.565413773059845,0
0.03678558131143613,0.0005490800099909479,1.9692184476455677e-06,0.5017479071672498,5.546223529242692,1.4849983087155743,0.6733998223014723,0.4434328228235245,0.2802571164429537,0.41618134392329,1.586340308189392,0.3303612135534877,0.1732069110297958,32.224123180379536,3.8443492021778,1.586340308189392,0.1732069110297958,0.4434328228235245,0
0.034942565991066356,0.00020689535087927062,1.7066599994862814e-06,0.4589475133842302,5.31864499739602,1.695789590011863,0.5896943089898027,0.35108861327171326,0.23312444430484902,0.3953300058294633,2.0080368518829346,0.2938730064236097,0.15628581350912352,26.96100096532072,3.686603784472307,2.0080368518829346,0.15628581350912352,0.35108861327171326,0
0.025740743662681885,0.0010220100529125073,2.2455794801751734e-06,0.3678629877796339,5.773523455364933,1.295770232508866,0.7717391101692989,0.393563412129879,0.22474915925704408,0.29122327034667217,1.1938903331756592,0.2418559330114931,0.0848109931914109,17.32136675560436,4.001901505110917,1.1938903331756592,0.0848109931914109,0.393563412129879,0
0.03150980396774776,0.000724287873486748,2.0645059642242383e-06,0.43727447501325023,5.664893546967396,1.4078212355976207,0.7103154645036535,0.43349940329790115,0.25322301435517147,0.35649273695125155,1.4983676671981812,0.2825144847292904,0.12708707149899423,24.474747711758543,3.9266049903806772,1.4983676671981812,0.12708707149899423,0.43349940329790115,0
0.041984008698679125,0.0005913384579059204,1.9999587860640112e-06,0.565122300725373,5.497921605666084,1.5513835605302253,0.6445845631989369,0.498136967420578,0.30617498349238303,0.47499483603569614,1.9352777004241943,0.36595608486084075,0.22562009426057786,40.878491491473774,3.810868860035052,1.9352777004241943,0.22562009426057786,0.498136967420578,0
0.043953281348456344,0.0013766517362874358,2.285683644158743e-06,0.610920474733953,5.699730398051478,1.401236250077564,0.7136540957939059,0.6176852881908417,0.3548827777776751,0.4972746127502989,2.2212653160095215,0.3904279564923172,0.24728204048595973,47.77264978549228,3.950752055489196,2.2212653160095215,0.24728204048595973,0.6176852881908417,0
0.034677787800073634,0.0007510931126747314,2.0645073078852814e-06,0.47798395446024117,5.642353156998459,1.436993171229105,0.6958957573228883,0.4039098471403122,0.2730245281709358,0.39233438255968317,1.741909146308899,0.3082505211150419,0.1539262677384878,29.24398857234559,3.9109811826249867,1.741909146308899,0.1539262677384878,0.4039098471403122,0
0.0333221721921438,0.0007354942392693267,2.0645015213408624e-06,0.46589954408130835,5.674574562460348,1.3771930004972615,0.7261127141274882,0.47386427223682404,0.2737432898647967,0.37699734273489094,1.5692962408065796,0.30705241297800967,0.14212699642916884,27.783985302421883,3.9333153589745757,1.5692962408065796,0.14212699642916884,0.47386427223682404,0
0.042022081196629806,0.000383177765910748,1.85505435877704e-06,0.5642136638098935,5.437198909033847,1.5648181043786678,0.6390505668534908,0.45887456089258194,0.30382162364367105,0.47542557717933837,1.9504103660583496,0.3745217181615317,0.22602947943630702,40.74714347901229,3.768779094068421,1.9504103660583496,0.22602947943630702,0.45887456089258194,0
0.037734778459396844,0.0006909411757430811,2.031733734955911e-06,0.5160429668205319,5.610065220559184,1.4726694557636903,0.6790374131371151,0.439191572368145,0.2898955241398653,0.4269202837633852,2.0290231704711914,0.32518380180476925,0.18226092868860932,34.08644398143188,3.888600890516005,2.0290231704711914,0.18226092868860932,0.439191572368145,0
0.03604981152118148,0.0003293912610308326,1.8028121795591313e-06,0.4888539702950859,5.491800312713014,1.5133782863976224,0.6607717033835456,0.46535512059926987,0.2695010643801652,0.4078570589939897,1.5794950723648071,0.3262208216065119,0.1663473805712268,30.589210146978402,3.8066259030832494,1.5794950723648071,0.1663473805712268,0.46535512059926987,0
0.03698654087535292,0.0008262353321252638,2.0645062755786343e-06,0.5229030061508975,5.729804837267103,1.3345077688262363,0.7493381706887347,0.5122719705104828,0.31356500997935655,0.41845494184952764,1.6567726135253906,0.34024998944175877,0.17510453835829157,34.99872689173063,3.9715980682384275,1.6567726135253906,0.17510453835829157,0.5122719705104828,0
0.04809985705892998,0.00034825194555310494,1.7777749135394466e-06,0.654608271331566,5.499982047311336,1.4957232627688575,0.6685716450990746,0.4849855378270149,0.36382917559240013,0.5441877616075683,2.025678873062134,0.4369508326308278,0.29614031988345557,54.84953457864973,3.812297049352166,2.025678873062134,0.29614031988345557,0.4849855378270149,0
0.03142550866245437,0.0013258926171144363,2.3272380492400515e-06,0.4417088204933528,5.7544872759840136,1.356479192314286,0.7372005358012211,0.43793925642967224,0.26210431125946343,0.3555390444393292,1.6219050884246826,0.280812658231298,0.1264080121208313,24.97365530900851,3.9887066310443986,1.6219050884246826,0.1264080121208313,0.43793925642967224,0
0.03476393803646264,0.00025616648302293773,1.753416695658207e-06,0.465983452935998,5.415957683650634,1.573884053256942,0.6353692036000531,0.4301031082868576,0.24989710036606994,0.393309061221307,1.680495262145996,0.31149165357965103,0.15469201763878582,27.7939940364999,3.7540557985824075,1.680495262145996,0.15469201763878582,0.4301031082868576,0
0.020876312373375942,0.0003152650677280775,1.8823308715858449e-06,0.2838074482483619,5.497375865997033,1.5009593993234833,0.6662377187300884,0.2758063077926636,0.15735836214662413,0.23618851272612412,0.988987386226654,0.19244550056021126,0.0557850135437785,10.309973463199569,3.8104905821221307,0.988987386226654,0.0557850135437785,0.2758063077926636,0
0.030365570500575652,0.0005244557651830269,1.9999779714825845e-06,0.4108418723851909,5.519277491104884,1.5247492630154487,0.6558436284945242,0.3553989753127098,0.2253139066087897,0.3435472130488837,1.3568477630615234,0.26962275959817816,0.11802468759365509,21.605253645436093,3.8256716318153186,1.3568477630615234,0.11802468759365509,0.3553989753127098,0
0.034650993817670575,0.000586135820328812,1.9999888420805337e-06,0.46973681925927957,5.5534109002191405,1.5149538054335103,0.660084449837895,0.42976364493370056,0.25877438760653604,0.392031243253248,1.905372977256775,0.29946661039230094,0.1536884956866873,28.24354295908161,3.8493311081057637,1.905372977256775,0.1536884956866873,0.42976364493370056,0
0.03580808783266934,0.0011474857835161157,2.2455935034026235e-06,0.5006248073220559,5.696125108512538,1.3774479100389485,0.7259784739062913,0.5156439989805222,0.2941107715887483,0.4051222676448639,1.7285654544830322,0.3265639894502783,0.16412405174171676,32.08002530639944,3.948253059210177,1.7285654544830322,0.16412405174171676,0.5156439989805222,0
0.04107904202265501,0.0006883999389475677,1.9999906875848632e-06,0.5713765192010992,5.648658334935991,1.398291777837107,0.7151567821461248,0.5714458376169205,0.33237434005422983,0.4647563068618642,1.7777087688446045,0.37703197885525697,0.21599842476787925,41.7883042168786,3.915351598935317,1.7777087688446045,0.21599842476787925,0.5714458376169205,0
0.033461638935451385,0.0007459191172900693,2.064503642098761e-06,0.4676438155539187,5.67780929746843,1.3789499877648679,0.7251875466092499,0.49107198417186737,0.2745387665781891,0.37857522881397576,1.5700697898864746,0.3071084437644913,0.1433192038715541,27.992414492905922,3.935557506425286,1.5700697898864746,0.1433192038715541,0.49107198417186737,0
0.030953538353241637,0.00032258052522078726,1.828563820559348e-06,0.4159627415188008,5.455968857350587,1.5601369901490592,0.6409675245222208,0.3688453435897827,0.2244670257496182,0.3501993099407207,1.6147316694259644,0.27431601864736876,0.12263955668295695,22.1472002984751,3.7817894308234257,1.6147316694259644,0.12263955668295695,0.3688453435897827,0
0.03808533087156483,0.0011128259254939749,2.1694824078857334e-06,0.5369917747766794,5.7732576883717766,1.3445704202928765,0.7437302383834101,0.5387015044689178,0.32046393782366067,0.43088633156826966,2.15527606010437,0.33430777913054044,0.18566303073236085,36.91010127075941,4.001717289468924,2.15527606010437,0.18566303073236085,0.5387015044689178,0
0.026232736980104306,0.0004631153145011585,1.939384260488052e-06,0.36215059367815794,5.618098365770544,1.4300989422544175,0.6992499617152087,0.355236291885376,0.2075307732593501,0.29678953932343793,1.311536192893982,0.23553006949532573,0.0880840306518185,16.78759072018461,3.8941690424702875,1.311536192893982,0.0880840306518185,0.355236291885376,0
0.02429864368313594,0.0001507056901459226,1.6623214652133767e-06,0.32337625739002196,5.335281848156816,1.6143718879317515,0.6194337066354516,0.27549634128808975,0.17028775934886653,0.27490777155169743,1.0781828165054321,0.21801487205402736,0.07557428285952025,13.38524209197795,3.6981355706705505,1.0781828165054321,0.07557428285952025,0.27549634128808975,0
0.03314703280899566,0.0008701423454650377,2.1332769646705425e-06,0.4713184392257207,5.723817235535312,1.3135896753732448,0.7612707013467728,0.5411951541900635,0.2854893532112328,0.37501586680726096,1.6062809228897095,0.3181238773863697,0.1406369003572013,28.43405710773368,3.96744777897972,1.6062809228897095,0.1406369003572013,0.5411951541900635,0
0.02878600300558233,0.0010308843180164011,2.2455964596842435e-06,0.3980289791328426,5.673017297470761,1.4232414025137605,0.7026193361934688,0.37569648772478104,0.22882727152318694,0.3256764468560577,1.4944401979446411,0.2580075545110958,0.10606514803678654,20.278664733380204,3.932235945137658,1.4944401979446411,0.10606514803678654,0.37569648772478104,0
0.03361096068327234,0.000672706596054923,2.0317334725126614e-06,0.4682403349651098,5.662283930560732,1.3918014931483151,0.7184913762358062,0.5131461322307587,0.2732175625715172,0.38026461154138086,1.9367159605026245,0.3096443000358704,0.1446011747907173,28.063873444894494,3.924796142126055,1.9367159605026245,0.1446011747907173,0.5131461322307587,0
0.0423359435772147,0.001581245968522437,2.2857037895896455e-06,0.6089928521547194,5.82335374401052,1.2735234479326767,0.7852214372987579,0.6277830898761749,0.3761034203489544,0.47897652466207324,1.9858909845352173,0.39282964023141176,0.22941851117735768,47.47165362886912,4.036441229192093,1.9858909845352173,0.22941851117735768,0.6277830898761749,0
0.04875424946718055,0.0009332680305660681,2.0983448063203665e-06,0.6720296805667708,5.632971259313335,1.4368507437625888,0.6959652499802282,0.7556660622358322,0.383889119279047,0.5515913665584639,2.738508939743042,0.4415663963513907,0.30425303566183365,57.80785812002253,3.904478146696241,2.738508939743042,0.30425303566183365,0.7556660622358322,0
0.038058176377964104,0.0005014986566689945,1.939378805387828e-06,0.5126139783232198,5.528621637233092,1.5479374961413737,0.6460194161873913,0.4520173743367195,0.2781631135731004,0.4305791135432336,2.5509819984436035,0.323808990154248,0.18539837301967682,33.63495561886187,3.832148500358825,2.5509819984436035,0.18539837301967682,0.4520173743367195,0
0.041217487534789946,0.00014391948811707568,1.6202483454229827e-06,0.5334619525458081,5.1595699202571685,1.7998853094301042,0.5555897647073967,0.29850053042173386,0.25908464088570327,0.46632263902915144,2.2739479541778564,0.3490995672509598,0.21745680367111225,36.42645181619021,3.5763413432561557,2.2739479541778564,0.21745680367111225,0.29850053042173386,0
0.033809577475185384,0.0006026058497628875,1.9999833823043355e-06,0.46702301379325833,5.621685860877742,1.427567808173595,0.7004902884347911,0.4462810605764389,0.26794643437460763,0.3825117040280886,1.55129075050354,0.30435363066112586,0.14631520371847206,27.91814341280486,3.8966557045891146,1.55129075050354,0.14631520371847206,0.4462810605764389,1
0.027904706449087588,0.00037605301594031347,1.8550660569517645e-06,0.38737472950122753,5.614353125410538,1.4064173522954988,0.7110242424633555,0.37573978304862976,0.22447512752842158,0.31570571451471713,1.135504126548767,0.25739771020016633,0.09967009817724806,19.2075751751871,3.8915730396742285,1.135504126548767,0.09967009817724806,0.37573978304862976,1
0.026710394306142575,0.0007137114113732658,2.0983440542088544e-06,0.3738633172508595,5.670338029049603,1.3728587275651458,0.7284046572277327,0.39916564524173737,0.22011996500805253,0.3021936150726394,1.15752112865448,0.2519619758721774,0.09132098099067057,17.89104383818455,3.9303788177855687,1.15752112865448,0.09132098099067057,0.39916564524173737,1
0.03973440182461508,0.0011578228648578982,2.206876222726682e-06,0.5584683867413548,5.719498158444177,1.3566729677894622,0.7370956739524301,0.5524279177188873,0.33135726169712143,0.44954343962522325,1.6799497604370117,0.36467862061931555,0.20208930411007675,39.9215281906549,3.96445402287138,1.6799497604370117,0.20208930411007675,0.5524279177188873,1
0.03338125170115912,0.0002767891801409275,1.777771400604163e-06,0.44708447171208304,5.421793159736593,1.5783673144030466,0.6335644073706639,0.38159647583961487,0.2392762113304343,0.3776657510781534,1.65390145778656,0.296023205921756,0.14263141953742575,25.585219180297265,3.758100642378616,1.65390145778656,0.14263141953742575,0.38159647583961487,1
0.025558256203080023,0.0004884324231528292,1.9692183427279486e-06,0.35364684988236644,5.611415775092201,1.420222264209599,0.7041127060907496,0.3618774265050888,0.20360099099343643,0.28915866042401644,1.0934540033340454,0.23401502364595217,0.08361273089821167,16.008460087260293,3.8895370235827578,1.0934540033340454,0.08361273089821167,0.3618774265050888,1
0.049314100615956875,0.0007498935051675183,2.0317335960565846e-06,0.6684736923440586,5.54046632462157,1.5152493261513864,0.6599562134032949,0.5327230095863342,0.36820696741415304,0.5579253592585409,2.226731061935425,0.43182928191919245,0.31128070650377193,57.19770590158068,3.840358612026762,2.226731061935425,0.31128070650377193,0.5327230095863342,1
0.03333600124204013,0.0004739029056489208,1.939373753206637e-06,0.456722879214465,5.553938448801898,1.4641831666754583,0.6829728488406176,0.4732465520501137,0.25758648860210087,0.3771538005742359,1.7249014377593994,0.3059980399439155,0.14224498928759052,26.7002609149377,3.8496967769185115,1.7249014377593994,0.14224498928759052,0.4732465520501137,1
0.03476791087875832,0.0003341515517921088,1.8285535808034064e-06,0.4690018274029963,5.469017496537793,1.5400758919468331,0.6493169998934936,0.42009247839450836,0.2554120942077134,0.3933540088009528,1.8462985754013062,0.3087600863646003,0.15472737623978006,28.15522740574079,3.7908340582861815,1.8462985754013062,0.15472737623978006,0.42009247839450836,1
0.03252993931408649,0.0006430469297685188,2.031731859963982e-06,0.44926725056403743,5.618933223546739,1.4283375189948002,0.7001127321592197,0.38269757479429245,0.25766616503096884,0.3680342508892388,1.438162088394165,0.29407890168545237,0.13544920982760317,25.83565599095931,3.894747721784026,1.438162088394165,0.13544920982760317,0.38269757479429245,1
0.028084904542966777,0.000651737002089396,2.031736068026544e-06,0.3956844847706692,5.704386953424841,1.3474796444116581,0.7421239029277108,0.38578856736421585,0.23580647361814044,0.31774442322093893,1.2370635271072388,0.2598112876803498,0.10096151848800716,20.040475070493432,3.9539797337173628,1.2370635271072388,0.10096151848800716,0.38578856736421585,1
0.03021227689221059,0.00028831749934128594,1.802795865314559e-06,0.4131249061835459,5.484899805278291,1.4731653982884771,0.6788084186563038,0.435590036213398,0.2320261487584503,0.34181289384908387,1.3413753509521484,0.2888913264576445,0.11683605440148509,21.84604007797294,3.8018428358104397,1.3413753509521484,0.11683605440148509,0.435590036213398,1
0.030832032884749543,0.0005664233723991217,1.999985619933038e-06,0.42365935182834824,5.598164333241367,1.45081098818718,0.6892676864046314,0.40655605494976044,0.24043423666444141,0.34882463248916856,1.84175443649292,0.278913071613033,0.12167862423120353,22.97436753812687,3.880351824025497,1.84175443649292,0.12167862423120353,0.40655605494976044,1
0.0303087421451303,0.0005943438247304468,1.9999890634771838e-06,0.42430264435182846,5.652877904672932,1.372172737620902,0.7287690946815737,0.40822702646255493,0.249898765803664,0.3429042736008983,1.3169944286346436,0.2855074531798891,0.11758334085375974,23.04418995250614,3.918276381801654,1.3169944286346436,0.11758334085375974,0.40822702646255493,1
0.03807545567945358,0.00046239116614031183,1.939367803912141e-06,0.5063041053203501,5.442398603906341,1.6192121616155501,0.6175828605487074,0.4200625568628311,0.2660396313312958,0.43077460652335153,2.5242903232574463,0.3255662484140771,0.18556676162534835,32.81201242422274,3.7723832479090618,2.5242903232574463,0.18556676162534835,0.4200625568628311,1
0.035536475938813386,0.0006588234450234536,1.9999907491931253e-06,0.49706124062689716,5.684510447440127,1.375573385986048,0.72696776699586,0.5385900288820267,0.2922776305131265,0.40204932985292047,2.131232500076294,0.3266403440971999,0.16164366363518246,31.62494424749442,3.9402023896346763,2.131232500076294,0.16164366363518246,0.5385900288820267,1
0.03944253656256929,0.0007336324603603485,2.0644961015496063e-06,0.5412174970121258,5.5954778911531395,1.4571459999417857,0.6862714917415497,0.5907883644104004,0.30624341085058404,0.4462413611294574,2.2012174129486084,0.35718949790452825,0.19913135238267082,37.49329652122502,3.8784897242663066,2.2012174129486084,0.19913135238267082,0.5907883644104004,1
0.03231011304475351,0.0003732793449525134,1.8550639502807265e-06,0.44221435013025817,5.529917468785568,1.4689168593499784,0.6807718612646094,0.4248747453093529,0.24885492887551663,0.36554720055758616,1.400228500366211,0.29839394581131273,0.13362475583548813,25.030852027024203,3.8330467023459045,1.400228500366211,0.13362475583548813,0.4248747453093529,1
0.03285866696778363,0.00028837982821257503,1.8028018826547516e-06,0.4416752387209941,5.422315132272921,1.5587939749542845,0.641519871207607,0.4177049919962883,0.2384878218108497,0.3717533797387235,1.534758448600769,0.3004168886732259,0.13820057534716357,24.969858111903637,3.758462446170501,1.534758448600769,0.13820057534716357,0.4177049919962883,1
0.03527127589610257,0.0006616754301856854,1.9999826842154553e-06,0.4976324560690993,5.709962378590751,1.3421619156874116,0.745064721595668,0.5417520105838776,0.29731802788592177,0.399048933875772,1.8717727661132812,0.3259631302195203,0.15924005162739024,31.697671850670595,3.9578443239515364,1.8717727661132812,0.15924005162739024,0.5417520105838776,1
0.03047412120078096,0.00048382475043918014,1.9393849074906794e-06,0.4162048676146617,5.579401987587294,1.478803812782777,0.6762202605408832,0.3526277616620064,0.23314473566279048,0.34477532402836725,1.567877173423767,0.26657041068369836,0.11887002405886564,22.172990953745675,3.867346757034687,1.567877173423767,0.11887002405886564,0.3526277616620064,1
0.029975345684819684,0.0002891355470285537,1.8028075287299568e-06,0.4009250142299789,5.4416147859852835,1.5858713243307747,0.6305663239917381,0.3285938873887062,0.21384605297498638,0.33913232323435066,1.4512040615081787,0.25694635513434605,0.11501073266232809,20.574830980519526,3.7718399467270087,1.4512040615081787,0.11501073266232809,0.3285938873887062,1
0.023941829549616534,0.00021102291090229034,1.753415327638969e-06,0.31493248357778314,5.343842750221384,1.6859948417612445,0.5931194351538601,0.2437560148537159,0.16065937673556618,0.27087088045674107,1.217476487159729,0.20036441972024477,0.0733710338794101,12.695356059196245,3.704069535799656,1.217476487159729,0.0733710338794101,0.2437560148537159,1
0.027506430550762243,0.0010205111959096578,2.245553652159287e-06,0.3860140028539835,5.741921522210072,1.3625863809254035,0.7338960675365418,0.38276591897010803,0.22838899717135064,0.31119973709889287,1.6274253129959106,0.24728137309111275,0.09684527637042004,19.072871731117466,3.9799967142443813,1.6274253129959106,0.09684527637042004,0.38276591897010803,1
0.026887186271066545,0.00045237240294917363,1.9393834527005853e-06,0.3689009596118225,5.576946511565961,1.4575921843473785,0.6860606988507094,0.3496292531490326,0.20869608872453682,0.30419378782875195,1.2142019271850586,0.24563889494174873,0.09253386055360374,17.41925350432301,3.865644750753568,1.2142019271850586,0.09253386055360374,0.3496292531490326,1
0.03548573234130689,0.0005526517627300139,1.9692222776986336e-06,0.48039716965625934,5.552609539605628,1.5217980064350023,0.6571157965538003,0.3987024053931236,0.2638163737137802,0.4014752315825422,1.7516905069351196,0.307618315048785,0.1611823615742559,29.54002439855934,3.848775647255895,1.7516905069351196,0.1611823615742559,0.3987024053931236,1
0.03554669783231227,0.00037314416334447093,1.8823200926486362e-06,0.4771897934588647,5.420142824857863,1.565740248144522,0.6386739528791541,0.423558346927166,0.2568529344844137,0.40216497737627455,1.5186253786087036,0.3239036388852128,0.16173666902805942,29.146892669608185,3.7569567174104437,1.5186253786087036,0.16173666902805942,0.423558346927166,1
0.025100175690173924,0.0004940887053626598,1.9692186780843284e-06,0.3465678965461608,5.6359832728708525,1.429437757800043,0.6995732924586844,0.33074951171875,0.19866277456458192,0.2839760710319314,1.3354125022888184,0.22456932422574027,0.08064240891873253,15.373991285303095,3.906565915401444,1.3354125022888184,0.08064240891873253,0.33074951171875,1
0.026288835704451993,0.0005073566191504511,1.9692191357047646e-06,0.36519308301477854,5.639784589087226,1.4035563793566652,0.7124734371331355,0.37038788944482803,0.21190757158910856,0.29742422393787254,1.1642167568206787,0.23943126543599647,0.08846116898504575,17.070846448875383,3.90920078701924,1.1642167568206787,0.08846116898504575,0.37038788944482803,1
0.028137328809883927,0.000596586827933018,2.031714372137194e-06,0.39056935254835257,5.629334889837816,1.406789065611229,0.7108363884358175,0.42942187935113907,0.22628661529779492,0.31833753609511256,1.4320294857025146,0.2629843811956789,0.10133878688710708,19.525685651205034,3.9019576074468123,1.4320294857025146,0.10133878688710708,0.42942187935113907,1
0.025710686451937723,0.00026746487990179105,1.8028016314916112e-06,0.3471250490128089,5.457617514250908,1.5355917015790257,0.6512125333691973,0.3042197972536087,0.18942744450032478,0.29088321182602017,1.417344570159912,0.23224114117283534,0.08461304292222133,15.423462355474555,3.7829321927055926,1.417344570159912,0.08461304292222133,0.3042197972536087,1
0.024204250095525126,0.00029887936491284484,1.855056967842527e-06,0.32305707500022146,5.423148200868787,1.5976744984597682,0.6259074355932048,0.26749733090400696,0.17139901167684002,0.27383983001729534,1.1644847393035889,0.2109211267414821,0.07498825250390119,13.358831834585438,3.759039885318938,1.1644847393035889,0.07498825250390119,0.26749733090400696,1
0.03403990410911024,0.000953497795533163,2.13332335885334e-06,0.4850143545056013,5.753217221293145,1.3062459980370513,0.7655505968245697,0.5319093465805054,0.29482773765630554,0.3851175524238668,1.432456374168396,0.3235015692559955,0.1483155291849498,30.110582281790094,3.987826296216266,1.432456374168396,0.1483155291849498,0.5319093465805054,1
0.025554889419161154,0.0006444904202720741,2.0645010622218868e-06,0.3557612998552006,5.661313240624711,1.3946622107660935,0.7170170192666444,0.31661709398031235,0.20730508604901843,0.2891205696121793,1.3370471000671387,0.23418700830598027,0.08359070377287102,16.20046111675673,3.9241233111337053,1.3370471000671387,0.08359070377287102,0.31661709398031235,1
0.033680767268844426,0.0011327000155452458,2.2455588227002e-06,0.47369865460417554,5.72743975005492,1.3541206127340761,0.7384847156934438,0.4534173160791397,0.2814035761057312,0.38105438290185295,1.5317001342773438,0.30764370195947777,0.14520244272871197,28.721973167847167,3.969958714705526,1.5317001342773438,0.14520244272871197,0.4534173160791397,1
0.03936974000907363,0.0003463334301610083,1.8028131278784771e-06,0.5311571463580715,5.500140624909325,1.539304612695439,0.6496425377239806,0.431955024600029,0.2893629749887623,0.4454177621434767,2.1514220237731934,0.3394621419529358,0.1983969828329028,36.11237300828798,3.812406966967113,2.1514220237731934,0.1983969828329028,0.431955024600029,1
0.034146776767568617,0.0004710591372874177,1.910440769366753e-06,0.469045890905826,5.577313483721962,1.4523585490298645,0.6885334287402888,0.4478392079472542,0.2659995211142814,0.3863266785281765,1.6409974098205566,0.3105284240546098,0.149248302542613,28.160518115281924,3.8658991164688423,1.6409974098205566,0.149248302542613,0.4478392079472542,1
0.02804778871904329,0.0009598288159086328,2.169479531114199e-06,0.4003412393706645,5.787248435612768,1.3000488823062926,0.7691994218615551,0.41047538816928864,0.24408659545588307,0.317324505608369,1.4291967153549194,0.2580148990600719,0.10069484185959582,20.514957816427483,4.011414936472942,1.4291967153549194,0.10069484185959582,0.41047538816928864,1
0.03977551583156695,0.0007505133071102312,2.0317355536191443e-06,0.5613721840640119,5.684829188534271,1.3408859552149839,0.7457739220371005,0.6749308705329895,0.33560541801853105,0.450008591515102,1.6569373607635498,0.3820095471219247,0.20250773243740589,40.337757317222255,3.94042332412541,1.6569373607635498,0.20250773243740589,0.6749308705329895,1
0.049691981224327615,0.00047199882856278745,1.8550687559331763e-06,0.6802360218316245,5.560619385980656,1.4680741136579862,0.6811633091104056,0.6186401844024658,0.3829510956420563,0.5622005903090666,2.662662982940674,0.4466238711429469,0.31606950374386295,59.22829381085623,3.8543276496874643,2.662662982940674,0.31606950374386295,0.6186401844024658,1
0.04896985261990903,0.0005998430649395897,1.9393879730717436e-06,0.6683406027489329,5.569815821776723,1.482143228681986,0.6746974082512835,0.6409455090761185,0.3738037100993097,0.5540306377798959,2.7623019218444824,0.4328141075602616,0.3069499475987982,57.17493264419929,3.8607021332307094,2.7623019218444824,0.3069499475987982,0.6409455090761185,1
0.05427096849930835,0.0008019298070618582,2.03173699046042e-06,0.7393706230791286,5.566035236574065,1.490649683499369,0.6708473375221946,0.6297384202480316,0.41190490586450323,0.6140059175587591,2.4509241580963135,0.4833639211365153,0.37700326679717366,69.97362153886962,3.8580816312566197,2.4509241580963135,0.37700326679717366,0.6297384202480316,1
0.04757328083186018,0.0009159622515167799,2.0983423746252777e-06,0.654330639018161,5.633755915569347,1.4464750212256874,0.6913345390611166,0.6273641586303711,0.37209784045626293,0.5382302316720053,2.499748706817627,0.42296162206821464,0.2896917822857006,54.80301890021312,3.9050220289678057,2.499748706817627,0.2896917822857006,0.6273641586303711,1
0.050204420998377346,0.0011490539643038739,2.1694767291628403e-06,0.6940870797971649,5.655409979793438,1.4238498037996945,0.7023200317656332,0.629660576581955,0.3989172053261427,0.5679981845359507,2.239649772644043,0.4484482344478238,0.322621937636136,61.66487991569356,3.920031482532396,2.239649772644043,0.322621937636136,0.629660576581955,1
0.040414369038598186,0.0005060295901092879,1.9104409413485457e-06,0.5546591357876491,5.575788010702159,1.4562729007961406,0.6866829784483163,0.4989355057477951,0.3139771331480006,0.4572363904730949,2.0393314361572266,0.36608948587922896,0.20906511677286452,39.37878488482583,3.864841739146147,2.0393314361572266,0.20906511677286452,0.4989355057477951,1
0.05031991097582008,0.0020721859552148593,2.461389086247463e-06,0.7110902661583884,5.756017199293182,1.3361554927291508,0.7484145736902595,0.7568498849868774,0.4260767609557661,0.5693048044752922,2.805194616317749,0.4629146785422904,0.32410796039865064,64.72311892802658,3.9897670930726212,2.805194616317749,0.32410796039865064,0.7568498849868774,1
0.03670873905427847,0.0009187201584341191,2.0983521771642763e-06,0.5252736555314277,5.759502487296557,1.2913815996418319,0.7743625838053305,0.5716550648212433,0.32160282687982544,0.4153119730254041,1.609317421913147,0.3507723169041128,0.17248403493825398,35.31678888900466,3.9921829106255995,1.609317421913147,0.17248403493825398,0.5716550648212433,1
0.030073222941248198,0.00046441467487774534,1.939383080723309e-06,0.4088641364319725,5.5457314364516,1.500632988392126,0.666383498589823,0.35330960154533386,0.2267307733563939,0.34023967798226323,1.5292376279830933,0.2662142635665532,0.11576303847347419,21.397744903713615,3.84400810944708,1.5292376279830933,0.11576303847347419,0.35330960154533386,1
0.040021573631095486,0.0010431912262902198,2.1694719988742926e-06,0.5573451548558926,5.698516750094367,1.3932889080035191,0.7177246483073303,0.5656732320785522,0.3249809964981978,0.45279241773286943,2.239070177078247,0.35697624719637133,0.20502097355637733,39.76110357009139,3.9499108188295304,2.239070177078247,0.20502097355637733,0.5656732320785522,1
0.038673219525101936,0.0005604770917309002,1.9393881670209628e-06,0.5338363612720757,5.617254460712379,1.430578180506023,0.6990164732788602,0.5151976346969604,0.30584664185880683,0.43753753242424914,1.9550739526748657,0.35157677517554475,0.19143909227990089,36.47760135887489,3.893584092058562,1.9550739526748657,0.19143909227990089,0.5151976346969604,1
0.04713989419583344,0.0010046145418181821,2.0983545603090684e-06,0.6561053935981406,5.698384820570852,1.395605807562423,0.7165333646238768,0.5571721792221069,0.3821473217685707,0.5333270216046432,2.313694715499878,0.41448789083096926,0.2844377119736795,55.100708801097085,3.9498193722522763,2.313694715499878,0.2844377119736795,0.5571721792221069,1
0.041039389258239814,0.0005174992825189893,1.910441819304368e-06,0.5659226228221371,5.59086227522392,1.4350265590007776,0.6968497133298499,0.5301156640052795,0.32355337546323426,0.4643076870440917,1.7817277908325195,0.3761485917070786,0.21558162824823418,40.99435712280152,3.875290423098419,1.7817277908325195,0.21558162824823418,0.5301156640052795,1
0.03902162032296013,0.0013854531789422276,2.2856952832029134e-06,0.544227156868629,5.7447698192157794,1.3872348120958218,0.7208568630008347,0.4887665957212448,0.31824405907536857,0.4414792374920305,2.2813308238983154,0.3349625349865164,0.19490391713654465,37.911449378983846,3.9819710032832827,2.2813308238983154,0.19490391713654465,0.4887665957212448,1
0.0372790858273001,0.0005825040494593704,1.9692170711797594e-06,0.5170165754430528,5.614131674270242,1.4104291736511985,0.7090023715453221,0.5824450701475143,0.29903288873902056,0.42176471015870753,1.711393117904663,0.3469661497654215,0.17788547073525857,34.21518582820633,3.891419541440703,1.711393117904663,0.17788547073525857,0.5824450701475143,1
0.04492732301409492,0.001166618860752095,2.169479988996642e-06,0.6321583243812392,5.737792654960913,1.3523989803376968,0.7394253080487295,0.6302645653486252,0.3758466573926853,0.5082946362211993,2.5459353923797607,0.40801588401018307,0.2583634372112414,51.15189082681549,3.9771348015517196,2.5459353923797607,0.2583634372112414,0.6302645653486252,1
0.04097154160748673,0.0006007392998598094,1.969220289709581e-06,0.5695332056085802,5.598234858931839,1.4008217364363211,0.7138651669111575,0.6715112030506134,0.3309058293743874,0.4635400785011304,1.7451523542404175,0.39658892093871145,0.2148694043768341,41.51911325322052,3.880400708709005,1.7451523542404175,0.2148694043768341,0.6715112030506134,1
0.04366074421094399,0.0006996858003771742,1.9999853191808137e-06,0.6021832374082354,5.645130421351631,1.4342046442849927,0.6972491544729531,0.554324597120285,0.344417329019052,0.49396493285135673,2.425690174102783,0.3799088269893218,0.24400135488684538,46.41595538117929,3.912906235581059,2.425690174102783,0.24400135488684538,0.554324597120285,1
0.02500095431313553,0.0009490257571261837,2.2455653953033743e-06,0.35092570634278675,5.722925395834171,1.3617823187837006,0.7343291587944191,0.36115793138742447,0.20770831387198996,0.28285350929525116,1.3205723762512207,0.2275412866372335,0.08000610772063872,15.763052975639528,3.9668296028053636,1.3205723762512207,0.08000610772063872,0.36115793138742447,1
0.026411025295813646,0.000262834733281893,1.777767379884529e-06,0.36052182797253984,5.509176644092095,1.481300973931825,0.6750799945206777,0.3816453590989113,0.20171906088944525,0.2988066413561484,1.4160854816436768,0.24502967948137666,0.08928540891854188,16.636926520916685,3.8186702581871366,1.4160854816436768,0.08928540891854188,0.3816453590989113,1
0.03644707934420192,0.0011013815997397529,2.1694819921612463e-06,0.5253783049369923,5.782924691991479,1.2665967038177641,0.7895153776075718,0.6403745114803314,0.3255587434396148,0.4123516313396692,1.3718334436416626,0.3604034191084793,0.17003386786848645,35.330862502203814,4.008417945772383,1.3718334436416626,0.17003386786848645,0.6403745114803314,1
0.02315753423144099,0.00044878462115783337,1.9393812012160255e-06,0.3264176521604398,5.668186290626602,1.3456892351248182,0.7431107844842344,0.3519517555832863,0.19469397912325803,0.26199759184978444,0.966586709022522,0.22232509507716713,0.06864273813508623,13.638205906167535,3.928887346364364,0.966586709022522,0.06864273813508623,0.3519517555832863,1
0.03703520506610873,0.0003797849585128253,1.8550647073688248e-06,0.49634286081946866,5.462675908402215,1.5748235387814042,0.634990263211367,0.38633453845977783,0.26606505681411363,0.4190055143180778,1.9746564626693726,0.3186854502728238,0.17556562102895693,31.533598142266165,3.7864384043497323,1.9746564626693726,0.17556562102895693,0.38633453845977783,1
0.036186095329516624,0.000730719545326024,2.031738199724369e-06,0.507546149776868,5.687889056988216,1.3646964225875895,0.7327619101577153,0.5605581700801849,0.29999267785751726,0.409398934274625,1.7493962049484253,0.3374526552227053,0.1676074873851987,32.97319605162532,3.942544263317147,1.7493962049484253,0.1676074873851987,0.5605581700801849,1
0.042009210425014716,0.0006860924865641166,2.0317290184826093e-06,0.5703185782091754,5.547108537591841,1.5077070496445735,0.663257425384528,0.5302872508764267,0.3152336265411577,0.47527996102112824,2.077026605606079,0.37281639015509427,0.22589104134824517,41.63369992326852,3.844962643219784,2.077026605606079,0.22589104134824517,0.5302872508764267,1
0.03333936379203384,0.0007420694914584232,2.064496423314939e-06,0.4729734408156274,5.699634808299601,1.321811638956634,0.7565354392139987,0.6098523288965225,0.28535975351405796,0.37719184348467805,1.325479507446289,0.32445607638828733,0.14227368679136984,28.634096091772648,3.950685797722191,1.325479507446289,0.14227368679136984,0.6098523288965225,1
0.034598119223897675,0.00031045505894924534,1.8028108104044684e-06,0.4633170925682393,5.446237762752091,1.579143504782712,0.6332530528495159,0.42689499258995056,0.24787679797736928,0.3914330355122992,1.813289999961853,0.30474331145705946,0.15321982129037287,27.47682921803346,3.7750443500387147,1.813289999961853,0.15321982129037287,0.42689499258995056,1
0.03520333218195382,0.000923765951443439,2.098352766517087e-06,0.5063332740271377,5.787104266995967,1.273909971891234,0.7849828569336001,0.5885969549417496,0.312643944460433,0.3982802384995547,1.7032934427261353,0.33620024157880835,0.15862714837926217,32.81579320154118,4.011315006402682,1.7032934427261353,0.15862714837926217,0.5885969549417496,1
0.029879046372354067,0.0005358095579153586,1.9692218549615107e-06,0.4127642951122712,5.620857512543475,1.427199915035778,0.7006706147250386,0.36176522821187973,0.23685737178311683,0.338042820884462,1.5843541622161865,0.2718013425433128,0.11427294875152447,21.807918504899853,3.896081537276696,1.5843541622161865,0.11427294875152447,0.36176522821187973,1
0.038332814375309214,0.0008331455351363543,2.098341870756936e-06,0.531405783649601,5.6505441929670805,1.4122146360350012,0.708106026289855,0.5189727544784546,0.30709658200794365,0.43368628778794105,2.06532621383667,0.3458714979767592,0.18808379621528482,36.14618968271955,3.9166587761125022,2.06532621383667,0.18808379621528482,0.5189727544784546,1
0.025065543832382946,0.0002469639478482078,1.8027905399132155e-06,0.33175373329333663,5.374007244369991,1.647173273138598,0.6070985305742304,0.2882832735776901,0.17216419238502567,0.283584256288106,1.279172420501709,0.2140100597706862,0.0804200304144782,14.087749062920489,3.72497796987178,1.279172420501709,0.0804200304144782,0.2882832735776901,1
0.04075399378921011,0.0014628570526287951,2.327247165269714e-06,0.56631723786175,5.70880090593324,1.4022292786546249,0.7131485887511282,0.5852374732494354,0.32881841287962743,0.46107880590055855,2.23095965385437,0.3649344436753381,0.21259366525068493,41.05154737911834,3.957039252453685,2.23095965385437,0.21259366525068493,0.5852374732494354,1
0.040176500517233565,0.0007499461914774191,2.0644959312628628e-06,0.5457964252254142,5.592069701129854,1.5044702399803984,0.6646843343452984,0.4646899178624153,0.30212974858659436,0.45454521536129106,2.6115996837615967,0.3444231667680242,0.20661135280784246,38.13039843697167,3.876127346960852,2.6115996837615967,0.20661135280784246,0.4646899178624153,1
0.03931655302338751,0.0008811176685855633,2.098351505861739e-06,0.544655981988724,5.669910332394055,1.4152281606561388,0.7065982572173789,0.5046021267771721,0.3143069311772706,0.4448160200914843,1.8883247375488281,0.3496208936824132,0.19786129173002776,37.971217755660966,3.9300823610546414,1.8883247375488281,0.19786129173002776,0.5046021267771721,1
0.028963101732880563,0.0008525953684091691,2.169474963330752e-06,0.39516240130262953,5.638822205360997,1.4836560904704117,0.6740085891032063,0.3695569932460785,0.22085986930323998,0.3276800902322511,1.9293413162231445,0.24828475056744992,0.10737424153461622,19.987625395617336,3.9085337134527873,1.9293413162231445,0.10737424153461622,0.3695569932460785,1
0.0375488067020812,0.0012819708337614103,2.285640280752784e-06,0.5275187894266664,5.720149838278077,1.3583624207588862,0.7361788214723778,0.5488899499177933,0.31274146503164957,0.4248162535120721,1.664969563484192,0.34638128838906823,0.18046884924803308,35.61933736936648,3.964905732910876,1.664969563484192,0.18046884924803308,0.5488899499177933,1
0.02643556508431862,0.000503666070306774,1.9692204292016383e-06,0.364773522120019,5.6240075974875285,1.4322173079491012,0.6982157322927255,0.3842003792524338,0.20882604595681187,0.2990842773699204,1.5132524967193604,0.23723142600260871,0.08945140496988746,17.03164447230003,3.8982650097741915,1.5132524967193604,0.08945140496988746,0.3842003792524338,1
0.028517280788370278,0.0006176011530387471,2.031734241133361e-06,0.3936354231248079,5.6344946265860525,1.4306962240702397,0.6989582300696151,0.4020286574959755,0.22550992768083233,0.32263620202331966,1.587458848953247,0.254516346668197,0.10409411885603234,19.83345233134676,3.9055340644262833,1.587458848953247,0.10409411885603234,0.4020286574959755,1
0.037044816897100936,0.0005769661730416989,1.9692216737247526e-06,0.5103132264939169,5.593968381491494,1.4395598401293135,0.6946551203676736,0.4948316961526871,0.29114056122489274,0.4191142597720652,1.6307518482208252,0.33962055984011386,0.17565676274428615,33.33370740923286,3.877443411900308,1.6307518482208252,0.17565676274428615,0.4948316961526871,1
0.035627857605833105,0.00034615562836355336,1.8285605544005773e-06,0.48300943108601174,5.489139154265657,1.5146435916564085,0.6602196877452444,0.4227888584136963,0.26612412161921384,0.4030831953957329,1.7372682094573975,0.321773999645643,0.1624760624104346,29.86215814630819,3.804781328608443,1.7372682094573975,0.1624760624104346,0.4227888584136963,1
0.038818182588950985,0.0004682828556666652,1.882347920130039e-06,0.5353377094834149,5.5962996899483475,1.4346579863476139,0.6970286524998568,0.5265981554985046,0.3061200693482533,0.439177602271757,2.091500759124756,0.3543763139805378,0.1928769663371696,36.68306728895348,3.879059351784191,2.091500759124756,0.1928769663371696,0.5265981554985046,1
0.037866752815639025,0.0004337850427208238,1.8823444902222805e-06,0.5167680054700986,5.531114366329829,1.482486939534977,0.6745406243680732,0.5564557760953903,0.28898291899531614,0.42841340315925036,1.8315131664276123,0.3480695414834827,0.1835380440064904,34.182293949125615,3.833876328504128,1.8315131664276123,0.1835380440064904,0.5564557760953903,1
0.03653865572463888,0.000662246724271463,2.0317338824272754e-06,0.4983494789979951,5.571797131682965,1.4852888424246928,0.6732680892806849,0.3935452625155449,0.278321420053544,0.41338769981332507,1.7464796304702759,0.3243281382447094,0.17088939035695178,31.78908201184936,3.8620754726060373,1.7464796304702759,0.17088939035695178,0.3935452625155449,1
0.033379090656449194,0.0004726312576816727,1.910441452925959e-06,0.45788951458373844,5.591334834379554,1.4584131275283108,0.6856749525330595,0.3864188864827156,0.2589398672571406,0.37764130164825205,1.5688143968582153,0.29577842879734817,0.1426129527105861,26.83683936841365,3.875617976144796,1.5688143968582153,0.1426129527105861,0.3864188864827156,1
0.03532246728743082,0.0003826801781385325,1.8823251151430123e-06,0.47714574651527597,5.45952502295103,1.532893312325431,0.6523594888431579,0.46568548679351807,0.26070183432966587,0.39962809835491725,1.6802082061767578,0.32571434982298797,0.15970261699476743,29.14151211745536,3.784254376982976,1.6802082061767578,0.15970261699476743,0.46568548679351807,1
0.04388950641800218,0.0002526340352050101,1.7297246374930312e-06,0.5844382953152244,5.36435439921699,1.611004155425116,0.6207296131131276,0.5127128809690475,0.30822582307155244,0.49655308177759755,2.129232406616211,0.391929993947997,0.2465649630228295,43.72071949196358,3.718287127469594,2.129232406616211,0.2465649630228295,0.5127128809690475,1
0.03655742051188647,0.0002573074677817512,1.753415325212762e-06,0.48798838399128464,5.403817829840179,1.5970694821058853,0.6261453201724697,0.4404120594263077,0.25897433003410697,0.4135999991462898,1.9779385328292847,0.3218885252645123,0.17106495929381094,30.48098085253446,3.7456410931412814,1.9779385328292847,0.17106495929381094,0.4404120594263077,1
0.030827520798013097,0.0006244934665547467,2.031733833813571e-06,0.4209101331692797,5.603819823476512,1.4801637142366155,0.6755990051643324,0.3798926994204521,0.2356317620142363,0.3487735840551103,1.5328643321990967,0.26698555612438213,0.12164301293464708,22.67716354618634,3.8842719111366737,1.5328643321990967,0.12164301293464708,0.3798926994204521,1
0.054064923461565446,0.001332109730962121,2.206886942895516e-06,0.7479700794329158,5.669724378658421,1.4209127184059869,0.7037718448102894,0.6264059096574783,0.4304801949765533,0.6116747840640736,2.7218246459960938,0.48235315321653616,0.3741460414598311,71.61078268504095,3.9299534677470698,2.7218246459960938,0.3741460414598311,0.6264059096574783,1
0.04516510323556172,0.00034996353603781625,1.8285617109046377e-06,0.5978055766426348,5.3620719790071885,1.6469160550087596,0.6071943011043046,0.45037125051021576,0.3102676731941756,0.5109848123336987,2.163599967956543,0.3912708893317358,0.26110547843570536,45.74355295552424,3.716705074336317,2.163599967956543,0.26110547843570536,0.45037125051021576,1
0.033864267925876004,0.000447575343929137,1.9104307782689546e-06,0.46516422934789187,5.565969549043947,1.452368960229277,0.688528478171225,0.49423643946647644,0.26379691823240137,0.3831304558448804,1.7935371398925781,0.31192632475676874,0.14678894619590588,27.696353313896722,3.8580361001303216,1.7935371398925781,0.14678894619590588,0.49423643946647644,1
0.025741035893919992,0.0001682492047429279,1.706655033789414e-06,0.33092722281327164,5.212292155632543,1.8530337871450653,0.5396537144635212,0.24782045185565948,0.1571620434478973,0.29122657656571443,1.563819408416748,0.20426908103070218,0.08481291889818594,14.017641830259803,3.612885612059416,1.563819408416748,0.08481291889818594,0.24782045185565948,1
0.035068446382290334,0.0009674463438906997,2.169476775851325e-06,0.48656365715903,5.68225805100405,1.4086461944658422,0.7098996777776508,0.4972720891237259,0.28165637435449753,0.39675417988150957,2.1482248306274414,0.3128085536563958,0.15741387925344924,30.303256635900173,3.9386411473955056,2.1482248306274414,0.15741387925344924,0.4972720891237259,1
0.0264717766133901,0.0003207873297616609,1.855059310471327e-06,0.35919181443130593,5.470371729034685,1.5103221237174262,0.6621081988684342,0.40318483859300613,0.1982980712200515,0.29949396405413764,1.2657157182693481,0.24855127597584215,0.0896966345048611,16.514401222970076,3.7917727407232236,1.2657157182693481,0.0896966345048611,0.40318483859300613,1
0.03320494424837421,0.0005180007399528332,1.9393858430507237e-06,0.4591116885022833,5.618735246536305,1.4234172481324194,0.7025328233277442,0.4349738135933876,0.2639219529228285,0.37567105995114647,1.5198692083358765,0.2988754523721582,0.1411287452848179,26.980293442485454,3.894610494577428,1.5198692083358765,0.1411287452848179,0.4349738135933876,1
0.031451237840230586,0.0009760124602041621,2.169475683856192e-06,0.44726644153341827,5.7565391297546356,1.313105156600453,0.7615514908700328,0.4773280471563339,0.2709837327711284,0.3558301368566079,1.384216547012329,0.2922905505693052,0.12661508629539234,25.606050524411735,3.9901288677004256,1.384216547012329,0.12661508629539234,0.4773280471563339,1
0.03957338095539509,0.00038558938937810364,1.9103713850862117e-06,0.5215689675835908,5.3221064671842715,1.6734544665469362,0.5975649690296401,0.35499874502420425,0.2675433992371836,0.4477216964486151,1.8183391094207764,0.3444379019148869,0.20045471747082583,34.82037605711525,3.6890030924966286,1.8183391094207764,0.20045471747082583,0.35499874502420425,1
0.038489250705979125,0.0006937283418256738,1.999992923622619e-06,0.5385358824612932,5.687420774719403,1.3742954923643511,0.7276438794414279,0.5105952173471451,0.31685773929348215,0.4354561628317912,1.9652940034866333,0.3482768451767697,0.1896220697481875,37.12267477739057,3.9422196747828115,1.9652940034866333,0.1896220697481875,0.5105952173471451,1
0.04351655056628717,0.000285949319893014,1.75342065954157e-06,0.5799216589276188,5.410986114646467,1.6065262690545614,0.622459768086693,0.4384678825736046,0.30645846101106144,0.4923335679883033,2.1243674755096436,0.37315622177584373,0.24239234216809324,43.04756870315027,3.7506097695442095,2.1243674755096436,0.24239234216809324,0.4384678825736046,1
0.03419994647879533,0.0006139108231482224,1.999990561368832e-06,0.470341866448504,5.615489992524273,1.4469483703093586,0.6911078764574199,0.44869422912597656,0.2674098351271823,0.3869282251419707,1.870526671409607,0.30346082486175874,0.1497134514115156,28.316348330785583,3.8923610559087867,1.870526671409607,0.1497134514115156,0.44869422912597656,1
0.02432503582214977,0.0006562327035011541,2.098255611343755e-06,0.3409059209305138,5.677836814905318,1.367877859962372,0.7310567673080227,0.3440348729491234,0.2011922062447411,0.27520636451916464,1.0752947330474854,0.2265408737313237,0.07573854307185532,14.875756406461663,3.935576580059081,1.0752947330474854,0.07573854307185532,0.3440348729491234,1
0.034523149495961684,0.00065083251251319,1.999991455207729e-06,0.4841149679712597,5.678141864387596,1.3655579479106523,0.7322995272909717,0.5398721247911453,0.28602583322208375,0.3905848498641832,1.6517906188964844,0.32228512191250047,0.15255652494342653,29.999014683368166,3.9357880242476524,1.6517906188964844,0.15255652494342653,0.5398721247911453,1
0.035717092355880505,0.000303033840749498,1.7777735347829524e-06,0.483432979266486,5.4954222356922875,1.5228037345343717,0.6566818183123477,0.4584416598081589,0.2653610325360205,0.40409277134574895,1.6664313077926636,0.31747170536209524,0.16329096785388775,29.914553016636248,3.809136428784538,1.6664313077926636,0.16329096785388775,0.4584416598081589,1
0.048374625937982085,0.0004418498171676176,1.8550622257792459e-06,0.6589928933715876,5.532881005300329,1.4909982298737539,0.6706903823249855,0.610078364610672,0.3670671135914745,0.5472964166097566,2.7063610553741455,0.43465714081662554,0.2995333676338803,55.586769089824855,3.835100869325597,2.7063610553741455,0.2995333676338803,0.610078364610672,1
0.049341599328755356,0.00045087697851143286,1.8823328084301076e-06,0.6698550462513415,5.479516393335494,1.5077682894326767,0.6632306937718715,0.6614646166563034,0.370240225631278,0.5582364716792403,2.284440279006958,0.45752408336466033,0.31162795831288725,57.434340222513526,3.798111339000496,2.284440279006958,0.31162795831288725,0.6614646166563034,1
0.04998792640129933,0.00032438365532440333,1.777771717822791e-06,0.6669530337203591,5.407416214905795,1.5997360447314535,0.6251020192378507,0.6044515371322632,0.35352633932052413,0.565548827773005,2.4353084564208984,0.43780946940296417,0.31984547659542006,56.93777269616517,3.7481353036040805,2.4353084564208984,0.31984547659542006,0.6044515371322632,1
0.03359595344161943,0.0003618843464492849,1.8285664138445073e-06,0.46226953711844565,5.553005362319928,1.4446840068985185,0.6921910703720631,0.429843932390213,0.2630989352473989,0.3800948239839461,1.2516430616378784,0.3109158166025736,0.144472075219387,27.352719993305854,3.849050010654314,1.2516430616378784,0.144472075219387,0.429843932390213,1
0.04925685212331541,0.0003517913554188808,1.8028109948020752e-06,0.6588906954840774,5.412972450124953,1.5852584953384246,0.6308108163471063,0.6201848387718201,0.35153741054818965,0.5572776665007891,2.374408006668091,0.4409728560735857,0.3105583975805648,55.56952942022288,3.7519865923807685,2.374408006668091,0.3105583975805648,0.6201848387718201,1
0.030577745947909584,0.00025337091504588964,1.7777606434908283e-06,0.40653523367537725,5.3875448134429735,1.6202069933588965,0.6172033039586658,0.3804715424776077,0.2135206832390395,0.3459477042106615,1.8195233345031738,0.2654939383053261,0.11967981404862733,21.15467471609518,3.7343614977063524,1.8195233345031738,0.11967981404862733,0.3804715424776077,1
0.020457477086569968,0.0001093466667459413,1.5999899534129614e-06,0.27166566732138714,5.297675216091779,1.6271408998769425,0.614572271833025,0.24501202255487442,0.14224332533194683,0.23144993238211267,1.0138548612594604,0.18791074330601987,0.05356907119968452,9.446686054550348,3.6720686396843156,1.0138548612594604,0.05356907119968452,0.24501202255487442,1
0.043177317715861266,0.0003785084934179117,1.8549062051289698e-06,0.5802961628635558,5.444427717829859,1.5595215980739041,0.6412209706732125,0.5041913837194443,0.3132342553053604,0.48849558640530494,2.1969082355499268,0.38541930364976906,0.23862793793746273,43.1031854891733,3.773789722504182,2.1969082355499268,0.23862793793746273,0.5041913837194443,1
0.03228111138429449,0.000756050517032722,2.064505075441383e-06,0.45611385781287916,5.71248104229374,1.3366705700217445,0.7481254426875602,0.5005017295479774,0.2732304371893406,0.36521908422516636,1.4058144092559814,0.3042886551702395,0.13338497948226916,26.629100964985263,3.9595901285960435,1.4058144092559814,0.13338497948226916,0.5005017295479774,1
0.039282547805405785,0.001283641907647519,2.2455995323845938e-06,0.5566110230808966,5.7469720284993455,1.3262372518238756,0.754011206187482,0.605866864323616,0.33510693079733755,0.4444312949677946,1.8466147184371948,0.36768366005912867,0.19751917594675084,39.65642636994079,3.9834974584391887,1.8466147184371948,0.19751917594675084,0.605866864323616,1
0.04132012510985412,0.0013363238287073574,2.2455971848037878e-06,0.5844323286782354,5.760949022216689,1.332842271310992,0.7502747192356413,0.5978377163410187,0.3507420650566928,0.4674838506344702,1.9180212020874023,0.3733207707946349,0.21854115060403165,43.719826790945916,3.9931855722270715,1.9180212020874023,0.21854115060403165,0.5978377163410187,1
0.029675128863516503,0.0009409376146699054,2.1694712968542003e-06,0.41991515855950334,5.751375019100918,1.331171700643181,0.75121565534544,0.42045699805021286,0.2522107084078016,0.33573575763163466,1.4510308504104614,0.2725582443865733,0.11271849895248773,22.57007876967076,3.986549378960701,1.4510308504104614,0.11271849895248773,0.42045699805021286,1
0.027516195589926427,0.0001978177516216444,1.7066614151220325e-06,0.36749591186858754,5.390927101160191,1.594070824550875,0.6273226837722925,0.2967698648571968,0.1952925874502398,0.31131021590547764,1.3091821670532227,0.2448941701932199,0.0969140505271151,17.286815390735956,3.736705920901385,1.3091821670532227,0.0969140505271151,0.2967698648571968,1
0.03616468068878547,0.0006476742879609527,2.0317226369676355e-06,0.4953359935961238,5.571317613754403,1.4654989827165252,0.6823597748943313,0.4015294536948204,0.2791927255475457,0.40915665527178224,1.4966562986373901,0.3264541127979612,0.16740916855319204,31.405791558637976,3.8617430961058266,1.4966562986373901,0.16740916855319204,0.4015294536948204,1
0.04138532999713098,0.0006931040374083501,1.9999925426864022e-06,0.5741398724511116,5.644028876134961,1.4091483402236098,0.7096469801787081,0.547701820731163,0.33227272555814125,0.4682215597218297,1.8882248401641846,0.3737289836240052,0.21923142898834297,42.19348392168688,3.912142702619864,1.8882248401641846,0.21923142898834297,0.547701820731163,1
0.04208431921076379,0.0008968312440206102,2.098322301467044e-06,0.594224849848754,5.695070219305223,1.3392000688333847,0.746712849714508,0.686982199549675,0.35553292671465897,0.476129719928806,1.9194073677062988,0.40160696041101573,0.2266995101994832,45.197206038755105,3.947521865730323,1.9194073677062988,0.2266995101994832,0.686982199549675,1
0.04464724897487733,0.0006663785459149293,1.9692236328377883e-06,0.6246780331326861,5.66322680484523,1.3744203627730232,0.7275780011597752,0.6898215860128403,0.3675192640221212,0.5051259601833583,2.50783634185791,0.4178944149243762,0.2551522356511597,49.948498570050724,3.9254496927779785,2.50783634185791,0.2551522356511597,0.6898215860128403,1
0.03866377511808988,0.0009113023441001181,2.13278835185063e-06,0.5395984204571154,5.686755122496666,1.3845179773390626,0.7222713827455288,0.582255482673645,0.31594438520551194,0.437430681156369,2.186528205871582,0.3543296197838117,0.19134560081692498,37.26930628605617,3.94175827982139,2.186528205871582,0.19134560081692498,0.582255482673645,1
0.03350961603985373,0.0005025300448804767,1.9104422322723756e-06,0.47203416658821196,5.669814265239198,1.348109744302622,0.7417774157720812,0.5024831295013428,0.281221932702465,0.37911802778780923,1.4531835317611694,0.3199939976116184,0.1437304789937181,28.520480566608363,3.930015772377107,1.4531835317611694,0.1437304789937181,0.5024831295013428,1
0.02902035903007858,0.0017815885414118183,2.461492224541277e-06,0.4179227080568854,5.856469586036516,1.2697667722447183,0.7875438042102963,0.4300214648246765,0.25857337723664386,0.3283278826021892,1.4852949380874634,0.26569990172778546,0.10779919849403692,22.356401908428886,4.059395381724281,1.4852949380874634,0.10779919849403692,0.4300214648246765,1
0.0380646179861404,0.0005583143552915583,1.9692187475663915e-06,0.5182944422289089,5.551320381293792,1.493304438785196,0.6696542593540699,0.492230124771595,0.2883886104100384,0.4306519920204049,2.035922050476074,0.3435177897226822,0.18546113823114288,34.3845284922081,3.8478820708067505,2.035922050476074,0.18546113823114288,0.492230124771595,1
0.03748371290818452,0.0016338094027642882,2.461389188942717e-06,0.5141571590803782,5.661332653375243,1.4587588363528403,0.6855126543459219,0.49293293058872223,0.29071275575824984,0.424079801302832,1.7500226497650146,0.3256313163001181,0.17984367787304947,33.83777078190148,3.9241367670270026,1.7500226497650146,0.17984367787304947,0.49293293058872223,1
0.03118083894159463,0.0007739333491106206,2.0983474285343274e-06,0.4318475237637785,5.672867717576862,1.4162487070726923,0.7060886695347603,0.4472934603691101,0.24908825743477792,0.35277092253899417,1.8589472770690918,0.2753686002415634,0.12444732378901303,23.871012323956123,3.932132264255932,1.8589472770690918,0.12444732378901303,0.4472934603691101,1
0.033505991360557104,0.0013421921687912085,2.327249582666341e-06,0.4667490168482598,5.715188007580132,1.392055277784101,0.718360382651204,0.43742623925209045,0.2723146309435833,0.37907701922284487,1.6206741333007812,0.2987698730094053,0.1436993865028771,27.88539452528859,3.9614664539521787,1.6206741333007812,0.1436993865028771,0.43742623925209045,1
0.0341500204864706,0.0007301402637057735,2.031739507006856e-06,0.4796874222843397,5.710781742490332,1.3590251446685264,0.7358196540311785,0.5097334533929825,0.28429450222756714,0.38636337701828616,1.57693612575531,0.3121655906925298,0.14927665910097432,29.45280295651769,3.9584122637283836,1.57693612575531,0.14927665910097432,0.5097334533929825,1
0.024197780571504703,0.0005521578535706099,2.031721606067905e-06,0.3347243237622862,5.624287675950905,1.421474948767573,0.7034920651498536,0.3397902324795723,0.1925933594156959,0.2737666357084011,1.1316368579864502,0.2211383645434637,0.07494817082709639,14.341167733519335,3.8984591453714166,1.1316368579864502,0.07494817082709639,0.3397902324795723,1
0.027530344555214827,0.0010127363030178985,2.2068801971901335e-06,0.39495370581907335,5.782898189911251,1.2825780769147992,0.7796771264301601,0.4174129292368889,0.24284704282763414,0.31147029317431285,1.2323107719421387,0.26135906872195847,0.09701374353009239,19.96651900674805,4.008399575930193,1.2323107719421387,0.09701374353009239,0.4174129292368889,1
0.04374478300798947,0.0009141392452043755,2.0983508695265276e-06,0.6053934155902428,5.649380651161303,1.419503914207303,0.7044700401664505,0.561926543712616,0.34865400394483004,0.4949157233037347,2.0304012298583984,0.39566033755272656,0.24494157317325885,46.912152017922615,3.9158522703903635,2.0304012298583984,0.24494157317325885,0.561926543712616,1
0.029056317795791084,0.0007586933284413361,2.0983490596288246e-06,0.4026369123057801,5.673182488230659,1.413994816984854,0.7072140194792426,0.4137295037508011,0.23248650252935477,0.32873470959544376,1.364792823791504,0.2578774382445772,0.10806650929280075,20.75090984334495,3.9323504466471357,1.364792823791504,0.10806650929280075,0.4137295037508011,1
0.04341386396246419,0.001008526012139456,2.1332244978387435e-06,0.6142643528172312,5.72267362933574,1.3315292381733699,0.7510146494631049,0.7055691182613373,0.3688779694839468,0.4911718016858993,1.9976929426193237,0.4090133117539949,0.2412497387713724,48.29704897817241,3.966655091566817,1.9976929426193237,0.2412497387713724,0.7055691182613373,1
0.05262036340522662,0.000994694217252265,2.098352008794222e-06,0.7245452624423082,5.6375211800866145,1.441576448661979,0.6936838633805621,0.6639931797981262,0.41297251576907,0.5953314526773791,2.55416202545166,0.463027075154514,0.3544195385469585,67.19562717793194,3.9076319114520115,2.55416202545166,0.3544195385469585,0.6639931797981262,1
0.04131308665493152,0.0009301411419940679,2.133315194263041e-06,0.571474413339501,5.638931257814255,1.4215005767696505,0.7034804465583129,0.5443822741508484,0.3288104326129542,0.46740421960719264,1.8689178228378296,0.3749034547768133,0.21846670450660877,41.80262465302104,3.9086093028532956,1.8689178228378296,0.21846670450660877,0.5443822741508484,1
0.053941098014654534,0.0010328721742590592,2.1331699674687334e-06,0.7434972123180827,5.628681345982166,1.4370172198522255,0.6958847448584567,0.6650031059980392,0.42468096458560467,0.610273859052967,2.5745155811309814,0.4806569288433309,0.3724341830434007,70.75687740476931,3.901504605365895,2.5745155811309814,0.3724341830434007,0.6650031059980392,1
0.035547370310807964,0.0016784938557920567,2.3703500831652558e-06,0.5086761267863601,5.836725506565212,1.2912410219160757,0.7744468279265093,0.46076855808496475,0.31146205764525803,0.40217258560194663,1.8378746509552002,0.31615910207585785,0.16174278860975508,33.12017945118375,4.045709828705995,1.8378746509552002,0.16174278860975508,0.46076855808496475,1
0.0459013519623982,0.0006298735612996157,1.9692225264165923e-06,0.6293213005832057,5.5781813874910195,1.4609304773820084,0.6844939508554598,0.6154665052890778,0.3554683291586116,0.5193145158118754,2.5069165229797363,0.4170980162216438,0.2696875663329225,50.69379831907041,3.8665007015193624,2.5069165229797363,0.2696875663329225,0.6154665052890778,1
0.05510310985100556,0.000956146537427249,2.0645095032842953e-06,0.7658113238410263,5.660696403681808,1.4016925401026046,0.713422071773076,0.7651821225881577,0.4447626739856787,0.6234205222418125,2.6895980834960938,0.4983395684430434,0.3886531475522543,75.0677739165626,3.923695752345864,2.6895980834960938,0.3886531475522543,0.7651821225881577,1
0.05946817666127509,0.0009724228677365047,2.064509709266015e-06,0.8183173571450623,5.630664180163123,1.444387954721767,0.6923337392975161,0.7374864965677261,0.46580672007985413,0.6728056157117952,3.1320414543151855,0.5266190496586205,0.45266739653332777,85.71434201662456,3.902879001287943,3.1320414543151855,0.45266739653332777,0.7374864965677261,1
0.04804604916636493,0.0013186773054912587,2.2068831493759333e-06,0.6794467135877682,5.7539297635214846,1.333480690569629,0.7499157411249743,0.7231081277132034,0.40763919465825893,0.5435789947961426,2.3679120540618896,0.4398155887743087,0.2954781235835848,59.09092308546799,3.9883201928528678,2.3679120540618896,0.2954781235835848,0.7231081277132034,1
0.04265329076359632,0.0010685131877917644,2.169470671308644e-06,0.593914222773274,5.686825323579461,1.3938448220719322,0.7174384923755474,0.6240063607692719,0.34621278536906175,0.4825668982217679,2.0104055404663086,0.38371096067649546,0.23287081125937809,45.14996531358491,3.941806939504,2.0104055404663086,0.23287081125937809,0.6240063607692719,1
0.03609956746190272,0.0011697612901060473,2.2068853109556406e-06,0.5150023559147124,5.768205481609585,1.3018594584107726,0.768130188773763,0.5936935544013977,0.31372048692719545,0.4084199832034025,1.7055493593215942,0.34278855773050054,0.16680688267986757,33.94911060450613,3.9982153665961038,1.7055493593215942,0.16680688267986757,0.5936935544013977,1
0.03351573659474727,0.0011063034944041737,2.244932311954176e-06,0.47403221281982433,5.735318113081254,1.3329574615044368,0.750209509055904,0.5001871958374977,0.28447064884858264,0.37918727396172675,1.716734528541565,0.3122038156276119,0.1437829887345256,28.76243696522998,3.9754195798246554,1.716734528541565,0.1437829887345256,0.5001871958374977,1
0.03521513802889687,0.0006095271268716213,2.0316981752980004e-06,0.47512583640622236,5.524233739822385,1.5390804891154568,0.6497369677058549,0.39670150727033615,0.25886482820624224,0.398413806410452,1.7845851182937622,0.3045824131533692,0.1587335611384651,28.895303733851183,3.8291070416400075,1.7845851182937622,0.1587335611384651,0.39670150727033615,1
0.031152885933815124,0.0007704062628673394,2.0645072436335586e-06,0.4439966614612762,5.746582179147241,1.3053094168383137,0.7660997077504657,0.49558164179325104,0.2700161860557273,0.352454670357307,1.4434361457824707,0.295483202471587,0.12422429465667792,25.233028529761164,3.983227235459934,1.4434361457824707,0.12422429465667792,0.49558164179325104,1
0.026469786742023625,0.00041093353637704097,1.882344932596421e-06,0.3734792385415509,5.663999408089207,1.3419152733320543,0.7452010426199543,0.44489636272192,0.2231671828922117,0.2994714512295468,1.1471067667007446,0.2540070791912967,0.08968315010153083,17.854302927561818,3.925985220538232,1.1471067667007446,0.08968315010153083,0.44489636272192,1
0.03624825402913106,0.000656142731351373,2.03168409054721e-06,0.5005434467009093,5.611879801621374,1.4290060108054434,0.6997854130967702,0.4599539637565613,0.2869842230065842,0.41010217968273865,1.6207634210586548,0.3312336484800653,0.16818379778053327,32.06959898050894,3.889858662263159,1.6207634210586548,0.16818379778053327,0.4599539637565613,1
0.028910884484457305,0.0009777883812866163,2.2455752278776445e-06,0.39888632943252905,5.652536940790162,1.4326897622863703,0.6979856833377559,0.3361106738448143,0.22830436017284228,0.3270893195049713,1.2527903318405151,0.2568666738096397,0.1069874229342252,20.366118887443978,3.918040043647639,1.2527903318405151,0.1069874229342252,0.3361106738448143,1
0.025679525721972622,0.00033883103856613384,1.8550623631745008e-06,0.34966150779837313,5.536420215718613,1.4932405675044709,0.6696821528935825,0.3367840424180031,0.19456387318496127,0.29053066841057945,1.2128697633743286,0.2289324029779891,0.08440806928709807,15.649685764586465,3.8375540630484397,1.2128697633743286,0.08440806928709807,0.3367840424180031,1
0.02910203547160486,0.0007503775660178441,2.13330393132582e-06,0.4003264502660937,5.60687850696025,1.4458906466849164,0.6916131348620042,0.33856403082609177,0.22771566218216321,0.3292519460528519,1.3657771348953247,0.2640789343569736,0.1084068439795901,20.51344214817935,3.886392028969651,1.3657771348953247,0.1084068439795901,0.33856403082609177,1
0.03503216613530615,0.0006305261960646455,1.9999911784287146e-06,0.48625241500790517,5.633702968428178,1.4069870807647906,0.7107367868653179,0.5146250873804092,0.28169676975812763,0.39634371574285937,1.7976609468460083,0.3228523763536941,0.1570883410088565,30.264500620930566,3.904985328806184,1.7976609468460083,0.1570883410088565,0.5146250873804092,1
0.032316432283448125,0.0003246104706915693,1.8285616883541763e-06,0.4382307355982309,5.465137613684941,1.5133407181828824,0.6607879196684187,0.4438299685716629,0.24159707737271674,0.36561869458211255,1.51039719581604,0.3005445517728731,0.1336770298279281,24.58191073573972,3.7881447284258236,1.51039719581604,0.1336770298279281,0.4438299685716629,1
0.03533358088195326,0.0006213331540555715,1.9999894364768322e-06,0.48747212077211605,5.615854588359823,1.432948061533735,0.6978602541926342,0.4858415573835373,0.2789730102958856,0.39975383432372,1.6371405124664307,0.31901889225514424,0.1598031280565162,30.41652077184826,3.8926137744842415,1.6371405124664307,0.1598031280565162,0.4858415573835373,1
0.03228126127531649,0.0004898347536809466,1.9393833937729466e-06,0.4436895043852408,5.574808401997743,1.4496294555664968,0.6898295685823234,0.4578625038266182,0.25194078296772204,0.36522078004849584,1.4583956003189087,0.29505531883569347,0.13338621817923177,25.198128166607436,3.864162726134629,1.4583956003189087,0.13338621817923177,0.4578625038266182,1
0.038565025889691296,0.0008538837154979603,2.0983487465037393e-06,0.5326413563839855,5.650304989633964,1.4281400992752553,0.7002098103558065,0.4979836419224739,0.3055116661125794,0.4363134611717678,1.7157776355743408,0.3417028348267195,0.1903694363996877,36.314472259913195,3.9164929729965716,1.7157776355743408,0.1903694363996877,0.4979836419224739,1
0.03772642199862202,0.0006960276037412158,2.064392396622837e-06,0.5158691869809988,5.58894629778923,1.4732078996851818,0.6787892308632619,0.45733677595853806,0.289725395372443,0.42682574120209565,1.973090648651123,0.33096789255296244,0.18218021335271833,34.0634903137839,3.873962368741547,1.973090648651123,0.18218021335271833,0.45733677595853806,1
0.051757803017277663,0.00107761265589115,2.1333171063132234e-06,0.7185137504565478,5.671414675260923,1.406365058919211,0.7110517187063191,0.6458587795495987,0.416373182888492,0.5855726958853534,2.615445375442505,0.4634796989460028,0.34289538216644055,66.08153722817718,3.9311250920714054,2.615445375442505,0.34289538216644055,0.6458587795495987,1
0.04161246771631866,0.0016396719754258843,2.327238824048637e-06,0.5947185085494755,5.814444771649059,1.2955865844597148,0.7718495142786872,0.6054631769657135,0.36338083097871277,0.47079132966584336,2.298285722732544,0.3767195686036189,0.2216444760885328,45.272333364648006,4.0302660001180595,2.298285722732544,0.2216444760885328,0.6054631769657135,1
0.031028249357834346,0.00039160440040814,1.8823399551007107e-06,0.42252879778037844,5.526070385560987,1.4928163525520495,0.6698728545258935,0.4066965878009796,0.23515589701855788,0.3510445684683489,1.443100929260254,0.27971832295691,0.12323228905112932,22.851914874077686,3.8303801074554076,1.443100929260254,0.12323228905112932,0.4066965878009796,1
0.024989452271234,0.0005170190706209678,1.9692228876283814e-06,0.34887597758103017,5.675865755402464,1.383144094787751,0.7229879133740975,0.3548337444663048,0.20440630850498565,0.28272337854603413,1.26447331905365,0.22809788594167912,0.07993250877648411,15.57944930983929,3.9342103457219615,1.26447331905365,0.07993250877648411,0.3548337444663048,1
0.033763668602285316,0.0003173685493081822,1.8028080190608533e-06,0.45962584563819403,5.50416700000822,1.4944189603125704,0.6691546405058393,0.5117297768592834,0.25561259229652933,0.3819923044225803,1.6178556680679321,0.31149714258407357,0.14591812063807327,27.040757501263997,3.815197837514789,1.6178556680679321,0.14591812063807327,0.5117297768592834,1
0.025927770739587814,0.00025495953538398836,1.8028025822205347e-06,0.3452251845080855,5.3768611648711095,1.6115468669508302,0.6205197078018772,0.31071410328149796,0.18202340012066998,0.29333924017620305,1.1380103826522827,0.23062239793580375,0.08604790982715213,15.255094786386131,3.7269561568206715,1.1380103826522827,0.08604790982715213,0.31071410328149796,1
0.0245048521623979,0.000510435829777112,1.9999835798073776e-06,0.3354833252780011,5.598483534213481,1.4675885957595365,0.6813874105652643,0.3093312755227089,0.18890904097861494,0.27724075417608623,1.5100325345993042,0.21758787024924686,0.07686243577612509,14.406279877066892,3.880573077279351,1.5100325345993042,0.07686243577612509,0.3093312755227089,1
0.027735384368805405,0.0004498350247749311,1.9691622396532945e-06,0.377710796674122,5.532257540795393,1.4925260084407206,0.6700029396544451,0.34772810339927673,0.21024092852076137,0.3137900538559628,1.5272144079208374,0.2518484278555633,0.09846419789892803,18.261177078297592,3.834668716661821,1.5272144079208374,0.09846419789892803,0.34772810339927673,1
0.034183678401325766,0.00044588069570175977,1.9104339225026454e-06,0.4678522067612709,5.529687381977627,1.4689645575698456,0.6807498582351164,0.4800228103995323,0.26327672159459325,0.3867441728556411,1.3431614637374878,0.3172355428910123,0.14957105523779402,28.017367983538044,3.8328872183236964,1.3431614637374878,0.14957105523779402,0.4800228103995323,1
0.03808914720463621,0.0010997205486105218,2.1694810877992106e-06,0.5423391686032766,5.759880389492587,1.3086648448367442,0.7641358162753912,0.6067950576543808,0.329289435831015,0.4309295084481743,1.7383462190628052,0.35764103840915595,0.18570024125138512,37.64886704656554,3.9924448524673055,1.7383462190628052,0.18570024125138512,0.6067950576543808,1
0.028730437671413013,0.00043041780098733933,1.910437787466273e-06,0.3964875601880638,5.579028900646652,1.431688097769127,0.6984740077793778,0.43071264773607254,0.2270381358684972,0.32504779686261737,1.2490301132202148,0.27042860471556196,0.10565607024524136,20.121905329137093,3.8670881528736754,1.2490301132202148,0.10565607024524136,0.43071264773607254,1
0.03543095521477358,0.0003443905913023546,1.8550523720061883e-06,0.47151765378544774,5.412455891312376,1.6145193782437854,0.619377827740564,0.37085413187742233,0.24828162767335016,0.4008554991405323,1.971224069595337,0.30324415737993604,0.16068513119120528,28.45809892241067,3.7516285410962387,1.971224069595337,0.16068513119120528,0.37085413187742233,1
0.033329502898679676,0.0005709467694984005,1.9692234104909794e-06,0.45991012940986326,5.629346962979388,1.432122423921889,0.6982624748751236,0.4314654916524887,0.2633017079497222,0.37708028021172946,1.6629842519760132,0.2980290216069079,0.1421895377245564,27.074217873126038,3.901965975910853,1.6629842519760132,0.1421895377245564,0.4314654916524887,1
0.033977534318440875,0.00041469361701372315,1.9104266158342415e-06,0.4588649731996125,5.479493622112377,1.5341593992419769,0.6518210553119225,0.4328136593103409,0.25056843440324883,0.3844119187930909,1.5863767862319946,0.3047407273161866,0.14777252331018592,26.951304144573584,3.798095555191395,1.5863767862319946,0.14777252331018592,0.4328136593103409,1
0.03455562936961868,0.00022591595120912035,1.729722921500483e-06,0.45881233554668066,5.344327062745675,1.628049016152018,0.614230549712443,0.3746704235672951,0.24013547123468015,0.39095231768682226,1.597447156906128,0.30709824667655994,0.15284371470469799,26.945121183974386,3.7044052356603787,1.597447156906128,0.15284371470469799,0.3746704235672951,1
0.0327115006218552,0.0002290881276542726,1.7534135104018715e-06,0.43091505033647703,5.299873059214962,1.6766455134325122,0.5964273842851848,0.308301143348217,0.22073144241585396,0.37008838260002846,1.5502145290374756,0.28623236058365364,0.13696541093550507,23.768035917630534,3.6735920684484626,1.5502145290374756,0.13696541093550507,0.308301143348217,1
0.026665312474903696,0.00040647604819134335,1.9393630736379405e-06,0.35827145835911767,5.4829199467184875,1.561107302698579,0.6405688344106749,0.30596499145030975,0.19324973488619435,0.30168357237540233,1.6597785949707031,0.23239689632549698,0.0910129778411846,16.429880047970432,3.800470502431804,1.6597785949707031,0.0910129778411846,0.30596499145030975,1
0.02514089029818584,0.0008786215576461613,2.206839346565505e-06,0.3543407042310454,5.723423170018927,1.3460458398386161,0.7429141376133119,0.3357320725917816,0.21131279174915107,0.28443670423862866,1.19465970993042,0.23107410316848132,0.08090423871813311,16.07133883839401,3.9671746335780838,1.19465970993042,0.08090423871813311,0.3357320725917816,1
0.04024069696374958,0.00024816594512306055,1.729717475153851e-06,0.5377436243917532,5.406304662388365,1.5908857554263518,0.6285792679345213,0.5109090358018875,0.2861748643426836,0.4552715152438439,2.140376329421997,0.3562537240307222,0.2072721525924256,37.0135303134693,3.7473648341105803,2.140376329421997,0.2072721525924256,0.5109090358018875,1
0.027716448852999696,0.00046790755965713356,1.969204297448583e-06,0.37702325804761555,5.535657096776061,1.498036991223202,0.6675381294638576,0.35497602820396423,0.20932448583516816,0.3135758229498591,1.330431580543518,0.25001035411222006,0.09832979673868136,18.19475674993138,3.8370251093049763,1.330431580543518,0.09832979673868136,0.35497602820396423,1
0.03842283393679602,0.0002682605383584261,1.7297265015388964e-06,0.5282681504728756,5.515694298609054,1.4482193041413773,0.6905015674999501,0.5859605669975281,0.3001649968500715,0.43470474286580923,1.6324453353881836,0.36732808411989026,0.18896821347002934,35.72060656691619,3.8231879520394294,1.6324453353881836,0.18896821347002934,0.5859605669975281,1
0.02703935226416757,0.0001265704543370227,1.6202473939712171e-06,0.35129003387411756,5.197626869934544,1.7715112064019591,0.5644879510322671,0.2447647899389267,0.17268609332677443,0.30591534951815547,1.2793570756912231,0.22752416670164166,0.0935842010708152,15.795800051107667,3.602720410625741,1.2793570756912231,0.0935842010708152,0.2447647899389267,1
0.028790711466382336,0.000297575212612255,1.8285575091062366e-06,0.3826434687697571,5.413706433450386,1.6222497564898124,0.6164260009773128,0.28625988215208054,0.2007888832813478,0.32572971700902786,1.7173192501068115,0.2454386062092908,0.10609984854278136,18.741251096595466,3.752495350853372,1.7173192501068115,0.10609984854278136,0.28625988215208054,1
0.03329338306579651,0.0003131852004196747,1.8028095767835257e-06,0.45436019575700853,5.493614571853852,1.48243457301434,0.6745642360063251,0.5127990394830704,0.2540898855222622,0.3766716309514573,1.4126266241073608,0.31355274412248946,0.14188151756363082,26.42472799850843,3.807883451691527,1.4126266241073608,0.14188151756363082,0.5127990394830704,1
0.03435732717992061,0.0006390975249802876,1.9999913930872553e-06,0.4774834461184022,5.661060513507555,1.40175689412677,0.7133886279257813,0.4777727648615837,0.2773011398385279,0.38870878451786794,1.6649327278137207,0.3095246666243838,0.1510945191613583,29.182776488589454,3.9239481340449975,1.6649327278137207,0.1510945191613583,0.4777727648615837,1
0.028833628605017536,0.0008422315289362507,2.133319248494678e-06,0.4051561446497429,5.712731505407578,1.3576390604202189,0.7365705390352002,0.38947567343711853,0.24028129310318036,0.326215269005157,1.1195170879364014,0.26518892885496825,0.10641640173210695,21.011392198072755,3.959763736397233,1.1195170879364014,0.10641640173210695,0.38947567343711853,1
0.0363657696509516,0.000588763264791668,1.999969197704436e-06,0.4958164270629715,5.552572114829328,1.4869721796623234,0.6725059037056262,0.43635670095682144,0.27669093127587985,0.4114317171720932,1.7370188236236572,0.3271504703254777,0.16927605789517727,31.46674295622284,3.848749706377721,1.7370188236236572,0.16927605789517727,0.43635670095682144,1
0.03446868014204943,0.0007549314955159577,2.06450304346457e-06,0.4792053409353359,5.678042862218965,1.400246315805415,0.714158233740722,0.44049811363220215,0.2785000003714231,0.3899685994718919,1.7591997385025024,0.3071161855008313,0.15207550857406885,29.39363312396179,3.935719401173596,1.7591997385025024,0.15207550857406885,0.44049811363220215,1
0.036062678570955194,0.000857792858557416,2.0983510674009707e-06,0.5019982169651717,5.689606237450446,1.395045401092544,0.7168207918238892,0.4878077879548073,0.29246548730588984,0.4080026330443714,1.9031511545181274,0.3233591862567664,0.16646614857114,32.25628285903508,3.9437345221130546,1.9031511545181274,0.16646614857114,0.4878077879548073,1
0.028958584431082516,0.0009458420478146809,2.2068715815520755e-06,0.40608053689821594,5.695484688615246,1.3655872738006225,0.7322834409500332,0.37602926790714264,0.2399180111606256,0.32762898279650604,1.2340348958969116,0.26648298223085476,0.10734075036827326,21.107379513285544,3.947809153963995,1.2340348958969116,0.10734075036827326,0.37602926790714264,1
0.029289699855683745,0.0007384004808404192,2.1333024413277097e-06,0.39972362733805494,5.594020854592424,1.4824067602215745,0.6745766473242663,0.3574192225933075,0.22353859620852745,0.3313751261899619,1.5120197534561157,0.25610084824103296,0.10980947425741316,20.451709216293406,3.8774797834822734,1.5120197534561157,0.10980947425741316,0.3574192225933075,1
0.04749774492683699,0.0011080387963026568,2.1333246623780836e-06,0.6718364175721468,5.725938448331851,1.3326893669668147,0.7503610097706275,0.6542997360229492,0.40322647856373806,0.537375640461366,1.7585887908935547,0.4433854550586602,0.2887725789612633,57.77461401295053,3.968918091649009,1.7585887908935547,0.2887725789612633,0.6542997360229492,1
0.031797126666415675,0.0005842534636111232,1.9692244695787974e-06,0.4453639737981539,5.682111383633366,1.3701778513430771,0.7298302328187192,0.5208284109830856,0.2625523554161191,0.359743422209122,1.402151107788086,0.29315737253637053,0.1294153298227306,25.388680852132186,3.9385394853210363,1.402151107788086,0.1294153298227306,0.5208284109830856,1
0.030837089037769532,0.0007799147290024255,2.0983291128625765e-06,0.431499806321389,5.69334605734739,1.3740026722521848,0.7277985362787545,0.4498515725135803,0.25391641761416395,0.34888183633056297,1.5840284824371338,0.28144780247714607,0.12171853572138572,23.832586605490715,3.946326767730423,1.5840284824371338,0.12171853572138572,0.4498515725135803,1
0.04225339324662762,0.0011488699788665421,2.1694699716272725e-06,0.6001955050063787,5.773133625937212,1.3172169123078925,0.7591748168404473,0.6196990311145782,0.3629186429498077,0.4780425742853162,2.2498881816864014,0.3819407898718623,0.22852470282933204,46.110034461422345,4.001631295942191,2.2498881816864014,0.22852470282933204,0.6196990311145782,1
0.03187778830193016,0.0009506976889142306,2.133325054526436e-06,0.45379690674720485,5.778653498830044,1.3094531254567872,0.7636754671410089,0.4421951696276665,0.2754249063436873,0.36065600444038426,1.4583889245986938,0.2906565911789585,0.13007275353890246,26.359248969386414,4.0054573802749065,1.4583889245986938,0.13007275353890246,0.4421951696276665,1
0.033154873014377445,0.0008957620175626358,2.133312338895013e-06,0.46491392416246197,5.714685490355591,1.3656743108769733,0.7322370539734908,0.43758490681648254,0.274666196484759,0.3751045686055226,1.5726633071899414,0.29787294390530406,0.1407034373887352,27.666554480657847,3.9611181355548055,1.5726633071899414,0.1407034373887352,0.43758490681648254,1
0.03174375954865709,0.0005184299547336654,1.96921951676402e-06,0.4312067561971226,5.552684187335199,1.5048251503546326,0.6645271813405336,0.37138722836971283,0.23865871866291855,0.35913964219537037,1.565807580947876,0.27903288796096604,0.12898128259621863,23.800226123525725,3.848827389119183,1.565807580947876,0.12898128259621863,0.37138722836971283,1
0.0402054366584697,0.0005256568614342422,1.939378209561778e-06,0.5537961792525931,5.568511769901028,1.440010135865234,0.6944380297616314,0.5724290907382965,0.31588151992764324,0.4548725904283221,1.74416983127594,0.37443726643869013,0.2069090735229721,39.25634664381058,3.859798233349768,1.74416983127594,0.2069090735229721,0.5724290907382965,1
0.035342520441582814,0.0008858926178880939,2.133320446314906e-06,0.48894065099974243,5.657759213342482,1.4210115438166446,0.7037222909629959,0.45203249901533127,0.28138756200496573,0.39985497389547814,1.645809292793274,0.3190478237870593,0.1598840001489535,30.600058905606645,3.9216598471433928,1.645809292793274,0.1598840001489535,0.45203249901533127,1
0.028956960799172808,0.0007739702972890082,2.098349759395424e-06,0.4041198856353726,5.696001593714982,1.3846032582281804,0.7222263429343727,0.34985050559043884,0.2366097375197569,0.32761061349836995,1.4866400957107544,0.26103162268805136,0.10732871407677835,20.904048891641168,3.948167445276494,1.4866400957107544,0.10732871407677835,0.34985050559043884,1
0.043708459194272735,0.000620631567852628,1.9999826228037802e-06,0.590930432732309,5.510019953274853,1.5285238050194903,0.6542246672868389,0.43433790653944016,0.32351787040533964,0.4945047662637721,1.8540486097335815,0.38197655050771573,0.24453496385758788,44.69744337013684,3.8192547955695044,1.8540486097335815,0.24453496385758788,0.43433790653944016,1
0.036630155168622114,0.0004368346618692713,1.8823311009267488e-06,0.5062059205828211,5.581482870381547,1.4256741733312464,0.701420847566548,0.5075102001428604,0.2906855616820394,0.41442289785037056,1.6597448587417603,0.34051368199720855,0.1717463382626987,32.79928755623698,3.8687891150765985,1.6597448587417603,0.1717463382626987,0.5075102001428604,1
0.03642067590858387,0.0008641169669741014,2.133314340791405e-06,0.49566893360160824,5.6268570853258675,1.4956564180057936,0.6686011313122437,0.44329026341438293,0.275499710765871,0.4120529105657148,2.4415533542633057,0.30735529400823225,0.16978760110567698,31.448024542432705,3.9002401242353755,2.4415533542633057,0.16978760110567698,0.44329026341438293,1
0.04220278701028669,0.0007610023703905856,2.0983346382112974e-06,0.5679929047251613,5.498401695269916,1.5520747309963396,0.644297523605811,0.4827248752117157,0.30763340227349545,0.4774700300791242,2.1228854656219482,0.37147561083520486,0.22797762962375978,41.29484029672014,3.8112016327903646,2.1228854656219482,0.22797762962375978,0.4827248752117157,1
0.030059595210348754,0.00041802164383470856,1.910434785684977e-06,0.40970618300370043,5.5255715242953904,1.4884993778195899,0.6718155710863807,0.3826092481613159,0.2284754047432216,0.3400854978073643,1.490779161453247,0.27461739293426035,0.11565814581888277,21.48597201810709,3.830034323175669,1.490779161453247,0.11565814581888277,0.3826092481613159,1
0.037517455444384167,0.0005608440725934,1.939387465625352e-06,0.5215423466768597,5.640803453042079,1.4006358587929129,0.7139597617766199,0.5448624938726425,0.30304918430920225,0.4244615545214112,1.729353904724121,0.34458517136977207,0.18016761126673292,34.81682168028233,3.9099070096969193,1.729353904724121,0.18016761126673292,0.5448624938726425,1
0.0285793391176587,0.0003915481261659846,1.9104326791932493e-06,0.3846921813210742,5.471425806158971,1.55135148786885,0.64459725284269,0.3376300036907196,0.2084236321679782,0.3233383118708229,1.2643094062805176,0.2543127577700943,0.10454766392347353,18.942473519304478,3.7925033713100165,1.2643094062805176,0.10454766392347353,0.3376300036907196,1
0.03311695594821224,0.0005858542027467173,1.999968317299467e-06,0.4565380273767682,5.602875811659711,1.4363382475086859,0.6962129796139596,0.42766081541776657,0.2608547023110077,0.3746755859717928,1.81362783908844,0.30333964081287945,0.1403817947233063,26.678652216457053,3.8836175720074437,1.81362783908844,0.1403817947233063,0.42766081541776657,1
0.04037786297853383,0.00036267259152663613,1.8285640196186434e-06,0.5439621490973695,5.468795488093679,1.5469350389055274,0.6464381411144731,0.5287722796201706,0.29530869756126776,0.4568233715510804,2.2966413497924805,0.36323465152963763,0.20868759279529642,37.87453691528049,3.790680173759083,2.2966413497924805,0.20868759279529642,0.5287722796201706,1
0.03188001484919623,0.000982527589917091,2.1694796552532973e-06,0.4474405021799746,5.740486238829391,1.3621567237204335,0.7341278797529569,0.4565025418996811,0.26478685504116584,0.3606811949471118,1.690114974975586,0.28407820427014485,0.13009092438847647,25.625984382856686,3.9790018516157564,1.690114974975586,0.13009092438847647,0.4565025418996811,1
0.03211750527580662,0.0006939305094282855,2.03173644940891e-06,0.45366358987728567,5.704531110444428,1.3378095523830527,0.7474884943047164,0.49755748361349106,0.27161421575874556,0.3633680924050813,1.50045907497406,0.3032203486902745,0.1320363705781077,26.343763555884294,3.954079655749048,1.50045907497406,0.1320363705781077,0.49755748361349106,1
0.034334232620468565,0.0006315273043793191,1.999990880216264e-06,0.47617835728234875,5.648872641705466,1.4103991335660515,0.7090173283982186,0.47993240505456924,0.2754167172679445,0.38844749940431506,1.689787745475769,0.3092913976740874,0.15089145979346533,29.02346597684687,3.915500145068354,1.689787745475769,0.15089145979346533,0.47993240505456924,1
0.03416924218303046,0.0006661921627490271,2.064259317925083e-06,0.4707074003338847,5.60691761737087,1.4394956129580438,0.6946859748816776,0.4501330405473709,0.26855298634473,0.3865808456900203,1.6051671504974365,0.3108887885416607,0.14944475025441128,28.360378461322753,3.886419138240504,1.6051671504974365,0.14944475025441128,0.4501330405473709,1
0.03978782786369247,0.0004975168555185401,1.910433913875496e-06,0.5514083372480183,5.590794082271875,1.4135058804256415,0.7074592276981907,0.6107713580131531,0.3184619834210025,0.4501478862576002,1.6985448598861694,0.3750000621223535,0.2026331195021854,38.91854776148791,3.8752431553459763,1.6985448598861694,0.2026331195021854,0.6107713580131531,1
0.03158498422613952,0.000631828698789501,2.031684174128087e-06,0.4343087244578257,5.631493348311809,1.4476736273361128,0.6907614967184058,0.3606262654066086,0.24683968660610844,0.3573433044795743,1.861278772354126,0.2750251881766985,0.12769423725638174,24.143880721943496,3.9034537368524154,1.861278772354126,0.12769423725638174,0.3606262654066086,1
0.03063341294536237,0.0006224386579096293,2.0317336388831663e-06,0.42074504373439925,5.602764919892778,1.452795395328612,0.688326186788772,0.3786597177386284,0.23855906035169028,0.34657750439285606,1.5053848028182983,0.2754507738727625,0.12011596655118015,22.659378153863877,3.8835407076918447,1.5053848028182983,0.12011596655118015,0.3786597177386284,1
0.024837742570171857,0.00021916806185421576,1.777766802310368e-06,0.3217222880707537,5.254234638304772,1.7938127202318603,0.5574698128202221,0.17944109067320824,0.15665346557216253,0.28100697921174894,1.3069710731506348,0.1984680793091229,0.07896492236571231,13.248669522109571,3.6419579256693555,1.3069710731506348,0.07896492236571231,0.17944109067320824,1
0.02632480691152932,0.0012585245157891699,2.28569845171904e-06,0.384611963594513,5.86735016809652,1.223841521971629,0.8170965149095271,0.4455897808074951,0.24335764585703146,0.29783119168910205,1.219835877418518,0.25036727537462866,0.08870341874295065,18.934574405123453,4.066937226502024,1.219835877418518,0.08870341874295065,0.4455897808074951,1
0.024888982427393812,0.000553937551267638,2.0644855283518705e-06,0.33650879152668195,5.52780491783801,1.5283076094690375,0.6543162139039773,0.2979177236557007,0.18424739252441213,0.28158669201988773,1.410262107849121,0.21987545139069198,0.07929106512270309,14.494485347167732,3.8315823936128166,1.410262107849121,0.07929106512270309,0.2979177236557007,1
0.027847680245722824,0.000443713187629067,1.939375478770764e-06,0.3834570935516228,5.569069416391235,1.4414122301194299,0.693761857379288,0.40922578424215317,0.2185776768710639,0.31506053667304434,1.3632527589797974,0.2590204085767027,0.09926314176870674,18.82103585216742,3.8601847644422045,1.3632527589797974,0.09926314176870674,0.40922578424215317,1
0.028212853371445037,0.00047706239547344576,1.9692110730662113e-06,0.38371279296715793,5.546818319453955,1.4988352311506685,0.6671826537807627,0.33587200939655304,0.21296003212046344,0.3191919989691286,1.3677979707717896,0.24876370797414893,0.10188353220590818,18.846144958292097,3.8447614793357614,1.3677979707717896,0.10188353220590818,0.33587200939655304,1
0.03438109468374885,0.0002816614458802929,1.802803445941367e-06,0.45247930320306823,5.3373905985879855,1.6827373028621406,0.5942682957489287,0.32878733426332474,0.23115769910509698,0.38897768312792913,1.6313397884368896,0.28958201662635474,0.15130363797157165,26.206402537873174,3.699597245086421,1.6313397884368896,0.15130363797157165,0.32878733426332474,1
0.031038293658751704,0.0007140311466464218,2.0645037431534413e-06,0.4325088371275712,5.666437214324203,1.39077402070623,0.7190220247147142,0.4404932036995888,0.25249120384251,0.35115820676100395,1.3299487829208374,0.28592453581427435,0.12331208617560399,23.944178456760824,3.9276749790567713,1.3299487829208374,0.12331208617560399,0.4404932036995888,1
0.030843906597370237,0.0004982244639232433,1.939382996255667e-06,0.42890928294926534,5.623436434411106,1.3993013471340578,0.714640299882439,0.43294133991003036,0.2493808563303901,0.3489589682125598,1.243959665298462,0.28768218851246274,0.1217723614959743,23.54728614400678,3.8978691096981297,1.243959665298462,0.1217723614959743,0.43294133991003036,1
0.035219569110988724,0.000567886259600149,1.9999842398127006e-06,0.47641982182395054,5.515246473412166,1.5257711430388887,0.655404642387719,0.3877013549208641,0.26115577044402016,0.3984639383815743,1.602980375289917,0.31392390738631093,0.15877351019055505,29.052908368225893,3.822877543266823,1.602980375289917,0.15877351019055505,0.3877013549208641,1
0.024474811022558118,0.0002260030780930905,1.777765144858305e-06,0.3225660247064171,5.341329600751359,1.6735908623878306,0.5975154448355787,0.23409995436668396,0.16545314849645365,0.2769008774769617,1.3508491516113281,0.20942381118629783,0.07667409594751134,13.318251557747315,3.702327553330182,1.3508491516113281,0.07667409594751134,0.23409995436668396,1
0.030144337633452877,0.0006238425899148394,2.031731909084409e-06,0.4156813609544939,5.620241430319468,1.4350403110765364,0.6968424929384641,0.3855440393090248,0.23765482143426198,0.341044248879862,1.3244855403900146,0.2737266798116025,0.11631117969402928,22.117247212157466,3.895654501620133,1.3244855403900146,0.11631117969402928,0.3855440393090248,1
0.02809133688073993,0.0006613292520308649,2.0644816196102472e-06,0.39088524216833864,5.661440960273747,1.396631021726362,0.7160064741444544,0.3586510792374611,0.22755988652079395,0.31781719681547144,1.2579971551895142,0.2527572833025289,0.10100777059164412,19.557282885760095,3.9242118396483363,1.2579971551895142,0.10100777059164412,0.3586510792374611,1
0.04265723577457955,0.001455994172724427,2.2856956857453567e-06,0.6012704052418669,5.750366701895475,1.345725844226575,0.7430918654305256,0.542908102273941,0.3586254458859912,0.4826115309260574,1.8490303754806519,0.3822621681738383,0.23291388978279287,46.275340828124016,3.9858504667326384,1.8490303754806519,0.23291388978279287,0.542908102273941,1
0.03602472048617962,0.00027777143891499995,1.7777705280812681e-06,0.48086457900099183,5.391805556461772,1.5972232083629807,0.6260850338406091,0.41248317807912827,0.25517609824601095,0.4075731863380408,2.0117695331573486,0.32201899516485355,0.16611590222174333,29.597535147238546,3.7373148197169233,2.0117695331573486,0.16611590222174333,0.41248317807912827,1
0.03281878418525051,0.0005784923674327635,1.9999829672258987e-06,0.452222272238157,5.586535992287139,1.4383380998565185,0.6952449544948371,0.44298893213272095,0.25814664688368794,0.3713021575630154,1.4205507040023804,0.30480986998213666,0.1378652922109503,26.176637889054945,3.872291672278487,1.4205507040023804,0.1378652922109503,0.44298893213272095,1
0.03768025557804998,0.0007603369468786871,2.0317389533293833e-06,0.5308111665444392,5.710460381411634,1.3479153837120226,0.7418845918239907,0.6158341467380524,0.3162686863943236,0.426303427777302,1.8786189556121826,0.3489474680106923,0.18173461253467738,36.06534329961835,3.958189513202744,1.8786189556121826,0.18173461253467738,0.6158341467380524,1
0.03851628741729379,0.0009440652518917385,2.1333180662867546e-06,0.541636133089066,5.6957842673585475,1.3546241248013855,0.7382104650775178,0.5984580367803574,0.32168484255089425,0.4357620483023766,1.6893203258514404,0.35992965744071626,0.18988856274068278,37.551321685462575,3.9480168061252696,1.6893203258514404,0.18988856274068278,0.5984580367803574,1
0.04572022665589776,0.0010205346346518042,2.1333208535377356e-06,0.6365174008613413,5.671331676955166,1.3944994785422704,0.7171017860868716,0.6237335652112961,0.37093259972607484,0.5172653168923401,2.0913503170013428,0.41391697314566045,0.267563408059733,51.85976340470752,3.931067562029777,2.0913503170013428,0.267563408059733,0.6237335652112961,1
0.04499634830065822,0.00037828366221485027,1.8028134791278713e-06,0.6198329500972807,5.548706326884725,1.439681881244558,0.6945965276679632,0.6346412599086761,0.3536028165835887,0.5090755681924354,1.851757287979126,0.4248896072531352,0.2591579341304509,49.17668941136614,3.8460701463632767,1.851757287979126,0.2591579341304509,0.6346412599086761,1
0.05412422093343239,0.0007674438489799912,2.0317288786878936e-06,0.7334173201350411,5.536337070738888,1.5170192889625609,0.6591863229517413,0.5167900323867798,0.4036505421063339,0.6123456583755029,2.886038064956665,0.4745480231903798,0.3749672053313281,68.85132358068037,3.8374964313401643,2.886038064956665,0.3749672053313281,0.5167900323867798,1
0.04509444432626519,0.0009970511680421768,2.098351915770854e-06,0.6372877862136918,5.745107282271709,1.3359182924501176,0.7485473068102356,0.6619448810815811,0.38189865421736613,0.5101853980310617,2.232822895050049,0.4090439460169364,0.26028914036411277,51.98537247451496,3.982204914849042,2.232822895050049,0.26028914036411277,0.6619448810815811,1
0.043230628473083364,0.001156074230982875,2.1694818118735217e-06,0.609407764854073,5.734193308214945,1.3453834970278598,0.7432809735189552,0.6358559131622314,0.36353852254978847,0.48909872877237587,1.787247657775879,0.39867384067088096,0.23921756648675407,47.53636145464795,3.9746399245028945,1.787247657775879,0.23921756648675407,0.6358559131622314,1
0.03853133690503594,0.000217247565442734,1.7066598097249976e-06,0.5104397578215141,5.34389422952543,1.641679111867456,0.6091310407998288,0.38360221683979034,0.26554051316634286,0.4359323138197503,1.681321620941162,0.33489857065319484,0.19003698223224125,33.3502395347054,3.704105218534112,1.681321620941162,0.19003698223224125,0.38360221683979034,1
0.04563935419131519,0.0014359882121206342,2.245603090813032e-06,0.6468164788645115,5.768909512898914,1.3254842814207983,0.7544397752210925,0.6331989616155624,0.3895559959782986,0.5163503494024585,2.190648078918457,0.41432845141503094,0.2666176833280409,53.55155933832769,3.998703363899329,2.190648078918457,0.2666176833280409,0.6331989616155624,1
0.04335849766683101,0.0008934641613716137,2.0317419749673167e-06,0.6272549454896976,5.804930053106364,1.254866935397497,0.7968956175740722,0.7108154147863388,0.39091427921084687,0.49054540355643694,2.004589080810547,0.4102102914921488,0.24063479295034756,50.36144213008429,4.023670899786367,2.004589080810547,0.24063479295034756,0.7108154147863388,1
0.025995893556480902,0.0003881425495827703,1.9104358424738024e-06,0.3515896248714173,5.50229992976514,1.5266425897062224,0.6550299373707049,0.2986375465989113,0.19265148493286688,0.2941099618686612,1.2560665607452393,0.23293158419573956,0.08650066967038532,15.822753832604667,3.813903683039892,1.2560665607452393,0.08650066967038532,0.2986375465989113,1
0.0460155855560328,0.0012056293491238778,2.206884161821333e-06,0.6330148637172688,5.672396055420446,1.4457051042674407,0.6917026689723108,0.5944871008396149,0.36010588871431537,0.5206069213910487,2.7632181644439697,0.39900589656463126,0.2710315666002655,51.29060066393502,3.9318053329620355,2.7632181644439697,0.2710315666002655,0.5944871008396149,1
0.04569065818205035,0.0009911396462744509,2.133318727612226e-06,0.6339008026930576,5.6478018292793895,1.4089294239737122,0.7097573863482939,0.6500284373760223,0.36689615462819347,0.5169307877984707,2.217471122741699,0.4206659247344078,0.2672174393739475,51.434269139827556,3.9147579144543077,2.217471122741699,0.2672174393739475,0.6500284373760223,1
0.04549485320912193,0.0012307660846902567,2.206880627571055e-06,0.6419765332536386,5.715327289656886,1.3415617565255331,0.7453984524520324,0.7351015210151672,0.38366888807649957,0.5147155074121069,2.3285396099090576,0.4288383852313018,0.26493205357050265,52.7531352637901,3.961562996930985,2.3285396099090576,0.26493205357050265,0.7351015210151672,1
0.04839364564200543,0.0016938513207589907,2.327256060016685e-06,0.6828527047525283,5.761590094143685,1.341719108155954,0.7453111217387391,0.6859240680932999,0.4080672300697188,0.5475115999968136,2.6670854091644287,0.4367373395270988,0.29976895213107085,59.68484049764399,3.9936299294258033,2.6670854091644287,0.29976895213107085,0.6859240680932999,1
0.03310662708494613,0.0006959549800126288,2.0644992168985914e-06,0.45570260907024446,5.613041788598664,1.4430607919998786,0.6929696487789517,0.49574629217386246,0.25955852331389906,0.37455872822367414,1.7350035905838013,0.3005296527757082,0.14029424088853618,26.581103092918788,3.8906640902603162,1.7350035905838013,0.14029424088853618,0.49574629217386246,1
0.03454675204082354,0.0004522208091537056,1.8823479030481237e-06,0.4771366597898069,5.617687457696693,1.4281970099392711,0.7001817218025819,0.45868854224681854,0.27366804401390254,0.39085188217658445,1.8849190473556519,0.31100821152722347,0.15276519380097864,29.140402190767862,3.8938842226974275,1.8849190473556519,0.15276519380097864,0.45868854224681854,1
0.049883586386777395,0.0008262517154181485,2.031739047736404e-06,0.6948835836328457,5.647988485818269,1.3921170306078223,0.7183291390912172,0.6560387909412384,0.4054029530961998,0.5643683552639239,2.3035330772399902,0.46475103272859997,0.3185116404233066,61.80648893471055,3.9148872949079667,2.3035330772399902,0.3185116404233066,0.6560387909412384,1
0.03812571265339836,0.0004935067419523046,1.910440126071256e-06,0.5223534212706813,5.580012502097331,1.464106762116999,0.6830087173560297,0.49912671744823456,0.2946118482868769,0.4313431992766039,2.0141773223876953,0.3427663383362187,0.18605695556217605,34.92519637928778,3.867769933446008,2.0141773223876953,0.18605695556217605,0.49912671744823456,1
0.04729042394448739,0.0006954690554663567,2.031719286934961e-06,0.6383745622371281,5.5263293701747545,1.5364223906237602,0.6508614669066943,0.5239444226026535,0.34823110790784995,0.5350300713013394,2.342848300933838,0.4093408992625598,0.2862571771967163,52.162826459064945,3.830559621910247,2.342848300933838,0.2862571771967163,0.5239444226026535,1
0.03027700145274461,0.0004655530041433524,1.9393815040593375e-06,0.4127751933792173,5.5545655862545,1.4872734990751983,0.6723693263594758,0.3741653934121132,0.23031753666873556,0.34254516865969065,1.774263620376587,0.2707982315821482,0.1173371925720959,21.80907011446403,3.8501314754756066,1.774263620376587,0.1173371925720959,0.3741653934121132,1
0.02274724279683395,0.00042876579022676093,1.9393795431384954e-06,0.3156392489749479,5.615750534823986,1.4082678682289536,0.7100894204166416,0.3228403106331825,0.182746251593926,0.2573556741590102,0.9111493825912476,0.21212137533166242,0.06623194302183863,12.752401343164049,3.8925416500692505,0.9111493825912476,0.06623194302183863,0.3228403106331825,1
0.0368638235209855,0.0006458041316576956,1.9999783673515914e-06,0.5183202026435944,5.665829607372217,1.3552031823046764,0.7378949631790853,0.5885027647018433,0.307752047014219,0.417066553474448,1.6763477325439453,0.35128098385558815,0.17394451002705458,34.387946555967574,3.927253818011112,1.6763477325439453,0.17394451002705458,0.5885027647018433,1
0.02786433441376942,0.0004553282640054289,1.9104412709870576e-06,0.3887377268560158,5.652925085381069,1.3859927152738072,0.7215022250072717,0.3746574744582176,0.22745354546350427,0.3152489570756166,1.3502782583236694,0.25486530403259167,0.09938190493726398,19.342978595991344,3.918309084976477,1.3502782583236694,0.09938190493726398,0.3746574744582176,1
0.032975191033096575,0.00039051007248708827,1.9102491688599345e-06,0.4421653763076714,5.471083085143664,1.5719227171736387,0.6361618854617127,0.3742895796895027,0.23733463163989654,0.37307169904679083,1.927331805229187,0.28340121096928783,0.13918249262965926,25.025308160678993,3.7922658152045363,1.927331805229187,0.13918249262965926,0.3742895796895027,1
0.03320123504269883,0.0006772975366535382,2.0317360181405697e-06,0.46149044603795214,5.655583084555707,1.4010919096694314,0.7137271515916677,0.4763830453157425,0.2680973978131078,0.3756290950793725,1.6610770225524902,0.3027929599002164,0.14109721707014825,27.260599268391424,3.920151469610307,1.6610770225524902,0.14109721707014825,0.4763830453157425,1
0.03661442125409969,0.0003503066392226427,1.8550440799180934e-06,0.4885902954353386,5.408879085917491,1.598916744500233,0.6254219235707618,0.3958086892962456,0.2590784606845773,0.41424488892791594,1.6903727054595947,0.3217315503078453,0.1715988280029014,30.556221029579707,3.7491492885213624,1.6903727054595947,0.1715988280029014,0.3958086892962456,1
0.03997084766273937,0.0009275157395082434,2.1333069246267926e-06,0.555576176600773,5.665094833974404,1.4011704828403322,0.7136874498365541,0.6315440237522125,0.3227433952197316,0.4522185189135595,2.2982969284057617,0.3679320636939565,0.20450158884837338,39.50910566481066,3.9267445119020685,2.2982969284057617,0.20450158884837338,0.6315440237522125,1
0.02781048522472999,0.00039580742125388575,1.9393766080503373e-06,0.3658603103149865,5.389686536412403,1.68529991523228,0.5933643102533672,0.2544505372643471,0.18669657560894848,0.3146397230479178,1.7713383436203003,0.22967443124571219,0.09899815531967043,17.133282132963615,3.7358460269441527,1.7713383436203003,0.09899815531967043,0.2544505372643471,1
0.03823657048486019,0.0006154350409178264,1.969221521014494e-06,0.5376394137874629,5.666306359012065,1.355075665586253,0.7379644648512154,0.5828025490045547,0.3192422559513943,0.4325974124665926,1.7897320985794067,0.3643077780791373,0.18714052127279127,36.99918582498903,3.9275842770661007,1.7897320985794067,0.18714052127279127,0.5828025490045547,1
0.03897241689036035,0.0003165831559500191,1.8285567711962708e-06,0.5126470093054971,5.331518933256027,1.6859804457678593,0.593125344094827,0.40555301308631897,0.2615229407347215,0.44092256419844716,2.301097869873047,0.3326058300257273,0.19441270761933374,33.639290387183415,3.69552731681638,2.301097869873047,0.19441270761933374,0.40555301308631897,1
0.040614856674949254,0.0007905781034362505,2.0645003736320605e-06,0.565317764382146,5.648231530421727,1.3953907892769908,0.7166435606661352,0.5753137320280075,0.3293017645519285,0.4595046491484213,1.897420048713684,0.3745427383220772,0.21114452258901378,40.90677436493152,3.9150557605896035,1.897420048713684,0.21114452258901378,0.5753137320280075,1
0.02859276079584094,0.0007958472023871574,2.1333178772516763e-06,0.39489283863858043,5.659534447738341,1.4283209392965792,0.7001205969982535,0.3364346921443939,0.2264828246406978,0.32349016082534393,1.618171215057373,0.25201723034820134,0.10464588415080689,19.9603653130286,3.9228903458597184,1.618171215057373,0.10464588415080689,0.3364346921443939,1
0.036012548667361345,0.0006566148024769475,1.9999853966622225e-06,0.5080393652841801,5.683447267140904,1.3425431547622038,0.7448531855996838,0.5677909702062607,0.3034803585142072,0.40743547792802837,1.665427565574646,0.34311720242601496,0.16600366867444089,33.03731157482913,3.939465449207842,1.665427565574646,0.16600366867444089,0.5677909702062607,1
0.03991532003584742,0.001226484075966318,2.206886560453023e-06,0.563489998722473,5.7610280632758295,1.339923286609101,0.7463097295211562,0.6544801592826843,0.3370269776205532,0.45159029552926366,2.161083936691284,0.36110358968107903,0.20393379501620768,40.642685268512324,3.9932403593143615,2.161083936691284,0.20393379501620768,0.6544801592826843,1
0.040983729306810275,0.0010369896580044188,2.133325575527841e-06,0.577792680696302,5.7304995530465535,1.3449994872336708,0.7434931037722362,0.5957076847553253,0.34474211401538923,0.4636779665785502,2.0193557739257812,0.3785067644685114,0.21499725669041914,42.732080878876005,3.972079608522244,2.0193557739257812,0.21499725669041914,0.5957076847553253,1
0.029138086092272357,0.0007293775991262764,2.0644977709502215e-06,0.4125373507843632,5.730799436607995,1.3291926772352716,0.7523340924952227,0.44803550839424133,0.24801506802759832,0.32965981226629143,1.3523740768432617,0.27453657828982614,0.1086755918234465,21.783944421399134,3.972287471967354,1.3523740768432617,0.1086755918234465,0.44803550839424133,1
0.03858585985162349,0.0007011174865891715,1.9999860069292394e-06,0.54761979231663,5.716639356246863,1.3203793799633567,0.7573563511271245,0.594910278916359,0.330624044247088,0.43654917054394754,1.6215016841888428,0.36373485181820797,0.19057517830260862,38.38559192792436,3.9624724521885324,1.6215016841888428,0.19057517830260862,0.594910278916359,1
0.022202243990049574,0.000801817247922337,2.169470785579782e-06,0.31061879377823004,5.74205451948012,1.374700863507256,0.7274280867256303,0.3098340108990669,0.18272318232629914,0.2511897165267572,1.5334395170211792,0.1930491860875918,0.06309627368879264,12.349956486175053,3.9800889009271345,1.5334395170211792,0.06309627368879264,0.3098340108990669,1
0.037176290612331714,0.0006940862286615866,2.031730110222724e-06,0.5184626211509789,5.6490884705198425,1.387454498492879,0.7207426431250332,0.5608663260936737,0.3031463125589653,0.4206017150614647,1.6869667768478394,0.34694442499983325,0.17690580271264555,34.40684665993516,3.9156497462025217,1.6869667768478394,0.17690580271264555,0.5608663260936737,1
0.03489511187958892,0.0009507072886833656,2.1333246768136053e-06,0.4868297207633707,5.725245553322575,1.3859510323742215,0.7215243855485833,0.4419339820742607,0.28485358762554824,0.3947931238451293,1.7369967699050903,0.3012636323546758,0.1558616106353956,30.33640665837331,3.968437813426906,1.7369967699050903,0.1558616106353956,0.4419339820742607,1
0.03544432469060488,0.00071354731675399,2.0317300263319355e-06,0.49897143211370076,5.69979213852166,1.3505197776358357,0.740453803670473,0.5589474886655807,0.2969277193369635,0.4010067574928718,1.7735974788665771,0.3282583838011419,0.16080641955494687,31.868478728396475,3.9507948507220285,1.7735974788665771,0.16080641955494687,0.5589474886655807,1
0.03935616977287712,0.00043356363650196256,1.9104337205746656e-06,0.5152185045546481,5.412934259502862,1.7177735346226914,0.5821476079308842,0.3910830616950989,0.2592100899637444,0.44526423244688706,2.4215099811553955,0.3069687869826794,0.1982602366965155,33.977613751747576,3.751960120658741,2.4215099811553955,0.1982602366965155,0.3910830616950989,1
0.04236128438157095,0.0003854235637926488,1.855062793051117e-06,0.5678104101666833,5.427176829727021,1.573976006694339,0.6353323743279172,0.5206054002046585,0.3044920768152224,0.47926322313568964,2.1659207344055176,0.3821916807780781,0.22969323705040987,41.26830872238811,3.761832318053546,2.1659207344055176,0.22969323705040987,0.5206054002046585,1
0.039254045245791666,0.00036382211870112,1.8285662501570513e-06,0.5275125244206986,5.4616213722595575,1.5600848613020974,0.6409893289202767,0.38878756016492844,0.2846696588967461,0.44410882531684553,1.6744880676269531,0.34280138939402605,0.1972326487243084,35.61849131784937,3.785707455595651,1.6744880676269531,0.1972326487243084,0.38878756016492844,1
0.03838470106122197,0.0008313687592932077,2.0983476385356896e-06,0.528071921725569,5.632564389237232,1.4454381426755356,0.6918301570878587,0.4915079399943352,0.30044407007517293,0.4342733186273364,2.035749673843384,0.3396407372874819,0.18859331527160006,35.694074177911745,3.9041961258501368,2.035749673843384,0.18859331527160006,0.4915079399943352,1
0.03128489875471705,0.00035045736423121787,1.855058453163651e-06,0.4237318703259148,5.479492128252867,1.5193660596693301,0.6581673773558195,0.3893848955631256,0.23295783309004037,0.3539482249311201,1.544182538986206,0.28561924559028284,0.12527934593189077,22.982233335026926,3.7980945197268894,1.544182538986206,0.12527934593189077,0.3893848955631256,1
0.035539478305392884,0.000711706867690606,2.0983373884359628e-06,0.47716083439933743,5.505879816184361,1.5649709725808956,0.6389878984848979,0.3439611345529556,0.2569270004350983,0.402083297753208,1.5685678720474243,0.3022264029818871,0.16167097833209493,29.143355121238002,3.8163850712180993,1.5685678720474243,0.16167097833209493,0.3439611345529556,1
0.02726381139590112,0.00043003664872727536,1.9393591126964893e-06,0.3699544784170493,5.541610589839233,1.51011245270757,0.6622001932714533,0.3537250906229019,0.2042595001130394,0.30845481470452407,1.6653296947479248,0.2408696185813426,0.09514437271440226,17.518888460906368,3.841151756236199,1.6653296947479248,0.09514437271440226,0.3537250906229019,1
0.025907174255698145,0.0002163038074635496,1.777763060876339e-06,0.33695163773789893,5.244424364090946,1.7634887669104737,0.5670558310564703,0.2163490578532219,0.166208156842913,0.2931062175613713,1.4267442226409912,0.21775975954778914,0.08591125477313391,14.532659990304293,3.635157961757523,1.4267442226409912,0.08591125477313391,0.2163490578532219,0
0.03789978713369927,0.0007878900963095698,2.0983477530682753e-06,0.5119335889340706,5.564743484661435,1.5331673242620956,0.6522430083273901,0.4337620586156845,0.27967406884999946,0.42878714380424676,2.0636372566223145,0.3213574108594912,0.1838584146918038,33.54572793330151,3.8571862570603987,2.0636372566223145,0.1838584146918038,0.4337620586156845,0
0.028477669076002687,0.00031651423605037553,1.8285642490026779e-06,0.3818525708617034,5.477229108595436,1.5719997599759217,0.6361304382435029,0.3248394653201103,0.2049542594468221,0.3221880466564471,1.77410089969635,0.24510608963100822,0.10380513740829694,18.663857391832604,3.7965259140317897,1.77410089969635,0.10380513740829694,0.3248394653201103,0
0.0226855238552286,0.00047455229297496264,1.9999800144524008e-06,0.31090795946161787,5.5672525398492585,1.4626612665984746,0.6836826315201744,0.3196331039071083,0.1754728930791316,0.25665740404482135,1.1305779218673706,0.20884250482481548,0.06587302305102669,12.37296118484314,3.858925401589707,1.1305779218673706,0.06587302305102669,0.3196331039071083,0
0.02339154158808588,0.0005557528436405999,2.0317242431470063e-06,0.3239445097603387,5.644981413337238,1.4165512504123392,0.705937198585303,0.3251206651329994,0.1868235143574566,0.26464508286948274,1.1930609941482544,0.21164749130076643,0.07003701988699539,13.43232581169487,3.9128029510960016,1.1930609941482544,0.07003701988699539,0.3251206651329994,0
0.030605055288925986,0.0003437438344869519,1.855060931081705e-06,0.4128169248756058,5.466682398796975,1.540454003465033,0.6491573975776068,0.3816011920571327,0.22477573063224554,0.34625667413422045,1.4991669654846191,0.2749991509044776,0.11989368438249173,21.813480123360197,3.7892154918708005,1.4991669654846191,0.11989368438249173,0.3816011920571327,0
0.020262092287612315,0.0002560038560518726,1.855039804736966e-06,0.26623563528975025,5.342273260502199,1.6931664328029492,0.5906068171407302,0.21369105949997902,0.13539094638326787,0.22923940572157303,1.172139286994934,0.17048374114830267,0.05255070513557997,9.072820927761523,3.7029816484258844,1.172139286994934,0.05255070513557997,0.21369105949997902,0
0.029697806295059106,0.000387787655033284,1.8823379134284002e-06,0.40313051813429274,5.525891420877817,1.5082947303222505,0.6629984204325454,0.3438218906521797,0.2227630427441909,0.33599232348161334,1.6029396057128906,0.2646244172776733,0.11289084143857309,20.801819475356584,3.830256058589848,1.6029396057128906,0.11289084143857309,0.3438218906521797,0
0.03203291804244511,0.0005176926031349919,1.9692142727169607e-06,0.43716277720235736,5.562570926765268,1.4823873854451302,0.6745856383619521,0.38807661831378937,0.2444779958750587,0.3624110971040936,1.6715409755706787,0.28516889571210413,0.13134180330419276,24.462245602723577,3.855680354680066,1.6715409755706787,0.13134180330419276,0.38807661831378937,0
0.03403487996301383,0.00026925642530639893,1.7777706749602616e-06,0.4502249185064161,5.371164200751519,1.6504681323719195,0.6058871318990884,0.3720415309071541,0.23330393549986184,0.38506071069947573,1.560498595237732,0.29137771459136275,0.14827175092438533,25.945917087245952,3.723007322203426,1.560498595237732,0.14827175092438533,0.3720415309071541,0
0.03097200833191975,0.0002756177551268118,1.777746419104455e-06,0.4226134267127182,5.498589155975628,1.483181888682286,0.6742242160755393,0.4684619680047035,0.23625441799777036,0.3504082738954673,1.4508806467056274,0.2869501425668375,0.12278595841440083,22.86106988004685,3.811331570649995,1.4508806467056274,0.12278595841440083,0.4684619680047035,0
0.033243357235450785,0.0006005126378037278,1.999990414934243e-06,0.4578375935505823,5.600629714004613,1.4406076241423922,0.6941496937967553,0.4688376113772392,0.26107431821583305,0.3761056532895061,1.4485958814620972,0.3039228172631283,0.14145546243632617,26.83075354472809,3.882060695750549,1.4485958814620972,0.14145546243632617,0.4688376113772392,0
0.034089197866464374,0.0004905158448810689,1.9393847760085595e-06,0.46326975144506644,5.537250584854531,1.5026800121001103,0.6654759490373037,0.4798797070980072,0.2566582669096533,0.3856752476253912,2.0362985134124756,0.30877826831556376,0.1487453966309068,27.471214413308626,3.8381296310738264,2.0362985134124756,0.1487453966309068,0.4798797070980072,0
0.029991524193075023,0.0011579090003916981,2.2856870419435344e-06,0.4239428105997738,5.734942906122175,1.3350949932246121,0.7490081664395517,0.43937089294195175,0.25415072626492474,0.33931536216069996,1.4826017618179321,0.2778236287069831,0.11513491499824699,23.005120852382166,3.9751595061788443,1.4826017618179321,0.11513491499824699,0.43937089294195175,0
0.031620976996844755,0.0006840955347829545,2.031736322638875e-06,0.4426865250406223,5.697262834014706,1.3720525816428624,0.7288330040284579,0.43495286256074905,0.26074111224443186,0.3577505161954041,1.511365294456482,0.2862811195197992,0.1279854318380781,25.084334009925314,3.949041670434256,1.511365294456482,0.1279854318380781,0.43495286256074905,0
0.030908692566570743,0.0005113451695249767,1.9692158568985296e-06,0.4238501532709106,5.568671228260349,1.4600374961807694,0.6849119580587131,0.40477125346660614,0.23950887473620242,0.3496919377829185,1.422345757484436,0.2822236539645928,0.12228445135037254,22.995065910755123,3.8599087614619463,1.422345757484436,0.12228445135037254,0.40477125346660614,0
0.03673145092372012,0.0001466057667365891,1.6410194806204414e-06,0.4726512904614193,5.128776302564467,1.845575317904989,0.5418351578310372,0.29473602771759033,0.22517039779631887,0.415568928495734,1.807722806930542,0.3056979249950018,0.17269753433109247,28.59510302398015,3.5549968339732203,1.807722806930542,0.17269753433109247,0.29473602771759033,0
0.03806715145142827,0.00036653763399459327,1.8550628612277444e-06,0.5043856696620134,5.406552708094596,1.6405355192716946,0.6095556398213958,0.3740171194076538,0.26252443171688356,0.4306806549081641,1.970676302909851,0.32257725973477136,0.1854858265121251,32.563827681330906,3.747536766292505,1.970676302909851,0.1854858265121251,0.3740171194076538,0
0.048780304578163736,0.0008805852190623054,2.0983425099926517e-06,0.6657517845074273,5.573251469026937,1.4821565113487467,0.6746913570722451,0.7051410675048828,0.3723534878154169,0.5518861464890363,2.2767112255096436,0.44118978220581084,0.3045783186865181,56.732856137577464,3.8630835424355934,2.2767112255096436,0.3045783186865181,0.7051410675048828,0
0.034976420019314496,0.0011840862593331444,2.2455632265860616e-06,0.4908016061325233,5.746217393029186,1.3629288785921092,0.7337121464147713,0.48868316411972046,0.29034018330094113,0.39571302043657913,1.8507037162780762,0.3103135051802042,0.1565887945430405,30.833435722529863,3.982974384990699,1.8507037162780762,0.1565887945430405,0.48868316411972046,0
0.03150911901297111,0.0001542918604084324,1.6622783602332193e-06,0.4141205357901278,5.26498908605325,1.6915310431943997,0.591178742396706,0.3458017185330391,0.21074693781520182,0.35648498757257363,1.602161169052124,0.27531972552137063,0.12708154636461796,21.951464724877123,3.649412340804692,1.602161169052124,0.12708154636461796,0.3458017185330391,0
0.042850399055890546,0.0005066642231680675,1.910440645067398e-06,0.5824070783519837,5.54690090061108,1.502064676620783,0.6657489207020076,0.5337231159210205,0.32275369465060066,0.4847969239835174,2.3537652492523193,0.37838463932484956,0.2350280575038804,43.417344629055194,3.84481872023199,2.3537652492523193,0.2350280575038804,0.5337231159210205,0
0.028151006220486694,0.0006552883315093587,2.0644996711200217e-06,0.3876325505799264,5.634473267506422,1.4414269034277203,0.6937548188106624,0.3526816591620445,0.22095624660141766,0.3184922783316932,1.596102237701416,0.2481300867293612,0.10143733135691271,19.2331512664447,3.905519259440458,1.596102237701416,0.10143733135691271,0.3526816591620445,0
0.05087179698157797,0.00047074912078728985,1.8823462420840432e-06,0.675353052924925,5.440646151662634,1.6289047327456694,0.6139083780823338,0.5151039361953735,0.35333477170206606,0.575548681869106,2.5323522090911865,0.42371925301267765,0.3312562852012654,58.381023500162115,3.771168540577271,2.5323522090911865,0.3312562852012654,0.5151039361953735,0
0.03225305198517874,0.0003741034855204603,1.8823310316819886e-06,0.43457834033436055,5.469403868213611,1.5460665493608081,0.6468009154950842,0.39019903540611267,0.23601935409169528,0.36490162836291407,1.838934063911438,0.29077816391139777,0.13315319838190626,24.173866737634214,3.7911018707239235,1.838934063911438,0.13315319838190626,0.39019903540611267,0
0.0257448995186264,0.0004556744680057189,1.9692159507260163e-06,0.34950537377913354,5.522116240510509,1.5078245980581368,0.663204836996561,0.32623855769634247,0.19317252740438562,0.2912702884893922,1.227035403251648,0.23247720648896575,0.08483838095669376,15.635712806462958,3.827639302962143,1.227035403251648,0.08483838095669376,0.32623855769634247,0
0.030085982754360956,0.000907623908886144,2.1333242259679457e-06,0.424784910685676,5.763563195535983,1.3394208389126614,0.7465891474126551,0.40933807939291,0.2541277759009972,0.3403840387883225,1.456865668296814,0.26761095375331934,0.11586129386185025,23.096604204318428,3.9949975790928356,1.456865668296814,0.11586129386185025,0.40933807939291,0
0.022885828884050715,0.0003296333940647901,1.8823278398042076e-06,0.31141784928242705,5.508384656685973,1.496402024102243,0.6682670310284367,0.3142425864934921,0.17303077153155755,0.2589235967517955,1.0966434478759766,0.21000455549810226,0.0670414289548864,12.413577837016636,3.818121294349544,1.0966434478759766,0.0670414289548864,0.3142425864934921,0
0.03002921829675905,0.0004689549038051866,1.939373850071309e-06,0.4137083786038383,5.581006256478585,1.439143284587704,0.6948557987981098,0.40396321564912796,0.23607227014872478,0.3397418222619116,1.5916483402252197,0.27879319002897773,0.11542450579384432,21.90779168345815,3.868458751493546,1.5916483402252197,0.11542450579384432,0.40396321564912796,0
0.025139571885007792,0.0004319850491997415,1.939358406853694e-06,0.34650155433424307,5.588232592099658,1.4371414922627663,0.6958232640912969,0.4042956829071045,0.19790799279508065,0.284421788096251,1.3581346273422241,0.23272412082508254,0.08089575354386871,15.368105875973937,3.873467665655073,1.3581346273422241,0.08089575354386871,0.4042956829071045,0
0.028620054352711623,0.0001681172363645521,1.706622974447336e-06,0.36859776504099795,5.180433421698304,1.8385044529910688,0.54391867805733,0.21845276653766632,0.17612084194024646,0.3237989521716793,1.4852670431137085,0.23126753567345304,0.10484576142747745,17.390631986331996,3.590802820456689,1.4852670431137085,0.10484576142747745,0.21845276653766632,0
0.024136592240828227,0.0002783226096104758,1.8028096239427326e-06,0.32819989277466255,5.5113837073375995,1.4999205877725628,0.6666995214009009,0.28964490443468094,0.18205921766639221,0.27307436877158797,1.1189072132110596,0.21724700949130238,0.07456961088000123,13.7875417110144,3.8202000778530745,1.1189072132110596,0.07456961088000123,0.28964490443468094,0
0.02759261950982301,0.0005028166808999779,1.9998978601222726e-06,0.37421411009011746,5.532690892267489,1.5127929075492204,0.6610268938246996,0.31468474864959717,0.20635663500252122,0.3121748538575373,1.373414397239685,0.24629057753941197,0.09745313938097477,17.92463362438893,3.834969093012897,1.373414397239685,0.09745313938097477,0.31468474864959717,0
0.019036575056569492,0.0003952100663333748,1.9692061789319695e-06,0.2599799048837207,5.546461649066239,1.4790751543051963,0.6760950273760482,0.2461715191602707,0.14561414298805175,0.21537426100907156,0.8832781314849854,0.17416008990176124,0.04638607230520368,8.651462520748604,3.8445142542621284,0.8832781314849854,0.04638607230520368,0.2461715191602707,0
0.0322647299518443,0.00035232559393121574,1.8822821177779087e-06,0.4309713190329915,5.407774217758937,1.59334064649095,0.6276104627953207,0.3285515382885933,0.22909962805351824,0.365033749473629,1.545676827430725,0.28633625879353986,0.13324963825477615,23.77424356211668,3.7483834522723707,1.545676827430725,0.13324963825477615,0.3285515382885933,0
0.03316123830294529,0.00037222789055325206,1.855063005395847e-06,0.4518744118282738,5.5200471103304505,1.4896287538153334,0.6713064124428955,0.42781318724155426,0.25185911769222,0.3751765836248911,1.5884571075439453,0.3030626074969405,0.14075746890044488,26.136381960338998,3.826205091211624,1.5884571075439453,0.14075746890044488,0.42781318724155426,0
0.031152865299000725,0.0002004321506776813,1.72971335678448e-06,0.4053242420650284,5.262261609208114,1.7608726023590775,0.5678986437872714,0.28583312034606934,0.20015896461154625,0.35245443690103195,2.1051034927368164,0.2588944679799283,0.1242241300912235,21.028830874315485,3.6475217979194445,2.1051034927368164,0.1242241300912235,0.28583312034606934,0
0.03534505477495839,0.00047062843610719084,1.9104417031008792e-06,0.4786807826112069,5.540098433949948,1.5198181252613305,0.6579718208761889,0.3506932035088539,0.263112829066813,0.39988364660452863,1.5263911485671997,0.3025946031411877,0.15990693082173554,29.32931733008352,3.840103609644972,1.5263911485671997,0.15990693082173554,0.3506932035088539,0
0.03220056555974775,0.00030984782492832175,1.8285488626597389e-06,0.4267267238410213,5.413399842412711,1.6395047004763998,0.6099386325549608,0.3390974849462509,0.22220601876870205,0.3643078122454341,1.9093130826950073,0.26955824572715414,0.13272018206305447,23.30824919553168,3.752282838140022,1.9093130826950073,0.13272018206305447,0.3390974849462509,0
0.02456460746982298,0.000593196294997481,2.0644975207343875e-06,0.335967361344065,5.595902593227089,1.4722054313420956,0.6792505859065213,0.3212175890803337,0.18877583412540844,0.2779168083055608,1.2615801095962524,0.21790531638805533,0.07723775233874983,14.447880689727175,3.878784105311443,1.2615801095962524,0.07723775233874983,0.3212175890803337,0
0.031965899632785795,0.0003849338039894329,1.8550670231041043e-06,0.4375408655342144,5.554411428526026,1.4685182255983715,0.6809566388035422,0.3990354835987091,0.2462706039659679,0.3616528703531425,1.4142996072769165,0.2898697333657765,0.13079279863466686,24.504577153590972,3.850024621480751,1.4142996072769165,0.13079279863466686,0.3990354835987091,0
0.03277047022267884,0.0005111291024905774,1.969219056994818e-06,0.44310924601601365,5.516890144040218,1.5278515492210896,0.654512084843652,0.3976775333285332,0.24266464085667394,0.3707555474740486,1.6344832181930542,0.28980441810654156,0.1374596759827815,25.132262899824653,3.8240168489284265,1.6344832181930542,0.1374596759827815,0.3976775333285332,0
0.028611601552002233,0.0007060837857457822,2.098345513454158e-06,0.391762645432424,5.608926746577215,1.4669281491405768,0.6816945406268815,0.39047320932149887,0.22066746748168953,0.3237033196484532,1.590988278388977,0.2543501314307832,0.10478383915142869,19.645180205595032,3.8878117604852624,1.590988278388977,0.10478383915142869,0.39047320932149887,0
0.040654082105597796,0.0006730682927628995,1.9999908691168865e-06,0.5644980000479726,5.632974944039969,1.405411168311363,0.7115339968797062,0.5871032923460007,0.32726965930487495,0.45994843423652604,2.0030317306518555,0.3748486168699401,0.21155256215663193,40.788222983444584,3.9044807007541182,2.0030317306518555,0.21155256215663193,0.5871032923460007,0
0.02907076798906438,0.00047583253943058113,1.9692027122300235e-06,0.39323299143664103,5.514956631879027,1.5259154607602914,0.6553423077950092,0.38415027409791946,0.21554155739795533,0.3288981948698918,1.571778655052185,0.2594065415686373,0.10817402258867331,19.7929197509388,3.822676640425319,1.571778655052185,0.10817402258867331,0.38415027409791946,0
0.018467770178204126,0.0001484058124046545,1.7066223015999367e-06,0.2390009213347076,5.234293850235246,1.8005325696032013,0.555388572702503,0.139263816177845,0.11604287084264797,0.20893896842244536,1.170554757118225,0.14790472603300486,0.043655492525435616,7.311544371051403,3.628136024640821,1.170554757118225,0.043655492525435616,0.139263816177845,0
0.02314419229459159,0.0003121143297683129,1.8550607005110806e-06,0.3117151579103043,5.491268760824388,1.5482592902677557,0.6458841792658532,0.29456790536642075,0.16912325132580008,0.2618466450654585,1.3192176818847656,0.20279532736844885,0.0685636655320362,12.437291477893881,3.8062574593903276,1.3192176818847656,0.0685636655320362,0.29456790536642075,0
0.03577753978497772,0.0007127490746738869,2.0317337579107416e-06,0.5031041656420313,5.687618095622397,1.3547635927013195,0.7381343393750096,0.4945605993270874,0.2987802876596106,0.40477665593806783,1.651843547821045,0.3338438837927242,0.16384414119240492,32.39856659025466,3.9423564472103885,1.651843547821045,0.16384414119240492,0.4945605993270874,0
0.03139100735463306,0.00036019744046307745,1.882261291740247e-06,0.4214960154700504,5.452291500800707,1.5645425689660222,0.6391626563071937,0.3463221490383148,0.2269984299209682,0.35514870669980514,1.7650562524795532,0.27572937938506925,0.1261306038705442,22.740338055312506,3.7792404814989626,1.7650562524795532,0.1261306038705442,0.3463221490383148,0
0.034678103404235744,0.0007899320035048113,2.0645040097406083e-06,0.4858468619992471,5.724595565017036,1.3691179548097332,0.7303953962991185,0.517361655831337,0.28656256521571777,0.39233795321317433,2.2215802669525146,0.3066566015956482,0.15392906953150295,30.214038184257976,3.9679872758655232,2.2215802669525146,0.15392906953150295,0.517361655831337,0
0.019893637339577573,0.0002782377128162406,1.8823265815765138e-06,0.26033016894096306,5.35119154350124,1.720408871333209,0.5812545922288311,0.1693432591855526,0.1308240253783879,0.2250708138444994,1.2325459718704224,0.16322986754266822,0.050656871244625305,8.674789998186288,3.7091633311421064,1.2325459718704224,0.050656871244625305,0.1693432591855526,0
0.028132503371864456,0.00026764064627497216,1.7777650184179247e-06,0.3854045950200224,5.506020087141,1.4645092345591855,0.682820452444787,0.4108007401227951,0.21733078562101582,0.3182829424959803,1.2073477506637573,0.2648789701165697,0.10130403148389952,19.012697838406076,3.816482299636207,1.2073477506637573,0.10130403148389952,0.4108007401227951,0
0.021286162266943347,0.0001583986577005548,1.7295990896003887e-06,0.2790967894777371,5.243974186993111,1.7072465573052684,0.5857360457708738,0.17633919417858124,0.14106072372487688,0.24082543495028566,0.997904896736145,0.18578876503855213,0.05799689011899427,9.970562290787878,3.6348459227714063,0.997904896736145,0.05799689011899427,0.17633919417858124,0
0.022769450959171558,0.00013103819929054884,1.6623225095532088e-06,0.2948715109159161,5.1575633207684,1.7953608866189699,0.5569889182643003,0.19458837062120438,0.1434847627315321,0.257606930833996,1.1535561084747314,0.19452126430905992,0.06636133081371119,11.12949861757891,3.574950474478004,1.1535561084747314,0.06636133081371119,0.19458837062120438,0
0.022376220593425082,0.00032496723522235614,1.855063843938731e-06,0.30621007948688644,5.555409715555266,1.4695751902687875,0.6804660670210239,0.2655870020389557,0.17226613430830184,0.2531580371029912,1.1706750392913818,0.20238782310889292,0.06408899174983945,12.001870435758761,3.8507165813204596,1.1706750392913818,0.06408899174983945,0.2655870020389557,0
0.02098812633640037,0.00019659252397694272,1.753413938131165e-06,0.27463785816708713,5.330297087739913,1.720778696758546,0.581129805100072,0.1979525461792946,0.13799191247380804,0.23745354330989873,1.470737338066101,0.17345452448239485,0.05638418523042596,9.654522001741448,3.6946803980418075,1.470737338066101,0.05638418523042596,0.1979525461792946,0
0.03478439245188979,0.0003270472921268613,1.8028114285963684e-06,0.47285772998779974,5.509829011442468,1.5012285016209859,0.6661194201229218,0.4053109958767891,0.26214562013046816,0.3935404765149669,1.5743560791015625,0.3100277931544042,0.15487410665562718,28.620087399579507,3.819122444776736,1.5743560791015625,0.15487410665562718,0.4053109958767891,0
0.03372062525691052,0.0002948163036158749,1.8028083029923118e-06,0.4493480701483645,5.396972340823317,1.6068920296226672,0.6223177166709181,0.3140282556414604,0.2374181447958108,0.3815053245601887,1.8717312812805176,0.29655095430825895,0.14554631266777493,25.844952082695617,3.7408961617296894,1.8717312812805176,0.14554631266777493,0.3140282556414604,0
0.025884424528722215,0.00023811071252935497,1.7777657488852612e-06,0.3435699904862411,5.382994516059305,1.6299617605883059,0.6135092303758701,0.29436740279197693,0.1796660761392559,0.29284883378193416,1.321101427078247,0.2236926475773089,0.08576043944743889,15.10916331042762,3.7312074719041535,1.321101427078247,0.08576043944743889,0.29436740279197693,0
0.030959877609111543,0.00023952214784090202,1.7534125890851984e-06,0.415066490398939,5.399744127578437,1.5729156327878375,0.6357601922384603,0.35601960122585297,0.22268901340430602,0.35027103043373325,1.360339641571045,0.2803580664776746,0.12268979476110929,22.05186450586784,3.742817417904114,1.360339641571045,0.12268979476110929,0.35601960122585297,0
0.026233351170539595,0.00037646503987534893,1.910406483769812e-06,0.3575203695036416,5.517664408271946,1.488966549940653,0.6716044969170766,0.33919671922922134,0.19933052767828485,0.29679648809498566,1.2305724620819092,0.2390608580288358,0.08808815534551695,16.36106427008261,3.8245535279976584,1.2305724620819092,0.08808815534551695,0.33919671922922134,0
0.030477161036866977,0.0005773259917634338,2.0317302168938373e-06,0.41087033573721826,5.519817986461483,1.5432603325277587,0.6479769347924496,0.3196380138397217,0.2234293907386018,0.3448097158477291,1.3996198177337646,0.2632391922027182,0.1188937401429917,21.608247396968252,3.826046274647851,1.3996198177337646,0.1188937401429917,0.3196380138397217,0
0.03111758470455236,0.00035603519707580613,1.8823412001488638e-06,0.40994107923497236,5.372425606783237,1.6762871231190213,0.5965548179385954,0.257495753467083,0.21002087153465254,0.35205528253977225,1.5817569494247437,0.2598298036052711,0.12394292196415888,21.51061612087474,3.723881662237854,1.5817569494247437,0.12394292196415888,0.257495753467083,0
0.025732538741570894,0.0009523577914935712,2.2068791164487335e-06,0.36422020277977984,5.750974951598733,1.330216973341975,0.751754477025686,0.37157532572746277,0.2188593651226256,0.29113044226096524,1.278885006904602,0.23902057880059147,0.08475693441106522,16.980013582456827,3.986272073299528,1.278885006904602,0.08475693441106522,0.37157532572746277,0
0.028277297793039113,0.0014571003286490357,2.4150536182437202e-06,0.39866132279337546,5.759162260015972,1.3449504560749106,0.7435194878162991,0.4241718053817749,0.2378683191818709,0.31992110436942967,1.4646679162979126,0.25979103411435744,0.10234951302095552,20.34314883729458,3.9919470830453125,1.4646679162979126,0.10234951302095552,0.4241718053817749,0
0.04327335435013279,0.0003042250804265424,1.7777613488294472e-06,0.5772664435100068,5.416789804472643,1.600711896043926,0.6247207632537418,0.46595072001218796,0.3058527384600893,0.48958211689067654,2.2707321643829346,0.37477762748909527,0.23969064917915606,42.65427799074455,3.7546325807840684,2.2707321643829346,0.23969064917915606,0.46595072001218796,0
0.03546664995154711,0.0009998670031384157,2.169479166309691e-06,0.4956984149455758,5.691358512871867,1.3786794256776727,0.7253299710052906,0.49114038050174713,0.2910461500432575,0.401259338987336,1.5121653079986572,0.32394835887453155,0.16100905712455385,31.4517655781832,3.9449491068809763,1.5121653079986572,0.16100905712455385,0.49114038050174713,0
0.035827341578033384,0.0008344587310816926,2.0983490448862094e-06,0.4962956309692544,5.666722651085422,1.4154334442526555,0.7064956229503236,0.4705977961421013,0.2863717121799709,0.4053400989074264,1.8191958665847778,0.3197882941747139,0.16430059578228223,31.5275972248538,3.927872828743037,1.8191958665847778,0.16430059578228223,0.4705977961421013,0
0.03395149458387287,0.0005858192450911567,1.969224167694706e-06,0.4717670396222795,5.643909883439434,1.4024295543595766,0.7130464368259112,0.45031752437353134,0.2738941942807287,0.3841173128267976,1.6002631187438965,0.30857955802275683,0.14754611001327989,28.48820987826809,3.912060223168454,1.6002631187438965,0.14754611001327989,0.45031752437353134,0
0.03778502963981781,0.0008387087504030749,2.0645092108990175e-06,0.5324458662755978,5.724871706712703,1.346784448663119,0.7425075792608122,0.5731721222400665,0.3174144247022923,0.42748881097039787,1.8675956726074219,0.350430119435714,0.18274668350488454,36.28782086578838,3.9681786827033108,1.8675956726074219,0.18274668350488454,0.5731721222400665,0
0.03147450472329433,0.0005425768496894796,1.969190044483642e-06,0.44009004938172236,5.647662671239594,1.3769756805330426,0.7262271991387386,0.4848034903407097,0.2586054181083455,0.356093371589271,1.4035564661026,0.2974925711345122,0.12680248928981463,24.79094420029527,3.914661457451373,1.4035564661026,0.12680248928981463,0.4848034903407097,0
0.0316308264259358,0.0007016227356212666,2.0644921425652107e-06,0.4366067622753295,5.65384094022134,1.430757884832306,0.6989283206021768,0.42374177277088165,0.2501205504850077,0.3578619497650216,1.735551118850708,0.2781584453101118,0.12806517508962284,24.4000595026619,3.9189439071768106,1.735551118850708,0.12806517508962284,0.42374177277088165,0
0.03179488045865363,0.0006980354810304914,2.064268798968127e-06,0.4451903666622956,5.671745443688776,1.371437804229214,0.7291597307355957,0.4596858397126198,0.2622926159392591,0.35971800926927405,1.401580810546875,0.29695224468630954,0.12939704619264952,25.36889120882038,3.931354363274589,1.401580810546875,0.12939704619264952,0.4596858397126198,0
0.025189295938598668,0.0007593719717288298,2.1333128646912353e-06,0.35290480926846546,5.701108692419579,1.3691407615965887,0.7303825282957731,0.34867656975984573,0.2081483215879416,0.28498435154396606,1.3660122156143188,0.22915695675783354,0.08121608062493482,15.941350963815932,3.9517074163444272,1.3660122156143188,0.08121608062493482,0.34867656975984573,0
0.029154459184239638,0.000587697794007879,1.999990743114191e-06,0.4052885457146073,5.6509482233699755,1.4006058770586576,0.7139745624819851,0.4285668805241585,0.23550169113150332,0.3298450526560363,1.3158810138702393,0.26681772333427034,0.10879775876166338,21.02512707679505,3.9169388286471296,1.3158810138702393,0.10879775876166338,0.4285668805241585,0
0.03285124667869852,0.00031329614008957776,1.802809340858884e-06,0.4472311543175452,5.496907505039967,1.494136641893464,0.6692810291949036,0.4220449849963188,0.24875196707580471,0.37166942875103637,1.494673490524292,0.30340469093403044,0.1381381642681217,25.602010290202102,3.810165939045255,1.494673490524292,0.1381381642681217,0.4220449849963188,0
0.029828308153703756,0.0001426617287750192,1.6410190580518966e-06,0.3878423768062448,5.223757904836514,1.765509098551082,0.5664071839632067,0.2880846709012985,0.19114530972728971,0.33746878346889464,1.8622157573699951,0.25055504934994133,0.11388517981597568,19.253978783579797,3.620833063793155,1.8622157573699951,0.11388517981597568,0.2880846709012985,0
0.02156850236164612,0.0004680162242881509,1.9999618770785276e-06,0.29783296433553613,5.610410790159237,1.4290251628397113,0.6997748731034652,0.31885501742362976,0.17075958830173477,0.24401974847932859,1.1918308734893799,0.1975299822050829,0.05954563764791479,11.354172754546271,3.888840421109969,1.1918308734893799,0.05954563764791479,0.31885501742362976,0
0.026732533986659975,0.0003866196142365853,1.9104340071165345e-06,0.36110124031133634,5.493742072768095,1.5330254237551688,0.6523027460074785,0.34528540819883347,0.197285767266294,0.30244409696427393,1.330105185508728,0.23826504401904458,0.09147243178853515,16.69044553656134,3.8079718285907544,1.330105185508728,0.09147243178853515,0.34528540819883347,0
0.027741964461180633,0.0002175250630781777,1.753408211542444e-06,0.36639994351860417,5.334521392892711,1.6602638243960444,0.6023119935686412,0.26696038991212845,0.18904495447713998,0.3138644991029925,1.444164752960205,0.23988672414884604,0.09851092379717238,17.183861582135847,3.6976084632482946,1.444164752960205,0.09851092379717238,0.26696038991212845,0
0.025006047128034344,0.0004458872629907248,1.969210268129764e-06,0.3410420089548291,5.535644660808589,1.4854929374034882,0.6731748365505398,0.32576846331357956,0.19044932546967175,0.28291112791845563,1.1419637203216553,0.22815445250898847,0.08003870630009277,14.887635439609053,3.837016489349187,1.1419637203216553,0.08003870630009277,0.32576846331357956,0
0.03119779670531351,0.0005732108411323013,1.9999842860927373e-06,0.43209874651938973,5.608825505885302,1.4160875360975722,0.7061690335922783,0.45508937537670135,0.24925208981585456,0.35296277773450424,1.7088793516159058,0.29219443298052283,0.12458272246605703,23.898793823184363,3.887741585785105,1.7088793516159058,0.12458272246605703,0.45508937537670135,0
0.031641771570741044,0.0004539686798443479,1.939378936336304e-06,0.4285054151869334,5.513505528145427,1.520070793576564,0.6578622593279823,0.48361461609601974,0.23550599186273757,0.3579857799428273,1.8426462411880493,0.2869286468530845,0.1281538186412744,23.502962028099354,3.821670811963674,1.8426462411880493,0.1281538186412744,0.48361461609601974,0
0.02930046309816766,0.0004492311036384605,1.9393808923318092e-06,0.3979511667821993,5.5341456112952425,1.5056389472444047,0.6641678506123938,0.41287562996149063,0.22017024664819473,0.33149689837792884,1.743560791015625,0.26311358157920495,0.10989019363418687,20.270736786344163,3.835977427405491,1.743560791015625,0.10989019363418687,0.41287562996149063,0
0.03207326839006848,0.00041479167726916395,1.882346232713099e-06,0.4388159819039464,5.549328420592851,1.4705759848940307,0.6800037906600467,0.360142283141613,0.24675202975049615,0.36286760917493704,1.3186054229736328,0.2898460193828214,0.13167290178833485,24.647611644713546,3.846501348863109,1.3186054229736328,0.13167290178833485,0.360142283141613,0
0.03814662010493387,0.0004441096426518296,1.9393746175569015e-06,0.5012742529558741,5.37868459661638,1.6926022671483942,0.5908048821305177,0.3629734143614769,0.25498000827792566,0.4315797400887333,2.2027039527893066,0.31409520501551924,0.1862610720550586,32.16331221458812,3.72822006339385,2.2027039527893066,0.1862610720550586,0.3629734143614769,0
0.031496415294033415,0.000560059189399558,1.969222492543966e-06,0.4394079748611787,5.646240465966846,1.386004000516066,0.72149661424995,0.4761720597743988,0.25709973511402495,0.3563412613996595,1.5267281532287598,0.2948787701038782,0.12697909457590045,24.714159151565088,3.9136756598763895,1.5267281532287598,0.12697909457590045,0.4761720597743988,0
0.03639364715859335,0.00041826824973398096,1.8823408465709672e-06,0.4932470604857331,5.50705921471217,1.5161040722998516,0.6595837248915053,0.4511762261390686,0.2715823555190582,0.41174711516723017,1.8562566041946411,0.3268913756000984,0.16953568684853632,31.141460822760504,3.817202567982406,1.8562566041946411,0.16953568684853632,0.4511762261390686,0
0.03627345133947196,0.0004627904110179949,1.9104391875683433e-06,0.49207544826321004,5.52633403034967,1.5114701935109254,0.6616058772288728,0.48070329427719116,0.27151528125978075,0.41038725470689413,1.8414169549942017,0.323925227541622,0.16841769882586122,30.993695588280204,3.830562852097351,1.8414169549942017,0.16841769882586122,0.48070329427719116,0
0.0346951237359228,0.0004020887187750557,1.9104036747765974e-06,0.46513085892445394,5.444935321508528,1.5730631744132788,0.6357007580492364,0.3692205846309662,0.24953258246023324,0.39253051628443775,1.6251356601715088,0.3017721459839322,0.15408020621452723,27.692379638246436,3.774141566562896,1.6251356601715088,0.15408020621452723,0.3692205846309662,0
0.025173984813834843,0.0008982120690444958,2.2068770159881793e-06,0.35068417959550224,5.699476395045199,1.3920245003895453,0.7183756382403449,0.3222934454679489,0.2046020927518839,0.2848111259415966,1.2467631101608276,0.22537337993344408,0.08111737746011997,15.741362408777022,3.9505759940215395,1.2467631101608276,0.08111737746011997,0.3222934454679489,0
0.030200468351165875,0.0005201577875502602,1.9692187600418638e-06,0.41522148668483144,5.586666557469481,1.4482078692792244,0.6905065871415104,0.4074495732784271,0.23593249471014133,0.34167929545790565,1.4557807445526123,0.27690992696955163,0.11674474094461079,22.06833702460949,3.8723821731665056,1.4557807445526123,0.11674474094461079,0.4074495732784271,0
0.026918306449595995,0.00033807075828898975,1.8822907053824348e-06,0.36053588304511514,5.444028421820958,1.578192320618495,0.633634255704209,0.28463782370090485,0.19297133085638052,0.30454587245707054,1.253096103668213,0.2357349789390355,0.09274818843063828,16.63822373927948,3.773512951601404,1.253096103668213,0.09274818843063828,0.28463782370090485,0
0.02922049916602036,0.0005849236447462774,1.999991196780317e-06,0.40403138997747906,5.639374116366598,1.4232994033902648,0.7025907358300829,0.3809027522802353,0.2322717265051324,0.3305922097591817,1.3483102321624756,0.2618601263225173,0.10929120915345877,20.894894603153123,3.90891626901024,1.3483102321624756,0.10929120915345877,0.3809027522802353,0
0.028999966667248876,0.00023249822115069046,1.7534136470068051e-06,0.3861289578344307,5.396532544122458,1.611579147483423,0.6205075026524663,0.334165558218956,0.20358737569040386,0.3280971693535284,1.5676825046539307,0.2520374502520326,0.1076477525377979,19.084233226022857,3.7405913178864694,1.5676825046539307,0.1076477525377979,0.334165558218956,0
0.02705677102476219,0.00016618906039264582,1.7066522543124183e-06,0.3495083529419555,5.172324959328531,1.814805492946336,0.5510214384537101,0.20010841637849808,0.16867505718255416,0.3061124202979366,1.3145179748535156,0.22453402830342384,0.09370481386066061,15.635979363353412,3.5851824626264044,1.3145179748535156,0.09370481386066061,0.20010841637849808,0
0.019038591591380053,0.00025048123018544985,1.8027593157104464e-06,0.26143077327651026,5.557373993536366,1.4538549027089618,0.6878233553910363,0.2545264735817909,0.14815582703249675,0.21539707549609632,0.9062324166297913,0.17272639760993513,0.04639590013227102,8.748294299642126,3.852078115064895,0.9062324166297913,0.04639590013227102,0.2545264735817909,0
0.037914175921630384,0.000516059335618968,1.939385496995536e-06,0.5138674430853296,5.536264735468466,1.5159825215166818,0.6596366742609789,0.4665897861123085,0.2829517677600961,0.42894993435655304,2.0957930088043213,0.33487482242071565,0.18399804618449117,33.79964788007098,3.8374462923514177,2.0957930088043213,0.18399804618449117,0.4665897861123085,0
0.03397135776366957,0.00044569493055597435,1.9104017849514607e-06,0.4683503705223345,5.583132192095084,1.4360200770307192,0.696367282152036,0.48036547005176544,0.26764391751930816,0.3843420390528804,1.705666422843933,0.3078877080050688,0.14771880298332582,28.077064904756227,3.869932337772173,1.705666422843933,0.14771880298332582,0.48036547005176544,0
0.039478976907151075,0.000558303070960473,1.969219043572555e-06,0.5291882234490705,5.51164727625038,1.57384935882553,0.635383402818151,0.44544384628534317,0.2837969428655924,0.4466536365656582,2.53169846534729,0.33400662472990916,0.19949947105732707,35.84514250715947,3.820382769901851,2.53169846534729,0.19949947105732707,0.44544384628534317,0
0.026506874218554896,0.0004415773064192795,1.910440828269265e-06,0.3696577595145222,5.643645645721918,1.3875487662192665,0.7206929873834401,0.3800198882818222,0.21613009605789557,0.29989104812798456,1.3561369180679321,0.2457671101001324,0.08993464074730115,17.490797973669928,3.9118770675395584,1.3561369180679321,0.08993464074730115,0.3800198882818222,0
0.03400168322371445,0.0006862189519736407,2.064245423808072e-06,0.4666804639714473,5.603661990530073,1.4559712204038828,0.6868249773513866,0.37066854536533356,0.2642120442196756,0.38468513246792574,1.4186196327209473,0.30267283593332195,0.14798265114186557,27.877203897933484,3.88416250967485,1.4186196327209473,0.14798265114186557,0.37066854536533356,0
0.03254566831896891,0.00023355430098532558,1.7534133073679648e-06,0.4279894464751578,5.3313012211320085,1.6877911468468185,0.5924887602653651,0.3722933977842331,0.21816218490857864,0.36821220426545764,1.8270280361175537,0.27583226648255277,0.13558022737002712,23.44639568564633,3.695376410271443,1.8270280361175537,0.13558022737002712,0.3722933977842331,0
0.029801223952564997,0.0005619983753447751,1.999989175056176e-06,0.4065327037260063,5.585250269871572,1.4844128846770495,0.6736650189453456,0.3437999337911606,0.2271351617819164,0.33716236071228284,1.4952512979507446,0.26107470070155614,0.11367845748107952,21.154411417443434,3.8714004774111537,1.4952512979507446,0.11367845748107952,0.3437999337911606,0
0.025963208097355417,0.0004315094009994286,1.939380939282304e-06,0.35558860981305235,5.5469878871046845,1.4657727133290217,0.6822316901855551,0.3616435304284096,0.2003995335981017,0.29374016811195997,1.2130815982818604,0.24096460898226724,0.08628328636244251,16.184737206883735,3.844879014674778,1.2130815982818604,0.08628328636244251,0.3616435304284096,0
0.028204921990836237,0.00031095122492468517,1.8285636599908754e-06,0.3795932777997589,5.460307313744334,1.5521742538831145,0.644255542647033,0.3864496648311615,0.20558404756593518,0.31910226564092614,1.3524466753005981,0.25277544033087906,0.10182625593717218,18.443655238497907,3.7847966196407317,1.3524466753005981,0.10182625593717218,0.3864496648311615,0
0.037142344031849885,0.0004269692403453133,1.8823368720475025e-06,0.5088269895709701,5.538954647253101,1.4645906586440085,0.6827830113380304,0.4974457547068596,0.28691815755155403,0.42021765334535593,1.61985182762146,0.34324334296093184,0.17658287618307775,33.13982788042958,3.839310797120893,1.61985182762146,0.17658287618307775,0.4974457547068596,0
0.03458343166577447,0.0008917714847038182,2.1694734080852067e-06,0.468926126355077,5.584083443932824,1.51383482634747,0.6605723602084891,0.3957006633281708,0.2584607368989964,0.3912668647611313,1.7097877264022827,0.29668662321807915,0.15308975946000541,28.14613913323234,3.8705916953015063,1.7097877264022827,0.15308975946000541,0.3957006633281708,0
0.029354310569095703,0.0005573731235274543,1.9692227028035413e-06,0.4130413663158736,5.681535184572976,1.3523430891830177,0.7394550960639663,0.4406486824154854,0.2455782971228473,0.33210611296741627,1.3340522050857544,0.2776178334361248,0.11029447027032624,21.837205796874713,3.9381400945668847,1.3340522050857544,0.11029447027032624,0.4406486824154854,0
0.029643628239066244,0.0006046354052851073,2.031723568638221e-06,0.4080802255761999,5.614303573043099,1.442573311141398,0.6932036039954521,0.4135756567120552,0.23248688032617792,0.33537936874906843,1.69304621219635,0.26720589680007834,0.11247932098252361,21.315772224809237,3.8915386925904496,1.69304621219635,0.11247932098252361,0.4135756567120552,0
0.035550786673021195,0.0006800335627710892,2.0644647221100537e-06,0.4817975651160213,5.559547803568893,1.5163751973110295,0.6594657545993362,0.4414684697985649,0.2652451965986984,0.40221123732815406,1.9873932600021362,0.31085701089273243,0.16177387943304466,29.712498400221026,3.8535848853600134,1.9873932600021362,0.16177387943304466,0.4414684697985649,0
0.031457698260778745,0.0008511976485451991,2.133300721373963e-06,0.439860491261356,5.693153892205471,1.3769263894861337,0.7262531954439119,0.46058177947998047,0.25847658298152965,0.35590322817147063,1.5543204545974731,0.28886368687062713,0.12666710782287388,24.765088226903224,3.9461935690041012,1.5543204545974731,0.12666710782287388,0.46058177947998047,0
0.030256464263715793,0.0003408262817729245,1.8550626532072963e-06,0.40599136582557865,5.448094403547637,1.5681496112196402,0.6376923933464473,0.33090807497501373,0.21829091716790572,0.34231281688963006,1.5984009504318237,0.2680151407021185,0.11717806460691338,21.09811060798961,3.7763312753714606,1.5984009504318237,0.11717806460691338,0.33090807497501373,0
0.027720848812888266,0.000533324635581826,1.999940168048454e-06,0.38156492507991174,5.6105063706370055,1.4431084872977828,0.6929463864268885,0.39630086719989777,0.21732642110691813,0.3136256028134456,1.4877407550811768,0.25132978406435313,0.09836101874009714,18.635749382558547,3.8889066724486514,1.4877407550811768,0.09836101874009714,0.39630086719989777,0
0.022134708698992644,0.00022664269376348133,1.7777668815101474e-06,0.2946327314660744,5.395876750344177,1.6132858556978458,0.619850476766302,0.2299707680940628,0.15522707339550834,0.250425641930345,1.30843186378479,0.19443197916507415,0.06271300213622535,11.111481145748465,3.7401367562780248,1.30843186378479,0.06271300213622535,0.2299707680940628,0
0.019836564694675287,0.0003548053921365362,1.9104169608162023e-06,0.2742656823440771,5.588879544785259,1.4235222669493965,0.7024797345344428,0.30981481820344925,0.15765479458059417,0.22442511057680883,0.8697975277900696,0.18414007633839446,0.05036663025741288,9.628373057492764,3.8739160990850516,0.8697975277900696,0.05036663025741288,0.30981481820344925,0
0.039393394272393106,0.0006812028008998704,1.9999928701313834e-06,0.5484880920839957,5.655202316773574,1.394103493384609,0.717305251019764,0.5951511263847351,0.31969318038318306,0.44568537958343146,2.0914225578308105,0.3646948738696665,0.1986354575744274,38.507415956216555,3.9198875414956715,2.0914225578308105,0.1986354575744274,0.5951511263847351,0
0.032066353338999445,0.00039221120597996545,1.8823424518764679e-06,0.4350907787792864,5.507929732224026,1.5104708923110743,0.6620433724858182,0.4180845469236374,0.2401829629088752,0.3627893743028864,1.4920704364776611,0.29038704119375325,0.1316161301070798,24.23091017968204,3.8178059647413773,1.4920704364776611,0.1316161301070798,0.4180845469236374,0
0.036397955932413,0.00046009964383013027,1.910413338419384e-06,0.5041517003491314,5.574715879145724,1.4158410490278839,0.7062922580926851,0.560792863368988,0.2908489365108835,0.4117958633782137,1.5031911134719849,0.34728084979150253,0.16957583309540847,32.53362393150981,3.8640985941806134,1.5031911134719849,0.16957583309540847,0.560792863368988,0
0.03880988674474903,0.0007984443628729543,2.133240063684283e-06,0.5264791898184601,5.53819858823889,1.5115157251053963,0.661586052944034,0.4706095829606056,0.29049234368903853,0.4390837455087031,1.7304691076278687,0.3490952424210434,0.19279453556995158,35.47908317592347,3.8387867369468553,1.7304691076278687,0.19279453556995158,0.4706095829606056,0
0.0243223575056356,0.0004237848399980762,1.969198203713373e-06,0.3266735302331201,5.48938783011248,1.5630530968710385,0.6397712067350771,0.27760234475135803,0.17605036155055132,0.27517606282685525,1.205802083015442,0.21103560002792676,0.0757218655528894,13.659596205436063,3.8049536975705407,1.205802083015442,0.0757218655528894,0.27760234475135803,0
0.026929847041746967,0.0006048711360209,2.0317291964384204e-06,0.3747429852371885,5.6582944671069875,1.396415104430534,0.7161170877252484,0.33763039112091064,0.21818472056475002,0.30467643935257227,1.2235195636749268,0.24405482044790006,0.09282773269656164,17.975335038013398,3.922030856781147,1.2235195636749268,0.09282773269656164,0.33763039112091064,0
0.030609083778218096,0.0008806684131559327,2.2068648660177117e-06,0.41433812544961224,5.594343518193335,1.5222873648323247,0.6569042977425009,0.37848036736249924,0.22748809409313253,0.34630225128776265,2.021218776702881,0.259226687020373,0.11992524924697272,21.974538521740623,3.8777034368475145,2.021218776702881,0.11992524924697272,0.37848036736249924,0
0.026993239320899514,0.000736074320061135,2.0982798751948792e-06,0.3846295454515124,5.742117838224306,1.3060720579912501,0.7656520323130634,0.44920921325683594,0.23382602763103932,0.30539364111999046,1.3998563289642334,0.25628237533439346,0.09326527603652551,18.93630556598234,3.9801327901361447,1.3998563289642334,0.09326527603652551,0.44920921325683594,0
0.03214919296604711,0.00038874846451399244,1.8823247459409516e-06,0.43464937349467914,5.493763252462166,1.528545845771629,0.654214758069604,0.41709498316049576,0.23795596232957905,0.3637265976954683,1.6408417224884033,0.28916076278346736,0.13229703787112101,24.181769968552587,3.8079865092359846,1.6408417224884033,0.13229703787112101,0.41709498316049576,0
0.03229916192744844,0.0003430144155906269,1.8550605848098963e-06,0.42949257461618834,5.421210560138639,1.6192382669560754,0.6175726474986155,0.33795610815286636,0.22567605414587888,0.36542330280865837,1.6782950162887573,0.277247400453291,0.13353419023558843,23.611375571256588,3.757696815109898,1.6782950162887573,0.13353419023558843,0.33795610815286636,0
0.037247495284518324,0.00023567680246683822,1.7297239563144189e-06,0.495427413957923,5.359747438920504,1.6176392291767832,0.6181833433363385,0.4432031884789467,0.2605075942556141,0.4214073039663498,1.8799152374267578,0.33079186441500497,0.17758411583618752,31.417385280132507,3.7150938259291344,1.8799152374267578,0.17758411583618752,0.4432031884789467,0
0.03545627216263926,0.00014693812424201736,1.641018994591626e-06,0.45784238423124646,5.162717221079376,1.8176579626070877,0.5501571405043872,0.34341946244239807,0.22069164604181424,0.4011419277087686,2.01808500289917,0.2977814646983461,0.16091484616590693,26.831315046214698,3.578522885947443,2.01808500289917,0.16091484616590693,0.34341946244239807,0
0.03294848088029933,0.0002367324551264455,1.7534165276311894e-06,0.43368755366112166,5.325688798796863,1.681809400345638,0.5945961041595037,0.30145151168107986,0.22164789189992007,0.3727695081640794,1.5133637189865112,0.2792839984558668,0.13895710621688967,24.07486645767274,3.6914861755537256,1.5133637189865112,0.13895710621688967,0.30145151168107986,0
0.041192924838670264,0.0004401615487928311,1.882345769176571e-06,0.5540956728814928,5.4884429767564775,1.5550009758086194,0.6430850332861504,0.4630606025457382,0.29970704269362614,0.4660447438453042,2.078446865081787,0.35613813618601853,0.2171977032658352,39.29881788236726,3.8042987751307837,2.078446865081787,0.2171977032658352,0.4630606025457382,0
0.027219689466170895,0.00043953317629038575,1.9393802398633942e-06,0.37074816141826783,5.552615909291807,1.491743053343116,0.67035455640196,0.33023785799741745,0.2064401314710267,0.30795563205314364,1.442663311958313,0.24272413662856707,0.09483667131325119,17.594137496963324,3.8487800623859125,1.442663311958313,0.09483667131325119,0.33023785799741745,0
0.029176099409543077,0.0002518065548055601,1.7777637188660152e-06,0.39380490692275905,5.4195869344831245,1.5369989359189329,0.6506165665843024,0.3645664304494858,0.21476259751580073,0.3300898838569718,1.3060945272445679,0.27183999240935464,0.10895933142470912,19.850535003704692,3.756571403564492,1.3060945272445679,0.10895933142470912,0.3645664304494858,0
0.027497527092555898,0.0002726354513672288,1.7777724014232432e-06,0.3746101418233752,5.507081771505914,1.4907462030572607,0.6708028392416685,0.3732658252120018,0.20868676729151048,0.3110990059681134,1.3353588581085205,0.25141345284055205,0.09678259151434826,17.96259306968695,3.817218203160392,1.3353588581085205,0.09678259151434826,0.3732658252120018,0
0.03200744015633059,0.0003340265653747282,1.8285644474493423e-06,0.43339571591412385,5.484501770373335,1.520787904269918,0.6575520726500581,0.38089407980442047,0.23811528662918136,0.36212284772742354,1.5295827388763428,0.28984996027884335,0.13113295684621876,24.04247636130764,3.8015669390383033,1.5295827388763428,0.13113295684621876,0.38089407980442047,0
0.030765453032421307,0.000529268667837659,1.9692017309595264e-06,0.4255006807727154,5.624892118366655,1.4222148570073283,0.703126621204372,0.4054637625813484,0.24473894765833393,0.3480713674480214,1.388645887374878,0.2775487836515822,0.12115367683713553,23.174506155269665,3.898878112927704,1.388645887374878,0.12115367683713553,0.4054637625813484,0
0.032117170621548695,0.000342341731458612,1.8550525351101352e-06,0.4322451543102732,5.460720078779959,1.552183460939753,0.6442519670601062,0.3803775832056999,0.23409881329644122,0.36336430622435917,1.7342089414596558,0.2850959711216774,0.13203361903790986,23.914991798363125,3.7850827265614098,1.7342089414596558,0.13203361903790986,0.3803775832056999,0
0.029332723757620995,0.00045395447522026127,1.939382570189147e-06,0.39884885284640603,5.535865720195665,1.4999938401086907,0.6666673955373549,0.39697832614183426,0.22124216593510937,0.33186188607496886,1.3984167575836182,0.26386125958129014,0.1101323114292356,20.36229214936244,3.8371697160400755,1.3984167575836182,0.1101323114292356,0.39697832614183426,0
0.022754899346843698,0.0003639672532573241,1.910429327836157e-06,0.30942946697089235,5.522079369622247,1.4996482572169563,0.6668204432853511,0.3096545338630676,0.17166845418250887,0.2574422981339283,1.1280324459075928,0.20716507533279582,0.06627653686847843,12.255564163825992,3.8276137460098996,1.1280324459075928,0.06627653686847843,0.3096545338630676,0
0.03256726361040909,0.000336434113316587,1.8285567120085369e-06,0.44538933124166397,5.514151967568782,1.4725138701386258,0.679108907740772,0.42148326337337494,0.2502227887762274,0.3684565270977625,1.5261125564575195,0.30322605039208383,0.1357602123609442,25.391572017138774,3.822118889627375,1.5261125564575195,0.1357602123609442,0.42148326337337494,0
0.028264421697176963,0.00036799985782138563,1.882338073689197e-06,0.3834167115734869,5.500423740879805,1.5116060445633566,0.6615459606104002,0.3405623883008957,0.21154680422478123,0.3197754279742403,1.280807375907898,0.25493260419727903,0.10225632433610854,18.817071963369784,3.8126032080038232,1.280807375907898,0.10225632433610854,0.3405623883008957,0
0.035881029142744186,0.0011115993424696377,2.1694789982720704e-06,0.5122737980511628,5.802623498226987,1.2991995338183873,0.7697028136196636,0.4864376336336136,0.3124597059941152,0.4059475043645848,1.5779011249542236,0.32079690137834405,0.16479337629983462,33.59032885372973,4.022072117774922,1.5779011249542236,0.16479337629983462,0.4864376336336136,0
0.040632974446314966,0.0010285380897167155,2.169426787969485e-06,0.5678382705948648,5.699018636501755,1.379152170428655,0.7250815726938565,0.5931939631700516,0.3333277053752681,0.4597096283323043,2.290972948074341,0.3702374841591336,0.21133294238142536,41.27235859867736,3.9502586999777733,2.290972948074341,0.21133294238142536,0.5931939631700516,0
0.04118482834689489,0.0004069941249971294,1.855066824969544e-06,0.5538997794698957,5.480641055530189,1.555836136334654,0.6427398300581469,0.48600558191537857,0.29948728636372834,0.4659531424974932,2.0646157264709473,0.3583987936417543,0.2171123310032892,39.27103560919028,3.7988908954298326,2.0646157264709473,0.2171123310032892,0.48600558191537857,0
0.036428534222289054,0.000518118705454037,1.9393804180702672e-06,0.5012603695103794,5.58970733000453,1.4445467342241,0.6922569896596201,0.4970625936985016,0.2853087459698145,0.41214181723626886,1.8286982774734497,0.33128040643009626,0.16986087751481405,32.16153062933532,3.8744898760758986,1.8286982774734497,0.16986087751481405,0.4970625936985016,0
0.043641238717379814,0.0007855217254317517,2.0645029820837994e-06,0.5981086003967215,5.587911085001353,1.4626617930751444,0.6836836645344021,0.5448054373264313,0.33756556417938555,0.4937442533830428,1.998250126838684,0.39045819418879546,0.24378338774877836,45.78993892717122,3.8732448139163504,1.998250126838684,0.24378338774877836,0.5448054373264313,0
0.02537095760604325,0.0010916401495046626,2.2455961360506713e-06,0.36988380248479347,5.827942027712945,1.2304202207503667,0.8127276350860521,0.45744017511606216,0.23328584320552181,0.2870396186948736,1.1436887979507446,0.2513676559749456,0.08239174270049843,17.512195499598043,4.039621585104038,1.1436887979507446,0.08239174270049843,0.45744017511606216,0
0.025472922602870304,0.0011563781299144464,2.285698411926544e-06,0.3596011770671188,5.785227101910891,1.3399600968441905,0.7462882905789021,0.3386607766151428,0.21507597250456456,0.2881932209460748,1.3829140663146973,0.2244046371240529,0.08305533259927309,16.552064838151338,4.010013854716517,1.3829140663146973,0.08305533259927309,0.3386607766151428,0
0.03262411916365705,0.0003470507104631149,1.8550604546389127e-06,0.4336753535759818,5.422962581673364,1.6211106908654882,0.6168593522623209,0.2869737818837166,0.22768326452569454,0.3690997742537584,1.8527851104736328,0.2748743670766771,0.1362346433541754,24.07351197430436,3.758911223896973,1.8527851104736328,0.1362346433541754,0.2869737818837166,0
0.03867610189298619,0.001451657412029158,2.3272512393292654e-06,0.5402904430082363,5.7229767243479674,1.380641964398705,0.7242990872676073,0.522381380200386,0.3169323792681098,0.43757014269427846,2.0816009044647217,0.34671098669059575,0.1914676297774912,37.364961639172634,3.9668651810199833,2.0816009044647217,0.1914676297774912,0.522381380200386,0
0.027055383299060428,0.000711043113043786,2.064494992601357e-06,0.387076222869174,5.756275048245843,1.2919637296692887,0.7740130083414964,0.4677823632955551,0.23692361708344833,0.30609671997387033,1.2372406721115112,0.2577864389709248,0.093695201978762,19.177984295765306,3.9899458203471685,1.2372406721115112,0.093695201978762,0.4677823632955551,0
0.029524443588289862,0.001091261003891517,2.285679626560831e-06,0.4115475680945446,5.679027302088514,1.389448968502772,0.7197076171512449,0.39846760779619217,0.24040533760125982,0.33403094835263114,1.385740041732788,0.27200103514917373,0.11157667445735814,21.67953930298033,3.9364017628936043,1.385740041732788,0.11157667445735814,0.39846760779619217,0
0.03454618471595479,0.001113091346934333,2.206880131009377e-06,0.4894142589011108,5.7558602968953725,1.326874769571824,0.7536486972114603,0.4950009062886238,0.2945609281232464,0.3908454636283952,1.6328743696212769,0.31863778317540437,0.15276017643889517,30.65936855241261,3.989658336617956,1.6328743696212769,0.15276017643889517,0.4950009062886238,0
0.04616385658849822,0.0006256793120699205,1.969198203235062e-06,0.6383551962657162,5.622308024008645,1.4229738617354795,0.7027522516249631,0.688987672328949,0.367037252528462,0.522284416631206,2.3121447563171387,0.4194713213905743,0.27278101185579917,52.159661644728466,3.897086955209148,2.3121447563171387,0.27278101185579917,0.688987672328949,0
0.027847285366719446,0.0004403820891930198,1.9393810842511004e-06,0.3804514547539929,5.533823125626144,1.4772819155051793,0.6769167181132829,0.3859313353896141,0.21326739725191146,0.31505606912710776,1.2569971084594727,0.25791801370905887,0.0992603266938249,18.527143606326977,3.8357538973731846,1.2569971084594727,0.0992603266938249,0.3859313353896141,0
0.0346881175928589,0.0003232663398228797,1.802811852277528e-06,0.4707716908631394,5.491564881409836,1.509338573255261,0.6625401812679935,0.43261580914258957,0.2600153854000382,0.39245125082411053,1.5356979370117188,0.3166534391684763,0.1540179842734089,28.368126069521832,3.806462714539238,1.5356979370117188,0.1540179842734089,0.43261580914258957,0
0.0320309641196282,0.0003054102883572293,1.8285619750438246e-06,0.4227080956535292,5.362867996963537,1.6652746448994469,0.6004998896757184,0.30465057492256165,0.21761514960962813,0.3623889909909135,1.6027673482894897,0.27351019978937074,0.13132578079141236,22.871313168772247,3.7172568319384363,1.6027673482894897,0.13132578079141236,0.30465057492256165,0
0.0342424167453789,0.0005455780099321855,1.9692113583086644e-06,0.4710508403215338,5.594918778357544,1.4457625101769593,0.6916747472107774,0.46350473910570145,0.26796152108727256,0.3874087213579714,1.6671481132507324,0.31094665559601253,0.15008551738421833,28.401778453455766,3.878102176808424,1.6671481132507324,0.15008551738421833,0.46350473910570145,0
0.028848298522024154,0.000685472198347748,2.031736390193123e-06,0.4117993425817819,5.754980122876086,1.2997772165702475,0.7693602590961818,0.4843817502260208,0.25110552486148663,0.3263812401698742,1.5213276147842407,0.27260502278886634,0.1065247139348251,21.706073414500835,3.989048246478085,1.5213276147842407,0.1065247139348251,0.4843817502260208,0
0.035589884019337645,0.0006836220712763605,1.999993911269025e-06,0.49939526161304415,5.710709546436901,1.3630434540769842,0.73365050357758,0.48163487017154694,0.29540773047483526,0.40265357330746226,1.975682020187378,0.31836234591173707,0.16212990009726788,31.92264029715978,3.9583622212375014,1.975682020187378,0.16212990009726788,0.48163487017154694,0
0.03358331169468254,0.0006078278216279464,1.999988363400386e-06,0.46674541405396264,5.633521898246921,1.4015885824915846,0.7134742538473405,0.5325661450624466,0.2710865397239104,0.3799517989441842,1.7185075283050537,0.3135886608106375,0.14436336952092174,27.88496403717184,3.904859820520563,1.7185075283050537,0.14436336952092174,0.5325661450624466,0
0.034454156821100965,0.0006395389913120608,2.031731120340343e-06,0.47409590224274495,5.587423701324179,1.4445169358242744,0.6922711737166375,0.4863247871398926,0.26985096345015336,0.3898042868522438,1.582093596458435,0.31748980631186896,0.15194738204838637,28.770166338990382,3.8729069852946685,1.582093596458435,0.15194738204838637,0.4863247871398926,0
0.03608052965234828,0.0007379365563633067,2.098334225949403e-06,0.48720556632733614,5.552056667242669,1.5347960196039674,0.6515507842612811,0.3922017142176628,0.265966675546224,0.40820459497564443,1.7920069694519043,0.3061983057568227,0.16663099135922993,30.38326577412356,3.848392425336302,1.7920069694519043,0.16663099135922993,0.3922017142176628,0
0.026402773957563484,0.00022325788092881355,1.753394507977061e-06,0.3532418929700473,5.4009393035481725,1.584285614762072,0.6311972052272095,0.2513768710196018,0.18854762382306944,0.2987132881204595,1.149096965789795,0.23358672881919063,0.08922962849973666,15.97181887347998,3.74364585075781,1.149096965789795,0.08922962849973666,0.2513768710196018,0
0.027833202447842247,0.0007671342548392018,2.1333105996018614e-06,0.38593366146651836,5.649735261955637,1.4113009318931578,0.7085638518104508,0.43649421632289886,0.223125154934678,0.3148967390881163,1.5606720447540283,0.2568428175396775,0.09915995628832919,19.064933254778012,3.916098067862653,1.5606720447540283,0.09915995628832919,0.43649421632289886,0
0.022282845678013273,0.00036109887150429995,1.9392506889154847e-06,0.29694662352252216,5.457693190418137,1.606620689015967,0.6224219818641993,0.20429794490337372,0.15691421270275896,0.2521016205289046,1.188320517539978,0.18560861212264967,0.06355522707329983,11.286694044342592,3.7829846474275435,1.188320517539978,0.06355522707329983,0.20429794490337372,0
0.034940670721037036,0.0005453038302703389,1.969212243614011e-06,0.47793832948576975,5.57621354014022,1.4716327218647103,0.6795156532465784,0.3832192048430443,0.26861903613826144,0.3953085632968247,1.7639950513839722,0.30923426908611873,0.15626886021579964,29.23840598933097,3.8651366936763822,1.7639950513839722,0.15626886021579964,0.3832192048430443,0
0.03734979064807371,0.00042768829342651737,1.8823446272280754e-06,0.505404750980133,5.518678493326069,1.5240738246578704,0.6561346421183113,0.42147396504879,0.2772599575255299,0.42256464389041304,1.837405800819397,0.32505078624308226,0.1785608782662316,32.69554717610115,3.8252564381937715,1.837405800819397,0.1785608782662316,0.42147396504879,0
0.03390596906007626,0.0005959554774943994,1.96922335970048e-06,0.4755313372123145,5.681703210524372,1.3649738271389558,0.7326128701207095,0.5123742967844009,0.2810326782055199,0.38360225032129913,1.832930564880371,0.31294365513167577,0.14715068645156465,28.94464674187929,3.938256561281356,1.832930564880371,0.14715068645156465,0.5123742967844009,0
0.030655664000262303,0.00038134093117184154,1.8823412921023307e-06,0.4151271141367354,5.497915185735327,1.520362293229257,0.6577360680401525,0.38775186240673065,0.22812276250624564,0.3468292463417888,1.4686322212219238,0.2769899802397049,0.12029052611801322,22.05830667411125,3.810864410078148,1.4686322212219238,0.12029052611801322,0.38775186240673065,0
0.027815768093584468,0.0007742439558148692,2.13331139903784e-06,0.386046358865378,5.65966982637864,1.4074349156365877,0.7105101708544557,0.3404030203819275,0.22359790025802795,0.31469949188617574,1.225547432899475,0.24943386352651942,0.09903577019341721,19.076069272731676,3.9229841831825483,1.225547432899475,0.09903577019341721,0.3404030203819275,0
0.02805752337489299,0.0013961574917063756,2.370252611140767e-06,0.3965159087707905,5.794175121894906,1.3359291914633538,0.7485403089813063,0.3770345225930214,0.2376133725465479,0.3174346406669904,1.4425610303878784,0.2472987386562977,0.1007647510953813,20.12478283626571,4.016216149540031,1.4425610303878784,0.1007647510953813,0.3770345225930214,0
0.03595537463263755,0.0007926279147446993,2.0983199222351198e-06,0.4940880061672054,5.633134350743417,1.4505428593832312,0.6893953772259406,0.46413877606391907,0.280438888747085,0.40678862756545253,2.015165328979492,0.3163273968861233,0.16547698751658443,31.247738603300398,3.904591193061176,2.015165328979492,0.16547698751658443,0.46413877606391907,0
0.0334605579930853,0.0004665508549863424,1.939378293411862e-06,0.45271027254564944,5.508396474539003,1.5248202938097926,0.6558132538623386,0.36982811242341995,0.24826728820698918,0.37856299934714166,1.6570643186569214,0.2971054692945927,0.143309944474704,26.233163631149594,3.818129485861051,1.6570643186569214,0.143309944474704,0.36982811242341995,0
0.04185280611450472,0.0010243404008360279,2.1694758934317444e-06,0.5773155180851967,5.642112559272929,1.433688778287863,0.6974999757707934,0.5901336371898651,0.33027422367740655,0.4735104482440334,2.145887613296509,0.37527585628026827,0.22421214459626543,42.66153055001331,3.910814412989885,2.145887613296509,0.22421214459626543,0.5901336371898651,0
0.03229048973977797,0.0005503477936475873,1.999967907472834e-06,0.44230463744543586,5.574029193944021,1.4651633360272294,0.6825158930277812,0.4111343175172806,0.2493409295893798,0.36532518820530624,1.7360315322875977,0.2915912746750564,0.13346249313724243,25.041074215134525,3.863622620269121,1.7360315322875977,0.13346249313724243,0.4111343175172806,0
0.042993382413993024,0.0005064704346842136,1.910427174638386e-06,0.5913006202397706,5.583927301664218,1.4467576231495072,0.6911993606558156,0.5715623646974564,0.33621014898017165,0.48641459601729486,2.0117740631103516,0.38920292840265347,0.23659915921866817,44.753462207479984,3.870483465728254,2.0117740631103516,0.23659915921866817,0.5715623646974564,0
0.041916419856165656,0.0006597723176061017,1.999992194770459e-06,0.5670191272253865,5.568002945105377,1.5256806149799724,0.6554437943991468,0.44958116859197617,0.31083186803152785,0.474230155573715,2.1519925594329834,0.3551507314059563,0.22489424045546993,41.1533684018482,3.859445542877262,2.1519925594329834,0.22489424045546993,0.44958116859197617,0
0.0430152014576175,0.0011606117534140414,2.206883750942831e-06,0.5853527301617364,5.654037204369291,1.4961918696326115,0.668362103473551,0.5056518018245697,0.32526673897518776,0.4866614503165888,2.2897751331329346,0.3555837655362666,0.23683936722424564,43.85764079459822,3.9190799471176074,2.2897751331329346,0.23683936722424564,0.5056518018245697,0
0.03771451110271556,0.0006826058285631141,2.031732265083037e-06,0.5143601726399811,5.60673141344229,1.4855366089728357,0.6731558484314366,0.48582471907138824,0.28723020504548913,0.42669098479784817,2.385215997695923,0.32562457647031806,0.1820651965077575,33.86449756137359,3.8862900715123985,2.385215997695923,0.1820651965077575,0.48582471907138824,0
0.031837654399684535,0.0005633801048624131,2.0316756351579257e-06,0.4329740418180294,5.539639180304837,1.499266425239034,0.6669910077041915,0.4124695435166359,0.2402521227086254,0.36020194116945053,1.5554412603378296,0.2843731692394158,0.1297454384222403,23.995714673694806,3.839785279275703,1.5554412603378296,0.1297454384222403,0.4124695435166359,0
0.025141645021099203,0.00026788059173350856,1.8285532019941366e-06,0.33191580989415076,5.354771042137376,1.6629104849126464,0.6013531657115982,0.24208935722708702,0.17105264867495862,0.28444524295366796,1.0885454416275024,0.21364769721469656,0.08090909623897119,14.101517421784322,3.711644450529562,1.0885454416275024,0.08090909623897119,0.24208935722708702,0
0.02757928853031136,0.0015235508260232884,2.37034967047205e-06,0.40089298860298284,5.876578101507227,1.239634084229597,0.8066870763321974,0.4495820552110672,0.2517065600331989,0.3120240310413366,1.4177086353302002,0.2544690999310433,0.09735899594728498,20.57154410381201,4.073333542528049,1.4177086353302002,0.09735899594728498,0.4495820552110672,0
0.032413710998679214,0.0003299989035541045,1.8028117770040988e-06,0.4482503121020206,5.567365105626314,1.422661445841441,0.7029060048327377,0.5076631456613541,0.25776988522557076,0.3667192776093928,1.429484248161316,0.3051775257290501,0.13448302857035493,25.718827814343534,3.8590034262407,1.429484248161316,0.13448302857035493,0.5076631456613541,0
0.03312868475195096,0.0005403851933709829,1.969219976175476e-06,0.4556599881090634,5.583047770173927,1.4464487926609046,0.6913465150306641,0.4254213869571686,0.25912309107661713,0.37480828223833446,1.570142388343811,0.30453532662022553,0.14048124843445098,26.576131169734627,3.8698738209555454,1.570142388343811,0.14048124843445098,0.4254213869571686,0
0.030804880626114625,0.00039196870027638324,1.8823439817191142e-06,0.4174849171400664,5.515475709087099,1.516307529183812,0.6594949319084579,0.38477935642004013,0.22984614469169173,0.34851743974988403,1.6218321323394775,0.2744364965249133,0.12146440580981403,22.30958797304936,3.8230364373285863,1.6218321323394775,0.12146440580981403,0.38477935642004013,0
0.027696760578120948,0.0003859406105452005,1.910421159530828e-06,0.3731215659805126,5.490652336133073,1.546983097697922,0.6464174109012566,0.32529863715171814,0.20255753021046985,0.31335307554703307,1.2617924213409424,0.24150908648243785,0.09819014995478462,17.820121983968004,3.805830186353517,1.2617924213409424,0.09819014995478462,0.32529863715171814,0
0.049176564464114114,0.0013705296835995057,2.2455989485745905e-06,0.6784313170168275,5.6817922233716995,1.4330934283905956,0.697789957601705,0.6198395490646362,0.38822961874393513,0.5563693153285199,2.4800031185150146,0.4282653171504762,0.30954681503912596,58.91443864437595,3.9383182602855147,2.4800031185150146,0.30954681503912596,0.6198395490646362,0
0.041993077511528476,0.0010157528271436936,2.1332445055842987e-06,0.6010501183187215,5.749853300103842,1.2904556084718968,0.7749184773253822,0.6687618792057037,0.36816255810867915,0.4750974379407056,1.6848721504211426,0.4081455189696612,0.22571757553782257,46.24143932556149,3.985494603728274,1.6848721504211426,0.22571757553782257,0.6687618792057037,0
0.04574869301797947,0.0006100625128662723,1.9692194122593177e-06,0.6229922571181434,5.549662882201404,1.4927617919064158,0.6698979524962876,0.5013499334454536,0.34673139399819775,0.5175873770149592,2.084376811981201,0.4030240405360246,0.2678966928452255,49.67927711093235,3.8467331799840823,2.084376811981201,0.2678966928452255,0.5013499334454536,0
0.03790964899521759,0.0008680754936512317,2.1333167549946437e-06,0.5160354090845667,5.598725935431506,1.494697985115428,0.6690299166860972,0.42854784429073334,0.2869467426207848,0.4288987180307224,2.0693650245666504,0.32828150391378585,0.1839541103283971,34.085445558921734,3.880741097000191,2.0693650245666504,0.1839541103283971,0.42854784429073334,0
0.034275346609655435,0.0005327643178000633,1.9692189830785704e-06,0.4666652235729659,5.539461479665386,1.4936543064498862,0.6694972303264547,0.4353683143854141,0.25961916259257123,0.3877812802433072,1.463280200958252,0.30929215161722823,0.15037432130713835,27.875383154228004,3.8396621065784826,1.463280200958252,0.15037432130713835,0.4353683143854141,0
0.036820919940233995,0.0005380896529576891,1.9691133573703054e-06,0.5056690430742201,5.59291450581836,1.4533355900770975,0.6880706743444333,0.5376989245414734,0.2866379642200627,0.4165811548682628,2.0387461185455322,0.3301046333671991,0.17353985859137555,32.72975118382048,3.8767129209488163,2.0387461185455322,0.17353985859137555,0.5376989245414734,0
0.035124240130875166,0.000518460133210091,1.9692107387099046e-06,0.4721675054096394,5.508050109915275,1.5583503774228913,0.6417025965697084,0.36470090597867966,0.2550038937624777,0.39738541408906397,1.8714016675949097,0.29743336905517026,0.15791516733073685,28.536595605089516,3.817889404198668,1.8714016675949097,0.15791516733073685,0.36470090597867966,0
0.02501031815230801,0.000648881281674234,2.1332567676732607e-06,0.34022256947429297,5.568481608849492,1.4978876472132416,0.6676044547117009,0.29228729754686356,0.18890565628771583,0.28295944904208,1.3152278661727905,0.21916196265824794,0.08006604980219746,14.816178787800332,3.8597773273019333,1.3152278661727905,0.08006604980219746,0.29228729754686356,0
0.029277453053183747,0.0005191442074795287,1.9692094805448004e-06,0.4081812600092527,5.625307017480193,1.3886857854827015,0.7201031302204838,0.4415014311671257,0.23852521059779974,0.3312365694364323,1.201212763786316,0.27861694937197967,0.10971766493201646,21.326328450910868,3.899165699078469,1.201212763786316,0.10971766493201646,0.4415014311671257,0
0.036101467422444626,0.0004678769903653907,1.9393423801616162e-06,0.4928283471831327,5.523614684642984,1.4810338647526986,0.6752023538920305,0.45700516551733017,0.27578132311737136,0.40844147880313325,1.6767325401306152,0.3320178758585257,0.16682444160689036,31.08861181276907,3.828677945287795,1.6767325401306152,0.16682444160689036,0.45700516551733017,0
0.036781237916363126,0.0008030444550775429,2.0645083233763657e-06,0.5135085992910142,5.690971542836017,1.383078694196716,0.7230229206184894,0.5253589153289795,0.30087384453509003,0.41613220401753803,1.960623025894165,0.334480317784255,0.1731660112204939,33.75245843786489,3.9446808796916653,1.960623025894165,0.1731660112204939,0.5253589153289795,0
0.02830636690573361,0.000468123035095885,1.93937822102307e-06,0.39151663435685474,5.614834742347087,1.4219264562396026,0.7032690566104695,0.40140553563833237,0.22522260728146648,0.32024998383677933,1.5112454891204834,0.25959732349838305,0.10256005214745742,19.620515197199243,3.891906871095909,1.5112454891204834,0.10256005214745742,0.40140553563833237,0
0.031113855310469687,0.000703478060721103,2.0645034014499154e-06,0.4315423876862516,5.645003945148998,1.410133927156971,0.7091504856001523,0.4303815960884094,0.24963096233841497,0.35201308926224306,1.3067562580108643,0.28561928992303365,0.1239132150119479,23.83729054335374,3.9128185689577952,1.3067562580108643,0.1239132150119479,0.4303815960884094,0
0.053185312598890824,0.0007986763505416552,2.0316986977490492e-06,0.7391394177772741,5.639567906861844,1.4017980612438579,0.71336832726214,0.674640879034996,0.42925093121993996,0.6017231231712324,2.3998234272003174,0.4858885361136629,0.3620707169589421,69.92986610075235,3.9090505943456364,2.3998234272003174,0.3620707169589421,0.674640879034996,0
0.0314233100354679,0.0007344719876081089,2.0982403035991672e-06,0.43394993086643674,5.635644815358987,1.4286757222008852,0.69994693102225,0.4679390415549278,0.24884175204351777,0.35551416981450634,1.5404129028320312,0.28545894247884007,0.12639032493889765,24.10400543987011,3.9063313145313545,1.5404129028320312,0.12639032493889765,0.4679390415549278,0
0.046055931650626034,0.0006500807546039599,1.999976484070709e-06,0.6251393864329029,5.534923797256491,1.5086362229731547,0.6628490457962223,0.6180910468101501,0.34538703062389686,0.521063385344349,2.2028534412384033,0.4090407453743694,0.27150705154651356,50.0223043161224,3.8365168248104813,2.2028534412384033,0.27150705154651356,0.6180910468101501,0
0.037647534494132516,0.0003544487236682481,1.8550375002567006e-06,0.5019383881033923,5.410563541536286,1.6038954248462929,0.6234805815444766,0.42188312113285065,0.26556172202617745,0.425933230972089,2.106863021850586,0.33186071948858853,0.18141911724632295,32.248594617834456,3.7503168641843083,2.106863021850586,0.18141911724632295,0.42188312113285065,0
0.03299327849489522,0.00040366273465641887,1.9104275481908847e-06,0.4392702582997559,5.430781893858187,1.6119603234691215,0.6203610017364646,0.3364398330450058,0.231566701662814,0.3732763353170672,1.6472028493881226,0.2820597511567371,0.1393352225077396,24.69867005782199,3.764331158091801,1.6472028493881226,0.1393352225077396,0.3364398330450058,0
0.022870062268571526,0.00018318693934771697,1.7297162260616423e-06,0.3026340263113812,5.312755053377384,1.6484176692574568,0.6066400244664117,0.24220682308077812,0.1569658119333326,0.2587452178602484,1.0146023035049438,0.20413637284082142,0.06694908776554742,11.723181296824034,3.682521186382134,1.0146023035049438,0.06694908776554742,0.24220682308077812,0
0.034631166066065755,0.00026738126026661015,1.7777105354648976e-06,0.4612178745969882,5.39991749724033,1.6101904908435989,0.6210429470397965,0.41133448481559753,0.2433295439759604,0.39180691785140076,1.8250452280044556,0.3030577835682351,0.15351266087621432,27.228406764513682,3.74293758859645,1.8250452280044556,0.15351266087621432,0.41133448481559753,0
0.04246511874417984,0.000718584063557105,2.0317345157170442e-06,0.5814741032284183,5.58648686652448,1.466745280222671,0.6817802191382446,0.5611130744218826,0.3275537895533489,0.48043797484642453,1.8560823202133179,0.37987313401413303,0.23082064767453367,43.27835298883754,3.8722576208946053,1.8560823202133179,0.23082064767453367,0.5611130744218826,0
0.033706456765579935,0.000701744027952781,2.031736697838444e-06,0.4766704111110055,5.689970251545073,1.3334178122698546,0.7499505170156566,0.5910459607839584,0.28599064964510035,0.38134502637940415,1.244253396987915,0.32618440544092664,0.14542402914430846,29.083479146078076,3.9439868374564298,1.244253396987915,0.14542402914430846,0.5910459607839584,0
0.03698123408516958,0.00034378393604085904,1.8550491681039367e-06,0.49341664256164464,5.39432738295549,1.5997063705452907,0.625113225984318,0.3883761093020439,0.2615448122705857,0.418394902372328,1.7029178142547607,0.3270170755072286,0.17505429433114988,31.16287784407114,3.7390628166409043,1.7029178142547607,0.17505429433114988,0.3883761093020439,0
0.040471752310355436,0.0004512055006414626,1.910433539867147e-06,0.5440663068685221,5.466837579558194,1.5582191877596745,0.641756836206675,0.46509307622909546,0.2938518609444145,0.4578856080824744,2.1145150661468506,0.35638791448263873,0.20965923008905735,37.889042722502765,3.7893230549779164,2.1145150661468506,0.20965923008905735,0.46509307622909546,0
0.03382537459914489,0.0004914636201812831,1.939382797783505e-06,0.4565771288912942,5.544053377039787,1.5367890049899742,0.6507057141101756,0.40509411692619324,0.2490194989950396,0.3826904280836888,2.0858209133148193,0.28969211766252556,0.146451963746877,26.68322235220704,3.842844967296972,2.0858209133148193,0.146451963746877,0.40509411692619324,0
0.03649959646854574,0.0005574640484205401,1.9692205487714113e-06,0.49699582496815836,5.5536854389028925,1.4931978163049027,0.6697020096474157,0.462619386613369,0.27655129833874526,0.4129457947757001,1.666831135749817,0.32521432691532937,0.1705242294229346,31.616620804579878,3.849521403820362,1.666831135749817,0.1705242294229346,0.462619386613369,0
0.03374519943846703,0.0002876009160338247,1.8027908764580876e-06,0.44825051689982226,5.399866707826666,1.6254196018217304,0.6152241424918953,0.3373924195766449,0.23488294915296137,0.38178334968692024,2.121791362762451,0.28921755179180764,0.14575852609816523,25.718851315322606,3.742902384057566,2.121791362762451,0.14575852609816523,0.3373924195766449,0
0.03760572777557448,0.0011917438022753003,2.245581433438072e-06,0.5268007457619804,5.721382001973677,1.3695864698250588,0.7301456838554898,0.5486748963594437,0.31064868945395574,0.42546024194502424,1.9015288352966309,0.3406781928251803,0.18101641747591857,35.522435294128485,3.965759803702469,1.9015288352966309,0.18101641747591857,0.5486748963594437,0
0.04204974094665181,0.0003132105456317954,1.7777738482000933e-06,0.562398365737827,5.436147548950117,1.5861053247831007,0.6304738294388552,0.4944215565919876,0.2999413116485812,0.4757385115282421,2.1672255992889404,0.36352214520684356,0.22632713135110732,40.485365988426054,3.7680503467906297,2.1672255992889404,0.22632713135110732,0.4944215565919876,0
0.031664525024276184,0.0007286639585157901,2.0645029465715954e-06,0.4411173070577447,5.688138299377926,1.3918652801893903,0.7184583327432091,0.4445698782801628,0.25738353487395216,0.35824320588346914,1.7820754051208496,0.284582215516366,0.12833819456166567,24.90681325899221,3.9427170249768513,1.7820754051208496,0.12833819456166567,0.4445698782801628,0
0.039380607159926494,0.0005031818445571067,1.9692086908799737e-06,0.5232550911878424,5.414729326718829,1.623755263065449,0.6158549741377615,0.37658604979515076,0.27438907824034686,0.4455407099204405,1.9701374769210815,0.33819549902017343,0.1985065241964101,35.04587397811165,3.753204366438406,1.9701374769210815,0.1985065241964101,0.37658604979515076,0
0.026698607162726064,0.00040232933869389074,1.9104365058913537e-06,0.3633311252994088,5.532610890113017,1.4959875952607615,0.6684525276688185,0.30257564038038254,0.20191361193428747,0.3020602587679893,1.1582683324813843,0.23832966872305406,0.09124039992698467,16.897216846250842,3.8349136397450865,1.1582683324813843,0.09124039992698467,0.30257564038038254,0
0.02951100781468207,0.0005621576526970945,1.9999860676129015e-06,0.40600241184815294,5.606071798049415,1.4453388379043892,0.6918772115480623,0.40263986587524414,0.2310039218282327,0.33387893992657425,1.5196478366851807,0.26616148150424124,0.11147514652649299,21.099258678594204,3.8858328609625747,1.5196478366851807,0.11147514652649299,0.40263986587524414,0
0.032968443368351114,0.0004763326465297277,1.969187128978586e-06,0.4463412737496248,5.493052149894886,1.5215431493110134,0.6572257378711175,0.3836527690291405,0.2451428065669461,0.37299535793481176,1.5637030601501465,0.29560814310664796,0.13912553704091835,25.500228179512,3.8074936104963855,1.5637030601501465,0.13912553704091835,0.3836527690291405,0
0.03786297413943483,0.00037251520208167444,1.8285662672944819e-06,0.517327993351477,5.526408910546158,1.4769045535714853,0.6770902447015082,0.4821094796061516,0.2900462668912951,0.42837065231816407,1.8194398880004883,0.34890133512726607,0.1835014157674894,34.256416346248415,3.8306147550944276,1.8194398880004883,0.1835014157674894,0.4821094796061516,0
0.04353321657603985,0.0011574887352727643,2.169480979381416e-06,0.6166191907582126,5.743706929030013,1.3275519964103129,0.7532646347129566,0.6092807352542877,0.37100024985556956,0.4925221223644863,1.9755916595458984,0.40314735108017885,0.24257804101841798,48.668060980648065,3.9812342639477736,1.9755916595458984,0.24257804101841798,0.6092807352542877,0
0.04171470974814442,0.00036725975628922085,1.828561747991716e-06,0.5637332736063151,5.475787377355732,1.5307165873527717,0.6532874141363323,0.5396623909473419,0.30831838506856,0.471948066210264,1.8698874711990356,0.37665059882328933,0.22273497719960772,40.677786082674245,3.795526582087861,1.8698874711990356,0.22273497719960772,0.5396623909473419,0
0.035556592617189416,0.00048522433175969066,1.9393831833820026e-06,0.478947754618832,5.500697596315273,1.5476284734938608,0.6461483045080292,0.3475843742489815,0.2599311985904933,0.4022769240880347,1.797425389289856,0.3091357635152008,0.16182672365373046,29.362041811765877,3.812793030126798,1.797425389289856,0.16182672365373046,0.3475843742489815,0
0.04229465351646585,0.00041360697871152394,1.8550645781107088e-06,0.5747722641269675,5.511865663222709,1.5027570211515466,0.6654421813413932,0.49335096776485443,0.31842099169443827,0.47850938095085543,2.1702494621276855,0.38062850219193933,0.2289712276579709,42.28648391803397,3.8205341442159915,2.1702494621276855,0.2289712276579709,0.49335096776485443,0
0.027856755826519128,0.00042593124870059473,1.910436934692587e-06,0.37983145969576615,5.586054821346729,1.4866175238165427,0.6726658410992512,0.37297874689102173,0.21200020186734037,0.3151632151486327,1.811094045639038,0.24206023689032463,0.09932785218282336,18.466808035150905,3.871958149997774,1.811094045639038,0.09932785218282336,0.37297874689102173,0
0.03005407671649445,0.00019991338402833728,1.7066601223091987e-06,0.40094407223480727,5.3686377764811315,1.6003882660458546,0.6248465327119699,0.32874540984630585,0.21246285691449884,0.3400230631765433,1.5413445234298706,0.26831276278039695,0.11561568349195955,20.576787079709483,3.7212561383435085,1.5413445234298706,0.11561568349195955,0.32874540984630585,0
0.024734191611232404,0.000951114590625963,2.2068763800916124e-06,0.35497745608085796,5.781353844589432,1.2812633339378316,0.7804768933881217,0.35234013199806213,0.21840587054612115,0.27983543384751763,0.9775258898735046,0.2356610293754784,0.07830787003662842,16.129151273681593,4.007329117324565,0.9775258898735046,0.07830787003662842,0.35234013199806213,0
0.02821284823181318,0.0005028115716070919,1.9692193166703282e-06,0.38777428372074585,5.58584677040242,1.449594143982661,0.6898461001996131,0.3529350161552429,0.2201940054364968,0.31919194082083197,1.2180906534194946,0.25757815889073754,0.10188349508496951,19.2472185747376,3.871813940072314,1.2180906534194946,0.10188349508496951,0.3529350161552429,0
0.034346457590124536,0.0004641718282196648,1.910437209961452e-06,0.47121443035306376,5.587743154210144,1.4578837748940714,0.6859239699303943,0.4991776943206787,0.266541006792977,0.3885858091474116,2.144824266433716,0.31100808268797664,0.15099893107074858,28.421509039739185,3.8731284131618953,2.144824266433716,0.15099893107074858,0.4991776943206787,0
0.03622215172606594,0.0009978648165616946,2.2068756868988588e-06,0.4964537376451423,5.602922081853016,1.4624338663231236,0.683789935982753,0.37536126375198364,0.28022249434434343,0.40980686583470777,1.4795303344726562,0.32472939404942736,0.16794166728526616,31.547688143594463,3.883649644061475,1.4795303344726562,0.16794166728526616,0.37536126375198364,0
0.05488005387680092,0.0009828071412857355,2.1333048223221227e-06,0.7388084448304241,5.543235266965896,1.5506686278920094,0.6448820666403321,0.5866245776414871,0.40040594154197606,0.6208969319707042,2.6825432777404785,0.4652015863609904,0.3855130001306333,69.86725352355197,3.842277896605866,2.6825432777404785,0.3855130001306333,0.5866245776414871,0
0.03661487192708241,0.000477353012503473,1.93937903847246e-06,0.4941910708816303,5.487572274523096,1.537195528952711,0.6505337591541434,0.44747716188430786,0.2694842522687395,0.41424998771067084,2.0186233520507812,0.33018820326276455,0.17160305231829093,31.260776261008964,3.803695250332609,2.0186233520507812,0.17160305231829093,0.44747716188430786,0
0.0423871011361801,0.00016227256280903137,1.6623188273228849e-06,0.5434024484446711,5.101723788320056,1.8764591757789362,0.5329174903706726,0.22548747435212135,0.2555639432830503,0.4795553063717274,2.260613203048706,0.3465949843391627,0.22997329186928134,37.796636284884926,3.536245459997648,2.260613203048706,0.22997329186928134,0.22548747435212135,0
