image_id,file_name,class_name,true_label,split,image_path,resolved_image_path,source,source_filepath,concept_key,concept_peripheral_ground_glass_opacities_label,concept_bilateral_involvement_label,concept_multilobar_distribution_label,concept_crazy_paving_pattern_label,concept_absence_of_lobar_consolidation_label,concept_localized_or_diffuse_presentation_label,concept_increased_density_in_the_lung_label,concept_ground_glass_appearance_label,task_prediction,task_probability_noncovid,task_probability_covid,neural_prediction,neural_probability_noncovid,neural_probability_covid,concept_score_peripheral_ground_glass_opacities,concept_score_bilateral_involvement,concept_score_multilobar_distribution,concept_score_crazy_paving_pattern,concept_score_absence_of_lobar_consolidation,concept_score_localized_or_diffuse_presentation,concept_score_increased_density_in_the_lung,concept_score_ground_glass_appearance,concept_pred_peripheral_ground_glass_opacities_label,concept_pred_bilateral_involvement_label,concept_pred_multilobar_distribution_label,concept_pred_crazy_paving_pattern_label,concept_pred_absence_of_lobar_consolidation_label,concept_pred_localized_or_diffuse_presentation_label,concept_pred_increased_density_in_the_lung_label,concept_pred_ground_glass_appearance_label
covid_2020_01_24_919183_p27_132,2020.01.24.919183-p27-132.png,COVID,1,train,/Users/samehissa/Downloads/COVID-CT-Dataset-master/Images-processed/CT_COVID/2020.01.24.919183-p27-132.png,/Users/samehissa/Downloads/COVID-CT-Dataset-master/Images-processed/CT_COVID/2020.01.24.919183-p27-132.png,original,,2020.01.24.919183-p27-132.png,1,1,1,0,1,1,1,1,1,5.0950046e-05,0.9999491,1,0.36793286,0.46096155,0.73552454,0.6616187,0.82091856,0.46377796,0.5503603,0.7245854,0.7140053,0.7449951,1,1,1,0,1,1,1,1
covid_2020_01_24_919183_p27_133,2020.01.24.919183-p27-133.png,COVID,1,train,/Users/samehissa/Downloads/COVID-CT-Dataset-master/Images-processed/CT_COVID/2020.01.24.919183-p27-133.png,/Users/samehissa/Downloads/COVID-CT-Dataset-master/Images-processed/CT_COVID/2020.01.24.919183-p27-133.png,original,,2020.01.24.919183-p27-133.png,1,1,1,0,1,1,1,1,1,0.00026629222,0.99973375,1,0.37704116,0.45979664,0.7214616,0.6581097,0.80227554,0.4661141,0.5474149,0.70855975,0.6934839,0.72536993,1,1,1,0,1,1,1,1
covid_2020_01_24_919183_p27_134,2020.01.24.919183-p27-134.png,COVID,1,train,/Users/samehissa/Downloads/COVID-CT-Dataset-master/Images-processed/CT_COVID/2020.01.24.919183-p27-134.png,/Users/samehissa/Downloads/COVID-CT-Dataset-master/Images-processed/CT_COVID/2020.01.24.919183-p27-134.png,original,,2020.01.24.919183-p27-134.png,1,1,1,0,1,1,1,1,1,3.623625e-05,0.99996376,1,0.36329147,0.4565551,0.74068564,0.6632518,0.82493323,0.46671897,0.55485904,0.73617953,0.72523844,0.74574596,1,1,1,0,1,1,1,1
covid_2020_01_24_919183_p27_135,2020.01.24.919183-p27-135.png,COVID,1,train,/Users/samehissa/Downloads/COVID-CT-Dataset-master/Images-processed/CT_COVID/2020.01.24.919183-p27-135.png,/Users/samehissa/Downloads/COVID-CT-Dataset-master/Images-processed/CT_COVID/2020.01.24.919183-p27-135.png,original,,2020.01.24.919183-p27-135.png,1,1,1,0,1,1,1,1,1,0.00031818877,0.99968183,1,0.37316418,0.45802835,0.7256439,0.6563231,0.8073859,0.46706787,0.5495526,0.7184491,0.70482516,0.72939765,1,1,1,0,1,1,1,1
covid_2020_02_10_20021584_p6_52_0,2020.02.10.20021584-p6-52%0.png,COVID,1,train,/Users/samehissa/Downloads/COVID-CT-Dataset-master/Images-processed/CT_COVID/2020.02.10.20021584-p6-52%0.png,/Users/samehissa/Downloads/COVID-CT-Dataset-master/Images-processed/CT_COVID/2020.02.10.20021584-p6-52%0.png,original,,2020.02.10.20021584-p6-52%0.png,1,1,1,0,1,1,1,1,1,2.8679095e-05,0.9999713,1,0.37293905,0.4609862,0.71900326,0.65456134,0.8118608,0.46640068,0.5460903,0.716652,0.71802384,0.73397803,1,1,1,0,1,1,1,1
covid_2020_02_10_20021584_p6_52_1,2020.02.10.20021584-p6-52%1.png,COVID,1,train,/Users/samehissa/Downloads/COVID-CT-Dataset-master/Images-processed/CT_COVID/2020.02.10.20021584-p6-52%1.png,/Users/samehissa/Downloads/COVID-CT-Dataset-master/Images-processed/CT_COVID/2020.02.10.20021584-p6-52%1.png,original,,2020.02.10.20021584-p6-52%1.png,1,1,1,0,1,1,1,1,1,5.730633e-05,0.99994266,1,0.37220088,0.46400124,0.72466743,0.6539971,0.8155981,0.46306306,0.544837,0.71631753,0.7147962,0.74116135,1,1,1,0,1,1,1,1
covid_2020_02_10_20021584_p6_52_10,2020.02.10.20021584-p6-52%10.png,COVID,1,train,/Users/samehissa/Downloads/COVID-CT-Dataset-master/Images-processed/CT_COVID/2020.02.10.20021584-p6-52%10.png,/Users/samehissa/Downloads/COVID-CT-Dataset-master/Images-processed/CT_COVID/2020.02.10.20021584-p6-52%10.png,original,,2020.02.10.20021584-p6-52%10.png,0,1,1,0,1,1,1,1,1,0.007649638,0.9923504,1,0.423288,0.46261108,0.6691449,0.54569143,0.761154,0.3728298,0.56296194,0.67540514,0.6755136,0.6468391,1,1,1,0,1,1,1,1
covid_2020_02_10_20021584_p6_52_11,2020.02.10.20021584-p6-52%11.png,COVID,1,train,/Users/samehissa/Downloads/COVID-CT-Dataset-master/Images-processed/CT_COVID/2020.02.10.20021584-p6-52%11.png,/Users/samehissa/Downloads/COVID-CT-Dataset-master/Images-processed/CT_COVID/2020.02.10.20021584-p6-52%11.png,original,,2020.02.10.20021584-p6-52%11.png,1,1,1,0,1,1,1,1,1,0.011559642,0.9884404,1,0.42148912,0.46008807,0.6545927,0.5567258,0.7598568,0.39027572,0.5730763,0.6605169,0.67288244,0.62360543,1,1,1,0,1,1,1,1
covid_2020_02_10_20021584_p6_52_12,2020.02.10.20021584-p6-52%12.png,COVID,1,train,/Users/samehissa/Downloads/COVID-CT-Dataset-master/Images-processed/CT_COVID/2020.02.10.20021584-p6-52%12.png,/Users/samehissa/Downloads/COVID-CT-Dataset-master/Images-processed/CT_COVID/2020.02.10.20021584-p6-52%12.png,original,,2020.02.10.20021584-p6-52%12.png,0,1,1,0,1,1,1,1,1,9.722635e-06,0.9999902,1,0.35758543,0.45715037,0.7458068,0.67808855,0.83889836,0.46360224,0.5584719,0.7409643,0.7365993,0.75805527,1,1,1,0,1,1,1,1
covid_2020_02_10_20021584_p6_52_13,2020.02.10.20021584-p6-52%13.png,COVID,1,train,/Users/samehissa/Downloads/COVID-CT-Dataset-master/Images-processed/CT_COVID/2020.02.10.20021584-p6-52%13.png,/Users/samehissa/Downloads/COVID-CT-Dataset-master/Images-processed/CT_COVID/2020.02.10.20021584-p6-52%13.png,original,,2020.02.10.20021584-p6-52%13.png,0,1,1,0,1,1,1,1,1,0.00023776242,0.99976224,1,0.39586848,0.4643913,0.6832842,0.6384353,0.7701236,0.46913907,0.5356087,0.6763526,0.67452806,0.69188565,1,1,1,0,1,1,1,1
covid_2020_02_10_20021584_p6_52_14,2020.02.10.20021584-p6-52%14.png,COVID,1,train,/Users/samehissa/Downloads/COVID-CT-Dataset-master/Images-processed/CT_COVID/2020.02.10.20021584-p6-52%14.png,/Users/samehissa/Downloads/COVID-CT-Dataset-master/Images-processed/CT_COVID/2020.02.10.20021584-p6-52%14.png,original,,2020.02.10.20021584-p6-52%14.png,0,1,1,0,1,1,1,1,1,0.00037486598,0.9996251,1,0.3821672,0.462312,0.70183253,0.6448748,0.79415166,0.4677599,0.5400422,0.70047027,0.704085,0.7177039,1,1,1,0,1,1,1,1
covid_2020_02_10_20021584_p6_52_15,2020.02.10.20021584-p6-52%15.png,COVID,1,train,/Users/samehissa/Downloads/COVID-CT-Dataset-master/Images-processed/CT_COVID/2020.02.10.20021584-p6-52%15.png,/Users/samehissa/Downloads/COVID-CT-Dataset-master/Images-processed/CT_COVID/2020.02.10.20021584-p6-52%15.png,original,,2020.02.10.20021584-p6-52%15.png,1,1,1,0,1,1,1,1,1,0.00010476722,0.9998952,1,0.37612602,0.45870084,0.72203034,0.6449603,0.8001455,0.46762574,0.5466323,0.71646726,0.7017644,0.7246214,1,1,1,0,1,1,1,1
covid_2020_02_10_20021584_p6_52_2,2020.02.10.20021584-p6-52%2.png,COVID,1,train,/Users/samehissa/Downloads/COVID-CT-Dataset-master/Images-processed/CT_COVID/2020.02.10.20021584-p6-52%2.png,/Users/samehissa/Downloads/COVID-CT-Dataset-master/Images-processed/CT_COVID/2020.02.10.20021584-p6-52%2.png,original,,2020.02.10.20021584-p6-52%2.png,1,1,1,0,1,1,1,1,1,5.70881e-05,0.9999429,1,0.3634649,0.46149397,0.73850733,0.6663207,0.83131564,0.46149397,0.5514188,0.730515,0.72852176,0.7546644,1,1,1,0,1,1,1,1
covid_2020_02_10_20021584_p6_52_3,2020.02.10.20021584-p6-52%3.png,COVID,1,train,/Users/samehissa/Downloads/COVID-CT-Dataset-master/Images-processed/CT_COVID/2020.02.10.20021584-p6-52%3.png,/Users/samehissa/Downloads/COVID-CT-Dataset-master/Images-processed/CT_COVID/2020.02.10.20021584-p6-52%3.png,original,,2020.02.10.20021584-p6-52%3.png,1,1,1,0,1,1,1,1,1,0.0010958654,0.9989041,1,0.39947593,0.46834707,0.6961746,0.6161863,0.7664112,0.4619688,0.5316529,0.674381,0.6666996,0.6973689,1,1,1,0,1,1,1,1
covid_2020_02_10_20021584_p6_52_4,2020.02.10.20021584-p6-52%4.png,COVID,1,train,/Users/samehissa/Downloads/COVID-CT-Dataset-master/Images-processed/CT_COVID/2020.02.10.20021584-p6-52%4.png,/Users/samehissa/Downloads/COVID-CT-Dataset-master/Images-processed/CT_COVID/2020.02.10.20021584-p6-52%4.png,original,,2020.02.10.20021584-p6-52%4.png,1,1,1,0,1,1,1,1,1,4.8849374e-06,0.9999951,1,0.34639663,0.45497862,0.7603389,0.69376016,0.8568622,0.46251613,0.5658832,0.75619555,0.7559913,0.77588105,1,1,1,0,1,1,1,1
covid_2020_02_10_20021584_p6_52_5,2020.02.10.20021584-p6-52%5.png,COVID,1,train,/Users/samehissa/Downloads/COVID-CT-Dataset-master/Images-processed/CT_COVID/2020.02.10.20021584-p6-52%5.png,/Users/samehissa/Downloads/COVID-CT-Dataset-master/Images-processed/CT_COVID/2020.02.10.20021584-p6-52%5.png,original,,2020.02.10.20021584-p6-52%5.png,0,1,1,0,1,1,1,1,1,1.7434289e-06,0.9999982,1,0.32955143,0.45178124,0.7905457,0.70629644,0.8814602,0.45702833,0.57673603,0.7860093,0.7786287,0.80236924,1,1,1,0,1,1,1,1
covid_2020_02_10_20021584_p6_52_6,2020.02.10.20021584-p6-52%6.png,COVID,1,train,/Users/samehissa/Downloads/COVID-CT-Dataset-master/Images-processed/CT_COVID/2020.02.10.20021584-p6-52%6.png,/Users/samehissa/Downloads/COVID-CT-Dataset-master/Images-processed/CT_COVID/2020.02.10.20021584-p6-52%6.png,original,,2020.02.10.20021584-p6-52%6.png,1,1,1,0,1,1,1,1,1,3.5407566e-06,0.9999964,1,0.34478712,0.45432436,0.76280594,0.6916254,0.86008906,0.4619458,0.56616116,0.76147234,0.7619617,0.7782897,1,1,1,0,1,1,1,1
covid_2020_02_10_20021584_p6_52_7,2020.02.10.20021584-p6-52%7.png,COVID,1,train,/Users/samehissa/Downloads/COVID-CT-Dataset-master/Images-processed/CT_COVID/2020.02.10.20021584-p6-52%7.png,/Users/samehissa/Downloads/COVID-CT-Dataset-master/Images-processed/CT_COVID/2020.02.10.20021584-p6-52%7.png,original,,2020.02.10.20021584-p6-52%7.png,1,1,1,0,1,1,1,1,1,0.00035951482,0.99964046,1,0.38893926,0.46581215,0.71317285,0.6312161,0.7792632,0.4653206,0.53468853,0.69015217,0.67308646,0.71337706,1,1,1,0,1,1,1,1
covid_2020_02_10_20021584_p6_52_8,2020.02.10.20021584-p6-52%8.png,COVID,1,train,/Users/samehissa/Downloads/COVID-CT-Dataset-master/Images-processed/CT_COVID/2020.02.10.20021584-p6-52%8.png,/Users/samehissa/Downloads/COVID-CT-Dataset-master/Images-processed/CT_COVID/2020.02.10.20021584-p6-52%8.png,original,,2020.02.10.20021584-p6-52%8.png,1,1,1,0,1,1,1,1,1,7.721278e-05,0.99992275,1,0.37747943,0.45949757,0.71605015,0.6532716,0.80071145,0.46814883,0.5461478,0.7093929,0.7007955,0.72325593,1,1,1,0,1,1,1,1
covid_2020_02_10_20021584_p6_52_9,2020.02.10.20021584-p6-52%9.png,COVID,1,train,/Users/samehissa/Downloads/COVID-CT-Dataset-master/Images-processed/CT_COVID/2020.02.10.20021584-p6-52%9.png,/Users/samehissa/Downloads/COVID-CT-Dataset-master/Images-processed/CT_COVID/2020.02.10.20021584-p6-52%9.png,original,,2020.02.10.20021584-p6-52%9.png,1,1,1,0,1,1,1,1,1,0.003154636,0.9968453,1,0.4002113,0.46675247,0.70314634,0.6248575,0.7822517,0.45134598,0.53529346,0.6752657,0.6701455,0.69414705,1,1,1,0,1,1,1,1
covid_2020_02_11_20021493_p16_109_0,2020.02.11.20021493-p16-109%0.png,COVID,1,train,/Users/samehissa/Downloads/COVID-CT-Dataset-master/Images-processed/CT_COVID/2020.02.11.20021493-p16-109%0.png,/Users/samehissa/Downloads/COVID-CT-Dataset-master/Images-processed/CT_COVID/2020.02.11.20021493-p16-109%0.png,original,,2020.02.11.20021493-p16-109%0.png,1,1,1,0,1,1,1,1,1,0.0065428657,0.99345714,1,0.40842736,0.4608953,0.70798105,0.5716505,0.7651532,0.39756444,0.5378777,0.69247186,0.6678408,0.66377544,1,1,1,0,1,1,1,1
covid_2020_02_11_20021493_p16_109_1,2020.02.11.20021493-p16-109%1.png,COVID,1,train,/Users/samehissa/Downloads/COVID-CT-Dataset-master/Images-processed/CT_COVID/2020.02.11.20021493-p16-109%1.png,/Users/samehissa/Downloads/COVID-CT-Dataset-master/Images-processed/CT_COVID/2020.02.11.20021493-p16-109%1.png,original,,2020.02.11.20021493-p16-109%1.png,1,1,1,0,1,1,1,1,1,0.0009982141,0.9990018,1,0.4004859,0.4698796,0.7030301,0.61993355,0.78148144,0.44619855,0.5343543,0.68025213,0.67169636,0.68486965,1,1,1,0,1,1,1,1
covid_2020_02_11_20021493_p16_109_2,2020.02.11.20021493-p16-109%2.png,COVID,1,train,/Users/samehissa/Downloads/COVID-CT-Dataset-master/Images-processed/CT_COVID/2020.02.11.20021493-p16-109%2.png,/Users/samehissa/Downloads/COVID-CT-Dataset-master/Images-processed/CT_COVID/2020.02.11.20021493-p16-109%2.png,original,,2020.02.11.20021493-p16-109%2.png,1,1,1,0,1,1,1,1,1,0.001185988,0.998814,1,0.40007588,0.4695875,0.7005264,0.61071175,0.75225997,0.46783495,0.52761006,0.6737259,0.65436983,0.6941767,1,1,1,0,1,1,1,1
covid_2020_02_11_20022053_p12_67_0,2020.02.11.20022053-p12-67%0.png,COVID,1,train,/Users/samehissa/Downloads/COVID-CT-Dataset-master/Images-processed/CT_COVID/2020.02.11.20022053-p12-67%0.png,/Users/samehissa/Downloads/COVID-CT-Dataset-master/Images-processed/CT_COVID/2020.02.11.20022053-p12-67%0.png,original,,2020.02.11.20022053-p12-67%0.png,0,0,0,0,1,1,1,1,1,0.0049169506,0.9950831,1,0.40785918,0.46878943,0.6613407,0.6199555,0.727722,0.4768209,0.5296775,0.6573162,0.6436429,0.6568775,1,1,1,0,1,1,1,1
covid_2020_02_11_20022053_p12_67_1,2020.02.11.20022053-p12-67%1.png,COVID,1,train,/Users/samehissa/Downloads/COVID-CT-Dataset-master/Images-processed/CT_COVID/2020.02.11.20022053-p12-67%1.png,/Users/samehissa/Downloads/COVID-CT-Dataset-master/Images-processed/CT_COVID/2020.02.11.20022053-p12-67%1.png,original,,2020.02.11.20022053-p12-67%1.png,1,1,1,0,1,1,1,1,1,0.0033979458,0.99660206,1,0.39041743,0.45995966,0.74822503,0.61319184,0.78482056,0.43271065,0.5219604,0.69133127,0.67476714,0.70771474,1,1,1,0,1,1,1,1
covid_2020_02_11_20022053_p12_67_2,2020.02.11.20022053-p12-67%2.png,COVID,1,train,/Users/samehissa/Downloads/COVID-CT-Dataset-master/Images-processed/CT_COVID/2020.02.11.20022053-p12-67%2.png,/Users/samehissa/Downloads/COVID-CT-Dataset-master/Images-processed/CT_COVID/2020.02.11.20022053-p12-67%2.png,original,,2020.02.11.20022053-p12-67%2.png,0,1,1,0,1,1,1,1,1,0.0015682965,0.99843174,1,0.40995932,0.46908712,0.6696836,0.6027002,0.7302838,0.47323376,0.52076626,0.6521306,0.6438218,0.6718804,1,1,1,0,1,1,1,1
covid_2020_02_11_20022053_p12_67_3,2020.02.11.20022053-p12-67%3.png,COVID,1,train,/Users/samehissa/Downloads/COVID-CT-Dataset-master/Images-processed/CT_COVID/2020.02.11.20022053-p12-67%3.png,/Users/samehissa/Downloads/COVID-CT-Dataset-master/Images-processed/CT_COVID/2020.02.11.20022053-p12-67%3.png,original,,2020.02.11.20022053-p12-67%3.png,0,0,0,0,1,0,0,0,1,0.009180599,0.9908194,1,0.41438714,0.467518,0.6692009,0.5847021,0.71277887,0.47669697,0.51600266,0.64669013,0.6360061,0.6637396,1,1,1,0,1,1,1,1
covid_2020_02_13_20022673_p13_77_0,2020.02.13.20022673-p13-77%0.png,COVID,1,train,/Users/samehissa/Downloads/COVID-CT-Dataset-master/Images-processed/CT_COVID/2020.02.13.20022673-p13-77%0.png,/Users/samehissa/Downloads/COVID-CT-Dataset-master/Images-processed/CT_COVID/2020.02.13.20022673-p13-77%0.png,original,,2020.02.13.20022673-p13-77%0.png,1,1,1,0,1,1,1,1,1,4.521986e-06,0.99999547,1,0.34779927,0.44952932,0.7856803,0.65207314,0.8617059,0.44952932,0.5415766,0.75905246,0.7566728,0.800655,1,1,1,0,1,1,1,1
covid_2020_02_13_20022673_p13_77_1,2020.02.13.20022673-p13-77%1.png,COVID,1,train,/Users/samehissa/Downloads/COVID-CT-Dataset-master/Images-processed/CT_COVID/2020.02.13.20022673-p13-77%1.png,/Users/samehissa/Downloads/COVID-CT-Dataset-master/Images-processed/CT_COVID/2020.02.13.20022673-p13-77%1.png,original,,2020.02.13.20022673-p13-77%1.png,1,1,1,0,1,1,1,1,1,0.003751484,0.99624854,1,0.40368745,0.468839,0.689353,0.60543674,0.74297905,0.46914724,0.5269488,0.6699708,0.65081,0.6807063,1,1,1,0,1,1,1,1
covid_2020_02_13_20022673_p13_77_2,2020.02.13.20022673-p13-77%2.png,COVID,1,train,/Users/samehissa/Downloads/COVID-CT-Dataset-master/Images-processed/CT_COVID/2020.02.13.20022673-p13-77%2.png,/Users/samehissa/Downloads/COVID-CT-Dataset-master/Images-processed/CT_COVID/2020.02.13.20022673-p13-77%2.png,original,,2020.02.13.20022673-p13-77%2.png,1,1,1,1,1,1,1,1,1,0.00013304852,0.99986696,1,0.3866561,0.46878245,0.7240476,0.6162435,0.784972,0.46405068,0.5300498,0.6964431,0.68683076,0.72710204,1,1,1,0,1,1,1,1
covid_2020_02_17_20024018_p17_61_0,2020.02.17.20024018-p17-61%0.png,COVID,1,train,/Users/samehissa/Downloads/COVID-CT-Dataset-master/Images-processed/CT_COVID/2020.02.17.20024018-p17-61%0.png,/Users/samehissa/Downloads/COVID-CT-Dataset-master/Images-processed/CT_COVID/2020.02.17.20024018-p17-61%0.png,original,,2020.02.17.20024018-p17-61%0.png,1,1,1,0,1,1,1,1,1,8.025712e-05,0.9999198,1,0.37577224,0.46786845,0.7329413,0.63966715,0.80855393,0.4620681,0.53970045,0.7120614,0.7038488,0.742067,1,1,1,0,1,1,1,1
covid_2020_02_17_20024018_p17_61_1,2020.02.17.20024018-p17-61%1.png,COVID,1,train,/Users/samehissa/Downloads/COVID-CT-Dataset-master/Images-processed/CT_COVID/2020.02.17.20024018-p17-61%1.png,/Users/samehissa/Downloads/COVID-CT-Dataset-master/Images-processed/CT_COVID/2020.02.17.20024018-p17-61%1.png,original,,2020.02.17.20024018-p17-61%1.png,1,1,1,0,1,1,1,1,1,0.00024193048,0.99975806,1,0.38452852,0.4655126,0.71708757,0.63746315,0.7892663,0.4660064,0.5378337,0.6969503,0.6831201,0.7207004,1,1,1,0,1,1,1,1
covid_2020_02_17_20024018_p17_61_2,2020.02.17.20024018-p17-61%2.png,COVID,1,train,/Users/samehissa/Downloads/COVID-CT-Dataset-master/Images-processed/CT_COVID/2020.02.17.20024018-p17-61%2.png,/Users/samehissa/Downloads/COVID-CT-Dataset-master/Images-processed/CT_COVID/2020.02.17.20024018-p17-61%2.png,original,,2020.02.17.20024018-p17-61%2.png,1,1,1,0,1,1,1,1,1,0.0003409336,0.99965906,1,0.39361128,0.46966407,0.7058549,0.61907196,0.780831,0.46222234,0.5311525,0.6832382,0.6821818,0.71422964,1,1,1,0,1,1,1,1
covid_2020_02_17_20024018_p17_61_3,2020.02.17.20024018-p17-61%3.png,COVID,1,train,/Users/samehissa/Downloads/COVID-CT-Dataset-master/Images-processed/CT_COVID/2020.02.17.20024018-p17-61%3.png,/Users/samehissa/Downloads/COVID-CT-Dataset-master/Images-processed/CT_COVID/2020.02.17.20024018-p17-61%3.png,original,,2020.02.17.20024018-p17-61%3.png,1,1,1,0,1,1,1,1,1,0.00031412038,0.9996859,1,0.38683078,0.45986545,0.7019562,0.6497972,0.7818583,0.46961915,0.5420705,0.69151235,0.6782504,0.7053511,1,1,1,0,1,1,1,1
covid_2020_02_17_20024018_p17_61_4,2020.02.17.20024018-p17-61%4.png,COVID,1,train,/Users/samehissa/Downloads/COVID-CT-Dataset-master/Images-processed/CT_COVID/2020.02.17.20024018-p17-61%4.png,/Users/samehissa/Downloads/COVID-CT-Dataset-master/Images-processed/CT_COVID/2020.02.17.20024018-p17-61%4.png,original,,2020.02.17.20024018-p17-61%4.png,1,1,1,0,1,1,1,1,1,9.338428e-05,0.99990666,1,0.38100615,0.46386346,0.7073561,0.647218,0.7981237,0.46689764,0.5399262,0.70080644,0.70192903,0.7233241,1,1,1,0,1,1,1,1
covid_2020_02_19_20025023_p20_93_0,2020.02.19.20025023-p20-93%0.png,COVID,1,train,/Users/samehissa/Downloads/COVID-CT-Dataset-master/Images-processed/CT_COVID/2020.02.19.20025023-p20-93%0.png,/Users/samehissa/Downloads/COVID-CT-Dataset-master/Images-processed/CT_COVID/2020.02.19.20025023-p20-93%0.png,original,,2020.02.19.20025023-p20-93%0.png,1,1,1,0,1,1,1,1,1,2.958044e-05,0.99997044,1,0.36659887,0.45928594,0.7242267,0.667745,0.82455266,0.4664683,0.5496034,0.72514665,0.7314309,0.7431591,1,1,1,0,1,1,1,1
covid_2020_02_19_20025023_p20_93_1,2020.02.19.20025023-p20-93%1.png,COVID,1,train,/Users/samehissa/Downloads/COVID-CT-Dataset-master/Images-processed/CT_COVID/2020.02.19.20025023-p20-93%1.png,/Users/samehissa/Downloads/COVID-CT-Dataset-master/Images-processed/CT_COVID/2020.02.19.20025023-p20-93%1.png,original,,2020.02.19.20025023-p20-93%1.png,1,1,1,0,1,1,1,1,1,0.00012543604,0.9998746,1,0.38303846,0.46756855,0.7134818,0.6348376,0.794656,0.46413484,0.5359528,0.69940794,0.69536334,0.726729,1,1,1,0,1,1,1,1
covid_2020_02_19_20025023_p20_93_2,2020.02.19.20025023-p20-93%2.png,COVID,1,train,/Users/samehissa/Downloads/COVID-CT-Dataset-master/Images-processed/CT_COVID/2020.02.19.20025023-p20-93%2.png,/Users/samehissa/Downloads/COVID-CT-Dataset-master/Images-processed/CT_COVID/2020.02.19.20025023-p20-93%2.png,original,,2020.02.19.20025023-p20-93%2.png,1,1,1,0,1,1,1,1,1,2.5820307e-05,0.99997413,1,0.366966,0.45938858,0.7355347,0.6602579,0.82068926,0.46550187,0.5513473,0.72821456,0.71809626,0.74386877,1,1,1,0,1,1,1,1
covid_2020_02_19_20025023_p20_93_3,2020.02.19.20025023-p20-93%3.png,COVID,1,train,/Users/samehissa/Downloads/COVID-CT-Dataset-master/Images-processed/CT_COVID/2020.02.19.20025023-p20-93%3.png,/Users/samehissa/Downloads/COVID-CT-Dataset-master/Images-processed/CT_COVID/2020.02.19.20025023-p20-93%3.png,original,,2020.02.19.20025023-p20-93%3.png,1,1,1,0,1,1,1,1,1,0.00025667288,0.9997433,1,0.3640485,0.4534067,0.7433534,0.68741244,0.8429291,0.45493862,0.5630272,0.73286164,0.72618115,0.7463972,1,1,1,0,1,1,1,1
covid_2020_02_22_20024927_p18_66_0,2020.02.22.20024927-p18-66%0.png,COVID,1,train,/Users/samehissa/Downloads/COVID-CT-Dataset-master/Images-processed/CT_COVID/2020.02.22.20024927-p18-66%0.png,/Users/samehissa/Downloads/COVID-CT-Dataset-master/Images-processed/CT_COVID/2020.02.22.20024927-p18-66%0.png,original,,2020.02.22.20024927-p18-66%0.png,1,0,1,0,1,1,1,1,1,0.0003911979,0.9996088,1,0.3792742,0.46319634,0.72174686,0.6455925,0.7990029,0.46504024,0.54264253,0.70657593,0.69284916,0.7269193,1,1,1,0,1,1,1,1
covid_2020_02_22_20024927_p18_66_1,2020.02.22.20024927-p18-66%1.png,COVID,1,train,/Users/samehissa/Downloads/COVID-CT-Dataset-master/Images-processed/CT_COVID/2020.02.22.20024927-p18-66%1.png,/Users/samehissa/Downloads/COVID-CT-Dataset-master/Images-processed/CT_COVID/2020.02.22.20024927-p18-66%1.png,original,,2020.02.22.20024927-p18-66%1.png,1,1,1,0,1,1,1,1,1,5.066792e-06,0.9999949,1,0.3403482,0.45604002,0.7789253,0.69096476,0.8660895,0.45807022,0.56845814,0.76994336,0.7581449,0.7889014,1,1,1,0,1,1,1,1
covid_2020_02_22_20024927_p18_66_2,2020.02.22.20024927-p18-66%2.png,COVID,1,train,/Users/samehissa/Downloads/COVID-CT-Dataset-master/Images-processed/CT_COVID/2020.02.22.20024927-p18-66%2.png,/Users/samehissa/Downloads/COVID-CT-Dataset-master/Images-processed/CT_COVID/2020.02.22.20024927-p18-66%2.png,original,,2020.02.22.20024927-p18-66%2.png,1,1,1,0,1,1,1,1,1,0.007286273,0.99271375,1,0.39869237,0.45478296,0.73654133,0.6058476,0.810859,0.41581342,0.5514079,0.69356036,0.68176454,0.69067997,1,1,1,0,1,1,1,1
covid_2020_02_22_20024927_p19_68_0,2020.02.22.20024927-p19-68%0.png,COVID,1,train,/Users/samehissa/Downloads/COVID-CT-Dataset-master/Images-processed/CT_COVID/2020.02.22.20024927-p19-68%0.png,/Users/samehissa/Downloads/COVID-CT-Dataset-master/Images-processed/CT_COVID/2020.02.22.20024927-p19-68%0.png,original,,2020.02.22.20024927-p19-68%0.png,0,0,0,0,1,1,1,1,1,0.001053072,0.99894696,1,0.3941267,0.46918106,0.69971484,0.6235363,0.7697598,0.46648648,0.53081894,0.68074936,0.6707465,0.7050437,1,1,1,0,1,1,1,1
covid_2020_02_22_20024927_p19_68_1,2020.02.22.20024927-p19-68%1.png,COVID,1,train,/Users/samehissa/Downloads/COVID-CT-Dataset-master/Images-processed/CT_COVID/2020.02.22.20024927-p19-68%1.png,/Users/samehissa/Downloads/COVID-CT-Dataset-master/Images-processed/CT_COVID/2020.02.22.20024927-p19-68%1.png,original,,2020.02.22.20024927-p19-68%1.png,1,0,1,0,1,1,1,1,1,0.00017951839,0.99982053,1,0.37516242,0.4643489,0.72616726,0.6483901,0.80856156,0.4631614,0.5435407,0.712741,0.7034661,0.7367068,1,1,1,0,1,1,1,1
covid_2020_02_22_20024927_p19_68_2,2020.02.22.20024927-p19-68%2.png,COVID,1,train,/Users/samehissa/Downloads/COVID-CT-Dataset-master/Images-processed/CT_COVID/2020.02.22.20024927-p19-68%2.png,/Users/samehissa/Downloads/COVID-CT-Dataset-master/Images-processed/CT_COVID/2020.02.22.20024927-p19-68%2.png,original,,2020.02.22.20024927-p19-68%2.png,1,1,1,0,1,1,1,1,1,8.49407e-05,0.999915,1,0.36510178,0.4590259,0.7371144,0.6658745,0.8250629,0.4638077,0.5531423,0.7299766,0.7209745,0.74685466,1,1,1,0,1,1,1,1
covid_2020_02_22_20024927_p19_68_3,2020.02.22.20024927-p19-68%3.png,COVID,1,train,/Users/samehissa/Downloads/COVID-CT-Dataset-master/Images-processed/CT_COVID/2020.02.22.20024927-p19-68%3.png,/Users/samehissa/Downloads/COVID-CT-Dataset-master/Images-processed/CT_COVID/2020.02.22.20024927-p19-68%3.png,original,,2020.02.22.20024927-p19-68%3.png,1,1,1,0,1,1,1,1,1,0.00011696418,0.99988306,1,0.36974463,0.45561096,0.73232365,0.6749332,0.814262,0.46484873,0.55541813,0.72054595,0.70044816,0.7327494,1,1,1,0,1,1,1,1
covid_2020_02_22_20024927_p19_68_4,2020.02.22.20024927-p19-68%4.png,COVID,1,train,/Users/samehissa/Downloads/COVID-CT-Dataset-master/Images-processed/CT_COVID/2020.02.22.20024927-p19-68%4.png,/Users/samehissa/Downloads/COVID-CT-Dataset-master/Images-processed/CT_COVID/2020.02.22.20024927-p19-68%4.png,original,,2020.02.22.20024927-p19-68%4.png,1,1,1,0,1,1,1,1,1,0.008686261,0.99131376,1,0.40963763,0.4665082,0.68076456,0.5988582,0.7459387,0.45334074,0.5241843,0.6582894,0.6511851,0.66303664,1,1,1,0,1,1,1,1
covid_2020_02_22_20024927_p19_68_5,2020.02.22.20024927-p19-68%5.png,COVID,1,train,/Users/samehissa/Downloads/COVID-CT-Dataset-master/Images-processed/CT_COVID/2020.02.22.20024927-p19-68%5.png,/Users/samehissa/Downloads/COVID-CT-Dataset-master/Images-processed/CT_COVID/2020.02.22.20024927-p19-68%5.png,original,,2020.02.22.20024927-p19-68%5.png,1,1,1,0,1,1,1,1,1,0.0015693777,0.99843055,1,0.39394477,0.46645862,0.7014729,0.61832064,0.763084,0.46810332,0.5335414,0.6900826,0.6684357,0.69325036,1,1,1,0,1,1,1,1
covid_2020_02_22_20024927_p20_70_0,2020.02.22.20024927-p20-70%0.png,COVID,1,train,/Users/samehissa/Downloads/COVID-CT-Dataset-master/Images-processed/CT_COVID/2020.02.22.20024927-p20-70%0.png,/Users/samehissa/Downloads/COVID-CT-Dataset-master/Images-processed/CT_COVID/2020.02.22.20024927-p20-70%0.png,original,,2020.02.22.20024927-p20-70%0.png,0,1,0,0,1,1,1,1,1,0.0001274438,0.99987257,1,0.38045344,0.46506396,0.72208965,0.6420958,0.7974563,0.46466312,0.54033214,0.70381325,0.6907929,0.72801524,1,1,1,0,1,1,1,1
covid_2020_02_22_20024927_p20_70_1,2020.02.22.20024927-p20-70%1.png,COVID,1,train,/Users/samehissa/Downloads/COVID-CT-Dataset-master/Images-processed/CT_COVID/2020.02.22.20024927-p20-70%1.png,/Users/samehissa/Downloads/COVID-CT-Dataset-master/Images-processed/CT_COVID/2020.02.22.20024927-p20-70%1.png,original,,2020.02.22.20024927-p20-70%1.png,1,1,1,0,1,1,1,1,1,0.017124623,0.98287535,1,0.42672434,0.46172908,0.64830375,0.5756663,0.6922996,0.46016872,0.51412433,0.62352884,0.6095959,0.62981546,1,1,1,0,1,1,1,1
covid_2020_02_22_20024927_p20_70_2,2020.02.22.20024927-p20-70%2.png,COVID,1,train,/Users/samehissa/Downloads/COVID-CT-Dataset-master/Images-processed/CT_COVID/2020.02.22.20024927-p20-70%2.png,/Users/samehissa/Downloads/COVID-CT-Dataset-master/Images-processed/CT_COVID/2020.02.22.20024927-p20-70%2.png,original,,2020.02.22.20024927-p20-70%2.png,0,1,1,0,1,1,1,1,1,4.907973e-06,0.9999951,1,0.34503755,0.45741755,0.7675178,0.6857424,0.8622639,0.45741755,0.5620442,0.760064,0.7583062,0.7864764,1,1,1,0,1,1,1,1
covid_2020_02_22_20024927_p20_70_3,2020.02.22.20024927-p20-70%3.png,COVID,1,train,/Users/samehissa/Downloads/COVID-CT-Dataset-master/Images-processed/CT_COVID/2020.02.22.20024927-p20-70%3.png,/Users/samehissa/Downloads/COVID-CT-Dataset-master/Images-processed/CT_COVID/2020.02.22.20024927-p20-70%3.png,original,,2020.02.22.20024927-p20-70%3.png,1,1,1,0,1,1,1,1,1,1.197302e-05,0.9999881,1,0.34101906,0.45561498,0.77725846,0.68377733,0.86814624,0.45561498,0.5635047,0.7680461,0.76316214,0.7947489,1,1,1,0,1,1,1,1
covid_2020_02_23_20026856_p17_115_0,2020.02.23.20026856-p17-115%0.png,COVID,1,train,/Users/samehissa/Downloads/COVID-CT-Dataset-master/Images-processed/CT_COVID/2020.02.23.20026856-p17-115%0.png,/Users/samehissa/Downloads/COVID-CT-Dataset-master/Images-processed/CT_COVID/2020.02.23.20026856-p17-115%0.png,original,,2020.02.23.20026856-p17-115%0.png,1,1,1,0,1,1,1,1,1,1.269604e-06,0.9999987,1,0.33422986,0.45100838,0.7966474,0.6827182,0.8798081,0.45100838,0.56064487,0.77825195,0.7712291,0.8123978,1,1,1,0,1,1,1,1
covid_2020_02_23_20026856_p17_115_1,2020.02.23.20026856-p17-115%1.png,COVID,1,train,/Users/samehissa/Downloads/COVID-CT-Dataset-master/Images-processed/CT_COVID/2020.02.23.20026856-p17-115%1.png,/Users/samehissa/Downloads/COVID-CT-Dataset-master/Images-processed/CT_COVID/2020.02.23.20026856-p17-115%1.png,original,,2020.02.23.20026856-p17-115%1.png,1,1,1,0,1,1,1,1,1,0.002138122,0.9978619,1,0.39249894,0.4632891,0.73881996,0.6157408,0.77407235,0.44888362,0.52441424,0.6969491,0.65698767,0.70654273,1,1,1,0,1,1,1,1
covid_2020_02_23_20026856_p17_115_2,2020.02.23.20026856-p17-115%2.png,COVID,1,train,/Users/samehissa/Downloads/COVID-CT-Dataset-master/Images-processed/CT_COVID/2020.02.23.20026856-p17-115%2.png,/Users/samehissa/Downloads/COVID-CT-Dataset-master/Images-processed/CT_COVID/2020.02.23.20026856-p17-115%2.png,original,,2020.02.23.20026856-p17-115%2.png,1,1,1,0,1,1,1,1,1,3.769586e-05,0.99996233,1,0.35785994,0.45940542,0.75067985,0.6680488,0.8415097,0.45940542,0.553433,0.74032724,0.7360348,0.7674103,1,1,1,0,1,1,1,1
covid_2020_02_23_20026856_p17_115_3,2020.02.23.20026856-p17-115%3.png,COVID,1,train,/Users/samehissa/Downloads/COVID-CT-Dataset-master/Images-processed/CT_COVID/2020.02.23.20026856-p17-115%3.png,/Users/samehissa/Downloads/COVID-CT-Dataset-master/Images-processed/CT_COVID/2020.02.23.20026856-p17-115%3.png,original,,2020.02.23.20026856-p17-115%3.png,1,1,1,0,1,1,1,1,1,0.00031255384,0.99968743,1,0.36914527,0.46116966,0.73187363,0.6633362,0.82919765,0.4591427,0.55162334,0.7226473,0.7234823,0.74670595,1,1,1,0,1,1,1,1
covid_2020_02_23_20026856_p17_115_4,2020.02.23.20026856-p17-115%4.png,COVID,1,train,/Users/samehissa/Downloads/COVID-CT-Dataset-master/Images-processed/CT_COVID/2020.02.23.20026856-p17-115%4.png,/Users/samehissa/Downloads/COVID-CT-Dataset-master/Images-processed/CT_COVID/2020.02.23.20026856-p17-115%4.png,original,,2020.02.23.20026856-p17-115%4.png,1,1,1,0,1,1,1,1,1,1.9306653e-05,0.9999807,1,0.35200864,0.45640653,0.7761946,0.6638016,0.8485088,0.45640653,0.55522233,0.7532393,0.7352396,0.7802145,1,1,1,0,1,1,1,1
covid_2020_02_23_20026856_p17_115_5,2020.02.23.20026856-p17-115%5.png,COVID,1,train,/Users/samehissa/Downloads/COVID-CT-Dataset-master/Images-processed/CT_COVID/2020.02.23.20026856-p17-115%5.png,/Users/samehissa/Downloads/COVID-CT-Dataset-master/Images-processed/CT_COVID/2020.02.23.20026856-p17-115%5.png,original,,2020.02.23.20026856-p17-115%5.png,1,1,1,0,1,1,1,1,1,8.346547e-05,0.99991655,1,0.35905167,0.459783,0.75831395,0.6658757,0.83582157,0.459783,0.55554026,0.74102885,0.7234644,0.76201326,1,1,1,0,1,1,1,1
covid_2020_02_24_20027052_p8_73_0,2020.02.24.20027052-p8-73%0.png,COVID,1,train,/Users/samehissa/Downloads/COVID-CT-Dataset-master/Images-processed/CT_COVID/2020.02.24.20027052-p8-73%0.png,/Users/samehissa/Downloads/COVID-CT-Dataset-master/Images-processed/CT_COVID/2020.02.24.20027052-p8-73%0.png,original,,2020.02.24.20027052-p8-73%0.png,1,1,1,0,1,1,1,1,1,0.010767788,0.9892322,1,0.42205304,0.45662785,0.70155466,0.54616064,0.7956115,0.38561866,0.56286824,0.69241047,0.7187344,0.680751,1,1,1,0,1,1,1,1
covid_2020_02_24_20027052_p8_73_1,2020.02.24.20027052-p8-73%1.png,COVID,1,train,/Users/samehissa/Downloads/COVID-CT-Dataset-master/Images-processed/CT_COVID/2020.02.24.20027052-p8-73%1.png,/Users/samehissa/Downloads/COVID-CT-Dataset-master/Images-processed/CT_COVID/2020.02.24.20027052-p8-73%1.png,original,,2020.02.24.20027052-p8-73%1.png,1,1,1,0,1,1,1,1,1,2.658925e-05,0.9999734,1,0.37671912,0.46352693,0.7385505,0.6179455,0.80946267,0.46352693,0.5279006,0.7142919,0.7151157,0.7504936,1,1,1,0,1,1,1,1
covid_2020_02_24_20027052_p8_73_2,2020.02.24.20027052-p8-73%2.png,COVID,1,train,/Users/samehissa/Downloads/COVID-CT-Dataset-master/Images-processed/CT_COVID/2020.02.24.20027052-p8-73%2.png,/Users/samehissa/Downloads/COVID-CT-Dataset-master/Images-processed/CT_COVID/2020.02.24.20027052-p8-73%2.png,original,,2020.02.24.20027052-p8-73%2.png,1,1,1,0,1,1,1,1,1,0.011667348,0.9883327,1,0.42508152,0.46279642,0.6526003,0.576525,0.6941579,0.46779937,0.5148712,0.6313673,0.6151261,0.6304761,1,1,1,0,1,1,1,1
covid_2020_02_24_20027052_p8_73_3,2020.02.24.20027052-p8-73%3.png,COVID,1,train,/Users/samehissa/Downloads/COVID-CT-Dataset-master/Images-processed/CT_COVID/2020.02.24.20027052-p8-73%3.png,/Users/samehissa/Downloads/COVID-CT-Dataset-master/Images-processed/CT_COVID/2020.02.24.20027052-p8-73%3.png,original,,2020.02.24.20027052-p8-73%3.png,1,1,1,0,1,1,1,1,1,0.001561912,0.99843806,1,0.39722237,0.47094575,0.7001389,0.618291,0.76147854,0.46639794,0.52830076,0.67613316,0.6617647,0.7003369,1,1,1,0,1,1,1,1
covid_2020_02_24_20027201_p19_669,2020.02.24.20027201-p19-669.png,COVID,1,train,/Users/samehissa/Downloads/COVID-CT-Dataset-master/Images-processed/CT_COVID/2020.02.24.20027201-p19-669.png,/Users/samehissa/Downloads/COVID-CT-Dataset-master/Images-processed/CT_COVID/2020.02.24.20027201-p19-669.png,original,,2020.02.24.20027201-p19-669.png,1,1,1,0,1,1,1,1,1,0.003166542,0.9968335,1,0.4179487,0.4659702,0.65078664,0.5923102,0.7045299,0.47737804,0.516658,0.6366113,0.6262961,0.6490025,1,1,1,0,1,1,1,1
covid_2020_02_24_20027201_p19_670,2020.02.24.20027201-p19-670.png,COVID,1,train,/Users/samehissa/Downloads/COVID-CT-Dataset-master/Images-processed/CT_COVID/2020.02.24.20027201-p19-670.png,/Users/samehissa/Downloads/COVID-CT-Dataset-master/Images-processed/CT_COVID/2020.02.24.20027201-p19-670.png,original,,2020.02.24.20027201-p19-670.png,1,1,1,0,1,1,1,1,1,0.0016058306,0.9983942,1,0.40879774,0.4674388,0.66587865,0.61115533,0.7549408,0.45894098,0.53019285,0.6556023,0.661148,0.66796875,1,1,1,0,1,1,1,1
covid_2020_02_25_20021568_p23_108_0,2020.02.25.20021568-p23-108%0.png,COVID,1,train,/Users/samehissa/Downloads/COVID-CT-Dataset-master/Images-processed/CT_COVID/2020.02.25.20021568-p23-108%0.png,/Users/samehissa/Downloads/COVID-CT-Dataset-master/Images-processed/CT_COVID/2020.02.25.20021568-p23-108%0.png,original,,2020.02.25.20021568-p23-108%0.png,1,1,1,0,1,1,1,1,1,0.0024765779,0.99752337,1,0.40087533,0.46806216,0.6857984,0.62644315,0.7911537,0.4527997,0.54295444,0.67616236,0.68782455,0.70098937,1,1,1,0,1,1,1,1
covid_2020_02_25_20021568_p23_108_1,2020.02.25.20021568-p23-108%1.png,COVID,1,train,/Users/samehissa/Downloads/COVID-CT-Dataset-master/Images-processed/CT_COVID/2020.02.25.20021568-p23-108%1.png,/Users/samehissa/Downloads/COVID-CT-Dataset-master/Images-processed/CT_COVID/2020.02.25.20021568-p23-108%1.png,original,,2020.02.25.20021568-p23-108%1.png,1,1,1,0,1,1,1,1,1,2.1759728e-05,0.9999782,1,0.36535928,0.46123558,0.7389363,0.6583039,0.82832116,0.46113467,0.5480392,0.7281493,0.72436696,0.7554574,1,1,1,0,1,1,1,1
covid_2020_02_25_20021568_p23_108_10,2020.02.25.20021568-p23-108%10.png,COVID,1,train,/Users/samehissa/Downloads/COVID-CT-Dataset-master/Images-processed/CT_COVID/2020.02.25.20021568-p23-108%10.png,/Users/samehissa/Downloads/COVID-CT-Dataset-master/Images-processed/CT_COVID/2020.02.25.20021568-p23-108%10.png,original,,2020.02.25.20021568-p23-108%10.png,1,1,1,0,1,1,1,1,1,1.321947e-05,0.99998677,1,0.34717903,0.45717624,0.767904,0.6895074,0.8567955,0.45833698,0.565013,0.75719315,0.7450798,0.7786506,1,1,1,0,1,1,1,1
covid_2020_02_25_20021568_p23_108_11,2020.02.25.20021568-p23-108%11.png,COVID,1,train,/Users/samehissa/Downloads/COVID-CT-Dataset-master/Images-processed/CT_COVID/2020.02.25.20021568-p23-108%11.png,/Users/samehissa/Downloads/COVID-CT-Dataset-master/Images-processed/CT_COVID/2020.02.25.20021568-p23-108%11.png,original,,2020.02.25.20021568-p23-108%11.png,1,1,1,0,1,1,1,1,1,1.675758e-05,0.9999832,1,0.34259078,0.45068857,0.7868268,0.6715789,0.86738807,0.45068857,0.5557004,0.76625705,0.75766313,0.80066186,1,1,1,0,1,1,1,1
covid_2020_02_25_20021568_p23_108_12,2020.02.25.20021568-p23-108%12.png,COVID,1,train,/Users/samehissa/Downloads/COVID-CT-Dataset-master/Images-processed/CT_COVID/2020.02.25.20021568-p23-108%12.png,/Users/samehissa/Downloads/COVID-CT-Dataset-master/Images-processed/CT_COVID/2020.02.25.20021568-p23-108%12.png,original,,2020.02.25.20021568-p23-108%12.png,1,1,1,0,1,1,1,1,1,0.000101534904,0.99989843,1,0.37638626,0.45886073,0.7291586,0.6590438,0.8280694,0.45066005,0.55004907,0.71705115,0.71904165,0.7299633,1,1,1,0,1,1,1,1
covid_2020_02_25_20021568_p23_108_13,2020.02.25.20021568-p23-108%13.png,COVID,1,train,/Users/samehissa/Downloads/COVID-CT-Dataset-master/Images-processed/CT_COVID/2020.02.25.20021568-p23-108%13.png,/Users/samehissa/Downloads/COVID-CT-Dataset-master/Images-processed/CT_COVID/2020.02.25.20021568-p23-108%13.png,original,,2020.02.25.20021568-p23-108%13.png,1,1,1,0,0,1,1,1,1,7.2798495e-05,0.99992716,1,0.36259767,0.45814684,0.747199,0.67524624,0.8369801,0.45769638,0.5577326,0.73412085,0.72241837,0.7538143,1,1,1,0,1,1,1,1
covid_2020_02_25_20021568_p23_108_14,2020.02.25.20021568-p23-108%14.png,COVID,1,train,/Users/samehissa/Downloads/COVID-CT-Dataset-master/Images-processed/CT_COVID/2020.02.25.20021568-p23-108%14.png,/Users/samehissa/Downloads/COVID-CT-Dataset-master/Images-processed/CT_COVID/2020.02.25.20021568-p23-108%14.png,original,,2020.02.25.20021568-p23-108%14.png,1,1,1,0,1,1,1,1,1,0.00042199728,0.99957806,1,0.38488823,0.46109098,0.6975956,0.6503766,0.7886488,0.46920383,0.5409202,0.693688,0.69363374,0.7105615,1,1,1,0,1,1,1,1
covid_2020_02_25_20021568_p23_108_15,2020.02.25.20021568-p23-108%15.png,COVID,1,train,/Users/samehissa/Downloads/COVID-CT-Dataset-master/Images-processed/CT_COVID/2020.02.25.20021568-p23-108%15.png,/Users/samehissa/Downloads/COVID-CT-Dataset-master/Images-processed/CT_COVID/2020.02.25.20021568-p23-108%15.png,original,,2020.02.25.20021568-p23-108%15.png,1,1,1,0,1,1,1,1,1,0.00011421144,0.9998858,1,0.3757491,0.46362525,0.73990947,0.64697105,0.80496067,0.46166205,0.5424325,0.7129311,0.6900011,0.736806,1,1,1,0,1,1,1,1
covid_2020_02_25_20021568_p23_108_2,2020.02.25.20021568-p23-108%2.png,COVID,1,train,/Users/samehissa/Downloads/COVID-CT-Dataset-master/Images-processed/CT_COVID/2020.02.25.20021568-p23-108%2.png,/Users/samehissa/Downloads/COVID-CT-Dataset-master/Images-processed/CT_COVID/2020.02.25.20021568-p23-108%2.png,original,,2020.02.25.20021568-p23-108%2.png,1,1,1,0,1,1,1,1,1,2.1092277e-05,0.9999789,1,0.36576623,0.45908955,0.7307439,0.67161435,0.82570565,0.46480092,0.55285573,0.72598094,0.72449404,0.7454052,1,1,1,0,1,1,1,1
covid_2020_02_25_20021568_p23_108_3,2020.02.25.20021568-p23-108%3.png,COVID,1,train,/Users/samehissa/Downloads/COVID-CT-Dataset-master/Images-processed/CT_COVID/2020.02.25.20021568-p23-108%3.png,/Users/samehissa/Downloads/COVID-CT-Dataset-master/Images-processed/CT_COVID/2020.02.25.20021568-p23-108%3.png,original,,2020.02.25.20021568-p23-108%3.png,1,1,1,0,1,1,1,1,1,1.348933e-06,0.9999987,1,0.32157084,0.45037615,0.80394924,0.7092697,0.89626646,0.45037615,0.57586205,0.7956188,0.79341084,0.8240081,1,1,1,0,1,1,1,1
covid_2020_02_25_20021568_p23_108_4,2020.02.25.20021568-p23-108%4.png,COVID,1,train,/Users/samehissa/Downloads/COVID-CT-Dataset-master/Images-processed/CT_COVID/2020.02.25.20021568-p23-108%4.png,/Users/samehissa/Downloads/COVID-CT-Dataset-master/Images-processed/CT_COVID/2020.02.25.20021568-p23-108%4.png,original,,2020.02.25.20021568-p23-108%4.png,1,1,1,0,1,1,1,1,1,2.9572147e-05,0.99997044,1,0.3612681,0.45825705,0.7435152,0.67383325,0.8323032,0.4634986,0.5560936,0.735152,0.72550565,0.7531077,1,1,1,0,1,1,1,1
covid_2020_02_25_20021568_p23_108_5,2020.02.25.20021568-p23-108%5.png,COVID,1,train,/Users/samehissa/Downloads/COVID-CT-Dataset-master/Images-processed/CT_COVID/2020.02.25.20021568-p23-108%5.png,/Users/samehissa/Downloads/COVID-CT-Dataset-master/Images-processed/CT_COVID/2020.02.25.20021568-p23-108%5.png,original,,2020.02.25.20021568-p23-108%5.png,1,1,1,0,1,1,1,1,1,0.0013060364,0.998694,1,0.40327457,0.46946692,0.67282563,0.61885715,0.78148466,0.46098158,0.5404136,0.6646963,0.695381,0.6890684,1,1,1,0,1,1,1,1
covid_2020_02_25_20021568_p23_108_6,2020.02.25.20021568-p23-108%6.png,COVID,1,train,/Users/samehissa/Downloads/COVID-CT-Dataset-master/Images-processed/CT_COVID/2020.02.25.20021568-p23-108%6.png,/Users/samehissa/Downloads/COVID-CT-Dataset-master/Images-processed/CT_COVID/2020.02.25.20021568-p23-108%6.png,original,,2020.02.25.20021568-p23-108%6.png,1,1,1,0,1,1,1,1,1,3.7752267e-05,0.9999622,1,0.36505762,0.45986354,0.74292326,0.6683091,0.8254596,0.4630055,0.55343276,0.7287563,0.7138289,0.7491624,1,1,1,0,1,1,1,1
covid_2020_02_25_20021568_p23_108_7,2020.02.25.20021568-p23-108%7.png,COVID,1,train,/Users/samehissa/Downloads/COVID-CT-Dataset-master/Images-processed/CT_COVID/2020.02.25.20021568-p23-108%7.png,/Users/samehissa/Downloads/COVID-CT-Dataset-master/Images-processed/CT_COVID/2020.02.25.20021568-p23-108%7.png,original,,2020.02.25.20021568-p23-108%7.png,1,1,1,0,1,1,1,1,1,0.0007427361,0.99925727,1,0.388197,0.4653977,0.73426515,0.6249005,0.785576,0.45259023,0.53014857,0.70001835,0.67255515,0.71602607,1,1,1,0,1,1,1,1
covid_2020_02_25_20021568_p23_108_8,2020.02.25.20021568-p23-108%8.png,COVID,1,train,/Users/samehissa/Downloads/COVID-CT-Dataset-master/Images-processed/CT_COVID/2020.02.25.20021568-p23-108%8.png,/Users/samehissa/Downloads/COVID-CT-Dataset-master/Images-processed/CT_COVID/2020.02.25.20021568-p23-108%8.png,original,,2020.02.25.20021568-p23-108%8.png,1,1,1,0,1,1,1,1,1,0.003033392,0.99696666,1,0.40850085,0.46903488,0.68674386,0.60174626,0.7405685,0.46099895,0.51937616,0.66038734,0.644858,0.67631423,1,1,1,0,1,1,1,1
covid_2020_02_25_20021568_p23_108_9,2020.02.25.20021568-p23-108%9.png,COVID,1,train,/Users/samehissa/Downloads/COVID-CT-Dataset-master/Images-processed/CT_COVID/2020.02.25.20021568-p23-108%9.png,/Users/samehissa/Downloads/COVID-CT-Dataset-master/Images-processed/CT_COVID/2020.02.25.20021568-p23-108%9.png,original,,2020.02.25.20021568-p23-108%9.png,1,1,1,0,1,1,1,1,1,7.0409595e-05,0.99992955,1,0.37109947,0.45471832,0.724624,0.67769694,0.8123788,0.46647632,0.5553339,0.7173873,0.7037717,0.7282449,1,1,1,0,1,1,1,1
covid_2020_02_25_20021568_p24_111_0,2020.02.25.20021568-p24-111%0.png,COVID,1,train,/Users/samehissa/Downloads/COVID-CT-Dataset-master/Images-processed/CT_COVID/2020.02.25.20021568-p24-111%0.png,/Users/samehissa/Downloads/COVID-CT-Dataset-master/Images-processed/CT_COVID/2020.02.25.20021568-p24-111%0.png,original,,2020.02.25.20021568-p24-111%0.png,1,1,1,0,1,1,1,1,1,1.5625913e-06,0.99999845,1,0.3408019,0.451057,0.78646314,0.67053014,0.8720538,0.451057,0.55199957,0.76834965,0.766827,0.805396,1,1,1,0,1,1,1,1
covid_2020_02_25_20021568_p24_111_1,2020.02.25.20021568-p24-111%1.png,COVID,1,train,/Users/samehissa/Downloads/COVID-CT-Dataset-master/Images-processed/CT_COVID/2020.02.25.20021568-p24-111%1.png,/Users/samehissa/Downloads/COVID-CT-Dataset-master/Images-processed/CT_COVID/2020.02.25.20021568-p24-111%1.png,original,,2020.02.25.20021568-p24-111%1.png,1,1,1,0,1,1,1,1,1,6.1442195e-05,0.9999386,1,0.37430915,0.46110243,0.7216458,0.65874153,0.8092999,0.4656461,0.5470838,0.7126865,0.705278,0.7326327,1,1,1,0,1,1,1,1
covid_2020_02_25_20021568_p24_111_2,2020.02.25.20021568-p24-111%2.png,COVID,1,train,/Users/samehissa/Downloads/COVID-CT-Dataset-master/Images-processed/CT_COVID/2020.02.25.20021568-p24-111%2.png,/Users/samehissa/Downloads/COVID-CT-Dataset-master/Images-processed/CT_COVID/2020.02.25.20021568-p24-111%2.png,original,,2020.02.25.20021568-p24-111%2.png,1,1,1,0,1,1,1,1,1,0.00051749067,0.9994825,1,0.39143497,0.46632206,0.7299005,0.60834575,0.7724597,0.46161947,0.5240584,0.6886113,0.6683126,0.7228531,1,1,1,0,1,1,1,1
covid_2020_02_25_20021568_p24_111_3,2020.02.25.20021568-p24-111%3.png,COVID,1,train,/Users/samehissa/Downloads/COVID-CT-Dataset-master/Images-processed/CT_COVID/2020.02.25.20021568-p24-111%3.png,/Users/samehissa/Downloads/COVID-CT-Dataset-master/Images-processed/CT_COVID/2020.02.25.20021568-p24-111%3.png,original,,2020.02.25.20021568-p24-111%3.png,1,1,1,0,1,1,1,1,1,1.4769712e-05,0.9999852,1,0.34974158,0.45813683,0.7624203,0.68586355,0.85340667,0.4594885,0.56275624,0.7529523,0.74405247,0.7753894,1,1,1,0,1,1,1,1
covid_2020_02_25_20021568_p24_111_4,2020.02.25.20021568-p24-111%4.png,COVID,1,train,/Users/samehissa/Downloads/COVID-CT-Dataset-master/Images-processed/CT_COVID/2020.02.25.20021568-p24-111%4.png,/Users/samehissa/Downloads/COVID-CT-Dataset-master/Images-processed/CT_COVID/2020.02.25.20021568-p24-111%4.png,original,,2020.02.25.20021568-p24-111%4.png,1,1,1,0,1,1,1,1,1,0.00048998743,0.99951005,1,0.38059363,0.46312457,0.7424418,0.63619524,0.8164933,0.43724945,0.5483973,0.71734256,0.70507556,0.72610927,1,1,1,0,1,1,1,1
covid_2020_02_25_20021568_p24_111_5,2020.02.25.20021568-p24-111%5.png,COVID,1,train,/Users/samehissa/Downloads/COVID-CT-Dataset-master/Images-processed/CT_COVID/2020.02.25.20021568-p24-111%5.png,/Users/samehissa/Downloads/COVID-CT-Dataset-master/Images-processed/CT_COVID/2020.02.25.20021568-p24-111%5.png,original,,2020.02.25.20021568-p24-111%5.png,1,1,1,0,1,1,1,1,1,4.1535102e-05,0.9999585,1,0.36949432,0.457362,0.72098964,0.67439,0.8177795,0.46765593,0.5521897,0.71887636,0.7192302,0.73450226,1,1,1,0,1,1,1,1
covid_2020_02_25_20021568_p24_111_6,2020.02.25.20021568-p24-111%6.png,COVID,1,train,/Users/samehissa/Downloads/COVID-CT-Dataset-master/Images-processed/CT_COVID/2020.02.25.20021568-p24-111%6.png,/Users/samehissa/Downloads/COVID-CT-Dataset-master/Images-processed/CT_COVID/2020.02.25.20021568-p24-111%6.png,original,,2020.02.25.20021568-p24-111%6.png,1,1,1,0,1,1,1,1,1,2.6046353e-05,0.999974,1,0.35540408,0.45851055,0.7515631,0.66340864,0.84615874,0.45851055,0.54915273,0.74588674,0.74934965,0.77269304,1,1,1,0,1,1,1,1
covid_2020_02_25_20021568_p24_111_7,2020.02.25.20021568-p24-111%7.png,COVID,1,train,/Users/samehissa/Downloads/COVID-CT-Dataset-master/Images-processed/CT_COVID/2020.02.25.20021568-p24-111%7.png,/Users/samehissa/Downloads/COVID-CT-Dataset-master/Images-processed/CT_COVID/2020.02.25.20021568-p24-111%7.png,original,,2020.02.25.20021568-p24-111%7.png,1,1,1,0,1,1,1,1,1,8.931907e-06,0.99999106,1,0.347379,0.45258105,0.7517143,0.7053216,0.8569766,0.4631135,0.56762767,0.75378555,0.75910056,0.7694488,1,1,1,0,1,1,1,1
covid_2020_02_25_20021568_p24_111_8,2020.02.25.20021568-p24-111%8.png,COVID,1,train,/Users/samehissa/Downloads/COVID-CT-Dataset-master/Images-processed/CT_COVID/2020.02.25.20021568-p24-111%8.png,/Users/samehissa/Downloads/COVID-CT-Dataset-master/Images-processed/CT_COVID/2020.02.25.20021568-p24-111%8.png,original,,2020.02.25.20021568-p24-111%8.png,1,1,1,0,1,1,1,1,1,0.00048048748,0.99951947,1,0.39997867,0.4659409,0.66710734,0.6421,0.75373816,0.4743137,0.5340591,0.6660738,0.6670946,0.675815,1,1,1,0,1,1,1,1
covid_2020_02_25_20021568_p24_111_9,2020.02.25.20021568-p24-111%9.png,COVID,1,train,/Users/samehissa/Downloads/COVID-CT-Dataset-master/Images-processed/CT_COVID/2020.02.25.20021568-p24-111%9.png,/Users/samehissa/Downloads/COVID-CT-Dataset-master/Images-processed/CT_COVID/2020.02.25.20021568-p24-111%9.png,original,,2020.02.25.20021568-p24-111%9.png,1,1,1,0,1,1,1,1,1,5.4529235e-05,0.9999455,1,0.36820763,0.45724753,0.73557955,0.67592674,0.8285671,0.4534909,0.5518374,0.72983116,0.71750194,0.73412764,1,1,1,0,1,1,1,1
covid_2020_02_25_20027763_p15_53_0,2020.02.25.20027763-p15-53%0.png,COVID,1,train,/Users/samehissa/Downloads/COVID-CT-Dataset-master/Images-processed/CT_COVID/2020.02.25.20027763-p15-53%0.png,/Users/samehissa/Downloads/COVID-CT-Dataset-master/Images-processed/CT_COVID/2020.02.25.20027763-p15-53%0.png,original,,2020.02.25.20027763-p15-53%0.png,1,1,1,0,1,1,1,1,1,0.001371863,0.99862814,1,0.40179574,0.47128445,0.68978775,0.6187187,0.7506508,0.4697991,0.5280428,0.66733915,0.6508126,0.6876824,1,1,1,0,1,1,1,1
covid_2020_02_25_20027763_p15_53_1,2020.02.25.20027763-p15-53%1.png,COVID,1,train,/Users/samehissa/Downloads/COVID-CT-Dataset-master/Images-processed/CT_COVID/2020.02.25.20027763-p15-53%1.png,/Users/samehissa/Downloads/COVID-CT-Dataset-master/Images-processed/CT_COVID/2020.02.25.20027763-p15-53%1.png,original,,2020.02.25.20027763-p15-53%1.png,1,1,1,0,1,1,1,1,1,9.9104436e-05,0.99990094,1,0.37520787,0.46161145,0.7256193,0.6466217,0.8050063,0.46638513,0.54505825,0.7154536,0.7024653,0.7316655,1,1,1,0,1,1,1,1
covid_2020_02_26_20026989_p34_114_1_0,2020.02.26.20026989-p34-114_1%0.png,COVID,1,train,/Users/samehissa/Downloads/COVID-CT-Dataset-master/Images-processed/CT_COVID/2020.02.26.20026989-p34-114_1%0.png,/Users/samehissa/Downloads/COVID-CT-Dataset-master/Images-processed/CT_COVID/2020.02.26.20026989-p34-114_1%0.png,original,,2020.02.26.20026989-p34-114_1%0.png,1,1,1,1,1,1,1,1,1,0.15022267,0.8497774,0,0.4596838,0.45588607,0.639497,0.50561094,0.6720166,0.39125484,0.53559715,0.6118019,0.6102845,0.5852406,1,1,1,0,1,1,1,1
covid_2020_02_26_20026989_p34_114_1_1,2020.02.26.20026989-p34-114_1%1.png,COVID,1,train,/Users/samehissa/Downloads/COVID-CT-Dataset-master/Images-processed/CT_COVID/2020.02.26.20026989-p34-114_1%1.png,/Users/samehissa/Downloads/COVID-CT-Dataset-master/Images-processed/CT_COVID/2020.02.26.20026989-p34-114_1%1.png,original,,2020.02.26.20026989-p34-114_1%1.png,1,1,1,1,1,1,1,1,1,0.005666551,0.9943335,1,0.3968555,0.46544898,0.7228195,0.617954,0.76093715,0.45144343,0.5244157,0.68172365,0.65266275,0.69062495,1,1,1,0,1,1,1,1
covid_2020_02_26_20026989_p34_114_2_0,2020.02.26.20026989-p34-114_2%0.png,COVID,1,train,/Users/samehissa/Downloads/COVID-CT-Dataset-master/Images-processed/CT_COVID/2020.02.26.20026989-p34-114_2%0.png,/Users/samehissa/Downloads/COVID-CT-Dataset-master/Images-processed/CT_COVID/2020.02.26.20026989-p34-114_2%0.png,original,,2020.02.26.20026989-p34-114_2%0.png,1,1,1,0,1,1,1,1,1,0.0024266175,0.99757344,1,0.4020223,0.4649442,0.71782327,0.6091188,0.76954424,0.44075593,0.52734774,0.6868079,0.65391266,0.67630804,1,1,1,0,1,1,1,1
covid_2020_02_26_20026989_p34_114_2_1,2020.02.26.20026989-p34-114_2%1.png,COVID,1,train,/Users/samehissa/Downloads/COVID-CT-Dataset-master/Images-processed/CT_COVID/2020.02.26.20026989-p34-114_2%1.png,/Users/samehissa/Downloads/COVID-CT-Dataset-master/Images-processed/CT_COVID/2020.02.26.20026989-p34-114_2%1.png,original,,2020.02.26.20026989-p34-114_2%1.png,1,1,1,1,1,1,1,1,1,0.0032240746,0.9967759,1,0.40835086,0.4689709,0.66328347,0.6200771,0.72931653,0.4749662,0.5279958,0.6537073,0.6387997,0.6614843,1,1,1,0,1,1,1,1
covid_2020_02_26_20027938_p6_80_1_0,2020.02.26.20027938-p6-80_1%0.png,COVID,1,train,/Users/samehissa/Downloads/COVID-CT-Dataset-master/Images-processed/CT_COVID/2020.02.26.20027938-p6-80_1%0.png,/Users/samehissa/Downloads/COVID-CT-Dataset-master/Images-processed/CT_COVID/2020.02.26.20027938-p6-80_1%0.png,original,,2020.02.26.20027938-p6-80_1%0.png,1,0,1,0,1,1,1,1,1,8.057555e-07,0.99999917,1,0.3282751,0.45260292,0.79840976,0.6846052,0.8852718,0.45260292,0.56699175,0.7908489,0.7864845,0.81557786,1,1,1,0,1,1,1,1
covid_2020_02_26_20027938_p6_80_1_1,2020.02.26.20027938-p6-80_1%1.png,COVID,1,train,/Users/samehissa/Downloads/COVID-CT-Dataset-master/Images-processed/CT_COVID/2020.02.26.20027938-p6-80_1%1.png,/Users/samehissa/Downloads/COVID-CT-Dataset-master/Images-processed/CT_COVID/2020.02.26.20027938-p6-80_1%1.png,original,,2020.02.26.20027938-p6-80_1%1.png,1,1,1,0,1,1,1,1,1,1.1363814e-05,0.9999887,1,0.3586248,0.45533004,0.7661166,0.6520289,0.8397936,0.45533004,0.54662246,0.74173844,0.73086673,0.7748882,1,1,1,0,1,1,1,1
covid_2020_02_26_20027938_p6_80_2_0,2020.02.26.20027938-p6-80_2%0.png,COVID,1,train,/Users/samehissa/Downloads/COVID-CT-Dataset-master/Images-processed/CT_COVID/2020.02.26.20027938-p6-80_2%0.png,/Users/samehissa/Downloads/COVID-CT-Dataset-master/Images-processed/CT_COVID/2020.02.26.20027938-p6-80_2%0.png,original,,2020.02.26.20027938-p6-80_2%0.png,1,1,1,0,1,1,1,1,1,8.297029e-05,0.99991703,1,0.37221646,0.46485412,0.7265318,0.6513339,0.8159203,0.4624551,0.54375017,0.716828,0.7144206,0.7431998,1,1,1,0,1,1,1,1
covid_2020_02_26_20027938_p6_80_2_1,2020.02.26.20027938-p6-80_2%1.png,COVID,1,train,/Users/samehissa/Downloads/COVID-CT-Dataset-master/Images-processed/CT_COVID/2020.02.26.20027938-p6-80_2%1.png,/Users/samehissa/Downloads/COVID-CT-Dataset-master/Images-processed/CT_COVID/2020.02.26.20027938-p6-80_2%1.png,original,,2020.02.26.20027938-p6-80_2%1.png,1,1,1,0,1,1,1,1,1,0.00044114402,0.99955887,1,0.3835394,0.46813947,0.7196522,0.62860423,0.8017969,0.45957127,0.5364203,0.703407,0.70242846,0.729987,1,1,1,0,1,1,1,1
covid_2020_02_26_20027938_p6_80_3_0,2020.02.26.20027938-p6-80_3%0.png,COVID,1,train,/Users/samehissa/Downloads/COVID-CT-Dataset-master/Images-processed/CT_COVID/2020.02.26.20027938-p6-80_3%0.png,/Users/samehissa/Downloads/COVID-CT-Dataset-master/Images-processed/CT_COVID/2020.02.26.20027938-p6-80_3%0.png,original,,2020.02.26.20027938-p6-80_3%0.png,1,1,1,0,1,1,1,1,1,1.6920309e-06,0.99999833,1,0.3222176,0.45236453,0.80375993,0.70159465,0.8932793,0.45236453,0.57597333,0.79791164,0.7934532,0.8209842,1,1,1,0,1,1,1,1
covid_2020_02_26_20027938_p6_80_3_1,2020.02.26.20027938-p6-80_3%1.png,COVID,1,train,/Users/samehissa/Downloads/COVID-CT-Dataset-master/Images-processed/CT_COVID/2020.02.26.20027938-p6-80_3%1.png,/Users/samehissa/Downloads/COVID-CT-Dataset-master/Images-processed/CT_COVID/2020.02.26.20027938-p6-80_3%1.png,original,,2020.02.26.20027938-p6-80_3%1.png,1,1,1,0,1,1,1,1,1,3.530393e-05,0.9999647,1,0.36786675,0.46337095,0.7380551,0.63878256,0.8199494,0.46348107,0.5439136,0.730606,0.7269014,0.7503513,1,1,1,0,1,1,1,1
covid_2020_02_27_20027557_p25_137_0,2020.02.27.20027557-p25-137%0.png,COVID,1,train,/Users/samehissa/Downloads/COVID-CT-Dataset-master/Images-processed/CT_COVID/2020.02.27.20027557-p25-137%0.png,/Users/samehissa/Downloads/COVID-CT-Dataset-master/Images-processed/CT_COVID/2020.02.27.20027557-p25-137%0.png,original,,2020.02.27.20027557-p25-137%0.png,1,1,1,0,1,1,1,1,1,0.0015986139,0.99840134,1,0.39562088,0.47216478,0.6958093,0.6332739,0.7720409,0.45792574,0.5277946,0.68656737,0.6718746,0.68675077,1,1,1,0,1,1,1,1
covid_2020_02_27_20027557_p25_137_1,2020.02.27.20027557-p25-137%1.png,COVID,1,train,/Users/samehissa/Downloads/COVID-CT-Dataset-master/Images-processed/CT_COVID/2020.02.27.20027557-p25-137%1.png,/Users/samehissa/Downloads/COVID-CT-Dataset-master/Images-processed/CT_COVID/2020.02.27.20027557-p25-137%1.png,original,,2020.02.27.20027557-p25-137%1.png,1,0,1,0,1,1,1,1,1,0.00016382981,0.9998361,1,0.37658775,0.4633602,0.72379553,0.6483459,0.8050982,0.4641407,0.5438549,0.71074814,0.69968295,0.73245955,1,1,1,0,1,1,1,1
covid_2020_02_27_20027557_p25_137_2,2020.02.27.20027557-p25-137%2.png,COVID,1,train,/Users/samehissa/Downloads/COVID-CT-Dataset-master/Images-processed/CT_COVID/2020.02.27.20027557-p25-137%2.png,/Users/samehissa/Downloads/COVID-CT-Dataset-master/Images-processed/CT_COVID/2020.02.27.20027557-p25-137%2.png,original,,2020.02.27.20027557-p25-137%2.png,1,0,1,0,1,1,1,1,1,0.0003249782,0.99967504,1,0.38048205,0.45646048,0.7062582,0.6565686,0.7927677,0.4706154,0.5470789,0.7042835,0.6969276,0.7110911,1,1,1,0,1,1,1,1
covid_2020_02_27_20027557_p25_137_3,2020.02.27.20027557-p25-137%3.png,COVID,1,train,/Users/samehissa/Downloads/COVID-CT-Dataset-master/Images-processed/CT_COVID/2020.02.27.20027557-p25-137%3.png,/Users/samehissa/Downloads/COVID-CT-Dataset-master/Images-processed/CT_COVID/2020.02.27.20027557-p25-137%3.png,original,,2020.02.27.20027557-p25-137%3.png,1,0,1,0,1,1,1,1,1,7.167801e-05,0.99992836,1,0.37127045,0.4589367,0.724783,0.66201675,0.81346935,0.4664561,0.54987895,0.71905917,0.7124128,0.7343658,1,1,1,0,1,1,1,1
covid_2020_02_27_20027557_p25_137_4,2020.02.27.20027557-p25-137%4.png,COVID,1,train,/Users/samehissa/Downloads/COVID-CT-Dataset-master/Images-processed/CT_COVID/2020.02.27.20027557-p25-137%4.png,/Users/samehissa/Downloads/COVID-CT-Dataset-master/Images-processed/CT_COVID/2020.02.27.20027557-p25-137%4.png,original,,2020.02.27.20027557-p25-137%4.png,1,1,1,0,1,1,1,1,1,0.0006925529,0.9993074,1,0.38847232,0.4570433,0.6929245,0.65099233,0.77588457,0.47240368,0.5429567,0.69011515,0.6810085,0.69545066,1,1,1,0,1,1,1,1
covid_2020_02_28_20029025_p23_182,2020.02.28.20029025-p23-182.png,COVID,1,train,/Users/samehissa/Downloads/COVID-CT-Dataset-master/Images-processed/CT_COVID/2020.02.28.20029025-p23-182.png,/Users/samehissa/Downloads/COVID-CT-Dataset-master/Images-processed/CT_COVID/2020.02.28.20029025-p23-182.png,original,,2020.02.28.20029025-p23-182.png,1,1,1,0,1,1,1,1,1,0.0014838779,0.99851614,1,0.40772155,0.47003534,0.6763656,0.60764855,0.73636407,0.471924,0.5222615,0.65547675,0.6453304,0.6775675,1,1,1,0,1,1,1,1
covid_2020_02_28_20029025_p23_183,2020.02.28.20029025-p23-183.png,COVID,1,train,/Users/samehissa/Downloads/COVID-CT-Dataset-master/Images-processed/CT_COVID/2020.02.28.20029025-p23-183.png,/Users/samehissa/Downloads/COVID-CT-Dataset-master/Images-processed/CT_COVID/2020.02.28.20029025-p23-183.png,original,,2020.02.28.20029025-p23-183.png,1,1,1,0,1,1,1,1,1,0.0004469348,0.999553,1,0.38877964,0.46453056,0.7036469,0.63381773,0.779816,0.4674367,0.5360388,0.6901893,0.6794593,0.70997626,1,1,1,0,1,1,1,1
covid_2020_03_01_20029769_p21_73_1_0,2020.03.01.20029769-p21-73_1%0.png,COVID,1,train,/Users/samehissa/Downloads/COVID-CT-Dataset-master/Images-processed/CT_COVID/2020.03.01.20029769-p21-73_1%0.png,/Users/samehissa/Downloads/COVID-CT-Dataset-master/Images-processed/CT_COVID/2020.03.01.20029769-p21-73_1%0.png,original,,2020.03.01.20029769-p21-73_1%0.png,1,1,1,0,1,1,1,1,1,1.2770498e-05,0.99998724,1,0.3585951,0.457441,0.7522185,0.67912525,0.8365571,0.46123123,0.5589428,0.7389809,0.7229323,0.75775856,1,1,1,0,1,1,1,1
covid_2020_03_01_20029769_p21_73_1_1,2020.03.01.20029769-p21-73_1%1.png,COVID,1,train,/Users/samehissa/Downloads/COVID-CT-Dataset-master/Images-processed/CT_COVID/2020.03.01.20029769-p21-73_1%1.png,/Users/samehissa/Downloads/COVID-CT-Dataset-master/Images-processed/CT_COVID/2020.03.01.20029769-p21-73_1%1.png,original,,2020.03.01.20029769-p21-73_1%1.png,1,1,1,1,1,1,1,1,1,0.00073667703,0.99926335,1,0.3916363,0.4650427,0.70032173,0.6334645,0.77399266,0.46781343,0.5349573,0.6844443,0.67203987,0.7044907,1,1,1,0,1,1,1,1
covid_2020_03_01_20029769_p21_73_1_2,2020.03.01.20029769-p21-73_1%2.png,COVID,1,train,/Users/samehissa/Downloads/COVID-CT-Dataset-master/Images-processed/CT_COVID/2020.03.01.20029769-p21-73_1%2.png,/Users/samehissa/Downloads/COVID-CT-Dataset-master/Images-processed/CT_COVID/2020.03.01.20029769-p21-73_1%2.png,original,,2020.03.01.20029769-p21-73_1%2.png,1,1,1,0,1,1,1,1,1,0.00018385045,0.9998161,1,0.3799815,0.46135187,0.7227838,0.6510648,0.7964261,0.4658262,0.5442807,0.7042025,0.68604535,0.7226469,1,1,1,0,1,1,1,1
covid_2020_03_01_20029769_p21_73_2_0,2020.03.01.20029769-p21-73_2%0.png,COVID,1,train,/Users/samehissa/Downloads/COVID-CT-Dataset-master/Images-processed/CT_COVID/2020.03.01.20029769-p21-73_2%0.png,/Users/samehissa/Downloads/COVID-CT-Dataset-master/Images-processed/CT_COVID/2020.03.01.20029769-p21-73_2%0.png,original,,2020.03.01.20029769-p21-73_2%0.png,1,1,1,1,1,1,1,1,1,0.00022174067,0.9997782,1,0.37709156,0.46602818,0.7283916,0.6429606,0.8052239,0.4629725,0.5410738,0.7097439,0.6984239,0.73613906,1,1,1,0,1,1,1,1
covid_2020_03_01_20029769_p21_73_2_1,2020.03.01.20029769-p21-73_2%1.png,COVID,1,train,/Users/samehissa/Downloads/COVID-CT-Dataset-master/Images-processed/CT_COVID/2020.03.01.20029769-p21-73_2%1.png,/Users/samehissa/Downloads/COVID-CT-Dataset-master/Images-processed/CT_COVID/2020.03.01.20029769-p21-73_2%1.png,original,,2020.03.01.20029769-p21-73_2%1.png,1,1,1,0,1,1,1,1,1,0.001194523,0.9988055,1,0.4060329,0.46952623,0.68978924,0.60231453,0.7394181,0.4695605,0.5204366,0.66023594,0.64651704,0.68668264,1,1,1,0,1,1,1,1
covid_2020_03_01_20029769_p21_73_2_2,2020.03.01.20029769-p21-73_2%2.png,COVID,1,train,/Users/samehissa/Downloads/COVID-CT-Dataset-master/Images-processed/CT_COVID/2020.03.01.20029769-p21-73_2%2.png,/Users/samehissa/Downloads/COVID-CT-Dataset-master/Images-processed/CT_COVID/2020.03.01.20029769-p21-73_2%2.png,original,,2020.03.01.20029769-p21-73_2%2.png,0,1,1,1,1,1,1,1,1,4.233828e-05,0.9999577,1,0.3571373,0.46076944,0.7533082,0.67182666,0.8413015,0.46076944,0.5553944,0.7414121,0.7329173,0.7663952,1,1,1,0,1,1,1,1
covid_2020_03_01_20029769_p21_73_3,2020.03.01.20029769-p21-73_3.png,COVID,1,train,/Users/samehissa/Downloads/COVID-CT-Dataset-master/Images-processed/CT_COVID/2020.03.01.20029769-p21-73_3.png,/Users/samehissa/Downloads/COVID-CT-Dataset-master/Images-processed/CT_COVID/2020.03.01.20029769-p21-73_3.png,original,,2020.03.01.20029769-p21-73_3.png,1,1,1,1,1,1,1,1,1,0.010085153,0.9899149,1,0.40641576,0.46384314,0.7240003,0.588343,0.7470412,0.4383107,0.5149755,0.6806579,0.63183427,0.67057216,1,1,1,0,1,1,1,1
covid_2020_03_01_20029769_p21_73_4,2020.03.01.20029769-p21-73_4.png,COVID,1,train,/Users/samehissa/Downloads/COVID-CT-Dataset-master/Images-processed/CT_COVID/2020.03.01.20029769-p21-73_4.png,/Users/samehissa/Downloads/COVID-CT-Dataset-master/Images-processed/CT_COVID/2020.03.01.20029769-p21-73_4.png,original,,2020.03.01.20029769-p21-73_4.png,1,1,1,0,1,1,1,1,1,0.0006046123,0.9993954,1,0.38524845,0.46172765,0.71522236,0.6366147,0.7815454,0.46966398,0.54025316,0.69581723,0.6803271,0.71307474,1,1,1,0,1,1,1,1
covid_2020_03_03_20030353_p17_106_0,2020.03.03.20030353-p17-106%0.png,COVID,1,train,/Users/samehissa/Downloads/COVID-CT-Dataset-master/Images-processed/CT_COVID/2020.03.03.20030353-p17-106%0.png,/Users/samehissa/Downloads/COVID-CT-Dataset-master/Images-processed/CT_COVID/2020.03.03.20030353-p17-106%0.png,original,,2020.03.03.20030353-p17-106%0.png,1,0,1,0,1,1,1,1,1,3.993724e-05,0.99996006,1,0.3512605,0.45904204,0.7579331,0.681676,0.8518526,0.45975092,0.5596543,0.75004673,0.74712837,0.7743462,1,1,1,0,1,1,1,1
covid_2020_03_03_20030353_p17_106_1,2020.03.03.20030353-p17-106%1.png,COVID,1,train,/Users/samehissa/Downloads/COVID-CT-Dataset-master/Images-processed/CT_COVID/2020.03.03.20030353-p17-106%1.png,/Users/samehissa/Downloads/COVID-CT-Dataset-master/Images-processed/CT_COVID/2020.03.03.20030353-p17-106%1.png,original,,2020.03.03.20030353-p17-106%1.png,1,1,1,0,1,1,1,1,1,0.00050723925,0.99949276,1,0.37331337,0.45427576,0.7246321,0.6716703,0.80821216,0.46258086,0.55129427,0.72034657,0.7017867,0.7181587,1,1,1,0,1,1,1,1
covid_2020_03_03_20030353_p17_106_2,2020.03.03.20030353-p17-106%2.png,COVID,1,train,/Users/samehissa/Downloads/COVID-CT-Dataset-master/Images-processed/CT_COVID/2020.03.03.20030353-p17-106%2.png,/Users/samehissa/Downloads/COVID-CT-Dataset-master/Images-processed/CT_COVID/2020.03.03.20030353-p17-106%2.png,original,,2020.03.03.20030353-p17-106%2.png,1,0,1,1,1,1,1,1,1,0.027231613,0.9727684,1,0.42122015,0.45185712,0.6922792,0.5682683,0.7443237,0.42811522,0.5350194,0.6455473,0.63904124,0.64724576,1,1,1,0,1,1,1,1
covid_2020_03_03_20030775_p10_88_0,2020.03.03.20030775-p10-88%0.png,COVID,1,train,/Users/samehissa/Downloads/COVID-CT-Dataset-master/Images-processed/CT_COVID/2020.03.03.20030775-p10-88%0.png,/Users/samehissa/Downloads/COVID-CT-Dataset-master/Images-processed/CT_COVID/2020.03.03.20030775-p10-88%0.png,original,,2020.03.03.20030775-p10-88%0.png,1,1,1,1,1,1,1,1,1,0.001163551,0.99883646,1,0.4080764,0.46906844,0.6806982,0.60808176,0.73239535,0.4707074,0.5227048,0.6547933,0.6366752,0.6748859,1,1,1,0,1,1,1,1
covid_2020_03_03_20030775_p10_88_1,2020.03.03.20030775-p10-88%1.png,COVID,1,train,/Users/samehissa/Downloads/COVID-CT-Dataset-master/Images-processed/CT_COVID/2020.03.03.20030775-p10-88%1.png,/Users/samehissa/Downloads/COVID-CT-Dataset-master/Images-processed/CT_COVID/2020.03.03.20030775-p10-88%1.png,original,,2020.03.03.20030775-p10-88%1.png,1,1,1,1,1,1,1,1,1,0.00021277858,0.9997873,1,0.37729788,0.46074313,0.72360575,0.65275776,0.80131066,0.46602726,0.54595464,0.7095119,0.6936109,0.7263777,1,1,1,0,1,1,1,1
covid_2020_03_03_20030775_p11_91,2020.03.03.20030775-p11-91.png,COVID,1,train,/Users/samehissa/Downloads/COVID-CT-Dataset-master/Images-processed/CT_COVID/2020.03.03.20030775-p11-91.png,/Users/samehissa/Downloads/COVID-CT-Dataset-master/Images-processed/CT_COVID/2020.03.03.20030775-p11-91.png,original,,2020.03.03.20030775-p11-91.png,1,1,1,1,1,1,1,1,1,0.000522022,0.99947804,1,0.39813712,0.46877056,0.6925598,0.6247662,0.7586649,0.4698241,0.53122944,0.67376745,0.6581553,0.6925456,1,1,1,0,1,1,1,1
covid_2020_03_03_20030775_p12_93_0,2020.03.03.20030775-p12-93%0.png,COVID,1,train,/Users/samehissa/Downloads/COVID-CT-Dataset-master/Images-processed/CT_COVID/2020.03.03.20030775-p12-93%0.png,/Users/samehissa/Downloads/COVID-CT-Dataset-master/Images-processed/CT_COVID/2020.03.03.20030775-p12-93%0.png,original,,2020.03.03.20030775-p12-93%0.png,1,1,1,0,1,1,1,1,1,0.004448555,0.9955514,1,0.40882787,0.4587103,0.7043954,0.57904655,0.824305,0.3807574,0.5940767,0.6911599,0.71910155,0.67528665,1,1,1,0,1,1,1,1
covid_2020_03_03_20030775_p12_93_1,2020.03.03.20030775-p12-93%1.png,COVID,1,train,/Users/samehissa/Downloads/COVID-CT-Dataset-master/Images-processed/CT_COVID/2020.03.03.20030775-p12-93%1.png,/Users/samehissa/Downloads/COVID-CT-Dataset-master/Images-processed/CT_COVID/2020.03.03.20030775-p12-93%1.png,original,,2020.03.03.20030775-p12-93%1.png,1,1,1,0,1,1,1,1,1,0.0032371827,0.99676275,1,0.4169401,0.46642873,0.6546004,0.5941269,0.709601,0.4767028,0.51583165,0.6359447,0.62924826,0.6563129,1,1,1,0,1,1,1,1
covid_2020_03_04_20026005_p12_1946_0,2020.03.04.20026005-p12-1946%0.png,COVID,1,train,/Users/samehissa/Downloads/COVID-CT-Dataset-master/Images-processed/CT_COVID/2020.03.04.20026005-p12-1946%0.png,/Users/samehissa/Downloads/COVID-CT-Dataset-master/Images-processed/CT_COVID/2020.03.04.20026005-p12-1946%0.png,original,,2020.03.04.20026005-p12-1946%0.png,1,1,1,0,1,1,1,1,1,0.00020209995,0.9997979,1,0.36950946,0.4594532,0.7348554,0.6635712,0.81703734,0.4636944,0.5515031,0.7221547,0.7069399,0.7398525,1,1,1,0,1,1,1,1
covid_2020_03_04_20026005_p12_1946_1,2020.03.04.20026005-p12-1946%1.png,COVID,1,train,/Users/samehissa/Downloads/COVID-CT-Dataset-master/Images-processed/CT_COVID/2020.03.04.20026005-p12-1946%1.png,/Users/samehissa/Downloads/COVID-CT-Dataset-master/Images-processed/CT_COVID/2020.03.04.20026005-p12-1946%1.png,original,,2020.03.04.20026005-p12-1946%1.png,1,1,1,0,1,1,1,1,1,0.00050806813,0.99949193,1,0.38357422,0.4553877,0.7040953,0.6658028,0.786525,0.46936235,0.5484305,0.69640714,0.6803905,0.70388836,1,1,1,0,1,1,1,1
covid_2020_03_04_20026005_p12_1946_2,2020.03.04.20026005-p12-1946%2.png,COVID,1,train,/Users/samehissa/Downloads/COVID-CT-Dataset-master/Images-processed/CT_COVID/2020.03.04.20026005-p12-1946%2.png,/Users/samehissa/Downloads/COVID-CT-Dataset-master/Images-processed/CT_COVID/2020.03.04.20026005-p12-1946%2.png,original,,2020.03.04.20026005-p12-1946%2.png,1,1,1,0,1,1,1,1,1,0.00031532298,0.9996847,1,0.3869966,0.46433926,0.72928566,0.64148784,0.80437243,0.4510066,0.5399373,0.70112807,0.68432295,0.71841526,1,1,1,0,1,1,1,1
covid_2020_03_04_20026005_p12_1946_3,2020.03.04.20026005-p12-1946%3.png,COVID,1,train,/Users/samehissa/Downloads/COVID-CT-Dataset-master/Images-processed/CT_COVID/2020.03.04.20026005-p12-1946%3.png,/Users/samehissa/Downloads/COVID-CT-Dataset-master/Images-processed/CT_COVID/2020.03.04.20026005-p12-1946%3.png,original,,2020.03.04.20026005-p12-1946%3.png,1,1,1,0,1,1,1,1,1,3.8210947e-06,0.9999962,1,0.3466357,0.45826155,0.7660256,0.68669367,0.85909814,0.45888114,0.5625509,0.75740385,0.75324076,0.78202,1,1,1,0,1,1,1,1
covid_2020_03_04_20026005_p12_1946_4,2020.03.04.20026005-p12-1946%4.png,COVID,1,train,/Users/samehissa/Downloads/COVID-CT-Dataset-master/Images-processed/CT_COVID/2020.03.04.20026005-p12-1946%4.png,/Users/samehissa/Downloads/COVID-CT-Dataset-master/Images-processed/CT_COVID/2020.03.04.20026005-p12-1946%4.png,original,,2020.03.04.20026005-p12-1946%4.png,1,1,1,0,1,1,1,1,1,5.668314e-05,0.99994326,1,0.36465895,0.45876652,0.73622894,0.6689045,0.8264311,0.4647843,0.55348843,0.7296188,0.72354144,0.74715525,1,1,1,0,1,1,1,1
covid_2020_03_04_20026005_p12_1946_5,2020.03.04.20026005-p12-1946%5.png,COVID,1,train,/Users/samehissa/Downloads/COVID-CT-Dataset-master/Images-processed/CT_COVID/2020.03.04.20026005-p12-1946%5.png,/Users/samehissa/Downloads/COVID-CT-Dataset-master/Images-processed/CT_COVID/2020.03.04.20026005-p12-1946%5.png,original,,2020.03.04.20026005-p12-1946%5.png,1,1,1,0,1,1,1,1,1,6.551091e-05,0.99993443,1,0.36845034,0.45740667,0.72701,0.6720221,0.8194478,0.46611705,0.55321795,0.7219389,0.7167486,0.7373901,1,1,1,0,1,1,1,1
covid_2020_03_04_20030395_p27_108_0,2020.03.04.20030395-p27-108%0.png,COVID,1,train,/Users/samehissa/Downloads/COVID-CT-Dataset-master/Images-processed/CT_COVID/2020.03.04.20030395-p27-108%0.png,/Users/samehissa/Downloads/COVID-CT-Dataset-master/Images-processed/CT_COVID/2020.03.04.20030395-p27-108%0.png,original,,2020.03.04.20030395-p27-108%0.png,1,0,1,1,1,1,1,1,1,4.713507e-05,0.9999529,1,0.36173454,0.45897284,0.7457266,0.6680268,0.83101946,0.46186367,0.5554034,0.73616993,0.72279733,0.7539419,1,1,1,0,1,1,1,1
covid_2020_03_04_20030395_p27_108_1,2020.03.04.20030395-p27-108%1.png,COVID,1,train,/Users/samehissa/Downloads/COVID-CT-Dataset-master/Images-processed/CT_COVID/2020.03.04.20030395-p27-108%1.png,/Users/samehissa/Downloads/COVID-CT-Dataset-master/Images-processed/CT_COVID/2020.03.04.20030395-p27-108%1.png,original,,2020.03.04.20030395-p27-108%1.png,1,1,1,0,1,1,1,1,1,5.2521536e-05,0.9999474,1,0.3622411,0.46114203,0.74175465,0.6687365,0.8329157,0.46120876,0.5532659,0.7328972,0.72727567,0.75621563,1,1,1,0,1,1,1,1
covid_2020_03_04_20030395_p27_108_2,2020.03.04.20030395-p27-108%2.png,COVID,1,train,/Users/samehissa/Downloads/COVID-CT-Dataset-master/Images-processed/CT_COVID/2020.03.04.20030395-p27-108%2.png,/Users/samehissa/Downloads/COVID-CT-Dataset-master/Images-processed/CT_COVID/2020.03.04.20030395-p27-108%2.png,original,,2020.03.04.20030395-p27-108%2.png,1,1,1,1,1,1,1,1,1,8.836989e-05,0.99991167,1,0.3534071,0.44287467,0.7816944,0.64801663,0.86211216,0.44287467,0.5447962,0.7536858,0.75487417,0.7942426,1,1,1,0,1,1,1,1
covid_2020_03_04_20030395_p27_108_3,2020.03.04.20030395-p27-108%3.png,COVID,1,train,/Users/samehissa/Downloads/COVID-CT-Dataset-master/Images-processed/CT_COVID/2020.03.04.20030395-p27-108%3.png,/Users/samehissa/Downloads/COVID-CT-Dataset-master/Images-processed/CT_COVID/2020.03.04.20030395-p27-108%3.png,original,,2020.03.04.20030395-p27-108%3.png,1,1,1,0,1,1,1,1,1,0.0002359641,0.999764,1,0.37459153,0.4581445,0.75209594,0.6514495,0.8443523,0.4227013,0.56434286,0.7375157,0.7283008,0.7370236,1,1,1,0,1,1,1,1
covid_2020_03_04_20030395_p27_108_4,2020.03.04.20030395-p27-108%4.png,COVID,1,train,/Users/samehissa/Downloads/COVID-CT-Dataset-master/Images-processed/CT_COVID/2020.03.04.20030395-p27-108%4.png,/Users/samehissa/Downloads/COVID-CT-Dataset-master/Images-processed/CT_COVID/2020.03.04.20030395-p27-108%4.png,original,,2020.03.04.20030395-p27-108%4.png,1,1,1,0,1,1,1,1,1,3.283746e-05,0.9999672,1,0.34105146,0.4541021,0.7854272,0.68338233,0.8682953,0.4541021,0.56265306,0.76768935,0.75616205,0.7968945,1,1,1,0,1,1,1,1
covid_2020_03_04_20030395_p27_108_5,2020.03.04.20030395-p27-108%5.png,COVID,1,train,/Users/samehissa/Downloads/COVID-CT-Dataset-master/Images-processed/CT_COVID/2020.03.04.20030395-p27-108%5.png,/Users/samehissa/Downloads/COVID-CT-Dataset-master/Images-processed/CT_COVID/2020.03.04.20030395-p27-108%5.png,original,,2020.03.04.20030395-p27-108%5.png,1,1,1,0,1,1,1,1,1,6.0919498e-05,0.9999391,1,0.3555532,0.45662954,0.7608281,0.68256694,0.8412645,0.46000263,0.56051,0.74416435,0.72403735,0.7629589,1,1,1,0,1,1,1,1
covid_2020_03_04_20030395_p27_108_6,2020.03.04.20030395-p27-108%6.png,COVID,1,train,/Users/samehissa/Downloads/COVID-CT-Dataset-master/Images-processed/CT_COVID/2020.03.04.20030395-p27-108%6.png,/Users/samehissa/Downloads/COVID-CT-Dataset-master/Images-processed/CT_COVID/2020.03.04.20030395-p27-108%6.png,original,,2020.03.04.20030395-p27-108%6.png,1,1,1,0,1,1,1,1,1,1.4631342e-05,0.99998534,1,0.34352812,0.454126,0.7816234,0.67969686,0.8647703,0.454126,0.560716,0.7639287,0.7531997,0.7934973,1,1,1,0,1,1,1,1
covid_2020_03_04_20030395_p27_108_7,2020.03.04.20030395-p27-108%7.png,COVID,1,train,/Users/samehissa/Downloads/COVID-CT-Dataset-master/Images-processed/CT_COVID/2020.03.04.20030395-p27-108%7.png,/Users/samehissa/Downloads/COVID-CT-Dataset-master/Images-processed/CT_COVID/2020.03.04.20030395-p27-108%7.png,original,,2020.03.04.20030395-p27-108%7.png,1,1,1,0,1,1,1,1,1,0.0006132971,0.99938667,1,0.38253963,0.45956257,0.72480357,0.6509508,0.7895166,0.46444374,0.5434445,0.7005275,0.6731213,0.715855,1,1,1,0,1,1,1,1
covid_2020_03_04_20030395_p27_108_8,2020.03.04.20030395-p27-108%8.png,COVID,1,train,/Users/samehissa/Downloads/COVID-CT-Dataset-master/Images-processed/CT_COVID/2020.03.04.20030395-p27-108%8.png,/Users/samehissa/Downloads/COVID-CT-Dataset-master/Images-processed/CT_COVID/2020.03.04.20030395-p27-108%8.png,original,,2020.03.04.20030395-p27-108%8.png,1,1,1,0,1,1,1,1,1,1.9725735e-06,0.999998,1,0.32278025,0.44811133,0.8165394,0.69954336,0.8929441,0.44921198,0.57361597,0.7963523,0.7802252,0.8249586,1,1,1,0,1,1,1,1
covid_2020_03_04_20031039_p23_97_1_0,2020.03.04.20031039-p23-97_1%0.png,COVID,1,train,/Users/samehissa/Downloads/COVID-CT-Dataset-master/Images-processed/CT_COVID/2020.03.04.20031039-p23-97_1%0.png,/Users/samehissa/Downloads/COVID-CT-Dataset-master/Images-processed/CT_COVID/2020.03.04.20031039-p23-97_1%0.png,original,,2020.03.04.20031039-p23-97_1%0.png,1,1,1,0,1,1,1,1,1,6.028819e-06,0.9999939,1,0.31998962,0.44695744,0.8013826,0.73449665,0.89499056,0.4539622,0.5878522,0.79653686,0.7881575,0.8129722,1,1,1,0,1,1,1,1
covid_2020_03_04_20031039_p23_97_1_1,2020.03.04.20031039-p23-97_1%1.png,COVID,1,train,/Users/samehissa/Downloads/COVID-CT-Dataset-master/Images-processed/CT_COVID/2020.03.04.20031039-p23-97_1%1.png,/Users/samehissa/Downloads/COVID-CT-Dataset-master/Images-processed/CT_COVID/2020.03.04.20031039-p23-97_1%1.png,original,,2020.03.04.20031039-p23-97_1%1.png,1,1,1,0,1,1,1,1,1,0.19914733,0.80085266,1,0.44133142,0.45503744,0.64247596,0.5007331,0.7248949,0.29470536,0.5851491,0.7045626,0.64670265,0.60565126,1,1,1,0,1,1,1,1
covid_2020_03_04_20031039_p23_97_1_2,2020.03.04.20031039-p23-97_1%2.png,COVID,1,train,/Users/samehissa/Downloads/COVID-CT-Dataset-master/Images-processed/CT_COVID/2020.03.04.20031039-p23-97_1%2.png,/Users/samehissa/Downloads/COVID-CT-Dataset-master/Images-processed/CT_COVID/2020.03.04.20031039-p23-97_1%2.png,original,,2020.03.04.20031039-p23-97_1%2.png,1,1,1,0,1,1,1,1,1,0.09199802,0.90800196,1,0.44877404,0.45832947,0.6662221,0.50704557,0.7165553,0.3566406,0.5641029,0.63905895,0.6397695,0.6059522,1,1,1,0,1,1,1,1
covid_2020_03_04_20031039_p23_97_2_0,2020.03.04.20031039-p23-97_2%0.png,COVID,1,train,/Users/samehissa/Downloads/COVID-CT-Dataset-master/Images-processed/CT_COVID/2020.03.04.20031039-p23-97_2%0.png,/Users/samehissa/Downloads/COVID-CT-Dataset-master/Images-processed/CT_COVID/2020.03.04.20031039-p23-97_2%0.png,original,,2020.03.04.20031039-p23-97_2%0.png,1,1,1,0,1,1,1,1,1,0.000104396735,0.9998956,1,0.3487574,0.4473198,0.7736743,0.682034,0.8596488,0.4473198,0.55654687,0.7618314,0.74838775,0.77510804,1,1,1,0,1,1,1,1
covid_2020_03_04_20031039_p23_97_2_1,2020.03.04.20031039-p23-97_2%1.png,COVID,1,train,/Users/samehissa/Downloads/COVID-CT-Dataset-master/Images-processed/CT_COVID/2020.03.04.20031039-p23-97_2%1.png,/Users/samehissa/Downloads/COVID-CT-Dataset-master/Images-processed/CT_COVID/2020.03.04.20031039-p23-97_2%1.png,original,,2020.03.04.20031039-p23-97_2%1.png,1,1,1,0,1,1,1,1,1,0.04132591,0.9586741,1,0.42458865,0.44956902,0.68253875,0.56421494,0.7308417,0.42163056,0.5495572,0.6299167,0.6329074,0.63889664,1,1,1,0,1,1,1,1
covid_2020_03_04_20031039_p23_97_2_2,2020.03.04.20031039-p23-97_2%2.png,COVID,1,train,/Users/samehissa/Downloads/COVID-CT-Dataset-master/Images-processed/CT_COVID/2020.03.04.20031039-p23-97_2%2.png,/Users/samehissa/Downloads/COVID-CT-Dataset-master/Images-processed/CT_COVID/2020.03.04.20031039-p23-97_2%2.png,original,,2020.03.04.20031039-p23-97_2%2.png,1,1,1,0,0,1,1,1,1,0.025657972,0.974342,1,0.43872032,0.45836997,0.65224594,0.5129059,0.704479,0.34196982,0.5432544,0.6549634,0.62786996,0.59734935,1,1,1,0,1,1,1,1
covid_2020_03_04_20031047_p12_81_0,2020.03.04.20031047-p12-81%0.png,COVID,1,train,/Users/samehissa/Downloads/COVID-CT-Dataset-master/Images-processed/CT_COVID/2020.03.04.20031047-p12-81%0.png,/Users/samehissa/Downloads/COVID-CT-Dataset-master/Images-processed/CT_COVID/2020.03.04.20031047-p12-81%0.png,original,,2020.03.04.20031047-p12-81%0.png,1,1,1,1,1,1,1,1,1,0.00060589175,0.99939406,1,0.39173132,0.466241,0.7132429,0.6235495,0.77020305,0.46744776,0.533759,0.6877757,0.66577333,0.70711255,1,1,1,0,1,1,1,1
covid_2020_03_04_20031047_p12_81_1,2020.03.04.20031047-p12-81%1.png,COVID,1,train,/Users/samehissa/Downloads/COVID-CT-Dataset-master/Images-processed/CT_COVID/2020.03.04.20031047-p12-81%1.png,/Users/samehissa/Downloads/COVID-CT-Dataset-master/Images-processed/CT_COVID/2020.03.04.20031047-p12-81%1.png,original,,2020.03.04.20031047-p12-81%1.png,1,1,1,1,1,1,1,1,1,0.00048973947,0.9995103,1,0.39982486,0.47169262,0.6925824,0.61684376,0.75632834,0.46805766,0.52745384,0.6710055,0.659181,0.69453466,1,1,1,0,1,1,1,1
covid_2020_03_04_20031047_p12_81_2,2020.03.04.20031047-p12-81%2.png,COVID,1,train,/Users/samehissa/Downloads/COVID-CT-Dataset-master/Images-processed/CT_COVID/2020.03.04.20031047-p12-81%2.png,/Users/samehissa/Downloads/COVID-CT-Dataset-master/Images-processed/CT_COVID/2020.03.04.20031047-p12-81%2.png,original,,2020.03.04.20031047-p12-81%2.png,1,1,1,0,1,1,1,1,1,6.886518e-05,0.9999311,1,0.35888946,0.457496,0.74976313,0.6693212,0.8345902,0.4632302,0.5572863,0.7421712,0.7292946,0.756504,1,1,1,0,1,1,1,1
covid_2020_03_04_20031047_p12_81_3,2020.03.04.20031047-p12-81%3.png,COVID,1,train,/Users/samehissa/Downloads/COVID-CT-Dataset-master/Images-processed/CT_COVID/2020.03.04.20031047-p12-81%3.png,/Users/samehissa/Downloads/COVID-CT-Dataset-master/Images-processed/CT_COVID/2020.03.04.20031047-p12-81%3.png,original,,2020.03.04.20031047-p12-81%3.png,0,1,1,0,1,1,1,1,1,7.423789e-05,0.99992573,1,0.36284992,0.45875266,0.7459288,0.6574612,0.8263827,0.4640104,0.5534721,0.7381227,0.72306216,0.7508611,1,1,1,0,1,1,1,1
covid_2020_03_04_20031047_p13_84_0,2020.03.04.20031047-p13-84%0.png,COVID,1,train,/Users/samehissa/Downloads/COVID-CT-Dataset-master/Images-processed/CT_COVID/2020.03.04.20031047-p13-84%0.png,/Users/samehissa/Downloads/COVID-CT-Dataset-master/Images-processed/CT_COVID/2020.03.04.20031047-p13-84%0.png,original,,2020.03.04.20031047-p13-84%0.png,1,1,1,1,1,1,1,1,1,5.1099555e-06,0.9999949,1,0.35161963,0.4597367,0.76538837,0.66437346,0.8486819,0.4597367,0.5564746,0.75480026,0.7446285,0.77661556,1,1,1,0,1,1,1,1
covid_2020_03_04_20031047_p13_84_1,2020.03.04.20031047-p13-84%1.png,COVID,1,train,/Users/samehissa/Downloads/COVID-CT-Dataset-master/Images-processed/CT_COVID/2020.03.04.20031047-p13-84%1.png,/Users/samehissa/Downloads/COVID-CT-Dataset-master/Images-processed/CT_COVID/2020.03.04.20031047-p13-84%1.png,original,,2020.03.04.20031047-p13-84%1.png,1,1,1,1,1,1,1,1,1,0.36869422,0.63130575,0,0.4578297,0.45517012,0.5994364,0.5246733,0.68155265,0.41243017,0.5360006,0.6013111,0.62508863,0.5887249,1,1,1,0,1,1,1,1
covid_2020_03_04_20031047_p13_84_2,2020.03.04.20031047-p13-84%2.png,COVID,1,train,/Users/samehissa/Downloads/COVID-CT-Dataset-master/Images-processed/CT_COVID/2020.03.04.20031047-p13-84%2.png,/Users/samehissa/Downloads/COVID-CT-Dataset-master/Images-processed/CT_COVID/2020.03.04.20031047-p13-84%2.png,original,,2020.03.04.20031047-p13-84%2.png,1,1,1,1,1,1,1,1,1,0.00023164731,0.9997683,1,0.3837014,0.465202,0.72065014,0.63798547,0.7907681,0.46477574,0.5381787,0.69879985,0.6828632,0.7225291,1,1,1,0,1,1,1,1
covid_2020_03_04_20031047_p13_84_3,2020.03.04.20031047-p13-84%3.png,COVID,1,train,/Users/samehissa/Downloads/COVID-CT-Dataset-master/Images-processed/CT_COVID/2020.03.04.20031047-p13-84%3.png,/Users/samehissa/Downloads/COVID-CT-Dataset-master/Images-processed/CT_COVID/2020.03.04.20031047-p13-84%3.png,original,,2020.03.04.20031047-p13-84%3.png,1,1,1,1,1,1,1,1,1,0.0014776812,0.99852234,1,0.40899011,0.46790546,0.6860407,0.59672606,0.73000413,0.47147587,0.5182598,0.6545763,0.6393222,0.68016326,1,1,1,0,1,1,1,1
covid_2020_03_04_20031047_p13_84_4,2020.03.04.20031047-p13-84%4.png,COVID,1,train,/Users/samehissa/Downloads/COVID-CT-Dataset-master/Images-processed/CT_COVID/2020.03.04.20031047-p13-84%4.png,/Users/samehissa/Downloads/COVID-CT-Dataset-master/Images-processed/CT_COVID/2020.03.04.20031047-p13-84%4.png,original,,2020.03.04.20031047-p13-84%4.png,1,1,1,1,1,1,1,1,1,4.852583e-05,0.9999515,1,0.36571112,0.46201712,0.7449356,0.6580013,0.8265005,0.46156678,0.54866076,0.72811466,0.71755123,0.75464064,1,1,1,0,1,1,1,1
covid_2020_03_04_20031047_p13_84_5,2020.03.04.20031047-p13-84%5.png,COVID,1,train,/Users/samehissa/Downloads/COVID-CT-Dataset-master/Images-processed/CT_COVID/2020.03.04.20031047-p13-84%5.png,/Users/samehissa/Downloads/COVID-CT-Dataset-master/Images-processed/CT_COVID/2020.03.04.20031047-p13-84%5.png,original,,2020.03.04.20031047-p13-84%5.png,1,1,1,1,1,1,1,1,1,0.00018196553,0.999818,1,0.38924232,0.46724197,0.707755,0.6290831,0.7803126,0.46651718,0.53342813,0.6889078,0.67941225,0.7142801,1,1,1,0,1,1,1,1
covid_2020_03_04_20031047_p14_87_0,2020.03.04.20031047-p14-87%0.png,COVID,1,train,/Users/samehissa/Downloads/COVID-CT-Dataset-master/Images-processed/CT_COVID/2020.03.04.20031047-p14-87%0.png,/Users/samehissa/Downloads/COVID-CT-Dataset-master/Images-processed/CT_COVID/2020.03.04.20031047-p14-87%0.png,original,,2020.03.04.20031047-p14-87%0.png,1,1,1,0,1,1,1,1,1,0.003858667,0.9961414,1,0.4139162,0.46661943,0.65391576,0.59968936,0.70748484,0.47784635,0.52360207,0.6485893,0.6301195,0.64520615,1,1,1,0,1,1,1,1
covid_2020_03_04_20031047_p14_87_1,2020.03.04.20031047-p14-87%1.png,COVID,1,train,/Users/samehissa/Downloads/COVID-CT-Dataset-master/Images-processed/CT_COVID/2020.03.04.20031047-p14-87%1.png,/Users/samehissa/Downloads/COVID-CT-Dataset-master/Images-processed/CT_COVID/2020.03.04.20031047-p14-87%1.png,original,,2020.03.04.20031047-p14-87%1.png,1,1,1,0,1,1,1,1,1,0.0024368197,0.99756324,1,0.40679377,0.46928886,0.6656795,0.61767834,0.73065794,0.47576562,0.52941686,0.66032046,0.64483535,0.6615967,1,1,1,0,1,1,1,1
covid_2020_03_07_20031393_p7_50_0,2020.03.07.20031393-p7-50%0.png,COVID,1,train,/Users/samehissa/Downloads/COVID-CT-Dataset-master/Images-processed/CT_COVID/2020.03.07.20031393-p7-50%0.png,/Users/samehissa/Downloads/COVID-CT-Dataset-master/Images-processed/CT_COVID/2020.03.07.20031393-p7-50%0.png,original,,2020.03.07.20031393-p7-50%0.png,1,1,1,0,1,1,1,1,1,0.00011970412,0.9998803,1,0.38878143,0.4695073,0.71659225,0.61950034,0.77966815,0.46474046,0.5312893,0.692077,0.6813527,0.71966857,1,1,1,0,1,1,1,1
covid_2020_03_07_20031393_p7_50_1,2020.03.07.20031393-p7-50%1.png,COVID,1,train,/Users/samehissa/Downloads/COVID-CT-Dataset-master/Images-processed/CT_COVID/2020.03.07.20031393-p7-50%1.png,/Users/samehissa/Downloads/COVID-CT-Dataset-master/Images-processed/CT_COVID/2020.03.07.20031393-p7-50%1.png,original,,2020.03.07.20031393-p7-50%1.png,1,1,1,0,1,1,1,1,1,9.018484e-06,0.99999094,1,0.3532854,0.4604826,0.7629887,0.67078584,0.84623104,0.4604826,0.5576791,0.7500087,0.7377558,0.77233946,1,1,1,0,1,1,1,1
covid_2020_03_07_20031393_p7_50_2,2020.03.07.20031393-p7-50%2.png,COVID,1,train,/Users/samehissa/Downloads/COVID-CT-Dataset-master/Images-processed/CT_COVID/2020.03.07.20031393-p7-50%2.png,/Users/samehissa/Downloads/COVID-CT-Dataset-master/Images-processed/CT_COVID/2020.03.07.20031393-p7-50%2.png,original,,2020.03.07.20031393-p7-50%2.png,1,1,1,0,1,1,1,1,1,0.000109069115,0.9998909,1,0.3759165,0.4608698,0.72304803,0.6464599,0.80291027,0.46694994,0.5452347,0.7144732,0.7019737,0.7288763,1,1,1,0,1,1,1,1
covid_2020_03_07_20031393_p7_50_3,2020.03.07.20031393-p7-50%3.png,COVID,1,train,/Users/samehissa/Downloads/COVID-CT-Dataset-master/Images-processed/CT_COVID/2020.03.07.20031393-p7-50%3.png,/Users/samehissa/Downloads/COVID-CT-Dataset-master/Images-processed/CT_COVID/2020.03.07.20031393-p7-50%3.png,original,,2020.03.07.20031393-p7-50%3.png,1,1,1,0,1,1,1,1,1,0.00012471924,0.9998753,1,0.36501044,0.45976081,0.74317235,0.6647053,0.82511145,0.4627212,0.5531061,0.7301272,0.7156317,0.7488609,1,1,1,0,1,1,1,1
covid_2020_03_08_20031658_p15_103,2020.03.08.20031658-p15-103.png,COVID,1,train,/Users/samehissa/Downloads/COVID-CT-Dataset-master/Images-processed/CT_COVID/2020.03.08.20031658-p15-103.png,/Users/samehissa/Downloads/COVID-CT-Dataset-master/Images-processed/CT_COVID/2020.03.08.20031658-p15-103.png,original,,2020.03.08.20031658-p15-103.png,1,1,1,1,1,1,1,1,1,0.00013384549,0.9998661,1,0.37815127,0.46744958,0.73315454,0.63424885,0.80195946,0.46270335,0.53840715,0.7095875,0.6974339,0.7373934,1,1,1,0,1,1,1,1
covid_2020_03_08_20031658_p15_104,2020.03.08.20031658-p15-104.png,COVID,1,train,/Users/samehissa/Downloads/COVID-CT-Dataset-master/Images-processed/CT_COVID/2020.03.08.20031658-p15-104.png,/Users/samehissa/Downloads/COVID-CT-Dataset-master/Images-processed/CT_COVID/2020.03.08.20031658-p15-104.png,original,,2020.03.08.20031658-p15-104.png,1,1,1,1,1,1,1,1,1,0.00029852372,0.99970144,1,0.38607025,0.46586627,0.71058804,0.62934774,0.7856485,0.46602136,0.53563434,0.6965207,0.6880355,0.717828,1,1,1,0,1,1,1,1
covid_2020_03_08_20031658_p15_105,2020.03.08.20031658-p15-105.png,COVID,1,train,/Users/samehissa/Downloads/COVID-CT-Dataset-master/Images-processed/CT_COVID/2020.03.08.20031658-p15-105.png,/Users/samehissa/Downloads/COVID-CT-Dataset-master/Images-processed/CT_COVID/2020.03.08.20031658-p15-105.png,original,,2020.03.08.20031658-p15-105.png,1,1,1,0,1,1,1,1,1,0.003596192,0.9964038,1,0.4079625,0.46751884,0.6899041,0.59762454,0.7324088,0.46952438,0.51853555,0.65651816,0.6398577,0.68277025,1,1,1,0,1,1,1,1
covid_2020_03_08_20031658_p15_106,2020.03.08.20031658-p15-106.png,COVID,1,train,/Users/samehissa/Downloads/COVID-CT-Dataset-master/Images-processed/CT_COVID/2020.03.08.20031658-p15-106.png,/Users/samehissa/Downloads/COVID-CT-Dataset-master/Images-processed/CT_COVID/2020.03.08.20031658-p15-106.png,original,,2020.03.08.20031658-p15-106.png,1,1,1,0,1,1,1,1,1,0.0005801246,0.9994199,1,0.3913094,0.4683175,0.708102,0.6247023,0.77537054,0.46555462,0.5316825,0.68588185,0.674324,0.7118523,1,1,1,0,1,1,1,1
covid_2020_03_09_20033118_p20_93_0,2020.03.09.20033118-p20-93%0.png,COVID,1,train,/Users/samehissa/Downloads/COVID-CT-Dataset-master/Images-processed/CT_COVID/2020.03.09.20033118-p20-93%0.png,/Users/samehissa/Downloads/COVID-CT-Dataset-master/Images-processed/CT_COVID/2020.03.09.20033118-p20-93%0.png,original,,2020.03.09.20033118-p20-93%0.png,1,1,1,0,1,1,1,1,1,0.0006667264,0.9993332,1,0.37848052,0.46435332,0.7335919,0.6359909,0.7981325,0.46394357,0.54153836,0.71129435,0.6905307,0.7308929,1,1,1,0,1,1,1,1
covid_2020_03_09_20033118_p20_93_1,2020.03.09.20033118-p20-93%1.png,COVID,1,train,/Users/samehissa/Downloads/COVID-CT-Dataset-master/Images-processed/CT_COVID/2020.03.09.20033118-p20-93%1.png,/Users/samehissa/Downloads/COVID-CT-Dataset-master/Images-processed/CT_COVID/2020.03.09.20033118-p20-93%1.png,original,,2020.03.09.20033118-p20-93%1.png,1,1,1,0,1,1,1,1,1,0.006855712,0.9931443,1,0.40853095,0.46497864,0.6975652,0.599048,0.73151743,0.46173224,0.5173393,0.6598099,0.6304792,0.6751325,1,1,1,0,1,1,1,1
covid_2020_03_09_20033118_p20_93_2,2020.03.09.20033118-p20-93%2.png,COVID,1,train,/Users/samehissa/Downloads/COVID-CT-Dataset-master/Images-processed/CT_COVID/2020.03.09.20033118-p20-93%2.png,/Users/samehissa/Downloads/COVID-CT-Dataset-master/Images-processed/CT_COVID/2020.03.09.20033118-p20-93%2.png,original,,2020.03.09.20033118-p20-93%2.png,1,1,1,0,1,1,1,1,1,8.65484e-05,0.99991345,1,0.3637027,0.4598583,0.7545273,0.6583552,0.82927144,0.45979014,0.5495442,0.7326802,0.71610373,0.758342,1,1,1,0,1,1,1,1
covid_2020_03_09_20033118_p20_93_3,2020.03.09.20033118-p20-93%3.png,COVID,1,train,/Users/samehissa/Downloads/COVID-CT-Dataset-master/Images-processed/CT_COVID/2020.03.09.20033118-p20-93%3.png,/Users/samehissa/Downloads/COVID-CT-Dataset-master/Images-processed/CT_COVID/2020.03.09.20033118-p20-93%3.png,original,,2020.03.09.20033118-p20-93%3.png,1,1,1,0,1,1,1,1,1,0.00015094865,0.9998491,1,0.38481382,0.46513456,0.71416646,0.63015205,0.78683925,0.4666919,0.5368212,0.6995114,0.6881222,0.7190723,1,1,1,0,1,1,1,1
covid_2020_03_10_20032136_p34_118_1_0,2020.03.10.20032136-p34-118_1%0.png,COVID,1,train,/Users/samehissa/Downloads/COVID-CT-Dataset-master/Images-processed/CT_COVID/2020.03.10.20032136-p34-118_1%0.png,/Users/samehissa/Downloads/COVID-CT-Dataset-master/Images-processed/CT_COVID/2020.03.10.20032136-p34-118_1%0.png,original,,2020.03.10.20032136-p34-118_1%0.png,1,1,1,0,1,1,1,1,1,0.1024576,0.8975424,1,0.4415137,0.45714834,0.63378507,0.5306608,0.6752435,0.41371557,0.5246663,0.62695694,0.60745674,0.5960723,1,1,1,0,1,1,1,1
covid_2020_03_10_20032136_p34_118_1_1,2020.03.10.20032136-p34-118_1%1.png,COVID,1,train,/Users/samehissa/Downloads/COVID-CT-Dataset-master/Images-processed/CT_COVID/2020.03.10.20032136-p34-118_1%1.png,/Users/samehissa/Downloads/COVID-CT-Dataset-master/Images-processed/CT_COVID/2020.03.10.20032136-p34-118_1%1.png,original,,2020.03.10.20032136-p34-118_1%1.png,1,1,1,0,1,1,1,1,1,0.017208954,0.98279107,1,0.42750496,0.46157283,0.6411532,0.580836,0.6823459,0.46901923,0.5111221,0.6171598,0.6011412,0.6236523,1,1,1,0,1,1,1,1
covid_2020_03_10_20032136_p34_118_2_0,2020.03.10.20032136-p34-118_2%0.png,COVID,1,train,/Users/samehissa/Downloads/COVID-CT-Dataset-master/Images-processed/CT_COVID/2020.03.10.20032136-p34-118_2%0.png,/Users/samehissa/Downloads/COVID-CT-Dataset-master/Images-processed/CT_COVID/2020.03.10.20032136-p34-118_2%0.png,original,,2020.03.10.20032136-p34-118_2%0.png,1,1,1,0,1,1,1,1,1,0.006971941,0.993028,1,0.40222242,0.46839908,0.7018422,0.6147877,0.7498485,0.46152788,0.52478987,0.67206424,0.64535815,0.68375605,1,1,1,0,1,1,1,1
covid_2020_03_10_20032136_p34_118_2_1,2020.03.10.20032136-p34-118_2%1.png,COVID,1,train,/Users/samehissa/Downloads/COVID-CT-Dataset-master/Images-processed/CT_COVID/2020.03.10.20032136-p34-118_2%1.png,/Users/samehissa/Downloads/COVID-CT-Dataset-master/Images-processed/CT_COVID/2020.03.10.20032136-p34-118_2%1.png,original,,2020.03.10.20032136-p34-118_2%1.png,1,1,1,0,1,1,1,1,1,0.02514933,0.9748507,1,0.42666692,0.46103728,0.68220764,0.5389627,0.7539803,0.37117434,0.5582682,0.67283785,0.6488185,0.63225406,1,1,1,0,1,1,1,1
covid_2020_03_11_20033159_p12_45_0,2020.03.11.20033159-p12-45%0.png,COVID,1,train,/Users/samehissa/Downloads/COVID-CT-Dataset-master/Images-processed/CT_COVID/2020.03.11.20033159-p12-45%0.png,/Users/samehissa/Downloads/COVID-CT-Dataset-master/Images-processed/CT_COVID/2020.03.11.20033159-p12-45%0.png,original,,2020.03.11.20033159-p12-45%0.png,1,1,1,0,1,1,1,1,1,0.00020156997,0.9997985,1,0.3733927,0.45289877,0.7193835,0.6802131,0.80629903,0.46814448,0.55551994,0.7135352,0.699011,0.7197996,1,1,1,0,1,1,1,1
covid_2020_03_11_20033159_p12_45_1,2020.03.11.20033159-p12-45%1.png,COVID,1,train,/Users/samehissa/Downloads/COVID-CT-Dataset-master/Images-processed/CT_COVID/2020.03.11.20033159-p12-45%1.png,/Users/samehissa/Downloads/COVID-CT-Dataset-master/Images-processed/CT_COVID/2020.03.11.20033159-p12-45%1.png,original,,2020.03.11.20033159-p12-45%1.png,1,1,1,0,1,1,1,1,1,0.003468175,0.99653184,1,0.40948436,0.46728703,0.6779911,0.6117821,0.726592,0.47071,0.52395195,0.651535,0.6274159,0.6660244,1,1,1,0,1,1,1,1
covid_2020_03_11_20033159_p12_45_2,2020.03.11.20033159-p12-45%2.png,COVID,1,train,/Users/samehissa/Downloads/COVID-CT-Dataset-master/Images-processed/CT_COVID/2020.03.11.20033159-p12-45%2.png,/Users/samehissa/Downloads/COVID-CT-Dataset-master/Images-processed/CT_COVID/2020.03.11.20033159-p12-45%2.png,original,,2020.03.11.20033159-p12-45%2.png,1,1,1,0,1,1,1,1,1,0.00010201462,0.99989796,1,0.37180665,0.46439034,0.7305622,0.6436326,0.8140029,0.4627022,0.54402167,0.7213362,0.7149545,0.742912,1,1,1,0,1,1,1,1
covid_2020_03_11_20033159_p12_45_3,2020.03.11.20033159-p12-45%3.png,COVID,1,train,/Users/samehissa/Downloads/COVID-CT-Dataset-master/Images-processed/CT_COVID/2020.03.11.20033159-p12-45%3.png,/Users/samehissa/Downloads/COVID-CT-Dataset-master/Images-processed/CT_COVID/2020.03.11.20033159-p12-45%3.png,original,,2020.03.11.20033159-p12-45%3.png,1,1,1,0,0,1,1,1,1,0.009127125,0.99087286,1,0.40509146,0.46950677,0.69256115,0.60326993,0.7607005,0.45266283,0.52457696,0.6716129,0.6649612,0.6839823,1,1,1,0,1,1,1,1
covid_2020_03_11_20033159_p12_45_4,2020.03.11.20033159-p12-45%4.png,COVID,1,train,/Users/samehissa/Downloads/COVID-CT-Dataset-master/Images-processed/CT_COVID/2020.03.11.20033159-p12-45%4.png,/Users/samehissa/Downloads/COVID-CT-Dataset-master/Images-processed/CT_COVID/2020.03.11.20033159-p12-45%4.png,original,,2020.03.11.20033159-p12-45%4.png,1,1,1,0,1,1,1,1,1,0.0032096072,0.99679035,1,0.40505594,0.46884707,0.6928025,0.6158726,0.74323744,0.46234998,0.52345914,0.6662304,0.63939065,0.67297846,1,1,1,0,1,1,1,1
covid_2020_03_11_20033159_p12_45_5,2020.03.11.20033159-p12-45%5.png,COVID,1,train,/Users/samehissa/Downloads/COVID-CT-Dataset-master/Images-processed/CT_COVID/2020.03.11.20033159-p12-45%5.png,/Users/samehissa/Downloads/COVID-CT-Dataset-master/Images-processed/CT_COVID/2020.03.11.20033159-p12-45%5.png,original,,2020.03.11.20033159-p12-45%5.png,1,1,1,0,1,1,1,1,1,0.0002480354,0.999752,1,0.3828704,0.4623563,0.70966387,0.6474011,0.7922646,0.46703205,0.54154474,0.6987163,0.68911827,0.71789354,1,1,1,0,1,1,1,1
covid_2020_03_12_20027185_p8_216,2020.03.12.20027185-p8-216.png,COVID,1,train,/Users/samehissa/Downloads/COVID-CT-Dataset-master/Images-processed/CT_COVID/2020.03.12.20027185-p8-216.png,/Users/samehissa/Downloads/COVID-CT-Dataset-master/Images-processed/CT_COVID/2020.03.12.20027185-p8-216.png,original,,2020.03.12.20027185-p8-216.png,0,0,1,0,1,1,1,1,1,0.0030341316,0.9969658,1,0.40912452,0.4685931,0.66155565,0.6132347,0.7256634,0.47587442,0.5268073,0.6549975,0.6409508,0.6590053,1,1,1,0,1,1,1,1
covid_2020_03_12_20027185_p8_217,2020.03.12.20027185-p8-217.png,COVID,1,train,/Users/samehissa/Downloads/COVID-CT-Dataset-master/Images-processed/CT_COVID/2020.03.12.20027185-p8-217.png,/Users/samehissa/Downloads/COVID-CT-Dataset-master/Images-processed/CT_COVID/2020.03.12.20027185-p8-217.png,original,,2020.03.12.20027185-p8-217.png,1,1,1,0,1,1,1,1,1,0.0006161774,0.9993838,1,0.39919212,0.46930665,0.6817287,0.6170797,0.7525632,0.47308174,0.53069335,0.6765024,0.6678436,0.6841868,1,1,1,0,1,1,1,1
covid_2020_03_12_20027185_p8_218,2020.03.12.20027185-p8-218.png,COVID,1,train,/Users/samehissa/Downloads/COVID-CT-Dataset-master/Images-processed/CT_COVID/2020.03.12.20027185-p8-218.png,/Users/samehissa/Downloads/COVID-CT-Dataset-master/Images-processed/CT_COVID/2020.03.12.20027185-p8-218.png,original,,2020.03.12.20027185-p8-218.png,0,1,1,0,1,1,1,1,1,0.0031320776,0.99686795,1,0.40444466,0.47020864,0.6815872,0.62138355,0.7440245,0.46786845,0.52722,0.6641864,0.645186,0.6736884,1,1,1,0,1,1,1,1
covid_2020_03_12_20027185_p8_221,2020.03.12.20027185-p8-221.png,COVID,1,train,/Users/samehissa/Downloads/COVID-CT-Dataset-master/Images-processed/CT_COVID/2020.03.12.20027185-p8-221.png,/Users/samehissa/Downloads/COVID-CT-Dataset-master/Images-processed/CT_COVID/2020.03.12.20027185-p8-221.png,original,,2020.03.12.20027185-p8-221.png,1,0,1,1,1,1,1,1,1,0.011056262,0.9889437,1,0.42241466,0.45833546,0.6972937,0.54166454,0.7715648,0.37118348,0.55614126,0.68736994,0.66900796,0.64276856,1,1,1,0,1,1,1,1
covid_2020_03_12_20034686_p17_91_3,2020.03.12.20034686-p17-91-3.png,COVID,1,train,/Users/samehissa/Downloads/COVID-CT-Dataset-master/Images-processed/CT_COVID/2020.03.12.20034686-p17-91-3.png,/Users/samehissa/Downloads/COVID-CT-Dataset-master/Images-processed/CT_COVID/2020.03.12.20034686-p17-91-3.png,original,,2020.03.12.20034686-p17-91-3.png,1,1,1,0,0,1,1,1,1,0.00070453685,0.9992955,1,0.40085706,0.47005153,0.6934906,0.6232263,0.75120807,0.46917915,0.5299485,0.6690911,0.64739984,0.68655527,1,1,1,0,1,1,1,1
covid_2020_03_12_20034686_p17_91_4,2020.03.12.20034686-p17-91-4.png,COVID,1,train,/Users/samehissa/Downloads/COVID-CT-Dataset-master/Images-processed/CT_COVID/2020.03.12.20034686-p17-91-4.png,/Users/samehissa/Downloads/COVID-CT-Dataset-master/Images-processed/CT_COVID/2020.03.12.20034686-p17-91-4.png,original,,2020.03.12.20034686-p17-91-4.png,1,1,1,0,1,1,1,1,1,0.0020019112,0.99799806,1,0.40704152,0.46905175,0.6684839,0.6250613,0.7364853,0.47002053,0.5269617,0.65768975,0.6416397,0.66249573,1,1,1,0,1,1,1,1
covid_2020_03_12_20034686_p17_91_5,2020.03.12.20034686-p17-91-5.png,COVID,1,train,/Users/samehissa/Downloads/COVID-CT-Dataset-master/Images-processed/CT_COVID/2020.03.12.20034686-p17-91-5.png,/Users/samehissa/Downloads/COVID-CT-Dataset-master/Images-processed/CT_COVID/2020.03.12.20034686-p17-91-5.png,original,,2020.03.12.20034686-p17-91-5.png,1,1,1,0,0,1,1,1,1,0.00048489548,0.99951506,1,0.39780298,0.46882558,0.68307364,0.6229727,0.7580321,0.47186163,0.5311744,0.676056,0.6698991,0.6889382,1,1,1,0,1,1,1,1
covid_2020_03_12_20034686_p17_91_6,2020.03.12.20034686-p17-91-6.png,COVID,1,train,/Users/samehissa/Downloads/COVID-CT-Dataset-master/Images-processed/CT_COVID/2020.03.12.20034686-p17-91-6.png,/Users/samehissa/Downloads/COVID-CT-Dataset-master/Images-processed/CT_COVID/2020.03.12.20034686-p17-91-6.png,original,,2020.03.12.20034686-p17-91-6.png,1,0,1,1,0,1,1,1,1,0.0069576683,0.99304235,1,0.41141278,0.46659052,0.68002987,0.60309434,0.73244274,0.45722458,0.5188923,0.65549034,0.6320841,0.6557402,1,1,1,0,1,1,1,1
covid_2020_03_13_20035212_p23_152,2020.03.13.20035212-p23-152.png,COVID,1,train,/Users/samehissa/Downloads/COVID-CT-Dataset-master/Images-processed/CT_COVID/2020.03.13.20035212-p23-152.png,/Users/samehissa/Downloads/COVID-CT-Dataset-master/Images-processed/CT_COVID/2020.03.13.20035212-p23-152.png,original,,2020.03.13.20035212-p23-152.png,1,1,1,1,1,1,1,1,1,1.7760512e-07,0.9999999,1,0.31506845,0.44722724,0.8194053,0.7055388,0.90325135,0.44854298,0.57792574,0.807568,0.7997076,0.83584183,1,1,1,0,1,1,1,1
covid_2020_03_13_20035212_p23_153,2020.03.13.20035212-p23-153.png,COVID,1,train,/Users/samehissa/Downloads/COVID-CT-Dataset-master/Images-processed/CT_COVID/2020.03.13.20035212-p23-153.png,/Users/samehissa/Downloads/COVID-CT-Dataset-master/Images-processed/CT_COVID/2020.03.13.20035212-p23-153.png,original,,2020.03.13.20035212-p23-153.png,1,1,1,0,1,1,1,1,1,0.09913548,0.9008645,0,0.45462433,0.45428458,0.57051057,0.5039443,0.65196735,0.37867442,0.5385076,0.638067,0.61632377,0.5911409,1,1,1,0,1,1,1,1
covid_2020_03_13_20035212_p23_154,2020.03.13.20035212-p23-154.png,COVID,1,train,/Users/samehissa/Downloads/COVID-CT-Dataset-master/Images-processed/CT_COVID/2020.03.13.20035212-p23-154.png,/Users/samehissa/Downloads/COVID-CT-Dataset-master/Images-processed/CT_COVID/2020.03.13.20035212-p23-154.png,original,,2020.03.13.20035212-p23-154.png,1,1,1,1,1,1,1,1,1,0.0006151417,0.9993849,1,0.38309142,0.46455133,0.72169125,0.6359677,0.7907217,0.46553695,0.5391384,0.70169723,0.68442607,0.7218549,1,1,1,0,1,1,1,1
noncovid_14,14.png,NonCOVID,0,train,/Users/samehissa/Downloads/COVID-CT-Dataset-master/Images-processed/CT_NonCOVID/14.png,/Users/samehissa/Downloads/COVID-CT-Dataset-master/Images-processed/CT_NonCOVID/14.png,original,,14.png,1,1,1,0,1,1,1,1,0,0.99999356,6.48876e-06,0,0.47201324,0.33444408,0.68329626,0.49698296,0.7078136,0.19550936,0.85950625,0.70709926,0.6714746,0.44747195,1,0,1,0,1,1,1,0
noncovid_15,15.png,NonCOVID,0,train,/Users/samehissa/Downloads/COVID-CT-Dataset-master/Images-processed/CT_NonCOVID/15.png,/Users/samehissa/Downloads/COVID-CT-Dataset-master/Images-processed/CT_NonCOVID/15.png,original,,15.png,0,0,0,0,1,0,0,0,0,0.9978269,0.0021731323,0,0.4883783,0.38715255,0.617028,0.49148345,0.6094461,0.28968665,0.7143761,0.62715685,0.5956122,0.46359864,1,0,1,0,1,1,1,0
noncovid_33,33.png,NonCOVID,0,train,/Users/samehissa/Downloads/COVID-CT-Dataset-master/Images-processed/CT_NonCOVID/33.png,/Users/samehissa/Downloads/COVID-CT-Dataset-master/Images-processed/CT_NonCOVID/33.png,original,,33.png,1,1,1,0,1,1,1,1,0,1.0,2.2742856e-09,0,0.45653883,0.26065445,0.77466017,0.5319442,0.79046804,0.09921191,0.9519204,0.82406276,0.7509893,0.44425943,1,1,1,0,1,1,1,0
noncovid_43,43.png,NonCOVID,0,train,/Users/samehissa/Downloads/COVID-CT-Dataset-master/Images-processed/CT_NonCOVID/43.png,/Users/samehissa/Downloads/COVID-CT-Dataset-master/Images-processed/CT_NonCOVID/43.png,original,,43.png,1,1,1,0,1,1,1,1,0,0.99999976,1.895301e-07,0,0.45364666,0.27493012,0.7707522,0.51754546,0.77975035,0.10987844,0.94170874,0.8229599,0.74295586,0.42361924,1,1,1,0,1,1,1,0
noncovid_44,44.png,NonCOVID,0,train,/Users/samehissa/Downloads/COVID-CT-Dataset-master/Images-processed/CT_NonCOVID/44.png,/Users/samehissa/Downloads/COVID-CT-Dataset-master/Images-processed/CT_NonCOVID/44.png,original,,44.png,1,1,1,0,1,1,1,1,0,1.0,4.7363646e-10,0,0.44162354,0.23655352,0.7902521,0.5228495,0.8108869,0.08314679,0.9614802,0.8384213,0.7730196,0.4589587,1,1,1,0,1,1,1,0
noncovid_59,59.png,NonCOVID,0,train,/Users/samehissa/Downloads/COVID-CT-Dataset-master/Images-processed/CT_NonCOVID/59.png,/Users/samehissa/Downloads/COVID-CT-Dataset-master/Images-processed/CT_NonCOVID/59.png,original,,59.png,1,1,1,0,1,1,1,1,0,0.9999795,2.054596e-05,0,0.4755113,0.3532945,0.67819995,0.49482372,0.6533377,0.22331254,0.7983249,0.69508725,0.61341035,0.43231985,1,0,1,0,1,1,1,0
noncovid_81,81.png,NonCOVID,0,train,/Users/samehissa/Downloads/COVID-CT-Dataset-master/Images-processed/CT_NonCOVID/81.png,/Users/samehissa/Downloads/COVID-CT-Dataset-master/Images-processed/CT_NonCOVID/81.png,original,,81.png,1,1,1,0,1,1,1,1,0,0.99979466,0.00020538882,0,0.46607485,0.37580338,0.64581805,0.5464316,0.65766716,0.26190493,0.8181754,0.6754856,0.60812575,0.45446315,1,1,1,0,1,1,1,0
noncovid_82,82.png,NonCOVID,0,train,/Users/samehissa/Downloads/COVID-CT-Dataset-master/Images-processed/CT_NonCOVID/82.png,/Users/samehissa/Downloads/COVID-CT-Dataset-master/Images-processed/CT_NonCOVID/82.png,original,,82.png,1,1,1,0,1,1,1,1,0,0.9999989,1.0748073e-06,0,0.4603449,0.3169767,0.74147713,0.5396551,0.7319112,0.15687515,0.9120584,0.7824361,0.69083285,0.43650618,1,1,1,0,1,1,1,0
noncovid_102,102.png,NonCOVID,0,train,/Users/samehissa/Downloads/COVID-CT-Dataset-master/Images-processed/CT_NonCOVID/102.png,/Users/samehissa/Downloads/COVID-CT-Dataset-master/Images-processed/CT_NonCOVID/102.png,original,,102.png,1,1,1,0,1,1,1,1,0,0.999954,4.603946e-05,0,0.48201692,0.36772048,0.6288546,0.50420034,0.678922,0.2515056,0.81228447,0.6322795,0.63735485,0.487284,1,1,1,0,1,1,1,0
noncovid_103,103.png,NonCOVID,0,train,/Users/samehissa/Downloads/COVID-CT-Dataset-master/Images-processed/CT_NonCOVID/103.png,/Users/samehissa/Downloads/COVID-CT-Dataset-master/Images-processed/CT_NonCOVID/103.png,original,,103.png,1,1,1,0,1,1,1,1,0,0.99999905,9.736494e-07,0,0.46911535,0.31907538,0.6789907,0.5067714,0.71871287,0.1844216,0.87240964,0.7056184,0.6733217,0.47016966,1,1,1,0,1,1,1,0
noncovid_104,104.png,NonCOVID,0,train,/Users/samehissa/Downloads/COVID-CT-Dataset-master/Images-processed/CT_NonCOVID/104.png,/Users/samehissa/Downloads/COVID-CT-Dataset-master/Images-processed/CT_NonCOVID/104.png,original,,104.png,1,1,1,0,0,1,1,0,0,0.99999964,3.260299e-07,0,0.46562856,0.30479172,0.72029793,0.5105938,0.73812765,0.15591,0.90294254,0.7478463,0.69991285,0.45800424,1,1,1,0,1,1,1,0
noncovid_114,114.png,NonCOVID,0,train,/Users/samehissa/Downloads/COVID-CT-Dataset-master/Images-processed/CT_NonCOVID/114.png,/Users/samehissa/Downloads/COVID-CT-Dataset-master/Images-processed/CT_NonCOVID/114.png,original,,114.png,0,0,0,0,1,0,0,0,0,0.9994185,0.0005815677,0,0.48430315,0.38523245,0.6172607,0.49489403,0.6444723,0.28912514,0.7584538,0.61476755,0.607566,0.4665014,1,0,1,0,1,1,1,0
noncovid_115,115.png,NonCOVID,0,train,/Users/samehissa/Downloads/COVID-CT-Dataset-master/Images-processed/CT_NonCOVID/115.png,/Users/samehissa/Downloads/COVID-CT-Dataset-master/Images-processed/CT_NonCOVID/115.png,original,,115.png,0,0,0,0,1,0,0,0,0,0.99985325,0.00014670967,0,0.48316085,0.3886888,0.6235119,0.4936839,0.6513234,0.27741182,0.7694845,0.6113112,0.61511344,0.47710007,1,0,1,0,1,1,1,0
noncovid_116,116.png,NonCOVID,0,train,/Users/samehissa/Downloads/COVID-CT-Dataset-master/Images-processed/CT_NonCOVID/116.png,/Users/samehissa/Downloads/COVID-CT-Dataset-master/Images-processed/CT_NonCOVID/116.png,original,,116.png,0,0,0,0,1,0,0,0,0,0.9990815,0.0009184639,0,0.4861032,0.3986628,0.6088157,0.4914975,0.6339415,0.3069747,0.7385314,0.6013372,0.60098404,0.46185166,1,0,1,0,1,1,1,0
noncovid_117,117.png,NonCOVID,0,train,/Users/samehissa/Downloads/COVID-CT-Dataset-master/Images-processed/CT_NonCOVID/117.png,/Users/samehissa/Downloads/COVID-CT-Dataset-master/Images-processed/CT_NonCOVID/117.png,original,,117.png,0,0,0,0,1,0,0,0,0,0.99985194,0.00014801168,0,0.48335105,0.37274432,0.6315084,0.49943438,0.64858705,0.2722787,0.77288646,0.6272557,0.61104536,0.46295533,1,0,1,0,1,1,1,0
noncovid_118,118.png,NonCOVID,0,train,/Users/samehissa/Downloads/COVID-CT-Dataset-master/Images-processed/CT_NonCOVID/118.png,/Users/samehissa/Downloads/COVID-CT-Dataset-master/Images-processed/CT_NonCOVID/118.png,original,,118.png,0,0,0,0,1,0,0,0,0,0.9995709,0.00042913892,0,0.4859073,0.38215542,0.6208566,0.49035138,0.6415788,0.28678796,0.75355345,0.6178446,0.6067174,0.45789686,1,0,1,0,1,1,1,0
noncovid_120,120.png,NonCOVID,0,train,/Users/samehissa/Downloads/COVID-CT-Dataset-master/Images-processed/CT_NonCOVID/120.png,/Users/samehissa/Downloads/COVID-CT-Dataset-master/Images-processed/CT_NonCOVID/120.png,original,,120.png,1,1,1,0,1,1,1,1,0,0.99999547,4.533325e-06,0,0.47523734,0.3360078,0.6846177,0.5176769,0.71266997,0.19772844,0.8724284,0.7123817,0.6716508,0.45951223,1,1,1,0,1,1,1,0
noncovid_158,158.png,NonCOVID,0,train,/Users/samehissa/Downloads/COVID-CT-Dataset-master/Images-processed/CT_NonCOVID/158.png,/Users/samehissa/Downloads/COVID-CT-Dataset-master/Images-processed/CT_NonCOVID/158.png,original,,158.png,0,0,0,0,1,0,0,0,0,0.9999958,4.1825137e-06,0,0.47092944,0.33677757,0.68375486,0.49899417,0.70332336,0.19658236,0.8559897,0.7065058,0.6657821,0.44299278,1,0,1,0,1,1,1,0
noncovid_171,171.png,NonCOVID,0,train,/Users/samehissa/Downloads/COVID-CT-Dataset-master/Images-processed/CT_NonCOVID/171.png,/Users/samehissa/Downloads/COVID-CT-Dataset-master/Images-processed/CT_NonCOVID/171.png,original,,171.png,0,0,1,0,1,0,0,0,0,0.9999629,3.701398e-05,0,0.47772944,0.35553688,0.6697821,0.51620364,0.67735,0.22703984,0.8323197,0.6883224,0.63704205,0.44440955,1,1,1,0,1,1,1,0
noncovid_174,174.png,NonCOVID,0,train,/Users/samehissa/Downloads/COVID-CT-Dataset-master/Images-processed/CT_NonCOVID/174.png,/Users/samehissa/Downloads/COVID-CT-Dataset-master/Images-processed/CT_NonCOVID/174.png,original,,174.png,0,0,0,0,1,0,0,0,0,0.92874914,0.07125086,0,0.48863554,0.41935885,0.55705404,0.51136446,0.5934392,0.3536824,0.6368285,0.5961548,0.56357783,0.5103339,1,1,1,0,1,1,1,1
noncovid_226,226.png,NonCOVID,0,train,/Users/samehissa/Downloads/COVID-CT-Dataset-master/Images-processed/CT_NonCOVID/226.png,/Users/samehissa/Downloads/COVID-CT-Dataset-master/Images-processed/CT_NonCOVID/226.png,original,,226.png,1,1,1,0,1,1,1,1,0,0.9999956,4.3743744e-06,0,0.4744265,0.3278921,0.6562341,0.5255735,0.71637946,0.20163143,0.8713333,0.6913183,0.66692054,0.48010567,1,1,1,0,1,1,1,0
noncovid_227,227.png,NonCOVID,0,train,/Users/samehissa/Downloads/COVID-CT-Dataset-master/Images-processed/CT_NonCOVID/227.png,/Users/samehissa/Downloads/COVID-CT-Dataset-master/Images-processed/CT_NonCOVID/227.png,original,,227.png,0,0,0,0,1,0,0,0,0,0.9949269,0.0050730864,0,0.48595902,0.40103033,0.6324643,0.51162905,0.6262736,0.27902502,0.7351877,0.67014724,0.62147737,0.45913622,1,1,1,0,1,1,1,0
noncovid_294,294.png,NonCOVID,0,train,/Users/samehissa/Downloads/COVID-CT-Dataset-master/Images-processed/CT_NonCOVID/294.png,/Users/samehissa/Downloads/COVID-CT-Dataset-master/Images-processed/CT_NonCOVID/294.png,original,,294.png,1,1,1,0,0,1,1,1,0,0.99999845,1.5697068e-06,0,0.46712202,0.32138807,0.71646535,0.49655032,0.7347773,0.16735838,0.8944693,0.74025303,0.70669806,0.44447637,1,0,1,0,1,1,1,0
noncovid_354,354.png,NonCOVID,0,train,/Users/samehissa/Downloads/COVID-CT-Dataset-master/Images-processed/CT_NonCOVID/354.png,/Users/samehissa/Downloads/COVID-CT-Dataset-master/Images-processed/CT_NonCOVID/354.png,original,,354.png,0,0,0,0,1,0,0,0,0,0.9999987,1.33329e-06,0,0.47252342,0.32730877,0.6619197,0.5165625,0.71715724,0.19760032,0.86851954,0.6954103,0.6682663,0.4703995,1,1,1,0,1,1,1,0
noncovid_361,361.png,NonCOVID,0,train,/Users/samehissa/Downloads/COVID-CT-Dataset-master/Images-processed/CT_NonCOVID/361.png,/Users/samehissa/Downloads/COVID-CT-Dataset-master/Images-processed/CT_NonCOVID/361.png,original,,361.png,0,0,0,0,1,0,0,0,0,1.0,2.204003e-08,0,0.45998085,0.28822386,0.732881,0.5252546,0.75207144,0.13374315,0.91963875,0.7807626,0.70299953,0.44782025,1,1,1,0,1,1,1,0
noncovid_378,378.png,NonCOVID,0,train,/Users/samehissa/Downloads/COVID-CT-Dataset-master/Images-processed/CT_NonCOVID/378.png,/Users/samehissa/Downloads/COVID-CT-Dataset-master/Images-processed/CT_NonCOVID/378.png,original,,378.png,0,0,0,0,1,0,0,0,0,0.99866927,0.0013306937,0,0.48507243,0.3941247,0.61671865,0.5129093,0.62811285,0.3086255,0.74735194,0.6122609,0.58911514,0.46141836,1,1,1,0,1,1,1,0
noncovid_381,381.png,NonCOVID,0,train,/Users/samehissa/Downloads/COVID-CT-Dataset-master/Images-processed/CT_NonCOVID/381.png,/Users/samehissa/Downloads/COVID-CT-Dataset-master/Images-processed/CT_NonCOVID/381.png,original,,381.png,1,0,1,0,1,1,1,1,0,0.99999917,8.2881246e-07,0,0.46801117,0.31539315,0.71393836,0.5318645,0.7227566,0.16826499,0.8958522,0.75423473,0.6766,0.4490381,1,1,1,0,1,1,1,0
noncovid_382,382.png,NonCOVID,0,train,/Users/samehissa/Downloads/COVID-CT-Dataset-master/Images-processed/CT_NonCOVID/382.png,/Users/samehissa/Downloads/COVID-CT-Dataset-master/Images-processed/CT_NonCOVID/382.png,original,,382.png,1,1,1,0,1,1,1,1,0,0.99501616,0.004983906,0,0.4876593,0.3998102,0.62886775,0.5021382,0.61511344,0.29018298,0.7239721,0.64954376,0.6036148,0.4565053,1,1,1,0,1,1,1,0
noncovid_383,383.png,NonCOVID,0,train,/Users/samehissa/Downloads/COVID-CT-Dataset-master/Images-processed/CT_NonCOVID/383.png,/Users/samehissa/Downloads/COVID-CT-Dataset-master/Images-processed/CT_NonCOVID/383.png,original,,383.png,1,1,1,0,1,1,1,1,0,1.0,1.1604747e-10,0,0.42760256,0.2187863,0.7964565,0.51449597,0.8223087,0.070785865,0.96574926,0.84847724,0.7822992,0.46407214,1,1,1,0,1,1,1,0
noncovid_385,385.png,NonCOVID,0,train,/Users/samehissa/Downloads/COVID-CT-Dataset-master/Images-processed/CT_NonCOVID/385.png,/Users/samehissa/Downloads/COVID-CT-Dataset-master/Images-processed/CT_NonCOVID/385.png,original,,385.png,1,1,1,0,1,1,1,1,0,0.9999995,5.0164965e-07,0,0.4626661,0.2955605,0.7368885,0.50357294,0.74340147,0.1388338,0.9083602,0.7756676,0.70463246,0.437777,1,1,1,0,1,1,1,0
noncovid_575,575.png,NonCOVID,0,train,/Users/samehissa/Downloads/COVID-CT-Dataset-master/Images-processed/CT_NonCOVID/575.png,/Users/samehissa/Downloads/COVID-CT-Dataset-master/Images-processed/CT_NonCOVID/575.png,original,,575.png,0,0,0,0,1,0,0,0,0,0.999985,1.5017872e-05,0,0.4733354,0.3473251,0.6315901,0.5266646,0.674882,0.23616894,0.822722,0.6609079,0.62586176,0.47725794,1,1,1,0,1,1,1,0
noncovid_576,576.png,NonCOVID,0,train,/Users/samehissa/Downloads/COVID-CT-Dataset-master/Images-processed/CT_NonCOVID/576.png,/Users/samehissa/Downloads/COVID-CT-Dataset-master/Images-processed/CT_NonCOVID/576.png,original,,576.png,0,0,0,0,1,0,0,0,0,0.9999999,1.2805599e-07,0,0.46330154,0.29328552,0.73392814,0.5124007,0.74867195,0.14135487,0.9138161,0.7701956,0.7081119,0.45216838,1,1,1,0,1,1,1,0
noncovid_577,577.png,NonCOVID,0,train,/Users/samehissa/Downloads/COVID-CT-Dataset-master/Images-processed/CT_NonCOVID/577.png,/Users/samehissa/Downloads/COVID-CT-Dataset-master/Images-processed/CT_NonCOVID/577.png,original,,577.png,1,1,1,0,1,1,1,1,0,0.9999999,7.93866e-08,0,0.4588451,0.2878397,0.742787,0.5110111,0.75095344,0.13376662,0.91730946,0.7845721,0.7091709,0.4448493,1,1,1,0,1,1,1,0
noncovid_578,578.png,NonCOVID,0,train,/Users/samehissa/Downloads/COVID-CT-Dataset-master/Images-processed/CT_NonCOVID/578.png,/Users/samehissa/Downloads/COVID-CT-Dataset-master/Images-processed/CT_NonCOVID/578.png,original,,578.png,1,1,1,0,1,1,1,1,0,1.0,4.7450904e-10,0,0.44872862,0.24526513,0.7860655,0.5432007,0.8082926,0.0906309,0.9626639,0.8381479,0.76850057,0.46156663,1,1,1,0,1,1,1,0
noncovid_579,579.png,NonCOVID,0,train,/Users/samehissa/Downloads/COVID-CT-Dataset-master/Images-processed/CT_NonCOVID/579.png,/Users/samehissa/Downloads/COVID-CT-Dataset-master/Images-processed/CT_NonCOVID/579.png,original,,579.png,1,1,1,0,1,1,1,1,0,1.0,1.6507535e-08,0,0.45530003,0.272707,0.7467591,0.518957,0.7717342,0.12045195,0.93385464,0.7891475,0.729359,0.46254012,1,1,1,0,1,1,1,0
noncovid_580,580.png,NonCOVID,0,train,/Users/samehissa/Downloads/COVID-CT-Dataset-master/Images-processed/CT_NonCOVID/580.png,/Users/samehissa/Downloads/COVID-CT-Dataset-master/Images-processed/CT_NonCOVID/580.png,original,,580.png,1,1,1,0,1,1,1,1,0,0.9999999,1.14341894e-07,0,0.4631765,0.2934577,0.7400058,0.5344753,0.75646716,0.13808887,0.9266058,0.784949,0.71409035,0.45183298,1,1,1,0,1,1,1,0
noncovid_585,585.png,NonCOVID,0,train,/Users/samehissa/Downloads/COVID-CT-Dataset-master/Images-processed/CT_NonCOVID/585.png,/Users/samehissa/Downloads/COVID-CT-Dataset-master/Images-processed/CT_NonCOVID/585.png,original,,585.png,0,0,0,0,1,0,0,0,0,0.9999939,6.029992e-06,0,0.47724402,0.36850947,0.62340236,0.5016282,0.68926775,0.23638949,0.82222974,0.6314905,0.6523907,0.49675158,1,1,1,0,1,1,1,0
noncovid_586,586.png,NonCOVID,0,train,/Users/samehissa/Downloads/COVID-CT-Dataset-master/Images-processed/CT_NonCOVID/586.png,/Users/samehissa/Downloads/COVID-CT-Dataset-master/Images-processed/CT_NonCOVID/586.png,original,,586.png,0,0,0,0,1,0,0,0,0,0.9999982,1.8127062e-06,0,0.47475687,0.33567291,0.64456713,0.5213305,0.69761044,0.21927252,0.8508861,0.6646184,0.65153396,0.4936802,1,1,1,0,1,1,1,0
noncovid_587,587.png,NonCOVID,0,train,/Users/samehissa/Downloads/COVID-CT-Dataset-master/Images-processed/CT_NonCOVID/587.png,/Users/samehissa/Downloads/COVID-CT-Dataset-master/Images-processed/CT_NonCOVID/587.png,original,,587.png,0,0,0,0,1,0,0,0,0,0.99999774,2.2601776e-06,0,0.47260228,0.33479583,0.6504299,0.5060161,0.6940341,0.20968723,0.83982694,0.6709248,0.6553116,0.4814214,1,1,1,0,1,1,1,0
noncovid_672,672.png,NonCOVID,0,train,/Users/samehissa/Downloads/COVID-CT-Dataset-master/Images-processed/CT_NonCOVID/672.png,/Users/samehissa/Downloads/COVID-CT-Dataset-master/Images-processed/CT_NonCOVID/672.png,original,,672.png,1,0,1,0,1,1,1,1,0,0.9999994,5.9639376e-07,0,0.46344557,0.30460522,0.6949159,0.5054979,0.7407034,0.16465466,0.8947485,0.7259027,0.6972536,0.47228935,1,1,1,0,1,1,1,0
noncovid_673,673.png,NonCOVID,0,train,/Users/samehissa/Downloads/COVID-CT-Dataset-master/Images-processed/CT_NonCOVID/673.png,/Users/samehissa/Downloads/COVID-CT-Dataset-master/Images-processed/CT_NonCOVID/673.png,original,,673.png,1,1,1,0,1,1,1,1,0,1.0,4.860502e-09,0,0.44381693,0.26604086,0.7218287,0.52674663,0.7736058,0.11796399,0.93182963,0.7824907,0.7231611,0.47268435,1,1,1,0,1,1,1,0
noncovid_704,704.png,NonCOVID,0,train,/Users/samehissa/Downloads/COVID-CT-Dataset-master/Images-processed/CT_NonCOVID/704.png,/Users/samehissa/Downloads/COVID-CT-Dataset-master/Images-processed/CT_NonCOVID/704.png,original,,704.png,1,1,1,0,1,1,1,1,0,0.9964259,0.0035740698,0,0.47885126,0.38447237,0.5909575,0.52114874,0.62536746,0.29084435,0.73788553,0.6318003,0.6056767,0.5003754,1,1,1,0,1,1,1,1
noncovid_705,705.png,NonCOVID,0,train,/Users/samehissa/Downloads/COVID-CT-Dataset-master/Images-processed/CT_NonCOVID/705.png,/Users/samehissa/Downloads/COVID-CT-Dataset-master/Images-processed/CT_NonCOVID/705.png,original,,705.png,1,1,1,0,1,1,1,1,0,0.999567,0.00043299867,0,0.47902444,0.3761769,0.64674246,0.5163912,0.6673928,0.25805953,0.8120691,0.66789705,0.62837523,0.45353806,1,1,1,0,1,1,1,0
noncovid_706,706.png,NonCOVID,0,train,/Users/samehissa/Downloads/COVID-CT-Dataset-master/Images-processed/CT_NonCOVID/706.png,/Users/samehissa/Downloads/COVID-CT-Dataset-master/Images-processed/CT_NonCOVID/706.png,original,,706.png,1,1,1,0,1,1,1,1,0,0.99254507,0.0074549075,0,0.47202587,0.36659908,0.5948703,0.5139979,0.6423797,0.25134525,0.7635996,0.65927505,0.65166,0.5428618,1,1,1,0,1,1,1,1
noncovid_781,781.png,NonCOVID,0,train,/Users/samehissa/Downloads/COVID-CT-Dataset-master/Images-processed/CT_NonCOVID/781.png,/Users/samehissa/Downloads/COVID-CT-Dataset-master/Images-processed/CT_NonCOVID/781.png,original,,781.png,0,0,0,0,1,0,0,0,0,0.9999999,6.977559e-08,0,0.46476194,0.2979036,0.73090804,0.5195611,0.75039,0.1455863,0.91725934,0.7647524,0.7131621,0.45722738,1,1,1,0,1,1,1,0
noncovid_782,782.png,NonCOVID,0,train,/Users/samehissa/Downloads/COVID-CT-Dataset-master/Images-processed/CT_NonCOVID/782.png,/Users/samehissa/Downloads/COVID-CT-Dataset-master/Images-processed/CT_NonCOVID/782.png,original,,782.png,0,0,0,0,1,0,0,0,0,0.9999999,1.7553077e-07,0,0.46048295,0.2891263,0.7119201,0.5219202,0.76055235,0.14328188,0.9201928,0.7548244,0.7161511,0.47580487,1,1,1,0,1,1,1,0
noncovid_921,921.png,NonCOVID,0,train,/Users/samehissa/Downloads/COVID-CT-Dataset-master/Images-processed/CT_NonCOVID/921.png,/Users/samehissa/Downloads/COVID-CT-Dataset-master/Images-processed/CT_NonCOVID/921.png,original,,921.png,1,1,1,0,1,1,1,1,0,1.0,3.902983e-13,0,0.4086679,0.17577651,0.8326357,0.5299785,0.866154,0.045434736,0.9840943,0.88697934,0.83032274,0.48609006,1,1,1,0,1,1,1,0
noncovid_956,956.png,NonCOVID,0,train,/Users/samehissa/Downloads/COVID-CT-Dataset-master/Images-processed/CT_NonCOVID/956.png,/Users/samehissa/Downloads/COVID-CT-Dataset-master/Images-processed/CT_NonCOVID/956.png,original,,956.png,0,0,0,0,1,0,0,0,0,0.99857044,0.0014295302,0,0.48598498,0.4035493,0.5962147,0.51230377,0.63501716,0.31308237,0.74813664,0.5964507,0.5961161,0.46758857,1,1,1,0,1,1,1,0
noncovid_957,957.png,NonCOVID,0,train,/Users/samehissa/Downloads/COVID-CT-Dataset-master/Images-processed/CT_NonCOVID/957.png,/Users/samehissa/Downloads/COVID-CT-Dataset-master/Images-processed/CT_NonCOVID/957.png,original,,957.png,0,0,0,0,1,0,0,0,0,0.9999989,1.0754655e-06,0,0.4697984,0.32065067,0.6756953,0.5126648,0.72011495,0.1847235,0.8750341,0.70792,0.67366785,0.46785915,1,1,1,0,1,1,1,0
noncovid_1029,1029.png,NonCOVID,0,train,/Users/samehissa/Downloads/COVID-CT-Dataset-master/Images-processed/CT_NonCOVID/1029.png,/Users/samehissa/Downloads/COVID-CT-Dataset-master/Images-processed/CT_NonCOVID/1029.png,original,,1029.png,0,0,0,0,1,0,0,0,0,0.99967825,0.0003217867,0,0.47724426,0.3607853,0.6565897,0.4860912,0.6852005,0.23596868,0.8186867,0.6598146,0.6625415,0.45902064,1,0,1,0,1,1,1,0
noncovid_1030,1030.png,NonCOVID,0,train,/Users/samehissa/Downloads/COVID-CT-Dataset-master/Images-processed/CT_NonCOVID/1030.png,/Users/samehissa/Downloads/COVID-CT-Dataset-master/Images-processed/CT_NonCOVID/1030.png,original,,1030.png,1,1,1,0,1,1,1,1,0,0.7170097,0.28299028,0,0.48736542,0.41631243,0.626222,0.4864992,0.64884263,0.31248385,0.616928,0.6354591,0.6160213,0.55300415,1,0,1,0,1,1,1,1
noncovid_1058,1058.png,NonCOVID,0,train,/Users/samehissa/Downloads/COVID-CT-Dataset-master/Images-processed/CT_NonCOVID/1058.png,/Users/samehissa/Downloads/COVID-CT-Dataset-master/Images-processed/CT_NonCOVID/1058.png,original,,1058.png,0,1,1,0,1,1,1,1,0,0.99771583,0.0022841282,0,0.48523086,0.39985615,0.60113454,0.5108002,0.63657284,0.31016484,0.75114536,0.60014385,0.5980715,0.46664098,1,1,1,0,1,1,1,0
noncovid_1059,1059.png,NonCOVID,0,train,/Users/samehissa/Downloads/COVID-CT-Dataset-master/Images-processed/CT_NonCOVID/1059.png,/Users/samehissa/Downloads/COVID-CT-Dataset-master/Images-processed/CT_NonCOVID/1059.png,original,,1059.png,0,0,0,0,1,0,0,0,0,0.9998889,0.000111038535,0,0.48463437,0.3954383,0.61283696,0.49436477,0.65642625,0.27762848,0.7708457,0.6045617,0.6172758,0.4859789,1,0,1,0,1,1,1,0
noncovid_1060,1060.png,NonCOVID,0,train,/Users/samehissa/Downloads/COVID-CT-Dataset-master/Images-processed/CT_NonCOVID/1060.png,/Users/samehissa/Downloads/COVID-CT-Dataset-master/Images-processed/CT_NonCOVID/1060.png,original,,1060.png,0,0,0,0,1,0,0,0,0,0.99963653,0.00036350518,0,0.48553422,0.40708745,0.6058417,0.49971518,0.64235234,0.29868942,0.75309867,0.59291255,0.6045049,0.48450974,1,0,1,0,1,1,1,0
noncovid_1061,1061.png,NonCOVID,0,train,/Users/samehissa/Downloads/COVID-CT-Dataset-master/Images-processed/CT_NonCOVID/1061.png,/Users/samehissa/Downloads/COVID-CT-Dataset-master/Images-processed/CT_NonCOVID/1061.png,original,,1061.png,0,0,0,0,1,0,0,0,0,0.99993396,6.6050634e-05,0,0.48226002,0.3829043,0.62306756,0.49111462,0.66326416,0.26259395,0.7824818,0.6170957,0.624505,0.48687473,1,0,1,0,1,1,1,0
noncovid_1062,1062.png,NonCOVID,0,train,/Users/samehissa/Downloads/COVID-CT-Dataset-master/Images-processed/CT_NonCOVID/1062.png,/Users/samehissa/Downloads/COVID-CT-Dataset-master/Images-processed/CT_NonCOVID/1062.png,original,,1062.png,0,0,0,0,1,0,0,0,0,0.99829143,0.0017085699,0,0.48373327,0.39205205,0.58527994,0.50108755,0.6430439,0.27589977,0.7537097,0.60794795,0.62952316,0.5093144,1,1,1,0,1,1,1,1
noncovid_1065,1065.png,NonCOVID,0,train,/Users/samehissa/Downloads/COVID-CT-Dataset-master/Images-processed/CT_NonCOVID/1065.png,/Users/samehissa/Downloads/COVID-CT-Dataset-master/Images-processed/CT_NonCOVID/1065.png,original,,1065.png,0,0,0,0,1,0,0,0,0,0.9999107,8.922477e-05,0,0.48159397,0.3752455,0.6339061,0.49434236,0.6671715,0.2626538,0.7944097,0.6247545,0.6337718,0.47735733,1,0,1,0,1,1,1,0
noncovid_1093,1093.png,NonCOVID,0,train,/Users/samehissa/Downloads/COVID-CT-Dataset-master/Images-processed/CT_NonCOVID/1093.png,/Users/samehissa/Downloads/COVID-CT-Dataset-master/Images-processed/CT_NonCOVID/1093.png,original,,1093.png,0,0,0,0,1,0,0,0,0,0.99998164,1.8371009e-05,0,0.4796996,0.35868204,0.6286764,0.5114364,0.6736399,0.2491045,0.81046814,0.64131796,0.63236094,0.47321755,1,1,1,0,1,1,1,0
noncovid_1094,1094.png,NonCOVID,0,train,/Users/samehissa/Downloads/COVID-CT-Dataset-master/Images-processed/CT_NonCOVID/1094.png,/Users/samehissa/Downloads/COVID-CT-Dataset-master/Images-processed/CT_NonCOVID/1094.png,original,,1094.png,0,0,0,0,1,0,0,0,0,0.99999654,3.4202205e-06,0,0.47662854,0.34075904,0.64846426,0.514114,0.6920525,0.22382231,0.84078443,0.6658074,0.64675355,0.48048848,1,1,1,0,1,1,1,0
noncovid_1099,1099.png,NonCOVID,0,train,/Users/samehissa/Downloads/COVID-CT-Dataset-master/Images-processed/CT_NonCOVID/1099.png,/Users/samehissa/Downloads/COVID-CT-Dataset-master/Images-processed/CT_NonCOVID/1099.png,original,,1099.png,1,1,1,0,1,1,1,1,0,0.9276348,0.07236518,0,0.4899282,0.4530937,0.55328375,0.5100718,0.57055813,0.40495685,0.6112328,0.5469063,0.5470872,0.47497794,1,1,1,0,1,1,1,0
noncovid_1100,1100.png,NonCOVID,0,train,/Users/samehissa/Downloads/COVID-CT-Dataset-master/Images-processed/CT_NonCOVID/1100.png,/Users/samehissa/Downloads/COVID-CT-Dataset-master/Images-processed/CT_NonCOVID/1100.png,original,,1100.png,1,1,1,0,1,1,1,1,0,0.96230984,0.037690144,0,0.478074,0.42096263,0.55921984,0.521926,0.6039982,0.35576257,0.67168117,0.58224845,0.578829,0.47890493,1,1,1,0,1,1,1,0
noncovid_1101,1101.png,NonCOVID,0,train,/Users/samehissa/Downloads/COVID-CT-Dataset-master/Images-processed/CT_NonCOVID/1101.png,/Users/samehissa/Downloads/COVID-CT-Dataset-master/Images-processed/CT_NonCOVID/1101.png,original,,1101.png,1,1,1,0,1,1,1,1,0,0.9999995,4.994414e-07,0,0.4684886,0.3170324,0.68393224,0.5165873,0.71044993,0.18054302,0.870152,0.72094095,0.65910786,0.4617074,1,1,1,0,1,1,1,0
noncovid_1115,1115.png,NonCOVID,0,train,/Users/samehissa/Downloads/COVID-CT-Dataset-master/Images-processed/CT_NonCOVID/1115.png,/Users/samehissa/Downloads/COVID-CT-Dataset-master/Images-processed/CT_NonCOVID/1115.png,original,,1115.png,1,1,1,0,1,1,1,1,0,0.99524045,0.0047595073,0,0.46958825,0.39920098,0.6278732,0.5327912,0.6404538,0.28868765,0.7627144,0.6644629,0.5915169,0.44654277,1,1,1,0,1,1,1,0
noncovid_1123,1123.png,NonCOVID,0,train,/Users/samehissa/Downloads/COVID-CT-Dataset-master/Images-processed/CT_NonCOVID/1123.png,/Users/samehissa/Downloads/COVID-CT-Dataset-master/Images-processed/CT_NonCOVID/1123.png,original,,1123.png,1,1,1,0,1,1,1,1,1,0.26203638,0.7379636,0,0.48216033,0.4416785,0.62441987,0.481835,0.6868635,0.32453987,0.5973905,0.6470879,0.62873775,0.58727205,1,0,1,0,1,1,1,1
noncovid_1124,1124.png,NonCOVID,0,train,/Users/samehissa/Downloads/COVID-CT-Dataset-master/Images-processed/CT_NonCOVID/1124.png,/Users/samehissa/Downloads/COVID-CT-Dataset-master/Images-processed/CT_NonCOVID/1124.png,original,,1124.png,1,1,1,0,1,1,1,1,0,0.99996674,3.330348e-05,0,0.4709137,0.3340611,0.708121,0.52484065,0.72417843,0.18452954,0.8926588,0.73404515,0.69077826,0.45414394,1,1,1,0,1,1,1,0
noncovid_1221,1221.png,NonCOVID,0,train,/Users/samehissa/Downloads/COVID-CT-Dataset-master/Images-processed/CT_NonCOVID/1221.png,/Users/samehissa/Downloads/COVID-CT-Dataset-master/Images-processed/CT_NonCOVID/1221.png,original,,1221.png,1,1,1,0,1,1,1,1,0,1.0,4.385351e-11,0,0.4275873,0.21690877,0.81435853,0.52334034,0.82265717,0.0645166,0.9688381,0.8699257,0.7811494,0.43757543,1,1,1,0,1,1,1,0
noncovid_1239,1239.png,NonCOVID,0,train,/Users/samehissa/Downloads/COVID-CT-Dataset-master/Images-processed/CT_NonCOVID/1239.png,/Users/samehissa/Downloads/COVID-CT-Dataset-master/Images-processed/CT_NonCOVID/1239.png,original,,1239.png,1,1,1,0,1,1,1,1,0,0.9996797,0.00032038472,0,0.48048776,0.36285642,0.6578644,0.5185417,0.65669656,0.24147223,0.8046365,0.68814844,0.60712004,0.43874988,1,1,1,0,1,1,1,0
noncovid_1240,1240.png,NonCOVID,0,train,/Users/samehissa/Downloads/COVID-CT-Dataset-master/Images-processed/CT_NonCOVID/1240.png,/Users/samehissa/Downloads/COVID-CT-Dataset-master/Images-processed/CT_NonCOVID/1240.png,original,,1240.png,0,0,0,0,1,0,0,0,0,0.9999801,1.9901137e-05,0,0.4788336,0.35691652,0.65307415,0.5058582,0.68710446,0.23853551,0.83199453,0.65684426,0.6539226,0.46944252,1,1,1,0,1,1,1,0
noncovid_1277,1277.png,NonCOVID,0,train,/Users/samehissa/Downloads/COVID-CT-Dataset-master/Images-processed/CT_NonCOVID/1277.png,/Users/samehissa/Downloads/COVID-CT-Dataset-master/Images-processed/CT_NonCOVID/1277.png,original,,1277.png,0,1,0,0,1,0,1,0,0,0.99998987,1.01224e-05,0,0.47797334,0.34183836,0.66976905,0.52100265,0.689536,0.21086815,0.84599304,0.70692533,0.6381564,0.44538555,1,1,1,0,1,1,1,0
noncovid_1305,1305.png,NonCOVID,0,train,/Users/samehissa/Downloads/COVID-CT-Dataset-master/Images-processed/CT_NonCOVID/1305.png,/Users/samehissa/Downloads/COVID-CT-Dataset-master/Images-processed/CT_NonCOVID/1305.png,original,,1305.png,1,1,1,0,1,1,1,1,0,0.9999999,1.341744e-07,0,0.4590885,0.2896443,0.72616756,0.5409115,0.7421171,0.1416864,0.91746616,0.77667415,0.6898799,0.46339,1,1,1,0,1,1,1,0
noncovid_1306,1306.png,NonCOVID,0,train,/Users/samehissa/Downloads/COVID-CT-Dataset-master/Images-processed/CT_NonCOVID/1306.png,/Users/samehissa/Downloads/COVID-CT-Dataset-master/Images-processed/CT_NonCOVID/1306.png,original,,1306.png,1,1,1,0,1,1,1,1,0,0.99599814,0.004001861,0,0.471208,0.3847888,0.607375,0.548455,0.651475,0.27705655,0.7930981,0.66287714,0.5995947,0.46378672,1,1,1,0,1,1,1,0
noncovid_1307,1307.png,NonCOVID,0,train,/Users/samehissa/Downloads/COVID-CT-Dataset-master/Images-processed/CT_NonCOVID/1307.png,/Users/samehissa/Downloads/COVID-CT-Dataset-master/Images-processed/CT_NonCOVID/1307.png,original,,1307.png,1,1,1,0,1,1,1,1,0,0.99744415,0.002555894,0,0.48271367,0.37947124,0.63990694,0.51675224,0.66932976,0.24942699,0.7989483,0.6844855,0.64124286,0.45792654,1,1,1,0,1,1,1,0
noncovid_1308,1308.png,NonCOVID,0,train,/Users/samehissa/Downloads/COVID-CT-Dataset-master/Images-processed/CT_NonCOVID/1308.png,/Users/samehissa/Downloads/COVID-CT-Dataset-master/Images-processed/CT_NonCOVID/1308.png,original,,1308.png,1,1,1,0,1,1,1,1,0,1.0,4.0125727e-08,0,0.45964643,0.28030604,0.7569303,0.5263571,0.76227224,0.120154604,0.93164635,0.8044426,0.71845716,0.43728584,1,1,1,0,1,1,1,0
noncovid_1309,1309.png,NonCOVID,0,train,/Users/samehissa/Downloads/COVID-CT-Dataset-master/Images-processed/CT_NonCOVID/1309.png,/Users/samehissa/Downloads/COVID-CT-Dataset-master/Images-processed/CT_NonCOVID/1309.png,original,,1309.png,1,1,1,0,1,1,1,1,0,1.0,5.40185e-10,0,0.44656837,0.24929242,0.7527947,0.54953694,0.79466003,0.099962875,0.95403594,0.8159411,0.74330634,0.47732472,1,1,1,0,1,1,1,0
noncovid_1310,1310.png,NonCOVID,0,train,/Users/samehissa/Downloads/COVID-CT-Dataset-master/Images-processed/CT_NonCOVID/1310.png,/Users/samehissa/Downloads/COVID-CT-Dataset-master/Images-processed/CT_NonCOVID/1310.png,original,,1310.png,1,1,1,0,1,1,1,1,0,0.9986885,0.0013114405,0,0.46735296,0.37137055,0.65145427,0.5354735,0.6304128,0.23953539,0.77786034,0.71662104,0.59733754,0.45297265,1,1,1,0,1,1,1,0
noncovid_1312,1312.png,NonCOVID,0,train,/Users/samehissa/Downloads/COVID-CT-Dataset-master/Images-processed/CT_NonCOVID/1312.png,/Users/samehissa/Downloads/COVID-CT-Dataset-master/Images-processed/CT_NonCOVID/1312.png,original,,1312.png,0,0,0,0,1,0,1,0,0,0.99984396,0.00015605555,0,0.4816189,0.36289927,0.6371719,0.49553555,0.65497786,0.2534226,0.78216714,0.6446118,0.6265618,0.46872804,1,0,1,0,1,1,1,0
noncovid_1313,1313.png,NonCOVID,0,train,/Users/samehissa/Downloads/COVID-CT-Dataset-master/Images-processed/CT_NonCOVID/1313.png,/Users/samehissa/Downloads/COVID-CT-Dataset-master/Images-processed/CT_NonCOVID/1313.png,original,,1313.png,0,0,1,0,1,0,0,0,0,0.99999917,8.9385964e-07,0,0.46898505,0.3207889,0.6619301,0.52735674,0.71215975,0.18519902,0.870377,0.7108144,0.6651728,0.4661033,1,1,1,0,1,1,1,0
noncovid_1328,1328.png,NonCOVID,0,train,/Users/samehissa/Downloads/COVID-CT-Dataset-master/Images-processed/CT_NonCOVID/1328.png,/Users/samehissa/Downloads/COVID-CT-Dataset-master/Images-processed/CT_NonCOVID/1328.png,original,,1328.png,1,1,1,0,1,1,1,1,0,0.9999716,2.8417142e-05,0,0.47927442,0.34812355,0.67016184,0.5154512,0.69727445,0.21305016,0.8518022,0.70315456,0.6546369,0.44580352,1,1,1,0,1,1,1,0
noncovid_1330,1330.png,NonCOVID,0,train,/Users/samehissa/Downloads/COVID-CT-Dataset-master/Images-processed/CT_NonCOVID/1330.png,/Users/samehissa/Downloads/COVID-CT-Dataset-master/Images-processed/CT_NonCOVID/1330.png,original,,1330.png,1,1,1,0,1,1,1,1,0,1.0,1.6448448e-08,0,0.4534525,0.2731713,0.74799144,0.53660613,0.7618346,0.11939287,0.93209964,0.803922,0.7086154,0.45016998,1,1,1,0,1,1,1,0
noncovid_1331,1331.png,NonCOVID,0,train,/Users/samehissa/Downloads/COVID-CT-Dataset-master/Images-processed/CT_NonCOVID/1331.png,/Users/samehissa/Downloads/COVID-CT-Dataset-master/Images-processed/CT_NonCOVID/1331.png,original,,1331.png,1,1,1,0,1,1,1,1,0,0.99999964,3.8674236e-07,0,0.4637897,0.29641622,0.7321481,0.5296015,0.7369513,0.14663583,0.90985554,0.77677214,0.6869701,0.44888967,1,1,1,0,1,1,1,0
noncovid_1332,1332.png,NonCOVID,0,train,/Users/samehissa/Downloads/COVID-CT-Dataset-master/Images-processed/CT_NonCOVID/1332.png,/Users/samehissa/Downloads/COVID-CT-Dataset-master/Images-processed/CT_NonCOVID/1332.png,original,,1332.png,1,1,1,0,1,1,1,1,0,0.99997663,2.339364e-05,0,0.47518456,0.3478023,0.67445904,0.52481544,0.6858517,0.2159012,0.8461635,0.70724416,0.6374666,0.44760528,1,1,1,0,1,1,1,0
noncovid_1333,1333.png,NonCOVID,0,train,/Users/samehissa/Downloads/COVID-CT-Dataset-master/Images-processed/CT_NonCOVID/1333.png,/Users/samehissa/Downloads/COVID-CT-Dataset-master/Images-processed/CT_NonCOVID/1333.png,original,,1333.png,1,1,1,0,1,1,1,1,0,0.9999614,3.8615082e-05,0,0.47803968,0.35146636,0.6623225,0.515688,0.7009336,0.21959394,0.85319257,0.6983649,0.6589793,0.45991668,1,1,1,0,1,1,1,0
noncovid_1335,1335.png,NonCOVID,0,train,/Users/samehissa/Downloads/COVID-CT-Dataset-master/Images-processed/CT_NonCOVID/1335.png,/Users/samehissa/Downloads/COVID-CT-Dataset-master/Images-processed/CT_NonCOVID/1335.png,original,,1335.png,0,0,0,0,1,0,0,0,0,0.9996339,0.00036605506,0,0.48388755,0.39047527,0.6040479,0.506959,0.65408576,0.27594778,0.7725593,0.6095247,0.6160837,0.4828589,1,1,1,0,1,1,1,0
noncovid_1336,1336.png,NonCOVID,0,train,/Users/samehissa/Downloads/COVID-CT-Dataset-master/Images-processed/CT_NonCOVID/1336.png,/Users/samehissa/Downloads/COVID-CT-Dataset-master/Images-processed/CT_NonCOVID/1336.png,original,,1336.png,0,0,0,0,1,0,0,0,0,0.99999607,3.991276e-06,0,0.4682443,0.3275301,0.6798071,0.5317557,0.7160621,0.19311906,0.8806794,0.7158419,0.6679407,0.47114164,1,1,1,0,1,1,1,0
noncovid_1463,1463.png,NonCOVID,0,train,/Users/samehissa/Downloads/COVID-CT-Dataset-master/Images-processed/CT_NonCOVID/1463.png,/Users/samehissa/Downloads/COVID-CT-Dataset-master/Images-processed/CT_NonCOVID/1463.png,original,,1463.png,0,0,0,0,1,0,0,0,0,0.9999927,7.2189573e-06,0,0.47585273,0.33514938,0.63879013,0.5241473,0.70279133,0.22050397,0.85393304,0.6648855,0.6539076,0.49365348,1,1,1,0,1,1,1,0
noncovid_1561,1561.png,NonCOVID,0,train,/Users/samehissa/Downloads/COVID-CT-Dataset-master/Images-processed/CT_NonCOVID/1561.png,/Users/samehissa/Downloads/COVID-CT-Dataset-master/Images-processed/CT_NonCOVID/1561.png,original,,1561.png,1,1,1,0,1,1,1,1,0,0.999987,1.3042045e-05,0,0.46663827,0.3450375,0.6624088,0.53336173,0.6836207,0.22118086,0.8450206,0.6960474,0.6311671,0.46083742,1,1,1,0,1,1,1,0
noncovid_1562,1562.png,NonCOVID,0,train,/Users/samehissa/Downloads/COVID-CT-Dataset-master/Images-processed/CT_NonCOVID/1562.png,/Users/samehissa/Downloads/COVID-CT-Dataset-master/Images-processed/CT_NonCOVID/1562.png,original,,1562.png,1,0,1,0,1,1,1,1,0,0.99964154,0.00035840756,0,0.4768899,0.36918056,0.6415926,0.5231101,0.66452235,0.25659403,0.80930376,0.6627041,0.61809194,0.4567869,1,1,1,0,1,1,1,0
noncovid_1575,1575.png,NonCOVID,0,train,/Users/samehissa/Downloads/COVID-CT-Dataset-master/Images-processed/CT_NonCOVID/1575.png,/Users/samehissa/Downloads/COVID-CT-Dataset-master/Images-processed/CT_NonCOVID/1575.png,original,,1575.png,1,1,1,0,1,1,1,1,0,1.0,1.236823e-10,0,0.44626153,0.2371432,0.78744197,0.5418097,0.8099121,0.0864285,0.96377367,0.83911556,0.7689982,0.46933845,1,1,1,0,1,1,1,0
noncovid_1576,1576.png,NonCOVID,0,train,/Users/samehissa/Downloads/COVID-CT-Dataset-master/Images-processed/CT_NonCOVID/1576.png,/Users/samehissa/Downloads/COVID-CT-Dataset-master/Images-processed/CT_NonCOVID/1576.png,original,,1576.png,1,1,1,0,1,1,1,1,0,0.9999999,9.065007e-08,0,0.46106678,0.3167638,0.72860986,0.5389332,0.73892826,0.16192651,0.9141593,0.76448774,0.6995764,0.4521097,1,1,1,0,1,1,1,0
noncovid_1577,1577.png,NonCOVID,0,train,/Users/samehissa/Downloads/COVID-CT-Dataset-master/Images-processed/CT_NonCOVID/1577.png,/Users/samehissa/Downloads/COVID-CT-Dataset-master/Images-processed/CT_NonCOVID/1577.png,original,,1577.png,1,1,1,0,1,1,1,1,0,0.9996087,0.00039132548,0,0.47996894,0.37923968,0.676989,0.5061538,0.65598536,0.24042608,0.7960191,0.69917613,0.6507755,0.45057312,1,1,1,0,1,1,1,0
noncovid_1638,1638.png,NonCOVID,0,train,/Users/samehissa/Downloads/COVID-CT-Dataset-master/Images-processed/CT_NonCOVID/1638.png,/Users/samehissa/Downloads/COVID-CT-Dataset-master/Images-processed/CT_NonCOVID/1638.png,original,,1638.png,1,1,1,0,1,1,1,1,1,0.1142923,0.8857077,1,0.45090815,0.45431542,0.62981755,0.5238344,0.6731998,0.39702803,0.5465207,0.6389262,0.6129896,0.56484294,1,1,1,0,1,1,1,1
noncovid_1702,1702.png,NonCOVID,0,train,/Users/samehissa/Downloads/COVID-CT-Dataset-master/Images-processed/CT_NonCOVID/1702.png,/Users/samehissa/Downloads/COVID-CT-Dataset-master/Images-processed/CT_NonCOVID/1702.png,original,,1702.png,1,1,1,0,1,1,1,1,0,0.999683,0.00031701455,0,0.46486175,0.37644896,0.65715444,0.53529364,0.6570845,0.2562566,0.81445295,0.68154,0.6114817,0.44056678,1,1,1,0,1,1,1,0
noncovid_1845,1845.png,NonCOVID,0,train,/Users/samehissa/Downloads/COVID-CT-Dataset-master/Images-processed/CT_NonCOVID/1845.png,/Users/samehissa/Downloads/COVID-CT-Dataset-master/Images-processed/CT_NonCOVID/1845.png,original,,1845.png,0,0,1,0,1,0,1,0,0,0.9999974,2.6535763e-06,0,0.46836844,0.32469398,0.693439,0.49942344,0.70919245,0.18874682,0.86574095,0.708507,0.67193764,0.46219337,1,0,1,0,1,1,1,0
noncovid_1846,1846.png,NonCOVID,0,train,/Users/samehissa/Downloads/COVID-CT-Dataset-master/Images-processed/CT_NonCOVID/1846.png,/Users/samehissa/Downloads/COVID-CT-Dataset-master/Images-processed/CT_NonCOVID/1846.png,original,,1846.png,0,0,0,0,1,0,1,0,0,0.9999974,2.6035002e-06,0,0.46644923,0.30882072,0.7026535,0.49431765,0.7314364,0.16742927,0.8864748,0.7223099,0.69511145,0.4683724,1,0,1,0,1,1,1,0
noncovid_1868,1868.png,NonCOVID,0,train,/Users/samehissa/Downloads/COVID-CT-Dataset-master/Images-processed/CT_NonCOVID/1868.png,/Users/samehissa/Downloads/COVID-CT-Dataset-master/Images-processed/CT_NonCOVID/1868.png,original,,1868.png,0,0,0,0,1,0,0,0,0,0.99992204,7.793938e-05,0,0.48381984,0.38430452,0.6192563,0.5048992,0.6467365,0.28204858,0.7686531,0.6156955,0.6053211,0.4705253,1,1,1,0,1,1,1,0
noncovid_1888,1888.png,NonCOVID,0,train,/Users/samehissa/Downloads/COVID-CT-Dataset-master/Images-processed/CT_NonCOVID/1888.png,/Users/samehissa/Downloads/COVID-CT-Dataset-master/Images-processed/CT_NonCOVID/1888.png,original,,1888.png,0,0,1,0,1,0,1,0,0,0.99272126,0.007278685,0,0.4852073,0.4094857,0.60022134,0.5137596,0.5976288,0.35637927,0.70336515,0.59126735,0.5652048,0.47131544,1,1,1,0,1,1,1,0
noncovid_1889,1889.png,NonCOVID,0,train,/Users/samehissa/Downloads/COVID-CT-Dataset-master/Images-processed/CT_NonCOVID/1889.png,/Users/samehissa/Downloads/COVID-CT-Dataset-master/Images-processed/CT_NonCOVID/1889.png,original,,1889.png,0,0,0,0,1,0,0,0,0,0.9930727,0.0069272853,0,0.48817444,0.40496156,0.6077588,0.51182556,0.59086305,0.3226591,0.6919936,0.61919093,0.5795245,0.47918314,1,1,1,0,1,1,1,0
noncovid_1920,1920.png,NonCOVID,0,train,/Users/samehissa/Downloads/COVID-CT-Dataset-master/Images-processed/CT_NonCOVID/1920.png,/Users/samehissa/Downloads/COVID-CT-Dataset-master/Images-processed/CT_NonCOVID/1920.png,original,,1920.png,1,1,1,0,1,1,1,1,0,1.0,1.6102456e-08,0,0.4595167,0.27981365,0.75671375,0.5326303,0.7663186,0.123750225,0.93582815,0.8007347,0.7247308,0.45296684,1,1,1,0,1,1,1,0
noncovid_1921,1921.png,NonCOVID,0,train,/Users/samehissa/Downloads/COVID-CT-Dataset-master/Images-processed/CT_NonCOVID/1921.png,/Users/samehissa/Downloads/COVID-CT-Dataset-master/Images-processed/CT_NonCOVID/1921.png,original,,1921.png,1,1,1,0,1,1,1,1,0,0.9999969,3.070124e-06,0,0.47075883,0.32628053,0.70290375,0.5221936,0.72244143,0.18022212,0.8881154,0.7358396,0.6810865,0.45031503,1,1,1,0,1,1,1,0
noncovid_1922,1922.png,NonCOVID,0,train,/Users/samehissa/Downloads/COVID-CT-Dataset-master/Images-processed/CT_NonCOVID/1922.png,/Users/samehissa/Downloads/COVID-CT-Dataset-master/Images-processed/CT_NonCOVID/1922.png,original,,1922.png,1,1,1,0,1,1,1,1,0,1.0,1.2613676e-08,0,0.4561289,0.274226,0.7464964,0.5278719,0.7746097,0.12231863,0.93728,0.79192185,0.7316459,0.4649393,1,1,1,0,1,1,1,0
noncovid_1923,1923.png,NonCOVID,0,train,/Users/samehissa/Downloads/COVID-CT-Dataset-master/Images-processed/CT_NonCOVID/1923.png,/Users/samehissa/Downloads/COVID-CT-Dataset-master/Images-processed/CT_NonCOVID/1923.png,original,,1923.png,1,1,1,0,1,1,1,1,0,1.0,2.6156703e-09,0,0.4432347,0.2549406,0.76979244,0.5366664,0.78888893,0.09844037,0.9498496,0.8300181,0.73893654,0.44385347,1,1,1,0,1,1,1,0
noncovid_1924,1924.png,NonCOVID,0,train,/Users/samehissa/Downloads/COVID-CT-Dataset-master/Images-processed/CT_NonCOVID/1924.png,/Users/samehissa/Downloads/COVID-CT-Dataset-master/Images-processed/CT_NonCOVID/1924.png,original,,1924.png,1,1,1,0,1,1,1,1,0,0.9999949,5.0848084e-06,0,0.46162528,0.3319828,0.6994056,0.5383747,0.7263765,0.18397859,0.895785,0.7402456,0.68272954,0.45141152,1,1,1,0,1,1,1,0
noncovid_1952,1952.png,NonCOVID,0,train,/Users/samehissa/Downloads/COVID-CT-Dataset-master/Images-processed/CT_NonCOVID/1952.png,/Users/samehissa/Downloads/COVID-CT-Dataset-master/Images-processed/CT_NonCOVID/1952.png,original,,1952.png,1,1,1,0,1,1,1,1,0,0.99999225,7.777745e-06,0,0.4717697,0.34703547,0.70142615,0.5282303,0.69840974,0.20285569,0.86994255,0.72604823,0.6601584,0.44209227,1,1,1,0,1,1,1,0
noncovid_2007,2007.png,NonCOVID,0,train,/Users/samehissa/Downloads/COVID-CT-Dataset-master/Images-processed/CT_NonCOVID/2007.png,/Users/samehissa/Downloads/COVID-CT-Dataset-master/Images-processed/CT_NonCOVID/2007.png,original,,2007.png,1,1,1,0,1,1,1,1,0,0.957225,0.042774938,0,0.47035706,0.40873697,0.5923758,0.52964294,0.6193531,0.31505436,0.71257496,0.6283589,0.6002787,0.4849462,1,1,1,0,1,1,1,0
noncovid_2039,2039.png,NonCOVID,0,train,/Users/samehissa/Downloads/COVID-CT-Dataset-master/Images-processed/CT_NonCOVID/2039.png,/Users/samehissa/Downloads/COVID-CT-Dataset-master/Images-processed/CT_NonCOVID/2039.png,original,,2039.png,0,0,0,0,1,0,0,0,0,1.0,5.508156e-08,0,0.46324402,0.2920636,0.6907343,0.5224718,0.75620013,0.15454583,0.914234,0.7287429,0.71244997,0.49987724,1,1,1,0,1,1,1,0
noncovid_2040,2040.png,NonCOVID,0,train,/Users/samehissa/Downloads/COVID-CT-Dataset-master/Images-processed/CT_NonCOVID/2040.png,/Users/samehissa/Downloads/COVID-CT-Dataset-master/Images-processed/CT_NonCOVID/2040.png,original,,2040.png,0,0,0,0,1,0,0,0,0,0.99999976,2.972684e-07,0,0.46655953,0.30388668,0.703279,0.5179868,0.7409203,0.15892127,0.90252656,0.7416277,0.6969088,0.46626878,1,1,1,0,1,1,1,0
noncovid_2041,2041.png,NonCOVID,0,train,/Users/samehissa/Downloads/COVID-CT-Dataset-master/Images-processed/CT_NonCOVID/2041.png,/Users/samehissa/Downloads/COVID-CT-Dataset-master/Images-processed/CT_NonCOVID/2041.png,original,,2041.png,0,0,0,0,1,0,0,0,0,0.9999999,8.278884e-08,0,0.46294674,0.29462543,0.7004786,0.5142158,0.76708794,0.15226698,0.92129576,0.72899425,0.7334315,0.49540994,1,1,1,0,1,1,1,0
noncovid_2138,2138.png,NonCOVID,0,train,/Users/samehissa/Downloads/COVID-CT-Dataset-master/Images-processed/CT_NonCOVID/2138.png,/Users/samehissa/Downloads/COVID-CT-Dataset-master/Images-processed/CT_NonCOVID/2138.png,original,,2138.png,1,1,1,0,1,1,1,1,0,0.9999989,1.0425558e-06,0,0.46680924,0.31617868,0.70133984,0.517992,0.7274575,0.17543244,0.89207643,0.72766966,0.687601,0.4720634,1,1,1,0,1,1,1,0
noncovid_2139,2139.png,NonCOVID,0,train,/Users/samehissa/Downloads/COVID-CT-Dataset-master/Images-processed/CT_NonCOVID/2139.png,/Users/samehissa/Downloads/COVID-CT-Dataset-master/Images-processed/CT_NonCOVID/2139.png,original,,2139.png,1,1,1,0,1,1,1,1,0,0.9942267,0.0057732933,0,0.48341787,0.3900708,0.6162336,0.51315945,0.63164616,0.29628527,0.75299287,0.63182247,0.58862776,0.45313552,1,1,1,0,1,1,1,0
noncovid_2140,2140.png,NonCOVID,0,train,/Users/samehissa/Downloads/COVID-CT-Dataset-master/Images-processed/CT_NonCOVID/2140.png,/Users/samehissa/Downloads/COVID-CT-Dataset-master/Images-processed/CT_NonCOVID/2140.png,original,,2140.png,1,1,1,0,1,1,1,1,0,1.0,1.055292e-08,0,0.44681844,0.26002875,0.75653553,0.51735675,0.7745696,0.107817866,0.93723536,0.8043797,0.7276726,0.45957723,1,1,1,0,1,1,1,0
noncovid_2141,2141.png,NonCOVID,0,train,/Users/samehissa/Downloads/COVID-CT-Dataset-master/Images-processed/CT_NonCOVID/2141.png,/Users/samehissa/Downloads/COVID-CT-Dataset-master/Images-processed/CT_NonCOVID/2141.png,original,,2141.png,1,1,1,0,1,1,1,1,0,0.999998,2.002109e-06,0,0.46625853,0.32984138,0.68505645,0.5337415,0.6896998,0.19356285,0.85982877,0.7274371,0.6336411,0.44959074,1,1,1,0,1,1,1,0
noncovid_2142,2142.png,NonCOVID,0,train,/Users/samehissa/Downloads/COVID-CT-Dataset-master/Images-processed/CT_NonCOVID/2142.png,/Users/samehissa/Downloads/COVID-CT-Dataset-master/Images-processed/CT_NonCOVID/2142.png,original,,2142.png,1,1,1,0,1,1,1,1,0,0.9999763,2.3721297e-05,0,0.47111058,0.34727585,0.65769255,0.5288894,0.69330335,0.22360212,0.8503124,0.6872832,0.64475983,0.46633336,1,1,1,0,1,1,1,0
noncovid_2143,2143.png,NonCOVID,0,train,/Users/samehissa/Downloads/COVID-CT-Dataset-master/Images-processed/CT_NonCOVID/2143.png,/Users/samehissa/Downloads/COVID-CT-Dataset-master/Images-processed/CT_NonCOVID/2143.png,original,,2143.png,1,1,1,0,1,1,1,1,0,1.0,1.5962396e-09,0,0.4472078,0.24821886,0.7893658,0.5277183,0.80103767,0.09027165,0.9574593,0.83811694,0.7619148,0.4444403,1,1,1,0,1,1,1,0
noncovid_2144,2144.png,NonCOVID,0,train,/Users/samehissa/Downloads/COVID-CT-Dataset-master/Images-processed/CT_NonCOVID/2144.png,/Users/samehissa/Downloads/COVID-CT-Dataset-master/Images-processed/CT_NonCOVID/2144.png,original,,2144.png,1,1,1,0,1,1,1,1,0,0.9999988,1.2361343e-06,0,0.4642015,0.32281524,0.7150828,0.5357985,0.71870977,0.17603227,0.8955845,0.7478875,0.6759848,0.45474583,1,1,1,0,1,1,1,0
noncovid_2145,2145.png,NonCOVID,0,train,/Users/samehissa/Downloads/COVID-CT-Dataset-master/Images-processed/CT_NonCOVID/2145.png,/Users/samehissa/Downloads/COVID-CT-Dataset-master/Images-processed/CT_NonCOVID/2145.png,original,,2145.png,1,1,1,0,1,1,1,1,0,0.99999964,4.0878686e-07,0,0.4631107,0.2952922,0.7171101,0.5368893,0.7442291,0.14598742,0.914624,0.7693994,0.69266886,0.45816356,1,1,1,0,1,1,1,0
noncovid_34,34.jpg,NonCOVID,0,train,/Users/samehissa/Downloads/COVID-CT-Dataset-master/Images-processed/CT_NonCOVID/34.jpg,/Users/samehissa/Downloads/COVID-CT-Dataset-master/Images-processed/CT_NonCOVID/34.jpg,original,,34.jpg,1,1,1,0,1,1,1,1,0,0.99745923,0.002540734,0,0.4842627,0.38206568,0.61099684,0.5157373,0.631625,0.26615235,0.75080514,0.6679784,0.60334903,0.46275955,1,1,1,0,1,1,1,0
noncovid_35_0,35%0.jpg,NonCOVID,0,train,/Users/samehissa/Downloads/COVID-CT-Dataset-master/Images-processed/CT_NonCOVID/35%0.jpg,/Users/samehissa/Downloads/COVID-CT-Dataset-master/Images-processed/CT_NonCOVID/35%0.jpg,original,,35%0.jpg,1,1,1,1,1,1,1,1,0,0.99848336,0.0015166693,0,0.47906095,0.39112136,0.6247973,0.52093905,0.6404385,0.28859404,0.7718962,0.64478385,0.5992925,0.45346758,1,1,1,0,1,1,1,0
noncovid_35_1,35%1.jpg,NonCOVID,0,train,/Users/samehissa/Downloads/COVID-CT-Dataset-master/Images-processed/CT_NonCOVID/35%1.jpg,/Users/samehissa/Downloads/COVID-CT-Dataset-master/Images-processed/CT_NonCOVID/35%1.jpg,original,,35%1.jpg,0,0,0,0,1,0,0,0,0,0.6784593,0.32154074,0,0.48032075,0.44563162,0.52758193,0.50568384,0.64212257,0.3592944,0.5822137,0.63908654,0.58083564,0.5572111,1,1,1,0,1,1,1,1
noncovid_35_2,35%2.jpg,NonCOVID,0,train,/Users/samehissa/Downloads/COVID-CT-Dataset-master/Images-processed/CT_NonCOVID/35%2.jpg,/Users/samehissa/Downloads/COVID-CT-Dataset-master/Images-processed/CT_NonCOVID/35%2.jpg,original,,35%2.jpg,0,0,0,0,1,0,0,0,0,0.99997365,2.6306789e-05,0,0.48117694,0.35024673,0.64453447,0.5141507,0.6932555,0.23456682,0.8385034,0.6599217,0.6505984,0.4778623,1,1,1,0,1,1,1,0
noncovid_36_0,36%0.jpg,NonCOVID,0,train,/Users/samehissa/Downloads/COVID-CT-Dataset-master/Images-processed/CT_NonCOVID/36%0.jpg,/Users/samehissa/Downloads/COVID-CT-Dataset-master/Images-processed/CT_NonCOVID/36%0.jpg,original,,36%0.jpg,1,1,1,0,1,1,1,1,0,0.99911946,0.00088053197,0,0.46711344,0.38057318,0.6340995,0.53766775,0.64920646,0.26332128,0.79867166,0.6811681,0.6165732,0.46043965,1,1,1,0,1,1,1,0
noncovid_36_1,36%1.jpg,NonCOVID,0,train,/Users/samehissa/Downloads/COVID-CT-Dataset-master/Images-processed/CT_NonCOVID/36%1.jpg,/Users/samehissa/Downloads/COVID-CT-Dataset-master/Images-processed/CT_NonCOVID/36%1.jpg,original,,36%1.jpg,1,0,1,0,1,1,1,1,0,0.999998,2.0207506e-06,0,0.4590618,0.327118,0.6985802,0.5409382,0.7177257,0.18392892,0.8912285,0.7389682,0.67106396,0.45736587,1,1,1,0,1,1,1,0
noncovid_37_0,37%0.jpg,NonCOVID,0,train,/Users/samehissa/Downloads/COVID-CT-Dataset-master/Images-processed/CT_NonCOVID/37%0.jpg,/Users/samehissa/Downloads/COVID-CT-Dataset-master/Images-processed/CT_NonCOVID/37%0.jpg,original,,37%0.jpg,1,1,1,0,1,1,1,1,0,0.9999999,8.40791e-08,0,0.45997983,0.28542015,0.731231,0.5250178,0.74935246,0.13341495,0.9183686,0.77858466,0.7011736,0.4568432,1,1,1,0,1,1,1,0
noncovid_37_1,37%1.jpg,NonCOVID,0,train,/Users/samehissa/Downloads/COVID-CT-Dataset-master/Images-processed/CT_NonCOVID/37%1.jpg,/Users/samehissa/Downloads/COVID-CT-Dataset-master/Images-processed/CT_NonCOVID/37%1.jpg,original,,37%1.jpg,1,1,1,0,1,1,1,1,0,0.99998546,1.45921595e-05,0,0.47685635,0.3533166,0.63940036,0.52314365,0.6656795,0.24618043,0.8198979,0.657433,0.6239609,0.48104578,1,1,1,0,1,1,1,0
noncovid_37_2,37%2.jpg,NonCOVID,0,train,/Users/samehissa/Downloads/COVID-CT-Dataset-master/Images-processed/CT_NonCOVID/37%2.jpg,/Users/samehissa/Downloads/COVID-CT-Dataset-master/Images-processed/CT_NonCOVID/37%2.jpg,original,,37%2.jpg,1,1,1,0,1,1,1,1,0,0.9999695,3.0575447e-05,0,0.48178107,0.35337445,0.650577,0.513695,0.6753807,0.23822764,0.82080555,0.6693881,0.628587,0.4669582,1,1,1,0,1,1,1,0
noncovid_37_3,37%3.jpg,NonCOVID,0,train,/Users/samehissa/Downloads/COVID-CT-Dataset-master/Images-processed/CT_NonCOVID/37%3.jpg,/Users/samehissa/Downloads/COVID-CT-Dataset-master/Images-processed/CT_NonCOVID/37%3.jpg,original,,37%3.jpg,1,1,1,0,1,1,1,1,0,1.0,4.675984e-09,0,0.45807248,0.27114293,0.7300155,0.5206177,0.76029444,0.12659808,0.92642105,0.76828307,0.71417695,0.49169096,1,1,1,0,1,1,1,0
noncovid_37_4,37%4.jpg,NonCOVID,0,train,/Users/samehissa/Downloads/COVID-CT-Dataset-master/Images-processed/CT_NonCOVID/37%4.jpg,/Users/samehissa/Downloads/COVID-CT-Dataset-master/Images-processed/CT_NonCOVID/37%4.jpg,original,,37%4.jpg,1,1,1,0,1,1,1,1,0,0.9999989,1.0305827e-06,0,0.4702619,0.32978278,0.7004267,0.5223965,0.7100337,0.19238366,0.87911654,0.7180945,0.6707041,0.46912825,1,1,1,0,1,1,1,0
noncovid_38_0,38%0.jpg,NonCOVID,0,train,/Users/samehissa/Downloads/COVID-CT-Dataset-master/Images-processed/CT_NonCOVID/38%0.jpg,/Users/samehissa/Downloads/COVID-CT-Dataset-master/Images-processed/CT_NonCOVID/38%0.jpg,original,,38%0.jpg,1,1,1,0,1,1,1,1,0,0.99610776,0.003892226,0,0.4783516,0.42272907,0.5765469,0.5216484,0.6348772,0.3169726,0.75024235,0.5772709,0.5967922,0.5048847,1,1,1,0,1,1,1,1
noncovid_38_1,38%1.jpg,NonCOVID,0,train,/Users/samehissa/Downloads/COVID-CT-Dataset-master/Images-processed/CT_NonCOVID/38%1.jpg,/Users/samehissa/Downloads/COVID-CT-Dataset-master/Images-processed/CT_NonCOVID/38%1.jpg,original,,38%1.jpg,1,1,1,0,1,1,1,1,0,0.9999894,1.0599422e-05,0,0.46832347,0.34221864,0.6534278,0.53167653,0.7157414,0.21348944,0.87227964,0.68801004,0.6728903,0.47073254,1,1,1,0,1,1,1,0
noncovid_38_2,38%2.jpg,NonCOVID,0,train,/Users/samehissa/Downloads/COVID-CT-Dataset-master/Images-processed/CT_NonCOVID/38%2.jpg,/Users/samehissa/Downloads/COVID-CT-Dataset-master/Images-processed/CT_NonCOVID/38%2.jpg,original,,38%2.jpg,1,1,1,0,1,1,1,1,0,0.99996173,3.8230424e-05,0,0.4773356,0.35742176,0.66347796,0.518078,0.7086275,0.23853421,0.86500335,0.65348375,0.68546116,0.4936716,1,1,1,0,1,1,1,0
noncovid_39_0,39%0.jpg,NonCOVID,0,train,/Users/samehissa/Downloads/COVID-CT-Dataset-master/Images-processed/CT_NonCOVID/39%0.jpg,/Users/samehissa/Downloads/COVID-CT-Dataset-master/Images-processed/CT_NonCOVID/39%0.jpg,original,,39%0.jpg,1,1,1,0,1,1,1,1,0,0.9999329,6.716202e-05,0,0.47510606,0.36486965,0.65249527,0.52489394,0.6597536,0.24966618,0.8099887,0.6764934,0.6108317,0.45471367,1,1,1,0,1,1,1,0
noncovid_39_1,39%1.jpg,NonCOVID,0,train,/Users/samehissa/Downloads/COVID-CT-Dataset-master/Images-processed/CT_NonCOVID/39%1.jpg,/Users/samehissa/Downloads/COVID-CT-Dataset-master/Images-processed/CT_NonCOVID/39%1.jpg,original,,39%1.jpg,1,1,1,0,1,1,1,1,0,0.9999999,1.6526003e-07,0,0.4650287,0.30152932,0.7099625,0.5220933,0.7296197,0.16081755,0.90365934,0.7462413,0.6938297,0.4780719,1,1,1,0,1,1,1,0
noncovid_39_2,39%2.jpg,NonCOVID,0,train,/Users/samehissa/Downloads/COVID-CT-Dataset-master/Images-processed/CT_NonCOVID/39%2.jpg,/Users/samehissa/Downloads/COVID-CT-Dataset-master/Images-processed/CT_NonCOVID/39%2.jpg,original,,39%2.jpg,1,0,1,0,1,1,1,1,0,0.99999714,2.9065056e-06,0,0.46830586,0.31877658,0.71761507,0.52275795,0.7366725,0.16180687,0.90338486,0.76566225,0.695427,0.43783674,1,1,1,0,1,1,1,0
noncovid_39_3,39%3.jpg,NonCOVID,0,train,/Users/samehissa/Downloads/COVID-CT-Dataset-master/Images-processed/CT_NonCOVID/39%3.jpg,/Users/samehissa/Downloads/COVID-CT-Dataset-master/Images-processed/CT_NonCOVID/39%3.jpg,original,,39%3.jpg,0,0,0,0,1,0,0,0,0,0.9999943,5.690483e-06,0,0.47302347,0.3335159,0.67756265,0.5136088,0.67692626,0.20705913,0.83494276,0.7007489,0.62736875,0.46047482,1,1,1,0,1,1,1,0
noncovid_39_4,39%4.jpg,NonCOVID,0,train,/Users/samehissa/Downloads/COVID-CT-Dataset-master/Images-processed/CT_NonCOVID/39%4.jpg,/Users/samehissa/Downloads/COVID-CT-Dataset-master/Images-processed/CT_NonCOVID/39%4.jpg,original,,39%4.jpg,1,1,1,0,1,1,1,1,0,0.99998903,1.0969807e-05,0,0.47637266,0.3457918,0.67906636,0.51824635,0.6825566,0.21600083,0.8426723,0.69986916,0.6396578,0.4534963,1,1,1,0,1,1,1,0
noncovid_39_5,39%5.jpg,NonCOVID,0,train,/Users/samehissa/Downloads/COVID-CT-Dataset-master/Images-processed/CT_NonCOVID/39%5.jpg,/Users/samehissa/Downloads/COVID-CT-Dataset-master/Images-processed/CT_NonCOVID/39%5.jpg,original,,39%5.jpg,1,1,1,0,1,1,1,1,0,0.99999976,2.3365573e-07,0,0.46425033,0.30380446,0.71759385,0.5113782,0.72314966,0.15622693,0.8897098,0.7562968,0.67543894,0.44757107,1,1,1,0,1,1,1,0
noncovid_39_6,39%6.jpg,NonCOVID,0,train,/Users/samehissa/Downloads/COVID-CT-Dataset-master/Images-processed/CT_NonCOVID/39%6.jpg,/Users/samehissa/Downloads/COVID-CT-Dataset-master/Images-processed/CT_NonCOVID/39%6.jpg,original,,39%6.jpg,0,0,0,0,1,0,0,0,0,0.99997056,2.9408022e-05,0,0.4758976,0.35940027,0.6387173,0.5241024,0.65235984,0.25401393,0.7956518,0.6639279,0.59768736,0.46345255,1,1,1,0,1,1,1,0
noncovid_39_7,39%7.jpg,NonCOVID,0,train,/Users/samehissa/Downloads/COVID-CT-Dataset-master/Images-processed/CT_NonCOVID/39%7.jpg,/Users/samehissa/Downloads/COVID-CT-Dataset-master/Images-processed/CT_NonCOVID/39%7.jpg,original,,39%7.jpg,0,0,0,0,1,0,0,0,0,0.99999976,2.4377584e-07,0,0.46395636,0.31084612,0.7032671,0.53604364,0.7175477,0.16829719,0.891201,0.7494979,0.6647123,0.45843065,1,1,1,0,1,1,1,0
noncovid_39_8,39%8.jpg,NonCOVID,0,train,/Users/samehissa/Downloads/COVID-CT-Dataset-master/Images-processed/CT_NonCOVID/39%8.jpg,/Users/samehissa/Downloads/COVID-CT-Dataset-master/Images-processed/CT_NonCOVID/39%8.jpg,original,,39%8.jpg,0,0,0,0,1,0,0,0,0,0.99829465,0.0017053417,0,0.4871147,0.39518505,0.6408284,0.506739,0.6050264,0.2868521,0.7231852,0.6584005,0.57856697,0.450992,1,1,1,0,1,1,1,0
noncovid_40_0,40%0.jpg,NonCOVID,0,train,/Users/samehissa/Downloads/COVID-CT-Dataset-master/Images-processed/CT_NonCOVID/40%0.jpg,/Users/samehissa/Downloads/COVID-CT-Dataset-master/Images-processed/CT_NonCOVID/40%0.jpg,original,,40%0.jpg,1,1,1,0,1,1,1,1,0,0.9991379,0.0008621287,0,0.48227742,0.38284567,0.66308254,0.50765157,0.6376852,0.26048067,0.77570117,0.67671394,0.6134182,0.44248557,1,1,1,0,1,1,1,0
noncovid_40_1,40%1.jpg,NonCOVID,0,train,/Users/samehissa/Downloads/COVID-CT-Dataset-master/Images-processed/CT_NonCOVID/40%1.jpg,/Users/samehissa/Downloads/COVID-CT-Dataset-master/Images-processed/CT_NonCOVID/40%1.jpg,original,,40%1.jpg,1,1,1,0,1,1,1,1,0,0.9999993,7.259568e-07,0,0.46733803,0.313615,0.7160612,0.52191514,0.7277285,0.16646802,0.89675456,0.7486961,0.68516916,0.45215258,1,1,1,0,1,1,1,0
noncovid_41,41.jpg,NonCOVID,0,train,/Users/samehissa/Downloads/COVID-CT-Dataset-master/Images-processed/CT_NonCOVID/41.jpg,/Users/samehissa/Downloads/COVID-CT-Dataset-master/Images-processed/CT_NonCOVID/41.jpg,original,,41.jpg,0,0,0,0,1,0,0,0,1,0.23555884,0.76444113,1,0.4549405,0.45512474,0.63343585,0.51542157,0.69506794,0.37111863,0.54675424,0.6371133,0.61281085,0.5673383,1,1,1,0,1,1,1,1
noncovid_42,42.jpg,NonCOVID,0,train,/Users/samehissa/Downloads/COVID-CT-Dataset-master/Images-processed/CT_NonCOVID/42.jpg,/Users/samehissa/Downloads/COVID-CT-Dataset-master/Images-processed/CT_NonCOVID/42.jpg,original,,42.jpg,1,1,1,1,1,1,1,1,0,0.9513069,0.04869309,0,0.49225304,0.41399923,0.5941825,0.5003785,0.6008783,0.32761398,0.66479415,0.61507714,0.5887634,0.4825963,1,1,1,0,1,1,1,0
noncovid_43_1,43%1.jpg,NonCOVID,0,train,/Users/samehissa/Downloads/COVID-CT-Dataset-master/Images-processed/CT_NonCOVID/43%1.jpg,/Users/samehissa/Downloads/COVID-CT-Dataset-master/Images-processed/CT_NonCOVID/43%1.jpg,original,,43%1.jpg,0,0,0,0,1,0,0,0,0,0.9999682,3.1820906e-05,0,0.479745,0.3590903,0.6424133,0.50291127,0.6714883,0.24970013,0.808836,0.64313847,0.63409406,0.47000492,1,1,1,0,1,1,1,0
noncovid_43_2,43%2.jpg,NonCOVID,0,train,/Users/samehissa/Downloads/COVID-CT-Dataset-master/Images-processed/CT_NonCOVID/43%2.jpg,/Users/samehissa/Downloads/COVID-CT-Dataset-master/Images-processed/CT_NonCOVID/43%2.jpg,original,,43%2.jpg,0,0,1,0,1,0,1,0,0,0.9988894,0.0011106711,0,0.48529425,0.39419937,0.61433625,0.5083688,0.6310559,0.30798212,0.74743366,0.6058006,0.59410053,0.46629822,1,1,1,0,1,1,1,0
noncovid_43_3,43%3.jpg,NonCOVID,0,train,/Users/samehissa/Downloads/COVID-CT-Dataset-master/Images-processed/CT_NonCOVID/43%3.jpg,/Users/samehissa/Downloads/COVID-CT-Dataset-master/Images-processed/CT_NonCOVID/43%3.jpg,original,,43%3.jpg,0,1,1,0,1,1,1,1,0,0.99953103,0.00046895235,0,0.47653604,0.36601672,0.58889014,0.52346396,0.66712326,0.2465437,0.79833335,0.65727305,0.6559249,0.5068774,1,1,1,0,1,1,1,1
noncovid_44_0,44%0.jpg,NonCOVID,0,train,/Users/samehissa/Downloads/COVID-CT-Dataset-master/Images-processed/CT_NonCOVID/44%0.jpg,/Users/samehissa/Downloads/COVID-CT-Dataset-master/Images-processed/CT_NonCOVID/44%0.jpg,original,,44%0.jpg,1,1,1,0,1,1,1,1,0,0.9999988,1.246155e-06,0,0.46901903,0.31500328,0.6960529,0.5256156,0.7274724,0.17270571,0.89184284,0.7367899,0.6797688,0.4583512,1,1,1,0,1,1,1,0
noncovid_44_1,44%1.jpg,NonCOVID,0,train,/Users/samehissa/Downloads/COVID-CT-Dataset-master/Images-processed/CT_NonCOVID/44%1.jpg,/Users/samehissa/Downloads/COVID-CT-Dataset-master/Images-processed/CT_NonCOVID/44%1.jpg,original,,44%1.jpg,1,1,1,0,1,1,1,1,0,0.9998908,0.000109189095,0,0.47752967,0.3502107,0.68353933,0.5117499,0.6889007,0.21216956,0.84735197,0.7096567,0.64987993,0.44032598,1,1,1,0,1,1,1,0
noncovid_45,45.jpg,NonCOVID,0,train,/Users/samehissa/Downloads/COVID-CT-Dataset-master/Images-processed/CT_NonCOVID/45.jpg,/Users/samehissa/Downloads/COVID-CT-Dataset-master/Images-processed/CT_NonCOVID/45.jpg,original,,45.jpg,1,1,1,0,1,1,1,1,0,0.9672295,0.032770496,0,0.48695803,0.40336874,0.6230306,0.5122169,0.62708783,0.29749218,0.7282928,0.64399135,0.6148712,0.47024992,1,1,1,0,1,1,1,0
noncovid_46,46.jpg,NonCOVID,0,train,/Users/samehissa/Downloads/COVID-CT-Dataset-master/Images-processed/CT_NonCOVID/46.jpg,/Users/samehissa/Downloads/COVID-CT-Dataset-master/Images-processed/CT_NonCOVID/46.jpg,original,,46.jpg,1,1,1,0,1,1,1,1,0,0.98937035,0.01062967,0,0.48712057,0.43387163,0.5828327,0.51287943,0.5918347,0.36987606,0.6811686,0.5661284,0.55922985,0.45583066,1,1,1,0,1,1,1,0
noncovid_47,47.jpg,NonCOVID,0,train,/Users/samehissa/Downloads/COVID-CT-Dataset-master/Images-processed/CT_NonCOVID/47.jpg,/Users/samehissa/Downloads/COVID-CT-Dataset-master/Images-processed/CT_NonCOVID/47.jpg,original,,47.jpg,0,0,0,0,1,0,0,0,0,0.999897,0.00010298539,0,0.48138902,0.3823861,0.61981344,0.51762486,0.64941525,0.28518066,0.7825204,0.6176139,0.6057695,0.4879478,1,1,1,0,1,1,1,0
noncovid_48,48.jpg,NonCOVID,0,train,/Users/samehissa/Downloads/COVID-CT-Dataset-master/Images-processed/CT_NonCOVID/48.jpg,/Users/samehissa/Downloads/COVID-CT-Dataset-master/Images-processed/CT_NonCOVID/48.jpg,original,,48.jpg,0,0,0,0,1,0,0,0,0,0.999995,5.057822e-06,0,0.47361222,0.33419323,0.6863018,0.51701266,0.6949496,0.20080161,0.8565409,0.7112657,0.6492375,0.45402098,1,1,1,0,1,1,1,0
noncovid_49_0,49%0.jpg,NonCOVID,0,train,/Users/samehissa/Downloads/COVID-CT-Dataset-master/Images-processed/CT_NonCOVID/49%0.jpg,/Users/samehissa/Downloads/COVID-CT-Dataset-master/Images-processed/CT_NonCOVID/49%0.jpg,original,,49%0.jpg,0,0,0,0,1,0,0,0,0,0.9997384,0.0002616145,0,0.48030683,0.36015147,0.63342386,0.5139642,0.66811377,0.23379189,0.80827487,0.68479264,0.62397677,0.45110103,1,1,1,0,1,1,1,0
noncovid_49_1,49%1.jpg,NonCOVID,0,train,/Users/samehissa/Downloads/COVID-CT-Dataset-master/Images-processed/CT_NonCOVID/49%1.jpg,/Users/samehissa/Downloads/COVID-CT-Dataset-master/Images-processed/CT_NonCOVID/49%1.jpg,original,,49%1.jpg,0,0,1,0,1,0,1,0,0,0.9942086,0.0057913684,0,0.46963274,0.3817089,0.58359116,0.53115356,0.64063656,0.26332816,0.7568852,0.666717,0.5884818,0.47677043,1,1,1,0,1,1,1,0
noncovid_50,50.jpg,NonCOVID,0,train,/Users/samehissa/Downloads/COVID-CT-Dataset-master/Images-processed/CT_NonCOVID/50.jpg,/Users/samehissa/Downloads/COVID-CT-Dataset-master/Images-processed/CT_NonCOVID/50.jpg,original,,50.jpg,0,0,0,0,1,0,0,0,0,0.99999917,7.958261e-07,0,0.46601266,0.3060092,0.729233,0.5286172,0.7323609,0.15545997,0.9083109,0.7691348,0.69297445,0.44901904,1,1,1,0,1,1,1,0
noncovid_51_0,51%0.jpg,NonCOVID,0,train,/Users/samehissa/Downloads/COVID-CT-Dataset-master/Images-processed/CT_NonCOVID/51%0.jpg,/Users/samehissa/Downloads/COVID-CT-Dataset-master/Images-processed/CT_NonCOVID/51%0.jpg,original,,51%0.jpg,0,0,0,0,1,0,0,0,0,0.9999999,1.0890963e-07,0,0.46244514,0.2981189,0.7102753,0.5053668,0.74467385,0.1598312,0.9063373,0.72206753,0.7124048,0.49382922,1,1,1,0,1,1,1,0
noncovid_51_1,51%1.jpg,NonCOVID,0,train,/Users/samehissa/Downloads/COVID-CT-Dataset-master/Images-processed/CT_NonCOVID/51%1.jpg,/Users/samehissa/Downloads/COVID-CT-Dataset-master/Images-processed/CT_NonCOVID/51%1.jpg,original,,51%1.jpg,0,0,0,0,1,0,0,0,0,0.9999907,9.273797e-06,0,0.4776009,0.3462553,0.67689776,0.5127368,0.69159114,0.21451543,0.8481468,0.6980025,0.65110284,0.45818385,1,1,1,0,1,1,1,0
noncovid_51_2,51%2.jpg,NonCOVID,0,train,/Users/samehissa/Downloads/COVID-CT-Dataset-master/Images-processed/CT_NonCOVID/51%2.jpg,/Users/samehissa/Downloads/COVID-CT-Dataset-master/Images-processed/CT_NonCOVID/51%2.jpg,original,,51%2.jpg,0,0,0,0,1,0,0,0,0,1.0,4.794252e-10,0,0.44670254,0.24793269,0.75851536,0.5288043,0.79534876,0.099424176,0.9517708,0.8083956,0.75180566,0.48177338,1,1,1,0,1,1,1,0
noncovid_51_3,51%3.jpg,NonCOVID,0,train,/Users/samehissa/Downloads/COVID-CT-Dataset-master/Images-processed/CT_NonCOVID/51%3.jpg,/Users/samehissa/Downloads/COVID-CT-Dataset-master/Images-processed/CT_NonCOVID/51%3.jpg,original,,51%3.jpg,0,0,0,0,1,0,0,0,0,0.99999964,3.0851731e-07,0,0.46743774,0.31713653,0.71211976,0.52473974,0.7290115,0.17082246,0.89836556,0.742423,0.6886529,0.4601826,1,1,1,0,1,1,1,0
noncovid_52_0,52%0.jpg,NonCOVID,0,train,/Users/samehissa/Downloads/COVID-CT-Dataset-master/Images-processed/CT_NonCOVID/52%0.jpg,/Users/samehissa/Downloads/COVID-CT-Dataset-master/Images-processed/CT_NonCOVID/52%0.jpg,original,,52%0.jpg,0,0,0,0,1,0,0,0,0,1.0,4.259376e-09,0,0.4551351,0.25891522,0.7717775,0.52651614,0.78438145,0.10423706,0.94812584,0.8134676,0.7462695,0.46265924,1,1,1,0,1,1,1,0
noncovid_52_1,52%1.jpg,NonCOVID,0,train,/Users/samehissa/Downloads/COVID-CT-Dataset-master/Images-processed/CT_NonCOVID/52%1.jpg,/Users/samehissa/Downloads/COVID-CT-Dataset-master/Images-processed/CT_NonCOVID/52%1.jpg,original,,52%1.jpg,0,0,0,0,1,0,0,0,0,0.9899714,0.010028537,0,0.47982973,0.3852627,0.5749641,0.49718237,0.6035043,0.28738078,0.6833594,0.64226156,0.60473853,0.5223883,1,0,1,0,1,1,1,1
noncovid_53,53.jpg,NonCOVID,0,train,/Users/samehissa/Downloads/COVID-CT-Dataset-master/Images-processed/CT_NonCOVID/53.jpg,/Users/samehissa/Downloads/COVID-CT-Dataset-master/Images-processed/CT_NonCOVID/53.jpg,original,,53.jpg,0,0,0,0,1,0,0,0,0,0.9808061,0.019193945,0,0.48429388,0.40627715,0.5764128,0.5157061,0.57731956,0.33362976,0.66114455,0.6045026,0.5523888,0.4736883,1,1,1,0,1,1,1,0
noncovid_54_0,54%0.jpg,NonCOVID,0,train,/Users/samehissa/Downloads/COVID-CT-Dataset-master/Images-processed/CT_NonCOVID/54%0.jpg,/Users/samehissa/Downloads/COVID-CT-Dataset-master/Images-processed/CT_NonCOVID/54%0.jpg,original,,54%0.jpg,1,0,1,0,1,1,1,1,0,0.9991628,0.0008372667,0,0.47896564,0.36998907,0.6424198,0.52103436,0.6488153,0.25907996,0.7904224,0.66742325,0.5994077,0.44832927,1,1,1,0,1,1,1,0
noncovid_54_1,54%1.jpg,NonCOVID,0,train,/Users/samehissa/Downloads/COVID-CT-Dataset-master/Images-processed/CT_NonCOVID/54%1.jpg,/Users/samehissa/Downloads/COVID-CT-Dataset-master/Images-processed/CT_NonCOVID/54%1.jpg,original,,54%1.jpg,1,1,1,0,1,1,1,1,0,1.0,3.9115466e-09,0,0.4557232,0.25962567,0.77817345,0.509146,0.7854908,0.10220976,0.9460521,0.81231725,0.75293684,0.45483425,1,1,1,0,1,1,1,0
noncovid_54_2,54%2.jpg,NonCOVID,0,train,/Users/samehissa/Downloads/COVID-CT-Dataset-master/Images-processed/CT_NonCOVID/54%2.jpg,/Users/samehissa/Downloads/COVID-CT-Dataset-master/Images-processed/CT_NonCOVID/54%2.jpg,original,,54%2.jpg,1,1,1,0,1,1,1,1,0,0.9999995,4.7419513e-07,0,0.4611338,0.30930808,0.7015315,0.51228017,0.71971637,0.15946406,0.88092905,0.74993473,0.6713314,0.4369292,1,1,1,0,1,1,1,0
noncovid_54_3,54%3.jpg,NonCOVID,0,train,/Users/samehissa/Downloads/COVID-CT-Dataset-master/Images-processed/CT_NonCOVID/54%3.jpg,/Users/samehissa/Downloads/COVID-CT-Dataset-master/Images-processed/CT_NonCOVID/54%3.jpg,original,,54%3.jpg,1,1,1,0,1,1,1,1,0,0.9999999,1.042429e-07,0,0.4573283,0.28853136,0.70407146,0.53001267,0.76372117,0.14577189,0.92234737,0.75346786,0.715319,0.48309365,1,1,1,0,1,1,1,0
noncovid_56_0,56%0.jpg,NonCOVID,0,train,/Users/samehissa/Downloads/COVID-CT-Dataset-master/Images-processed/CT_NonCOVID/56%0.jpg,/Users/samehissa/Downloads/COVID-CT-Dataset-master/Images-processed/CT_NonCOVID/56%0.jpg,original,,56%0.jpg,1,1,1,0,1,1,1,1,0,0.99681866,0.0031813146,0,0.47557908,0.39654493,0.6293128,0.5244209,0.6451912,0.29994988,0.77627903,0.6409182,0.6014258,0.45442453,1,1,1,0,1,1,1,0
noncovid_56_1,56%1.jpg,NonCOVID,0,train,/Users/samehissa/Downloads/COVID-CT-Dataset-master/Images-processed/CT_NonCOVID/56%1.jpg,/Users/samehissa/Downloads/COVID-CT-Dataset-master/Images-processed/CT_NonCOVID/56%1.jpg,original,,56%1.jpg,0,0,0,0,1,0,0,0,0,0.99999833,1.7233049e-06,0,0.46958742,0.32021925,0.7061571,0.5283409,0.7336277,0.17260286,0.8998361,0.7460025,0.68952763,0.46020755,1,1,1,0,1,1,1,0
noncovid_57_0,57%0.jpg,NonCOVID,0,train,/Users/samehissa/Downloads/COVID-CT-Dataset-master/Images-processed/CT_NonCOVID/57%0.jpg,/Users/samehissa/Downloads/COVID-CT-Dataset-master/Images-processed/CT_NonCOVID/57%0.jpg,original,,57%0.jpg,1,0,1,0,1,1,1,1,0,0.99993587,6.4123444e-05,0,0.4793351,0.34672534,0.658607,0.5179267,0.69249415,0.22140105,0.84382343,0.68504554,0.64753485,0.4578127,1,1,1,0,1,1,1,0
noncovid_59_0,59%0.jpg,NonCOVID,0,train,/Users/samehissa/Downloads/COVID-CT-Dataset-master/Images-processed/CT_NonCOVID/59%0.jpg,/Users/samehissa/Downloads/COVID-CT-Dataset-master/Images-processed/CT_NonCOVID/59%0.jpg,original,,59%0.jpg,0,0,1,0,1,0,1,0,0,0.9999988,1.1724821e-06,0,0.46895632,0.32228598,0.69197303,0.50652575,0.70467776,0.17966111,0.8627021,0.7256731,0.66012484,0.44604743,1,1,1,0,1,1,1,0
noncovid_60,60.jpg,NonCOVID,0,train,/Users/samehissa/Downloads/COVID-CT-Dataset-master/Images-processed/CT_NonCOVID/60.jpg,/Users/samehissa/Downloads/COVID-CT-Dataset-master/Images-processed/CT_NonCOVID/60.jpg,original,,60.jpg,1,0,1,0,1,1,1,1,0,1.0,7.2382043e-09,0,0.4558374,0.27316478,0.7300748,0.5250155,0.7726114,0.13021414,0.93451476,0.7637032,0.7339063,0.500122,1,1,1,0,1,1,1,1
noncovid_62,62.jpg,NonCOVID,0,train,/Users/samehissa/Downloads/COVID-CT-Dataset-master/Images-processed/CT_NonCOVID/62.jpg,/Users/samehissa/Downloads/COVID-CT-Dataset-master/Images-processed/CT_NonCOVID/62.jpg,original,,62.jpg,0,0,0,0,1,0,0,0,0,0.99989235,0.00010760619,0,0.48146206,0.35421956,0.6339872,0.51821196,0.66335976,0.25012204,0.8066035,0.66159415,0.61516535,0.4748972,1,1,1,0,1,1,1,0
noncovid_63_0,63%0.jpg,NonCOVID,0,train,/Users/samehissa/Downloads/COVID-CT-Dataset-master/Images-processed/CT_NonCOVID/63%0.jpg,/Users/samehissa/Downloads/COVID-CT-Dataset-master/Images-processed/CT_NonCOVID/63%0.jpg,original,,63%0.jpg,1,0,1,0,1,1,1,1,0,0.9993843,0.0006157509,0,0.48200428,0.38204315,0.6136318,0.51429975,0.64947706,0.2885153,0.775418,0.6226912,0.6082786,0.46819726,1,1,1,0,1,1,1,0
noncovid_63_1,63%1.jpg,NonCOVID,0,train,/Users/samehissa/Downloads/COVID-CT-Dataset-master/Images-processed/CT_NonCOVID/63%1.jpg,/Users/samehissa/Downloads/COVID-CT-Dataset-master/Images-processed/CT_NonCOVID/63%1.jpg,original,,63%1.jpg,0,0,0,0,1,0,0,0,0,0.99888605,0.0011139899,0,0.477009,0.3706306,0.57802355,0.5024172,0.65703416,0.23490927,0.75343865,0.682146,0.6742423,0.51032215,1,1,1,0,1,1,1,1
noncovid_63_2,63%2.jpg,NonCOVID,0,train,/Users/samehissa/Downloads/COVID-CT-Dataset-master/Images-processed/CT_NonCOVID/63%2.jpg,/Users/samehissa/Downloads/COVID-CT-Dataset-master/Images-processed/CT_NonCOVID/63%2.jpg,original,,63%2.jpg,1,1,1,0,1,1,1,1,0,0.9947642,0.0052357134,0,0.48656565,0.39976543,0.58628994,0.50661445,0.6232171,0.29967657,0.70835835,0.6297722,0.60545695,0.47175205,1,1,1,0,1,1,1,0
noncovid_63_3,63%3.jpg,NonCOVID,0,train,/Users/samehissa/Downloads/COVID-CT-Dataset-master/Images-processed/CT_NonCOVID/63%3.jpg,/Users/samehissa/Downloads/COVID-CT-Dataset-master/Images-processed/CT_NonCOVID/63%3.jpg,original,,63%3.jpg,0,0,0,0,1,0,0,0,0,0.9884723,0.011527694,0,0.48781663,0.4047006,0.5891729,0.5008772,0.6013386,0.30353943,0.6585209,0.64829606,0.6069577,0.5043881,1,1,1,0,1,1,1,1
noncovid_63_4,63%4.jpg,NonCOVID,0,train,/Users/samehissa/Downloads/COVID-CT-Dataset-master/Images-processed/CT_NonCOVID/63%4.jpg,/Users/samehissa/Downloads/COVID-CT-Dataset-master/Images-processed/CT_NonCOVID/63%4.jpg,original,,63%4.jpg,1,1,1,0,1,1,1,1,0,0.86881304,0.13118696,0,0.4863339,0.42251706,0.60751164,0.48712704,0.6164989,0.3264516,0.5824642,0.6294668,0.58379,0.5337494,1,0,1,0,1,1,1,1
noncovid_63_5,63%5.jpg,NonCOVID,0,train,/Users/samehissa/Downloads/COVID-CT-Dataset-master/Images-processed/CT_NonCOVID/63%5.jpg,/Users/samehissa/Downloads/COVID-CT-Dataset-master/Images-processed/CT_NonCOVID/63%5.jpg,original,,63%5.jpg,0,0,0,0,1,0,0,0,0,0.7034005,0.29659945,0,0.48463112,0.4412215,0.5560711,0.49531528,0.63408935,0.35413802,0.56466764,0.61891073,0.5906687,0.5322325,1,0,1,0,1,1,1,1
noncovid_63_6,63%6.jpg,NonCOVID,0,train,/Users/samehissa/Downloads/COVID-CT-Dataset-master/Images-processed/CT_NonCOVID/63%6.jpg,/Users/samehissa/Downloads/COVID-CT-Dataset-master/Images-processed/CT_NonCOVID/63%6.jpg,original,,63%6.jpg,1,1,1,0,1,1,1,1,0,0.99971455,0.00028542784,0,0.48037755,0.3634951,0.6283886,0.51962245,0.67253494,0.23186852,0.81169856,0.6899201,0.64626133,0.47109434,1,1,1,0,1,1,1,0
noncovid_63_7,63%7.jpg,NonCOVID,0,train,/Users/samehissa/Downloads/COVID-CT-Dataset-master/Images-processed/CT_NonCOVID/63%7.jpg,/Users/samehissa/Downloads/COVID-CT-Dataset-master/Images-processed/CT_NonCOVID/63%7.jpg,original,,63%7.jpg,0,0,0,0,1,0,0,0,0,0.9857491,0.014250819,0,0.4780869,0.38516593,0.6018787,0.49488735,0.63458717,0.26285553,0.7055024,0.68224746,0.63673836,0.52828276,1,0,1,0,1,1,1,1
noncovid_64,64.jpg,NonCOVID,0,train,/Users/samehissa/Downloads/COVID-CT-Dataset-master/Images-processed/CT_NonCOVID/64.jpg,/Users/samehissa/Downloads/COVID-CT-Dataset-master/Images-processed/CT_NonCOVID/64.jpg,original,,64.jpg,1,1,1,0,1,1,1,1,0,0.999974,2.5980908e-05,0,0.4789094,0.34489462,0.6621422,0.51176184,0.6950105,0.22009023,0.8451928,0.68185806,0.65231746,0.46736068,1,1,1,0,1,1,1,0
noncovid_65_0,65%0.jpg,NonCOVID,0,train,/Users/samehissa/Downloads/COVID-CT-Dataset-master/Images-processed/CT_NonCOVID/65%0.jpg,/Users/samehissa/Downloads/COVID-CT-Dataset-master/Images-processed/CT_NonCOVID/65%0.jpg,original,,65%0.jpg,1,0,1,0,0,1,1,0,0,0.9999975,2.4978806e-06,0,0.46667084,0.31811297,0.7274337,0.5214557,0.70618564,0.16947706,0.88282263,0.75853455,0.66200954,0.4365123,1,1,1,0,1,1,1,0
noncovid_65_1,65%1.jpg,NonCOVID,0,train,/Users/samehissa/Downloads/COVID-CT-Dataset-master/Images-processed/CT_NonCOVID/65%1.jpg,/Users/samehissa/Downloads/COVID-CT-Dataset-master/Images-processed/CT_NonCOVID/65%1.jpg,original,,65%1.jpg,1,1,1,0,1,1,1,1,0,0.99976844,0.00023157777,0,0.47864413,0.36939248,0.686094,0.5091316,0.6769139,0.2299833,0.832113,0.7073977,0.6414581,0.42529577,1,1,1,0,1,1,1,0
noncovid_65_2,65%2.jpg,NonCOVID,0,train,/Users/samehissa/Downloads/COVID-CT-Dataset-master/Images-processed/CT_NonCOVID/65%2.jpg,/Users/samehissa/Downloads/COVID-CT-Dataset-master/Images-processed/CT_NonCOVID/65%2.jpg,original,,65%2.jpg,1,1,1,0,1,1,1,1,0,0.9963217,0.003678278,0,0.48574093,0.38738778,0.6142721,0.50965816,0.59930694,0.27220386,0.70610946,0.6710038,0.58937395,0.47064272,1,1,1,0,1,1,1,0
noncovid_65_3,65%3.jpg,NonCOVID,0,train,/Users/samehissa/Downloads/COVID-CT-Dataset-master/Images-processed/CT_NonCOVID/65%3.jpg,/Users/samehissa/Downloads/COVID-CT-Dataset-master/Images-processed/CT_NonCOVID/65%3.jpg,original,,65%3.jpg,1,1,1,0,1,1,1,1,0,0.99884856,0.001151439,0,0.47871155,0.3955059,0.65635306,0.51707214,0.64637285,0.28780404,0.7879021,0.65770847,0.6120688,0.44120795,1,1,1,0,1,1,1,0
noncovid_65_4,65%4.jpg,NonCOVID,0,train,/Users/samehissa/Downloads/COVID-CT-Dataset-master/Images-processed/CT_NonCOVID/65%4.jpg,/Users/samehissa/Downloads/COVID-CT-Dataset-master/Images-processed/CT_NonCOVID/65%4.jpg,original,,65%4.jpg,1,1,1,0,0,1,1,1,0,0.9999912,8.8061215e-06,0,0.4607135,0.33117718,0.6772417,0.5392865,0.7042101,0.20400299,0.87490183,0.70665026,0.65663767,0.48325795,1,1,1,0,1,1,1,0
noncovid_66,66.jpg,NonCOVID,0,train,/Users/samehissa/Downloads/COVID-CT-Dataset-master/Images-processed/CT_NonCOVID/66.jpg,/Users/samehissa/Downloads/COVID-CT-Dataset-master/Images-processed/CT_NonCOVID/66.jpg,original,,66.jpg,1,1,1,0,1,1,1,1,0,0.9985844,0.0014156624,0,0.4852097,0.3816396,0.62449986,0.50972575,0.6251816,0.2637946,0.7417579,0.67352986,0.6031953,0.4624318,1,1,1,0,1,1,1,0
noncovid_67_0,67%0.jpg,NonCOVID,0,train,/Users/samehissa/Downloads/COVID-CT-Dataset-master/Images-processed/CT_NonCOVID/67%0.jpg,/Users/samehissa/Downloads/COVID-CT-Dataset-master/Images-processed/CT_NonCOVID/67%0.jpg,original,,67%0.jpg,1,1,1,0,1,1,1,1,0,1.0,9.23812e-09,0,0.45284638,0.26856244,0.7520577,0.53490573,0.78302383,0.11373946,0.9439556,0.8057888,0.7378857,0.45662686,1,1,1,0,1,1,1,0
noncovid_67_1,67%1.jpg,NonCOVID,0,train,/Users/samehissa/Downloads/COVID-CT-Dataset-master/Images-processed/CT_NonCOVID/67%1.jpg,/Users/samehissa/Downloads/COVID-CT-Dataset-master/Images-processed/CT_NonCOVID/67%1.jpg,original,,67%1.jpg,1,1,1,0,0,1,1,1,0,0.9994869,0.00051307934,0,0.47652543,0.3823546,0.64030945,0.5234746,0.65656286,0.2696094,0.7959428,0.6671752,0.61000615,0.44848102,1,1,1,0,1,1,1,0
noncovid_67_2,67%2.jpg,NonCOVID,0,train,/Users/samehissa/Downloads/COVID-CT-Dataset-master/Images-processed/CT_NonCOVID/67%2.jpg,/Users/samehissa/Downloads/COVID-CT-Dataset-master/Images-processed/CT_NonCOVID/67%2.jpg,original,,67%2.jpg,1,1,1,0,1,1,1,1,0,0.9999846,1.5331456e-05,0,0.4742803,0.3311902,0.665059,0.518029,0.70968676,0.20339625,0.8630952,0.6954126,0.6613498,0.47105476,1,1,1,0,1,1,1,0
noncovid_68,68.jpg,NonCOVID,0,train,/Users/samehissa/Downloads/COVID-CT-Dataset-master/Images-processed/CT_NonCOVID/68.jpg,/Users/samehissa/Downloads/COVID-CT-Dataset-master/Images-processed/CT_NonCOVID/68.jpg,original,,68.jpg,1,1,1,0,1,1,1,1,0,0.9994511,0.00054888555,0,0.47738266,0.37234762,0.6567785,0.514899,0.6852947,0.24765088,0.8296915,0.6827788,0.6433934,0.44969842,1,1,1,0,1,1,1,0
noncovid_69_0,69%0.jpg,NonCOVID,0,train,/Users/samehissa/Downloads/COVID-CT-Dataset-master/Images-processed/CT_NonCOVID/69%0.jpg,/Users/samehissa/Downloads/COVID-CT-Dataset-master/Images-processed/CT_NonCOVID/69%0.jpg,original,,69%0.jpg,0,0,0,0,1,0,0,0,0,0.99727434,0.0027257046,0,0.4801613,0.3784333,0.6121759,0.48765492,0.606715,0.2569517,0.70673144,0.6697025,0.6356095,0.4938805,1,0,1,0,1,1,1,0
noncovid_69_1,69%1.jpg,NonCOVID,0,train,/Users/samehissa/Downloads/COVID-CT-Dataset-master/Images-processed/CT_NonCOVID/69%1.jpg,/Users/samehissa/Downloads/COVID-CT-Dataset-master/Images-processed/CT_NonCOVID/69%1.jpg,original,,69%1.jpg,0,0,0,0,1,0,0,0,0,0.5193601,0.48063987,0,0.48111266,0.45192468,0.60072947,0.4871074,0.6562553,0.36304426,0.5750492,0.6190531,0.6189488,0.5829456,1,0,1,0,1,1,1,1
noncovid_70_0,70%0.jpg,NonCOVID,0,train,/Users/samehissa/Downloads/COVID-CT-Dataset-master/Images-processed/CT_NonCOVID/70%0.jpg,/Users/samehissa/Downloads/COVID-CT-Dataset-master/Images-processed/CT_NonCOVID/70%0.jpg,original,,70%0.jpg,1,1,1,0,1,1,1,1,0,0.99997497,2.497947e-05,0,0.47657943,0.34180695,0.66203976,0.5234206,0.70914406,0.21531714,0.8661831,0.68374586,0.66875434,0.47937006,1,1,1,0,1,1,1,0
noncovid_70_1,70%1.jpg,NonCOVID,0,train,/Users/samehissa/Downloads/COVID-CT-Dataset-master/Images-processed/CT_NonCOVID/70%1.jpg,/Users/samehissa/Downloads/COVID-CT-Dataset-master/Images-processed/CT_NonCOVID/70%1.jpg,original,,70%1.jpg,0,1,1,0,1,1,1,1,0,0.9999945,5.5049804e-06,0,0.46117753,0.32259557,0.71452236,0.5388225,0.72193617,0.17268454,0.8971515,0.7573118,0.6754176,0.4460103,1,1,1,0,1,1,1,0
noncovid_71_0,71%0.jpg,NonCOVID,0,train,/Users/samehissa/Downloads/COVID-CT-Dataset-master/Images-processed/CT_NonCOVID/71%0.jpg,/Users/samehissa/Downloads/COVID-CT-Dataset-master/Images-processed/CT_NonCOVID/71%0.jpg,original,,71%0.jpg,1,1,1,0,1,1,1,1,0,0.99731845,0.0026815736,0,0.47589135,0.38290635,0.65505826,0.52410865,0.6534674,0.26277804,0.80236316,0.6742302,0.6140914,0.43755242,1,1,1,0,1,1,1,0
noncovid_71_1,71%1.jpg,NonCOVID,0,train,/Users/samehissa/Downloads/COVID-CT-Dataset-master/Images-processed/CT_NonCOVID/71%1.jpg,/Users/samehissa/Downloads/COVID-CT-Dataset-master/Images-processed/CT_NonCOVID/71%1.jpg,original,,71%1.jpg,1,1,1,0,1,1,1,1,0,0.9635163,0.03648369,0,0.48140246,0.41621745,0.61326504,0.51859754,0.62373775,0.32242724,0.7067063,0.62727785,0.59468234,0.47458893,1,1,1,0,1,1,1,0
noncovid_72,72.jpg,NonCOVID,0,train,/Users/samehissa/Downloads/COVID-CT-Dataset-master/Images-processed/CT_NonCOVID/72.jpg,/Users/samehissa/Downloads/COVID-CT-Dataset-master/Images-processed/CT_NonCOVID/72.jpg,original,,72.jpg,0,0,0,0,1,0,0,0,0,0.99999857,1.4728098e-06,0,0.4714094,0.32133693,0.6735036,0.5125854,0.72338873,0.1903464,0.87753093,0.69929856,0.6802512,0.47906378,1,1,1,0,1,1,1,0
noncovid_73,73.jpg,NonCOVID,0,train,/Users/samehissa/Downloads/COVID-CT-Dataset-master/Images-processed/CT_NonCOVID/73.jpg,/Users/samehissa/Downloads/COVID-CT-Dataset-master/Images-processed/CT_NonCOVID/73.jpg,original,,73.jpg,0,0,1,0,1,0,1,0,0,0.9999715,2.853002e-05,0,0.4768652,0.3432813,0.6682896,0.512496,0.68593425,0.21674189,0.8384809,0.69069654,0.6415275,0.45580164,1,1,1,0,1,1,1,0
noncovid_74,74.jpg,NonCOVID,0,train,/Users/samehissa/Downloads/COVID-CT-Dataset-master/Images-processed/CT_NonCOVID/74.jpg,/Users/samehissa/Downloads/COVID-CT-Dataset-master/Images-processed/CT_NonCOVID/74.jpg,original,,74.jpg,0,0,0,0,1,0,0,0,0,0.9999845,1.5493282e-05,0,0.47304177,0.34972525,0.63044524,0.5269582,0.6982462,0.23976593,0.84725046,0.6508165,0.6542487,0.4938714,1,1,1,0,1,1,1,0
noncovid_75_0,75%0.jpg,NonCOVID,0,train,/Users/samehissa/Downloads/COVID-CT-Dataset-master/Images-processed/CT_NonCOVID/75%0.jpg,/Users/samehissa/Downloads/COVID-CT-Dataset-master/Images-processed/CT_NonCOVID/75%0.jpg,original,,75%0.jpg,0,0,0,0,1,0,0,0,0,1.0,3.416817e-09,0,0.45417944,0.26236275,0.76325,0.5006715,0.79035455,0.10734149,0.94432044,0.795186,0.7611581,0.4669924,1,1,1,0,1,1,1,0
noncovid_75_1,75%1.jpg,NonCOVID,0,train,/Users/samehissa/Downloads/COVID-CT-Dataset-master/Images-processed/CT_NonCOVID/75%1.jpg,/Users/samehissa/Downloads/COVID-CT-Dataset-master/Images-processed/CT_NonCOVID/75%1.jpg,original,,75%1.jpg,1,1,1,0,1,1,1,1,0,0.99999094,9.112051e-06,0,0.46973377,0.32902974,0.7117964,0.52821636,0.7159503,0.178844,0.8877299,0.747668,0.67509395,0.43578023,1,1,1,0,1,1,1,0
noncovid_76_0,76%0.jpg,NonCOVID,0,train,/Users/samehissa/Downloads/COVID-CT-Dataset-master/Images-processed/CT_NonCOVID/76%0.jpg,/Users/samehissa/Downloads/COVID-CT-Dataset-master/Images-processed/CT_NonCOVID/76%0.jpg,original,,76%0.jpg,1,1,1,0,1,1,1,1,0,0.9989349,0.0010650798,0,0.47214353,0.3638274,0.62583125,0.52785647,0.66319346,0.23220345,0.80718297,0.6960635,0.6323822,0.4713468,1,1,1,0,1,1,1,0
noncovid_76_1,76%1.jpg,NonCOVID,0,train,/Users/samehissa/Downloads/COVID-CT-Dataset-master/Images-processed/CT_NonCOVID/76%1.jpg,/Users/samehissa/Downloads/COVID-CT-Dataset-master/Images-processed/CT_NonCOVID/76%1.jpg,original,,76%1.jpg,1,1,1,0,1,1,1,1,0,0.99900347,0.0009965774,0,0.47532785,0.3834228,0.63191247,0.52467215,0.6478818,0.2791205,0.78632754,0.6481775,0.603304,0.45397174,1,1,1,0,1,1,1,0
noncovid_76_2,76%2.jpg,NonCOVID,0,train,/Users/samehissa/Downloads/COVID-CT-Dataset-master/Images-processed/CT_NonCOVID/76%2.jpg,/Users/samehissa/Downloads/COVID-CT-Dataset-master/Images-processed/CT_NonCOVID/76%2.jpg,original,,76%2.jpg,1,1,1,0,1,1,1,1,0,0.9999832,1.6786658e-05,0,0.47601962,0.343359,0.67948174,0.50909716,0.70160884,0.20589793,0.8570245,0.70523095,0.66368824,0.4503983,1,1,1,0,1,1,1,0
noncovid_77,77.jpg,NonCOVID,0,train,/Users/samehissa/Downloads/COVID-CT-Dataset-master/Images-processed/CT_NonCOVID/77.jpg,/Users/samehissa/Downloads/COVID-CT-Dataset-master/Images-processed/CT_NonCOVID/77.jpg,original,,77.jpg,1,1,1,0,1,1,1,1,0,0.9999857,1.4312382e-05,0,0.4758764,0.3386995,0.6703473,0.5241236,0.68624204,0.21105659,0.8448828,0.70404124,0.6338181,0.45419145,1,1,1,0,1,1,1,0
noncovid_78,78.jpg,NonCOVID,0,train,/Users/samehissa/Downloads/COVID-CT-Dataset-master/Images-processed/CT_NonCOVID/78.jpg,/Users/samehissa/Downloads/COVID-CT-Dataset-master/Images-processed/CT_NonCOVID/78.jpg,original,,78.jpg,1,1,1,0,1,1,1,1,0,0.99995995,4.0007795e-05,0,0.4781651,0.3451446,0.6729757,0.52074367,0.7001865,0.21180795,0.85782725,0.70123196,0.657562,0.45473447,1,1,1,0,1,1,1,0
noncovid_79,79.jpg,NonCOVID,0,train,/Users/samehissa/Downloads/COVID-CT-Dataset-master/Images-processed/CT_NonCOVID/79.jpg,/Users/samehissa/Downloads/COVID-CT-Dataset-master/Images-processed/CT_NonCOVID/79.jpg,original,,79.jpg,1,1,1,0,1,1,1,1,0,0.99999976,2.2333423e-07,0,0.46595523,0.30068505,0.72829825,0.51979065,0.755529,0.14564155,0.9187893,0.7663917,0.71670216,0.44802094,1,1,1,0,1,1,1,0
noncovid_80_0,80%0.jpg,NonCOVID,0,train,/Users/samehissa/Downloads/COVID-CT-Dataset-master/Images-processed/CT_NonCOVID/80%0.jpg,/Users/samehissa/Downloads/COVID-CT-Dataset-master/Images-processed/CT_NonCOVID/80%0.jpg,original,,80%0.jpg,1,1,1,0,1,1,1,1,0,0.9999887,1.12785e-05,0,0.46711957,0.3491776,0.7017386,0.5328804,0.6953986,0.20165412,0.8684411,0.737214,0.65277743,0.4303116,1,1,1,0,1,1,1,0
noncovid_80_1,80%1.jpg,NonCOVID,0,train,/Users/samehissa/Downloads/COVID-CT-Dataset-master/Images-processed/CT_NonCOVID/80%1.jpg,/Users/samehissa/Downloads/COVID-CT-Dataset-master/Images-processed/CT_NonCOVID/80%1.jpg,original,,80%1.jpg,1,1,1,0,1,1,1,1,0,0.99519604,0.0048039355,0,0.48973078,0.39749178,0.5923891,0.5079222,0.5877676,0.32125205,0.6987445,0.61876863,0.57512724,0.46644694,1,1,1,0,1,1,1,0
noncovid_81_0,81%0.jpg,NonCOVID,0,train,/Users/samehissa/Downloads/COVID-CT-Dataset-master/Images-processed/CT_NonCOVID/81%0.jpg,/Users/samehissa/Downloads/COVID-CT-Dataset-master/Images-processed/CT_NonCOVID/81%0.jpg,original,,81%0.jpg,1,1,1,0,1,1,1,1,0,0.99994695,5.2988446e-05,0,0.4793326,0.3480985,0.68096,0.5199893,0.70336133,0.20477928,0.86388177,0.71974367,0.6644159,0.44712716,1,1,1,0,1,1,1,0
noncovid_81_1,81%1.jpg,NonCOVID,0,train,/Users/samehissa/Downloads/COVID-CT-Dataset-master/Images-processed/CT_NonCOVID/81%1.jpg,/Users/samehissa/Downloads/COVID-CT-Dataset-master/Images-processed/CT_NonCOVID/81%1.jpg,original,,81%1.jpg,1,1,1,0,1,1,1,1,0,0.9913523,0.008647721,0,0.46815374,0.37119988,0.5744001,0.53480405,0.64154947,0.23652668,0.7607489,0.69620943,0.603962,0.48927167,1,1,1,0,1,1,1,0
noncovid_81_2,81%2.jpg,NonCOVID,0,train,/Users/samehissa/Downloads/COVID-CT-Dataset-master/Images-processed/CT_NonCOVID/81%2.jpg,/Users/samehissa/Downloads/COVID-CT-Dataset-master/Images-processed/CT_NonCOVID/81%2.jpg,original,,81%2.jpg,1,1,1,0,1,1,1,1,0,0.999946,5.3976175e-05,0,0.47863322,0.34939963,0.68764645,0.5192371,0.70172864,0.20508105,0.86368823,0.7219271,0.6616641,0.4395874,1,1,1,0,1,1,1,0
noncovid_81_3,81%3.jpg,NonCOVID,0,train,/Users/samehissa/Downloads/COVID-CT-Dataset-master/Images-processed/CT_NonCOVID/81%3.jpg,/Users/samehissa/Downloads/COVID-CT-Dataset-master/Images-processed/CT_NonCOVID/81%3.jpg,original,,81%3.jpg,1,1,1,0,1,1,1,1,0,0.99999726,2.7559743e-06,0,0.46594757,0.30779707,0.7093098,0.52759635,0.73620796,0.16138932,0.9024097,0.7534933,0.6886293,0.45785367,1,1,1,0,1,1,1,0
noncovid_82_0,82%0.jpg,NonCOVID,0,train,/Users/samehissa/Downloads/COVID-CT-Dataset-master/Images-processed/CT_NonCOVID/82%0.jpg,/Users/samehissa/Downloads/COVID-CT-Dataset-master/Images-processed/CT_NonCOVID/82%0.jpg,original,,82%0.jpg,1,1,1,0,1,1,1,1,0,0.99953675,0.00046332937,0,0.47620833,0.37203538,0.66806537,0.5237917,0.6512301,0.24667901,0.8003461,0.7014859,0.5987028,0.4322753,1,1,1,0,1,1,1,0
noncovid_82_1,82%1.jpg,NonCOVID,0,train,/Users/samehissa/Downloads/COVID-CT-Dataset-master/Images-processed/CT_NonCOVID/82%1.jpg,/Users/samehissa/Downloads/COVID-CT-Dataset-master/Images-processed/CT_NonCOVID/82%1.jpg,original,,82%1.jpg,1,1,1,0,1,1,1,1,0,1.0,2.9099334e-08,0,0.44622117,0.26190865,0.7341985,0.54508024,0.8034488,0.10956837,0.95312506,0.80153984,0.75759214,0.4745142,1,1,1,0,1,1,1,0
noncovid_82_2,82%2.jpg,NonCOVID,0,train,/Users/samehissa/Downloads/COVID-CT-Dataset-master/Images-processed/CT_NonCOVID/82%2.jpg,/Users/samehissa/Downloads/COVID-CT-Dataset-master/Images-processed/CT_NonCOVID/82%2.jpg,original,,82%2.jpg,1,1,1,0,1,1,1,1,0,0.99981624,0.00018373235,0,0.480226,0.3585357,0.67029196,0.515542,0.6784543,0.22480795,0.83227354,0.7026833,0.63493246,0.4350474,1,1,1,0,1,1,1,0
noncovid_82_3,82%3.jpg,NonCOVID,0,train,/Users/samehissa/Downloads/COVID-CT-Dataset-master/Images-processed/CT_NonCOVID/82%3.jpg,/Users/samehissa/Downloads/COVID-CT-Dataset-master/Images-processed/CT_NonCOVID/82%3.jpg,original,,82%3.jpg,1,1,1,0,1,1,1,1,0,0.9929652,0.007034741,0,0.48555818,0.39645493,0.6103145,0.5106258,0.63141125,0.3033737,0.75148207,0.62005436,0.5957818,0.44606376,1,1,1,0,1,1,1,0
noncovid_83_0,83%0.jpg,NonCOVID,0,train,/Users/samehissa/Downloads/COVID-CT-Dataset-master/Images-processed/CT_NonCOVID/83%0.jpg,/Users/samehissa/Downloads/COVID-CT-Dataset-master/Images-processed/CT_NonCOVID/83%0.jpg,original,,83%0.jpg,0,0,0,0,1,0,0,0,0,0.9999999,1.6616686e-07,0,0.46585643,0.30794394,0.7145894,0.5069908,0.7278227,0.16338414,0.89222455,0.7379795,0.68840164,0.461397,1,1,1,0,1,1,1,0
noncovid_83_1,83%1.jpg,NonCOVID,0,train,/Users/samehissa/Downloads/COVID-CT-Dataset-master/Images-processed/CT_NonCOVID/83%1.jpg,/Users/samehissa/Downloads/COVID-CT-Dataset-master/Images-processed/CT_NonCOVID/83%1.jpg,original,,83%1.jpg,1,1,1,0,1,1,1,1,0,0.9995995,0.00040054123,0,0.48036802,0.38129592,0.6457543,0.519632,0.64564604,0.27258694,0.790074,0.6572802,0.60632217,0.4511827,1,1,1,0,1,1,1,0
noncovid_83_2,83%2.jpg,NonCOVID,0,train,/Users/samehissa/Downloads/COVID-CT-Dataset-master/Images-processed/CT_NonCOVID/83%2.jpg,/Users/samehissa/Downloads/COVID-CT-Dataset-master/Images-processed/CT_NonCOVID/83%2.jpg,original,,83%2.jpg,0,0,1,0,1,0,1,0,0,0.9999893,1.07046835e-05,0,0.4774845,0.34439906,0.6573459,0.5155413,0.6833164,0.22570261,0.8359148,0.676309,0.63927644,0.4693532,1,1,1,0,1,1,1,0
noncovid_83_3,83%3.jpg,NonCOVID,0,train,/Users/samehissa/Downloads/COVID-CT-Dataset-master/Images-processed/CT_NonCOVID/83%3.jpg,/Users/samehissa/Downloads/COVID-CT-Dataset-master/Images-processed/CT_NonCOVID/83%3.jpg,original,,83%3.jpg,1,0,1,0,1,1,1,1,0,1.0,8.488135e-09,0,0.45943946,0.27100417,0.74584335,0.526279,0.77282923,0.11790516,0.9374586,0.78992546,0.73118424,0.468485,1,1,1,0,1,1,1,0
noncovid_84_0,84%0.jpg,NonCOVID,0,train,/Users/samehissa/Downloads/COVID-CT-Dataset-master/Images-processed/CT_NonCOVID/84%0.jpg,/Users/samehissa/Downloads/COVID-CT-Dataset-master/Images-processed/CT_NonCOVID/84%0.jpg,original,,84%0.jpg,0,0,0,0,1,0,0,0,0,0.99886274,0.0011373245,0,0.48350352,0.37516537,0.61678445,0.51153326,0.64655125,0.2789708,0.7753925,0.62590593,0.61151105,0.47698426,1,1,1,0,1,1,1,0
noncovid_84_1,84%1.jpg,NonCOVID,0,train,/Users/samehissa/Downloads/COVID-CT-Dataset-master/Images-processed/CT_NonCOVID/84%1.jpg,/Users/samehissa/Downloads/COVID-CT-Dataset-master/Images-processed/CT_NonCOVID/84%1.jpg,original,,84%1.jpg,0,0,0,0,1,0,0,0,0,0.99992883,7.110776e-05,0,0.48073265,0.35963944,0.65735674,0.5158309,0.6742981,0.23554885,0.8231932,0.68526345,0.62896603,0.44922256,1,1,1,0,1,1,1,0
noncovid_84_2,84%2.jpg,NonCOVID,0,train,/Users/samehissa/Downloads/COVID-CT-Dataset-master/Images-processed/CT_NonCOVID/84%2.jpg,/Users/samehissa/Downloads/COVID-CT-Dataset-master/Images-processed/CT_NonCOVID/84%2.jpg,original,,84%2.jpg,0,0,0,0,1,0,0,0,0,0.99976593,0.00023403115,0,0.47835112,0.3517024,0.6436745,0.5201321,0.6744933,0.22688563,0.8251545,0.6843544,0.6541623,0.48576084,1,1,1,0,1,1,1,0
noncovid_84_3,84%3.jpg,NonCOVID,0,train,/Users/samehissa/Downloads/COVID-CT-Dataset-master/Images-processed/CT_NonCOVID/84%3.jpg,/Users/samehissa/Downloads/COVID-CT-Dataset-master/Images-processed/CT_NonCOVID/84%3.jpg,original,,84%3.jpg,0,0,0,0,1,0,0,0,0,0.9999621,3.7895323e-05,0,0.47726578,0.3468849,0.67263937,0.5227342,0.7066216,0.21059631,0.86443734,0.7040137,0.6651988,0.45399612,1,1,1,0,1,1,1,0
noncovid_85_0,85%0.jpg,NonCOVID,0,train,/Users/samehissa/Downloads/COVID-CT-Dataset-master/Images-processed/CT_NonCOVID/85%0.jpg,/Users/samehissa/Downloads/COVID-CT-Dataset-master/Images-processed/CT_NonCOVID/85%0.jpg,original,,85%0.jpg,0,0,0,0,1,0,0,0,0,0.9999969,3.1286115e-06,0,0.47203588,0.32785168,0.669659,0.5141072,0.71825695,0.19750528,0.8726291,0.69358134,0.67623323,0.47512573,1,1,1,0,1,1,1,0
noncovid_85_1,85%1.jpg,NonCOVID,0,train,/Users/samehissa/Downloads/COVID-CT-Dataset-master/Images-processed/CT_NonCOVID/85%1.jpg,/Users/samehissa/Downloads/COVID-CT-Dataset-master/Images-processed/CT_NonCOVID/85%1.jpg,original,,85%1.jpg,0,0,0,0,1,0,0,0,0,0.99995637,4.3643628e-05,0,0.48182842,0.3579861,0.64408165,0.51560533,0.65834594,0.24835719,0.7992166,0.6634193,0.60741127,0.4595728,1,1,1,0,1,1,1,0
noncovid_86,86.jpg,NonCOVID,0,train,/Users/samehissa/Downloads/COVID-CT-Dataset-master/Images-processed/CT_NonCOVID/86.jpg,/Users/samehissa/Downloads/COVID-CT-Dataset-master/Images-processed/CT_NonCOVID/86.jpg,original,,86.jpg,1,1,1,0,0,1,1,1,0,0.9992861,0.00071386644,0,0.48030472,0.39055717,0.60881656,0.5196953,0.6402516,0.30315483,0.7651836,0.6133483,0.599213,0.4628032,1,1,1,0,1,1,1,0
noncovid_88,88.jpg,NonCOVID,0,train,/Users/samehissa/Downloads/COVID-CT-Dataset-master/Images-processed/CT_NonCOVID/88.jpg,/Users/samehissa/Downloads/COVID-CT-Dataset-master/Images-processed/CT_NonCOVID/88.jpg,original,,88.jpg,0,0,0,0,1,0,0,0,0,0.6327395,0.36726052,0,0.49051413,0.42268848,0.5602077,0.50186276,0.6076906,0.3405086,0.62316746,0.6188871,0.58556134,0.53344864,1,1,1,0,1,1,1,1
noncovid_89_2,89%2.jpg,NonCOVID,0,train,/Users/samehissa/Downloads/COVID-CT-Dataset-master/Images-processed/CT_NonCOVID/89%2.jpg,/Users/samehissa/Downloads/COVID-CT-Dataset-master/Images-processed/CT_NonCOVID/89%2.jpg,original,,89%2.jpg,1,1,1,0,1,1,1,1,0,1.0,2.3112463e-09,0,0.45511058,0.25948736,0.791648,0.5326952,0.78198916,0.099610955,0.95057344,0.8359944,0.7433025,0.43827373,1,1,1,0,1,1,1,0
noncovid_89_3,89%3.jpg,NonCOVID,0,train,/Users/samehissa/Downloads/COVID-CT-Dataset-master/Images-processed/CT_NonCOVID/89%3.jpg,/Users/samehissa/Downloads/COVID-CT-Dataset-master/Images-processed/CT_NonCOVID/89%3.jpg,original,,89%3.jpg,0,0,0,0,1,0,0,0,0,0.99997795,2.2108987e-05,0,0.47239864,0.35248518,0.6413524,0.52760136,0.6909815,0.2390691,0.84215665,0.66570705,0.643606,0.48343647,1,1,1,0,1,1,1,0
noncovid_90,90.jpg,NonCOVID,0,train,/Users/samehissa/Downloads/COVID-CT-Dataset-master/Images-processed/CT_NonCOVID/90.jpg,/Users/samehissa/Downloads/COVID-CT-Dataset-master/Images-processed/CT_NonCOVID/90.jpg,original,,90.jpg,1,1,1,0,1,1,1,1,0,1.0,5.9336885e-10,0,0.4477567,0.23789003,0.7793552,0.5382658,0.82006735,0.08754719,0.96631193,0.82906055,0.78474754,0.4817367,1,1,1,0,1,1,1,0
noncovid_91_0,91%0.jpg,NonCOVID,0,train,/Users/samehissa/Downloads/COVID-CT-Dataset-master/Images-processed/CT_NonCOVID/91%0.jpg,/Users/samehissa/Downloads/COVID-CT-Dataset-master/Images-processed/CT_NonCOVID/91%0.jpg,original,,91%0.jpg,1,1,1,0,1,1,1,1,0,0.9999999,1.7274301e-07,0,0.46069604,0.29822508,0.7293814,0.52809405,0.7409429,0.1529566,0.91513515,0.7547001,0.703829,0.47928232,1,1,1,0,1,1,1,0
noncovid_91_1,91%1.jpg,NonCOVID,0,train,/Users/samehissa/Downloads/COVID-CT-Dataset-master/Images-processed/CT_NonCOVID/91%1.jpg,/Users/samehissa/Downloads/COVID-CT-Dataset-master/Images-processed/CT_NonCOVID/91%1.jpg,original,,91%1.jpg,1,1,1,0,1,1,1,1,0,0.99999976,1.8506302e-07,0,0.45393342,0.3008816,0.70420784,0.5460666,0.745727,0.15855324,0.9170492,0.7506596,0.6989473,0.48156765,1,1,1,0,1,1,1,0
covid_2020_01_24_919183_p27_132_aug_0000,2020.01.24.919183-p27-132_aug_0000.png,COVID,1,train,/Users/samehissa/Downloads/SS-VIRULEX-outputs/02_SVIS-RULEX/covid_ct_run/exact_sequence/outputs/augmented_train_images/COVID/2020.01.24.919183-p27-132_aug_0000.png,/Users/samehissa/Downloads/SS-VIRULEX-outputs/02_SVIS-RULEX/covid_ct_run/exact_sequence/outputs/augmented_train_images/COVID/2020.01.24.919183-p27-132_aug_0000.png,augmented,/Users/samehissa/Downloads/COVID-CT-Dataset-master/Images-processed/CT_COVID/2020.01.24.919183-p27-132.png,2020.01.24.919183-p27-132.png,1,1,1,0,1,1,1,1,1,3.5553607e-05,0.9999645,1,0.35782665,0.4572568,0.75124687,0.6803827,0.8383861,0.46107268,0.55974567,0.739979,0.72617376,0.7588575,1,1,1,0,1,1,1,1
covid_2020_01_24_919183_p27_133_aug_0001,2020.01.24.919183-p27-133_aug_0001.png,COVID,1,train,/Users/samehissa/Downloads/SS-VIRULEX-outputs/02_SVIS-RULEX/covid_ct_run/exact_sequence/outputs/augmented_train_images/COVID/2020.01.24.919183-p27-133_aug_0001.png,/Users/samehissa/Downloads/SS-VIRULEX-outputs/02_SVIS-RULEX/covid_ct_run/exact_sequence/outputs/augmented_train_images/COVID/2020.01.24.919183-p27-133_aug_0001.png,augmented,/Users/samehissa/Downloads/COVID-CT-Dataset-master/Images-processed/CT_COVID/2020.01.24.919183-p27-133.png,2020.01.24.919183-p27-133.png,1,1,1,0,1,1,1,1,1,0.014620561,0.98537946,1,0.4154312,0.46459776,0.6610981,0.6048685,0.7136597,0.46150032,0.5167718,0.6433714,0.61585015,0.6354847,1,1,1,0,1,1,1,1
covid_2020_01_24_919183_p27_134_aug_0002,2020.01.24.919183-p27-134_aug_0002.png,COVID,1,train,/Users/samehissa/Downloads/SS-VIRULEX-outputs/02_SVIS-RULEX/covid_ct_run/exact_sequence/outputs/augmented_train_images/COVID/2020.01.24.919183-p27-134_aug_0002.png,/Users/samehissa/Downloads/SS-VIRULEX-outputs/02_SVIS-RULEX/covid_ct_run/exact_sequence/outputs/augmented_train_images/COVID/2020.01.24.919183-p27-134_aug_0002.png,augmented,/Users/samehissa/Downloads/COVID-CT-Dataset-master/Images-processed/CT_COVID/2020.01.24.919183-p27-134.png,2020.01.24.919183-p27-134.png,1,1,1,0,1,1,1,1,1,0.00044226248,0.9995577,1,0.38134232,0.46203348,0.71826065,0.6452403,0.7935122,0.4665047,0.54266846,0.7030581,0.6875174,0.7207972,1,1,1,0,1,1,1,1
covid_2020_01_24_919183_p27_135_aug_0003,2020.01.24.919183-p27-135_aug_0003.png,COVID,1,train,/Users/samehissa/Downloads/SS-VIRULEX-outputs/02_SVIS-RULEX/covid_ct_run/exact_sequence/outputs/augmented_train_images/COVID/2020.01.24.919183-p27-135_aug_0003.png,/Users/samehissa/Downloads/SS-VIRULEX-outputs/02_SVIS-RULEX/covid_ct_run/exact_sequence/outputs/augmented_train_images/COVID/2020.01.24.919183-p27-135_aug_0003.png,augmented,/Users/samehissa/Downloads/COVID-CT-Dataset-master/Images-processed/CT_COVID/2020.01.24.919183-p27-135.png,2020.01.24.919183-p27-135.png,1,1,1,0,1,1,1,1,1,0.0069038053,0.9930962,1,0.42086285,0.46377867,0.62452674,0.6123465,0.6903057,0.48047256,0.51906383,0.62032545,0.61658067,0.6258088,1,1,1,0,1,1,1,1
covid_2020_02_10_20021584_p6_52_0_aug_0004,2020.02.10.20021584-p6-52%0_aug_0004.png,COVID,1,train,/Users/samehissa/Downloads/SS-VIRULEX-outputs/02_SVIS-RULEX/covid_ct_run/exact_sequence/outputs/augmented_train_images/COVID/2020.02.10.20021584-p6-52%0_aug_0004.png,/Users/samehissa/Downloads/SS-VIRULEX-outputs/02_SVIS-RULEX/covid_ct_run/exact_sequence/outputs/augmented_train_images/COVID/2020.02.10.20021584-p6-52%0_aug_0004.png,augmented,/Users/samehissa/Downloads/COVID-CT-Dataset-master/Images-processed/CT_COVID/2020.02.10.20021584-p6-52%0.png,2020.02.10.20021584-p6-52%0.png,1,1,1,0,1,1,1,1,0,0.93997586,0.060024135,0,0.46886835,0.39844483,0.56378037,0.5352737,0.6224569,0.31579766,0.7191692,0.6156845,0.59608513,0.50647575,1,1,1,0,1,1,1,1
covid_2020_02_10_20021584_p6_52_1_aug_0005,2020.02.10.20021584-p6-52%1_aug_0005.png,COVID,1,train,/Users/samehissa/Downloads/SS-VIRULEX-outputs/02_SVIS-RULEX/covid_ct_run/exact_sequence/outputs/augmented_train_images/COVID/2020.02.10.20021584-p6-52%1_aug_0005.png,/Users/samehissa/Downloads/SS-VIRULEX-outputs/02_SVIS-RULEX/covid_ct_run/exact_sequence/outputs/augmented_train_images/COVID/2020.02.10.20021584-p6-52%1_aug_0005.png,augmented,/Users/samehissa/Downloads/COVID-CT-Dataset-master/Images-processed/CT_COVID/2020.02.10.20021584-p6-52%1.png,2020.02.10.20021584-p6-52%1.png,1,1,1,0,1,1,1,1,0,0.51762277,0.48237717,0,0.48920467,0.43501762,0.5680664,0.49139133,0.625244,0.3535316,0.57278806,0.59831303,0.6040401,0.54388005,1,0,1,0,1,1,1,1
covid_2020_02_10_20021584_p6_52_10_aug_0006,2020.02.10.20021584-p6-52%10_aug_0006.png,COVID,1,train,/Users/samehissa/Downloads/SS-VIRULEX-outputs/02_SVIS-RULEX/covid_ct_run/exact_sequence/outputs/augmented_train_images/COVID/2020.02.10.20021584-p6-52%10_aug_0006.png,/Users/samehissa/Downloads/SS-VIRULEX-outputs/02_SVIS-RULEX/covid_ct_run/exact_sequence/outputs/augmented_train_images/COVID/2020.02.10.20021584-p6-52%10_aug_0006.png,augmented,/Users/samehissa/Downloads/COVID-CT-Dataset-master/Images-processed/CT_COVID/2020.02.10.20021584-p6-52%10.png,2020.02.10.20021584-p6-52%10.png,0,1,1,0,1,1,1,1,0,0.9993387,0.0006613409,0,0.47844726,0.3797956,0.6375578,0.52155274,0.6454155,0.2804956,0.7889998,0.63657856,0.6109863,0.46873897,1,1,1,0,1,1,1,0
covid_2020_02_10_20021584_p6_52_11_aug_0007,2020.02.10.20021584-p6-52%11_aug_0007.png,COVID,1,train,/Users/samehissa/Downloads/SS-VIRULEX-outputs/02_SVIS-RULEX/covid_ct_run/exact_sequence/outputs/augmented_train_images/COVID/2020.02.10.20021584-p6-52%11_aug_0007.png,/Users/samehissa/Downloads/SS-VIRULEX-outputs/02_SVIS-RULEX/covid_ct_run/exact_sequence/outputs/augmented_train_images/COVID/2020.02.10.20021584-p6-52%11_aug_0007.png,augmented,/Users/samehissa/Downloads/COVID-CT-Dataset-master/Images-processed/CT_COVID/2020.02.10.20021584-p6-52%11.png,2020.02.10.20021584-p6-52%11.png,1,1,1,0,1,1,1,1,0,0.99984336,0.00015661366,0,0.4824746,0.37488437,0.6505727,0.506068,0.67489964,0.26080114,0.8188115,0.6478725,0.64789444,0.46511883,1,1,1,0,1,1,1,0
covid_2020_02_10_20021584_p6_52_12_aug_0008,2020.02.10.20021584-p6-52%12_aug_0008.png,COVID,1,train,/Users/samehissa/Downloads/SS-VIRULEX-outputs/02_SVIS-RULEX/covid_ct_run/exact_sequence/outputs/augmented_train_images/COVID/2020.02.10.20021584-p6-52%12_aug_0008.png,/Users/samehissa/Downloads/SS-VIRULEX-outputs/02_SVIS-RULEX/covid_ct_run/exact_sequence/outputs/augmented_train_images/COVID/2020.02.10.20021584-p6-52%12_aug_0008.png,augmented,/Users/samehissa/Downloads/COVID-CT-Dataset-master/Images-processed/CT_COVID/2020.02.10.20021584-p6-52%12.png,2020.02.10.20021584-p6-52%12.png,0,1,1,0,1,1,1,1,0,0.9808414,0.019158592,0,0.48565692,0.396724,0.5821251,0.50220567,0.61902505,0.30313635,0.70361394,0.61611736,0.60796124,0.48152,1,1,1,0,1,1,1,0
covid_2020_02_10_20021584_p6_52_13_aug_0009,2020.02.10.20021584-p6-52%13_aug_0009.png,COVID,1,train,/Users/samehissa/Downloads/SS-VIRULEX-outputs/02_SVIS-RULEX/covid_ct_run/exact_sequence/outputs/augmented_train_images/COVID/2020.02.10.20021584-p6-52%13_aug_0009.png,/Users/samehissa/Downloads/SS-VIRULEX-outputs/02_SVIS-RULEX/covid_ct_run/exact_sequence/outputs/augmented_train_images/COVID/2020.02.10.20021584-p6-52%13_aug_0009.png,augmented,/Users/samehissa/Downloads/COVID-CT-Dataset-master/Images-processed/CT_COVID/2020.02.10.20021584-p6-52%13.png,2020.02.10.20021584-p6-52%13.png,0,1,1,0,1,1,1,1,0,0.99885714,0.001142922,0,0.4824587,0.38626394,0.6336021,0.5154344,0.65691644,0.2876698,0.7939762,0.62601423,0.6254035,0.46846512,1,1,1,0,1,1,1,0
covid_2020_02_10_20021584_p6_52_14_aug_0010,2020.02.10.20021584-p6-52%14_aug_0010.png,COVID,1,train,/Users/samehissa/Downloads/SS-VIRULEX-outputs/02_SVIS-RULEX/covid_ct_run/exact_sequence/outputs/augmented_train_images/COVID/2020.02.10.20021584-p6-52%14_aug_0010.png,/Users/samehissa/Downloads/SS-VIRULEX-outputs/02_SVIS-RULEX/covid_ct_run/exact_sequence/outputs/augmented_train_images/COVID/2020.02.10.20021584-p6-52%14_aug_0010.png,augmented,/Users/samehissa/Downloads/COVID-CT-Dataset-master/Images-processed/CT_COVID/2020.02.10.20021584-p6-52%14.png,2020.02.10.20021584-p6-52%14.png,0,1,1,0,1,1,1,1,0,0.9769051,0.023094868,0,0.47443956,0.40774745,0.55935144,0.52556044,0.62852967,0.3110443,0.7056012,0.6261386,0.6251356,0.49953172,1,1,1,0,1,1,1,0
covid_2020_02_10_20021584_p6_52_15_aug_0011,2020.02.10.20021584-p6-52%15_aug_0011.png,COVID,1,train,/Users/samehissa/Downloads/SS-VIRULEX-outputs/02_SVIS-RULEX/covid_ct_run/exact_sequence/outputs/augmented_train_images/COVID/2020.02.10.20021584-p6-52%15_aug_0011.png,/Users/samehissa/Downloads/SS-VIRULEX-outputs/02_SVIS-RULEX/covid_ct_run/exact_sequence/outputs/augmented_train_images/COVID/2020.02.10.20021584-p6-52%15_aug_0011.png,augmented,/Users/samehissa/Downloads/COVID-CT-Dataset-master/Images-processed/CT_COVID/2020.02.10.20021584-p6-52%15.png,2020.02.10.20021584-p6-52%15.png,1,1,1,0,1,1,1,1,0,0.90792775,0.092072256,0,0.48821706,0.42034903,0.5706832,0.500575,0.6376795,0.312907,0.6382491,0.6402614,0.6285174,0.5423423,1,1,1,0,1,1,1,1
covid_2020_02_10_20021584_p6_52_2_aug_0012,2020.02.10.20021584-p6-52%2_aug_0012.png,COVID,1,train,/Users/samehissa/Downloads/SS-VIRULEX-outputs/02_SVIS-RULEX/covid_ct_run/exact_sequence/outputs/augmented_train_images/COVID/2020.02.10.20021584-p6-52%2_aug_0012.png,/Users/samehissa/Downloads/SS-VIRULEX-outputs/02_SVIS-RULEX/covid_ct_run/exact_sequence/outputs/augmented_train_images/COVID/2020.02.10.20021584-p6-52%2_aug_0012.png,augmented,/Users/samehissa/Downloads/COVID-CT-Dataset-master/Images-processed/CT_COVID/2020.02.10.20021584-p6-52%2.png,2020.02.10.20021584-p6-52%2.png,1,1,1,0,1,1,1,1,0,0.8272536,0.17274635,0,0.4897409,0.42001346,0.5769614,0.5102591,0.60455096,0.3290025,0.6480023,0.6231233,0.60668844,0.50414294,1,1,1,0,1,1,1,1
covid_2020_02_10_20021584_p6_52_3_aug_0013,2020.02.10.20021584-p6-52%3_aug_0013.png,COVID,1,train,/Users/samehissa/Downloads/SS-VIRULEX-outputs/02_SVIS-RULEX/covid_ct_run/exact_sequence/outputs/augmented_train_images/COVID/2020.02.10.20021584-p6-52%3_aug_0013.png,/Users/samehissa/Downloads/SS-VIRULEX-outputs/02_SVIS-RULEX/covid_ct_run/exact_sequence/outputs/augmented_train_images/COVID/2020.02.10.20021584-p6-52%3_aug_0013.png,augmented,/Users/samehissa/Downloads/COVID-CT-Dataset-master/Images-processed/CT_COVID/2020.02.10.20021584-p6-52%3.png,2020.02.10.20021584-p6-52%3.png,1,1,1,0,1,1,1,1,0,0.90214586,0.09785409,0,0.4865634,0.40708786,0.60837966,0.50155014,0.6308935,0.2919808,0.6896843,0.6446118,0.65554446,0.5154662,1,1,1,0,1,1,1,1
covid_2020_02_10_20021584_p6_52_4_aug_0014,2020.02.10.20021584-p6-52%4_aug_0014.png,COVID,1,train,/Users/samehissa/Downloads/SS-VIRULEX-outputs/02_SVIS-RULEX/covid_ct_run/exact_sequence/outputs/augmented_train_images/COVID/2020.02.10.20021584-p6-52%4_aug_0014.png,/Users/samehissa/Downloads/SS-VIRULEX-outputs/02_SVIS-RULEX/covid_ct_run/exact_sequence/outputs/augmented_train_images/COVID/2020.02.10.20021584-p6-52%4_aug_0014.png,augmented,/Users/samehissa/Downloads/COVID-CT-Dataset-master/Images-processed/CT_COVID/2020.02.10.20021584-p6-52%4.png,2020.02.10.20021584-p6-52%4.png,1,1,1,0,1,1,1,1,0,0.99743927,0.0025606782,0,0.48598447,0.39588565,0.5943197,0.5083631,0.63275176,0.29901797,0.7433082,0.60411435,0.59231365,0.4799836,1,1,1,0,1,1,1,0
covid_2020_02_10_20021584_p6_52_5_aug_0015,2020.02.10.20021584-p6-52%5_aug_0015.png,COVID,1,train,/Users/samehissa/Downloads/SS-VIRULEX-outputs/02_SVIS-RULEX/covid_ct_run/exact_sequence/outputs/augmented_train_images/COVID/2020.02.10.20021584-p6-52%5_aug_0015.png,/Users/samehissa/Downloads/SS-VIRULEX-outputs/02_SVIS-RULEX/covid_ct_run/exact_sequence/outputs/augmented_train_images/COVID/2020.02.10.20021584-p6-52%5_aug_0015.png,augmented,/Users/samehissa/Downloads/COVID-CT-Dataset-master/Images-processed/CT_COVID/2020.02.10.20021584-p6-52%5.png,2020.02.10.20021584-p6-52%5.png,0,1,1,0,1,1,1,1,0,0.9998975,0.00010254608,0,0.4820709,0.36306322,0.63682014,0.50037044,0.6788057,0.25138795,0.8122471,0.6369368,0.6416828,0.47979248,1,1,1,0,1,1,1,0
covid_2020_02_10_20021584_p6_52_6_aug_0016,2020.02.10.20021584-p6-52%6_aug_0016.png,COVID,1,train,/Users/samehissa/Downloads/SS-VIRULEX-outputs/02_SVIS-RULEX/covid_ct_run/exact_sequence/outputs/augmented_train_images/COVID/2020.02.10.20021584-p6-52%6_aug_0016.png,/Users/samehissa/Downloads/SS-VIRULEX-outputs/02_SVIS-RULEX/covid_ct_run/exact_sequence/outputs/augmented_train_images/COVID/2020.02.10.20021584-p6-52%6_aug_0016.png,augmented,/Users/samehissa/Downloads/COVID-CT-Dataset-master/Images-processed/CT_COVID/2020.02.10.20021584-p6-52%6.png,2020.02.10.20021584-p6-52%6.png,1,1,1,0,1,1,1,1,0,0.97169375,0.028306223,0,0.4713362,0.38546807,0.5808585,0.5286638,0.61965495,0.28821823,0.73463994,0.63580036,0.6147311,0.5151692,1,1,1,0,1,1,1,1
covid_2020_02_10_20021584_p6_52_7_aug_0017,2020.02.10.20021584-p6-52%7_aug_0017.png,COVID,1,train,/Users/samehissa/Downloads/SS-VIRULEX-outputs/02_SVIS-RULEX/covid_ct_run/exact_sequence/outputs/augmented_train_images/COVID/2020.02.10.20021584-p6-52%7_aug_0017.png,/Users/samehissa/Downloads/SS-VIRULEX-outputs/02_SVIS-RULEX/covid_ct_run/exact_sequence/outputs/augmented_train_images/COVID/2020.02.10.20021584-p6-52%7_aug_0017.png,augmented,/Users/samehissa/Downloads/COVID-CT-Dataset-master/Images-processed/CT_COVID/2020.02.10.20021584-p6-52%7.png,2020.02.10.20021584-p6-52%7.png,1,1,1,0,1,1,1,1,0,0.9991934,0.0008065754,0,0.46641713,0.3628202,0.63456076,0.53358287,0.66155475,0.23265958,0.8101987,0.7029743,0.62257034,0.4679221,1,1,1,0,1,1,1,0
covid_2020_02_10_20021584_p6_52_8_aug_0018,2020.02.10.20021584-p6-52%8_aug_0018.png,COVID,1,train,/Users/samehissa/Downloads/SS-VIRULEX-outputs/02_SVIS-RULEX/covid_ct_run/exact_sequence/outputs/augmented_train_images/COVID/2020.02.10.20021584-p6-52%8_aug_0018.png,/Users/samehissa/Downloads/SS-VIRULEX-outputs/02_SVIS-RULEX/covid_ct_run/exact_sequence/outputs/augmented_train_images/COVID/2020.02.10.20021584-p6-52%8_aug_0018.png,augmented,/Users/samehissa/Downloads/COVID-CT-Dataset-master/Images-processed/CT_COVID/2020.02.10.20021584-p6-52%8.png,2020.02.10.20021584-p6-52%8.png,1,1,1,0,1,1,1,1,0,0.9953126,0.004687423,0,0.47585332,0.3977353,0.6032012,0.5241467,0.65051156,0.30995902,0.77996427,0.6022647,0.6151576,0.47661906,1,1,1,0,1,1,1,0
covid_2020_02_10_20021584_p6_52_9_aug_0019,2020.02.10.20021584-p6-52%9_aug_0019.png,COVID,1,train,/Users/samehissa/Downloads/SS-VIRULEX-outputs/02_SVIS-RULEX/covid_ct_run/exact_sequence/outputs/augmented_train_images/COVID/2020.02.10.20021584-p6-52%9_aug_0019.png,/Users/samehissa/Downloads/SS-VIRULEX-outputs/02_SVIS-RULEX/covid_ct_run/exact_sequence/outputs/augmented_train_images/COVID/2020.02.10.20021584-p6-52%9_aug_0019.png,augmented,/Users/samehissa/Downloads/COVID-CT-Dataset-master/Images-processed/CT_COVID/2020.02.10.20021584-p6-52%9.png,2020.02.10.20021584-p6-52%9.png,1,1,1,0,1,1,1,1,0,0.9996025,0.00039754403,0,0.48332065,0.36265376,0.6480606,0.51026237,0.6717505,0.23185207,0.81734365,0.6883415,0.6400302,0.4499605,1,1,1,0,1,1,1,0
covid_2020_02_11_20021493_p16_109_0_aug_0020,2020.02.11.20021493-p16-109%0_aug_0020.png,COVID,1,train,/Users/samehissa/Downloads/SS-VIRULEX-outputs/02_SVIS-RULEX/covid_ct_run/exact_sequence/outputs/augmented_train_images/COVID/2020.02.11.20021493-p16-109%0_aug_0020.png,/Users/samehissa/Downloads/SS-VIRULEX-outputs/02_SVIS-RULEX/covid_ct_run/exact_sequence/outputs/augmented_train_images/COVID/2020.02.11.20021493-p16-109%0_aug_0020.png,augmented,/Users/samehissa/Downloads/COVID-CT-Dataset-master/Images-processed/CT_COVID/2020.02.11.20021493-p16-109%0.png,2020.02.11.20021493-p16-109%0.png,1,1,1,0,1,1,1,1,0,0.99778086,0.002219205,0,0.48319316,0.37770122,0.62955123,0.51680684,0.63413376,0.26642257,0.7702178,0.66219574,0.59803957,0.4544306,1,1,1,0,1,1,1,0
covid_2020_02_11_20021493_p16_109_1_aug_0021,2020.02.11.20021493-p16-109%1_aug_0021.png,COVID,1,train,/Users/samehissa/Downloads/SS-VIRULEX-outputs/02_SVIS-RULEX/covid_ct_run/exact_sequence/outputs/augmented_train_images/COVID/2020.02.11.20021493-p16-109%1_aug_0021.png,/Users/samehissa/Downloads/SS-VIRULEX-outputs/02_SVIS-RULEX/covid_ct_run/exact_sequence/outputs/augmented_train_images/COVID/2020.02.11.20021493-p16-109%1_aug_0021.png,augmented,/Users/samehissa/Downloads/COVID-CT-Dataset-master/Images-processed/CT_COVID/2020.02.11.20021493-p16-109%1.png,2020.02.11.20021493-p16-109%1.png,1,1,1,0,1,1,1,1,1,0.009324418,0.99067557,1,0.42147857,0.45553797,0.6892744,0.5568811,0.7599591,0.40897098,0.5549122,0.6527685,0.6630594,0.6450355,1,1,1,0,1,1,1,1
covid_2020_02_11_20021493_p16_109_2_aug_0022,2020.02.11.20021493-p16-109%2_aug_0022.png,COVID,1,train,/Users/samehissa/Downloads/SS-VIRULEX-outputs/02_SVIS-RULEX/covid_ct_run/exact_sequence/outputs/augmented_train_images/COVID/2020.02.11.20021493-p16-109%2_aug_0022.png,/Users/samehissa/Downloads/SS-VIRULEX-outputs/02_SVIS-RULEX/covid_ct_run/exact_sequence/outputs/augmented_train_images/COVID/2020.02.11.20021493-p16-109%2_aug_0022.png,augmented,/Users/samehissa/Downloads/COVID-CT-Dataset-master/Images-processed/CT_COVID/2020.02.11.20021493-p16-109%2.png,2020.02.11.20021493-p16-109%2.png,1,1,1,0,1,1,1,1,1,0.00089081813,0.9991092,1,0.3971775,0.47113162,0.69941896,0.6177282,0.7620878,0.46663517,0.5283043,0.6760411,0.6635251,0.70106727,1,1,1,0,1,1,1,1
covid_2020_02_11_20022053_p12_67_0_aug_0023,2020.02.11.20022053-p12-67%0_aug_0023.png,COVID,1,train,/Users/samehissa/Downloads/SS-VIRULEX-outputs/02_SVIS-RULEX/covid_ct_run/exact_sequence/outputs/augmented_train_images/COVID/2020.02.11.20022053-p12-67%0_aug_0023.png,/Users/samehissa/Downloads/SS-VIRULEX-outputs/02_SVIS-RULEX/covid_ct_run/exact_sequence/outputs/augmented_train_images/COVID/2020.02.11.20022053-p12-67%0_aug_0023.png,augmented,/Users/samehissa/Downloads/COVID-CT-Dataset-master/Images-processed/CT_COVID/2020.02.11.20022053-p12-67%0.png,2020.02.11.20022053-p12-67%0.png,0,0,0,0,1,1,1,1,1,0.1314032,0.8685968,0,0.4625076,0.45167047,0.57359415,0.5412946,0.5912662,0.4890829,0.50062585,0.55453074,0.5592444,0.55949515,1,1,1,0,1,1,1,1
covid_2020_02_11_20022053_p12_67_1_aug_0024,2020.02.11.20022053-p12-67%1_aug_0024.png,COVID,1,train,/Users/samehissa/Downloads/SS-VIRULEX-outputs/02_SVIS-RULEX/covid_ct_run/exact_sequence/outputs/augmented_train_images/COVID/2020.02.11.20022053-p12-67%1_aug_0024.png,/Users/samehissa/Downloads/SS-VIRULEX-outputs/02_SVIS-RULEX/covid_ct_run/exact_sequence/outputs/augmented_train_images/COVID/2020.02.11.20022053-p12-67%1_aug_0024.png,augmented,/Users/samehissa/Downloads/COVID-CT-Dataset-master/Images-processed/CT_COVID/2020.02.11.20022053-p12-67%1.png,2020.02.11.20022053-p12-67%1.png,1,1,1,0,1,1,1,1,0,0.57871014,0.42128983,0,0.4860374,0.45293215,0.5793323,0.48212054,0.63923305,0.36574072,0.56613487,0.60345024,0.61791074,0.5709234,1,0,1,0,1,1,1,1
covid_2020_02_11_20022053_p12_67_2_aug_0025,2020.02.11.20022053-p12-67%2_aug_0025.png,COVID,1,train,/Users/samehissa/Downloads/SS-VIRULEX-outputs/02_SVIS-RULEX/covid_ct_run/exact_sequence/outputs/augmented_train_images/COVID/2020.02.11.20022053-p12-67%2_aug_0025.png,/Users/samehissa/Downloads/SS-VIRULEX-outputs/02_SVIS-RULEX/covid_ct_run/exact_sequence/outputs/augmented_train_images/COVID/2020.02.11.20022053-p12-67%2_aug_0025.png,augmented,/Users/samehissa/Downloads/COVID-CT-Dataset-master/Images-processed/CT_COVID/2020.02.11.20022053-p12-67%2.png,2020.02.11.20022053-p12-67%2.png,0,1,1,0,1,1,1,1,1,0.20095491,0.7990451,0,0.47564417,0.4542585,0.56963354,0.5220116,0.59882945,0.45428717,0.518207,0.54724044,0.57177126,0.5457415,1,1,1,0,1,1,1,1
covid_2020_02_11_20022053_p12_67_3_aug_0026,2020.02.11.20022053-p12-67%3_aug_0026.png,COVID,1,train,/Users/samehissa/Downloads/SS-VIRULEX-outputs/02_SVIS-RULEX/covid_ct_run/exact_sequence/outputs/augmented_train_images/COVID/2020.02.11.20022053-p12-67%3_aug_0026.png,/Users/samehissa/Downloads/SS-VIRULEX-outputs/02_SVIS-RULEX/covid_ct_run/exact_sequence/outputs/augmented_train_images/COVID/2020.02.11.20022053-p12-67%3_aug_0026.png,augmented,/Users/samehissa/Downloads/COVID-CT-Dataset-master/Images-processed/CT_COVID/2020.02.11.20022053-p12-67%3.png,2020.02.11.20022053-p12-67%3.png,0,0,0,0,1,0,0,0,1,0.082513645,0.91748637,1,0.4530676,0.4539627,0.58066064,0.55686563,0.59924537,0.4910419,0.49908334,0.5615154,0.55378133,0.5711833,1,1,1,0,0,1,1,1
covid_2020_02_13_20022673_p13_77_0_aug_0027,2020.02.13.20022673-p13-77%0_aug_0027.png,COVID,1,train,/Users/samehissa/Downloads/SS-VIRULEX-outputs/02_SVIS-RULEX/covid_ct_run/exact_sequence/outputs/augmented_train_images/COVID/2020.02.13.20022673-p13-77%0_aug_0027.png,/Users/samehissa/Downloads/SS-VIRULEX-outputs/02_SVIS-RULEX/covid_ct_run/exact_sequence/outputs/augmented_train_images/COVID/2020.02.13.20022673-p13-77%0_aug_0027.png,augmented,/Users/samehissa/Downloads/COVID-CT-Dataset-master/Images-processed/CT_COVID/2020.02.13.20022673-p13-77%0.png,2020.02.13.20022673-p13-77%0.png,1,1,1,0,1,1,1,1,1,5.1632807e-05,0.9999484,1,0.36360452,0.44607323,0.78920734,0.6242382,0.85745275,0.43389687,0.54351175,0.74428207,0.7506813,0.78981054,1,1,1,0,1,1,1,1
covid_2020_02_13_20022673_p13_77_1_aug_0028,2020.02.13.20022673-p13-77%1_aug_0028.png,COVID,1,train,/Users/samehissa/Downloads/SS-VIRULEX-outputs/02_SVIS-RULEX/covid_ct_run/exact_sequence/outputs/augmented_train_images/COVID/2020.02.13.20022673-p13-77%1_aug_0028.png,/Users/samehissa/Downloads/SS-VIRULEX-outputs/02_SVIS-RULEX/covid_ct_run/exact_sequence/outputs/augmented_train_images/COVID/2020.02.13.20022673-p13-77%1_aug_0028.png,augmented,/Users/samehissa/Downloads/COVID-CT-Dataset-master/Images-processed/CT_COVID/2020.02.13.20022673-p13-77%1.png,2020.02.13.20022673-p13-77%1.png,1,1,1,0,1,1,1,1,0,0.9927671,0.007232932,0,0.47837937,0.37359887,0.61019844,0.49497578,0.59336597,0.25626007,0.71870005,0.6698544,0.6272984,0.49772528,1,0,1,0,1,1,1,0
covid_2020_02_13_20022673_p13_77_2_aug_0029,2020.02.13.20022673-p13-77%2_aug_0029.png,COVID,1,train,/Users/samehissa/Downloads/SS-VIRULEX-outputs/02_SVIS-RULEX/covid_ct_run/exact_sequence/outputs/augmented_train_images/COVID/2020.02.13.20022673-p13-77%2_aug_0029.png,/Users/samehissa/Downloads/SS-VIRULEX-outputs/02_SVIS-RULEX/covid_ct_run/exact_sequence/outputs/augmented_train_images/COVID/2020.02.13.20022673-p13-77%2_aug_0029.png,augmented,/Users/samehissa/Downloads/COVID-CT-Dataset-master/Images-processed/CT_COVID/2020.02.13.20022673-p13-77%2.png,2020.02.13.20022673-p13-77%2.png,1,1,1,1,1,1,1,1,0,0.96425104,0.035748966,0,0.47344536,0.42068574,0.63128763,0.52655464,0.6051821,0.35321122,0.71720225,0.62046516,0.56024724,0.46196845,1,1,1,0,1,1,1,0
covid_2020_02_17_20024018_p17_61_0_aug_0030,2020.02.17.20024018-p17-61%0_aug_0030.png,COVID,1,train,/Users/samehissa/Downloads/SS-VIRULEX-outputs/02_SVIS-RULEX/covid_ct_run/exact_sequence/outputs/augmented_train_images/COVID/2020.02.17.20024018-p17-61%0_aug_0030.png,/Users/samehissa/Downloads/SS-VIRULEX-outputs/02_SVIS-RULEX/covid_ct_run/exact_sequence/outputs/augmented_train_images/COVID/2020.02.17.20024018-p17-61%0_aug_0030.png,augmented,/Users/samehissa/Downloads/COVID-CT-Dataset-master/Images-processed/CT_COVID/2020.02.17.20024018-p17-61%0.png,2020.02.17.20024018-p17-61%0.png,1,1,1,0,1,1,1,1,1,0.003853055,0.9961469,1,0.41019514,0.46843728,0.67798346,0.6027726,0.7269881,0.4701509,0.5202956,0.65071017,0.6339417,0.6721713,1,1,1,0,1,1,1,1
covid_2020_02_17_20024018_p17_61_1_aug_0031,2020.02.17.20024018-p17-61%1_aug_0031.png,COVID,1,train,/Users/samehissa/Downloads/SS-VIRULEX-outputs/02_SVIS-RULEX/covid_ct_run/exact_sequence/outputs/augmented_train_images/COVID/2020.02.17.20024018-p17-61%1_aug_0031.png,/Users/samehissa/Downloads/SS-VIRULEX-outputs/02_SVIS-RULEX/covid_ct_run/exact_sequence/outputs/augmented_train_images/COVID/2020.02.17.20024018-p17-61%1_aug_0031.png,augmented,/Users/samehissa/Downloads/COVID-CT-Dataset-master/Images-processed/CT_COVID/2020.02.17.20024018-p17-61%1.png,2020.02.17.20024018-p17-61%1.png,1,1,1,0,1,1,1,1,1,0.039066814,0.96093315,1,0.4336103,0.46017542,0.670198,0.5366325,0.70943993,0.40582055,0.5307786,0.64788526,0.60590106,0.6156933,1,1,1,0,1,1,1,1
covid_2020_02_17_20024018_p17_61_2_aug_0032,2020.02.17.20024018-p17-61%2_aug_0032.png,COVID,1,train,/Users/samehissa/Downloads/SS-VIRULEX-outputs/02_SVIS-RULEX/covid_ct_run/exact_sequence/outputs/augmented_train_images/COVID/2020.02.17.20024018-p17-61%2_aug_0032.png,/Users/samehissa/Downloads/SS-VIRULEX-outputs/02_SVIS-RULEX/covid_ct_run/exact_sequence/outputs/augmented_train_images/COVID/2020.02.17.20024018-p17-61%2_aug_0032.png,augmented,/Users/samehissa/Downloads/COVID-CT-Dataset-master/Images-processed/CT_COVID/2020.02.17.20024018-p17-61%2.png,2020.02.17.20024018-p17-61%2.png,1,1,1,0,1,1,1,1,1,0.061620835,0.93837917,1,0.4380662,0.45879892,0.64594626,0.5315584,0.7211102,0.38340536,0.55967337,0.64050907,0.64070183,0.61622053,1,1,1,0,1,1,1,1
covid_2020_02_17_20024018_p17_61_3_aug_0033,2020.02.17.20024018-p17-61%3_aug_0033.png,COVID,1,train,/Users/samehissa/Downloads/SS-VIRULEX-outputs/02_SVIS-RULEX/covid_ct_run/exact_sequence/outputs/augmented_train_images/COVID/2020.02.17.20024018-p17-61%3_aug_0033.png,/Users/samehissa/Downloads/SS-VIRULEX-outputs/02_SVIS-RULEX/covid_ct_run/exact_sequence/outputs/augmented_train_images/COVID/2020.02.17.20024018-p17-61%3_aug_0033.png,augmented,/Users/samehissa/Downloads/COVID-CT-Dataset-master/Images-processed/CT_COVID/2020.02.17.20024018-p17-61%3.png,2020.02.17.20024018-p17-61%3.png,1,1,1,0,1,1,1,1,1,0.17656773,0.8234323,0,0.46413475,0.45338798,0.5960572,0.5198091,0.6782594,0.38526714,0.5553814,0.623356,0.58756095,0.5592656,1,1,1,0,1,1,1,1
covid_2020_02_17_20024018_p17_61_4_aug_0034,2020.02.17.20024018-p17-61%4_aug_0034.png,COVID,1,train,/Users/samehissa/Downloads/SS-VIRULEX-outputs/02_SVIS-RULEX/covid_ct_run/exact_sequence/outputs/augmented_train_images/COVID/2020.02.17.20024018-p17-61%4_aug_0034.png,/Users/samehissa/Downloads/SS-VIRULEX-outputs/02_SVIS-RULEX/covid_ct_run/exact_sequence/outputs/augmented_train_images/COVID/2020.02.17.20024018-p17-61%4_aug_0034.png,augmented,/Users/samehissa/Downloads/COVID-CT-Dataset-master/Images-processed/CT_COVID/2020.02.17.20024018-p17-61%4.png,2020.02.17.20024018-p17-61%4.png,1,1,1,0,1,1,1,1,1,0.037617266,0.96238273,1,0.42641693,0.45645323,0.6677613,0.5601056,0.71699953,0.43988156,0.54622155,0.6209387,0.6384368,0.6357936,1,1,1,0,1,1,1,1
covid_2020_02_19_20025023_p20_93_0_aug_0035,2020.02.19.20025023-p20-93%0_aug_0035.png,COVID,1,train,/Users/samehissa/Downloads/SS-VIRULEX-outputs/02_SVIS-RULEX/covid_ct_run/exact_sequence/outputs/augmented_train_images/COVID/2020.02.19.20025023-p20-93%0_aug_0035.png,/Users/samehissa/Downloads/SS-VIRULEX-outputs/02_SVIS-RULEX/covid_ct_run/exact_sequence/outputs/augmented_train_images/COVID/2020.02.19.20025023-p20-93%0_aug_0035.png,augmented,/Users/samehissa/Downloads/COVID-CT-Dataset-master/Images-processed/CT_COVID/2020.02.19.20025023-p20-93%0.png,2020.02.19.20025023-p20-93%0.png,1,1,1,0,1,1,1,1,1,0.012666291,0.98733366,1,0.42736822,0.4607504,0.61216235,0.5971564,0.68780315,0.48039183,0.52283096,0.60938555,0.62217486,0.6122148,1,1,1,0,1,1,1,1
covid_2020_02_19_20025023_p20_93_1_aug_0036,2020.02.19.20025023-p20-93%1_aug_0036.png,COVID,1,train,/Users/samehissa/Downloads/SS-VIRULEX-outputs/02_SVIS-RULEX/covid_ct_run/exact_sequence/outputs/augmented_train_images/COVID/2020.02.19.20025023-p20-93%1_aug_0036.png,/Users/samehissa/Downloads/SS-VIRULEX-outputs/02_SVIS-RULEX/covid_ct_run/exact_sequence/outputs/augmented_train_images/COVID/2020.02.19.20025023-p20-93%1_aug_0036.png,augmented,/Users/samehissa/Downloads/COVID-CT-Dataset-master/Images-processed/CT_COVID/2020.02.19.20025023-p20-93%1.png,2020.02.19.20025023-p20-93%1.png,1,1,1,0,1,1,1,1,1,0.030408408,0.9695916,1,0.43287838,0.4597276,0.62725395,0.5517451,0.7156776,0.4309627,0.5361722,0.6303857,0.64518553,0.63228554,1,1,1,0,1,1,1,1
covid_2020_02_19_20025023_p20_93_2_aug_0037,2020.02.19.20025023-p20-93%2_aug_0037.png,COVID,1,train,/Users/samehissa/Downloads/SS-VIRULEX-outputs/02_SVIS-RULEX/covid_ct_run/exact_sequence/outputs/augmented_train_images/COVID/2020.02.19.20025023-p20-93%2_aug_0037.png,/Users/samehissa/Downloads/SS-VIRULEX-outputs/02_SVIS-RULEX/covid_ct_run/exact_sequence/outputs/augmented_train_images/COVID/2020.02.19.20025023-p20-93%2_aug_0037.png,augmented,/Users/samehissa/Downloads/COVID-CT-Dataset-master/Images-processed/CT_COVID/2020.02.19.20025023-p20-93%2.png,2020.02.19.20025023-p20-93%2.png,1,1,1,0,1,1,1,1,1,0.031925224,0.9680748,1,0.44032764,0.4572526,0.602185,0.57198995,0.6699815,0.4631989,0.5253791,0.594416,0.599367,0.59565437,1,1,1,0,1,1,1,1
covid_2020_02_19_20025023_p20_93_3_aug_0038,2020.02.19.20025023-p20-93%3_aug_0038.png,COVID,1,train,/Users/samehissa/Downloads/SS-VIRULEX-outputs/02_SVIS-RULEX/covid_ct_run/exact_sequence/outputs/augmented_train_images/COVID/2020.02.19.20025023-p20-93%3_aug_0038.png,/Users/samehissa/Downloads/SS-VIRULEX-outputs/02_SVIS-RULEX/covid_ct_run/exact_sequence/outputs/augmented_train_images/COVID/2020.02.19.20025023-p20-93%3_aug_0038.png,augmented,/Users/samehissa/Downloads/COVID-CT-Dataset-master/Images-processed/CT_COVID/2020.02.19.20025023-p20-93%3.png,2020.02.19.20025023-p20-93%3.png,1,1,1,0,1,1,1,1,1,0.009109724,0.9908903,1,0.41594428,0.4658967,0.6591542,0.59171903,0.7486243,0.46401864,0.53122956,0.6402737,0.67042077,0.67056936,1,1,1,0,1,1,1,1
covid_2020_02_22_20024927_p18_66_0_aug_0039,2020.02.22.20024927-p18-66%0_aug_0039.png,COVID,1,train,/Users/samehissa/Downloads/SS-VIRULEX-outputs/02_SVIS-RULEX/covid_ct_run/exact_sequence/outputs/augmented_train_images/COVID/2020.02.22.20024927-p18-66%0_aug_0039.png,/Users/samehissa/Downloads/SS-VIRULEX-outputs/02_SVIS-RULEX/covid_ct_run/exact_sequence/outputs/augmented_train_images/COVID/2020.02.22.20024927-p18-66%0_aug_0039.png,augmented,/Users/samehissa/Downloads/COVID-CT-Dataset-master/Images-processed/CT_COVID/2020.02.22.20024927-p18-66%0.png,2020.02.22.20024927-p18-66%0.png,1,0,1,0,1,1,1,1,1,0.004157148,0.9958429,1,0.3974182,0.466223,0.68331665,0.6337964,0.76025134,0.4709079,0.533777,0.67339265,0.663334,0.6884604,1,1,1,0,1,1,1,1
covid_2020_02_22_20024927_p18_66_1_aug_0040,2020.02.22.20024927-p18-66%1_aug_0040.png,COVID,1,train,/Users/samehissa/Downloads/SS-VIRULEX-outputs/02_SVIS-RULEX/covid_ct_run/exact_sequence/outputs/augmented_train_images/COVID/2020.02.22.20024927-p18-66%1_aug_0040.png,/Users/samehissa/Downloads/SS-VIRULEX-outputs/02_SVIS-RULEX/covid_ct_run/exact_sequence/outputs/augmented_train_images/COVID/2020.02.22.20024927-p18-66%1_aug_0040.png,augmented,/Users/samehissa/Downloads/COVID-CT-Dataset-master/Images-processed/CT_COVID/2020.02.22.20024927-p18-66%1.png,2020.02.22.20024927-p18-66%1.png,1,1,1,0,1,1,1,1,1,0.035636738,0.9643632,1,0.43262705,0.4582173,0.6253713,0.57276464,0.6844613,0.4547943,0.5258871,0.5973878,0.60765016,0.5955426,1,1,1,0,1,1,1,1
covid_2020_02_22_20024927_p18_66_2_aug_0041,2020.02.22.20024927-p18-66%2_aug_0041.png,COVID,1,train,/Users/samehissa/Downloads/SS-VIRULEX-outputs/02_SVIS-RULEX/covid_ct_run/exact_sequence/outputs/augmented_train_images/COVID/2020.02.22.20024927-p18-66%2_aug_0041.png,/Users/samehissa/Downloads/SS-VIRULEX-outputs/02_SVIS-RULEX/covid_ct_run/exact_sequence/outputs/augmented_train_images/COVID/2020.02.22.20024927-p18-66%2_aug_0041.png,augmented,/Users/samehissa/Downloads/COVID-CT-Dataset-master/Images-processed/CT_COVID/2020.02.22.20024927-p18-66%2.png,2020.02.22.20024927-p18-66%2.png,1,1,1,0,1,1,1,1,0,0.9956383,0.00436167,0,0.47035804,0.38174304,0.5951323,0.55065364,0.6293075,0.26479226,0.7565025,0.68182206,0.5688725,0.4779863,1,1,1,0,1,1,1,0
covid_2020_02_22_20024927_p19_68_0_aug_0042,2020.02.22.20024927-p19-68%0_aug_0042.png,COVID,1,train,/Users/samehissa/Downloads/SS-VIRULEX-outputs/02_SVIS-RULEX/covid_ct_run/exact_sequence/outputs/augmented_train_images/COVID/2020.02.22.20024927-p19-68%0_aug_0042.png,/Users/samehissa/Downloads/SS-VIRULEX-outputs/02_SVIS-RULEX/covid_ct_run/exact_sequence/outputs/augmented_train_images/COVID/2020.02.22.20024927-p19-68%0_aug_0042.png,augmented,/Users/samehissa/Downloads/COVID-CT-Dataset-master/Images-processed/CT_COVID/2020.02.22.20024927-p19-68%0.png,2020.02.22.20024927-p19-68%0.png,0,0,0,0,1,1,1,1,0,0.9864894,0.0135106,0,0.47984672,0.39231288,0.59792143,0.5201533,0.602767,0.29751372,0.71894324,0.63810414,0.61080945,0.49659777,1,1,1,0,1,1,1,0
covid_2020_02_22_20024927_p19_68_1_aug_0043,2020.02.22.20024927-p19-68%1_aug_0043.png,COVID,1,train,/Users/samehissa/Downloads/SS-VIRULEX-outputs/02_SVIS-RULEX/covid_ct_run/exact_sequence/outputs/augmented_train_images/COVID/2020.02.22.20024927-p19-68%1_aug_0043.png,/Users/samehissa/Downloads/SS-VIRULEX-outputs/02_SVIS-RULEX/covid_ct_run/exact_sequence/outputs/augmented_train_images/COVID/2020.02.22.20024927-p19-68%1_aug_0043.png,augmented,/Users/samehissa/Downloads/COVID-CT-Dataset-master/Images-processed/CT_COVID/2020.02.22.20024927-p19-68%1.png,2020.02.22.20024927-p19-68%1.png,1,0,1,0,1,1,1,1,0,0.985292,0.014707931,0,0.48141497,0.4089313,0.5962136,0.518585,0.5853252,0.32800376,0.6781177,0.6199999,0.5759514,0.48368114,1,1,1,0,1,1,1,0
covid_2020_02_22_20024927_p19_68_2_aug_0044,2020.02.22.20024927-p19-68%2_aug_0044.png,COVID,1,train,/Users/samehissa/Downloads/SS-VIRULEX-outputs/02_SVIS-RULEX/covid_ct_run/exact_sequence/outputs/augmented_train_images/COVID/2020.02.22.20024927-p19-68%2_aug_0044.png,/Users/samehissa/Downloads/SS-VIRULEX-outputs/02_SVIS-RULEX/covid_ct_run/exact_sequence/outputs/augmented_train_images/COVID/2020.02.22.20024927-p19-68%2_aug_0044.png,augmented,/Users/samehissa/Downloads/COVID-CT-Dataset-master/Images-processed/CT_COVID/2020.02.22.20024927-p19-68%2.png,2020.02.22.20024927-p19-68%2.png,1,1,1,0,1,1,1,1,0,0.8594305,0.14056948,0,0.49198672,0.42714518,0.5654901,0.5062725,0.5851351,0.35727224,0.6224676,0.59797174,0.563459,0.49388435,1,1,1,0,1,1,1,0
covid_2020_02_22_20024927_p19_68_3_aug_0045,2020.02.22.20024927-p19-68%3_aug_0045.png,COVID,1,train,/Users/samehissa/Downloads/SS-VIRULEX-outputs/02_SVIS-RULEX/covid_ct_run/exact_sequence/outputs/augmented_train_images/COVID/2020.02.22.20024927-p19-68%3_aug_0045.png,/Users/samehissa/Downloads/SS-VIRULEX-outputs/02_SVIS-RULEX/covid_ct_run/exact_sequence/outputs/augmented_train_images/COVID/2020.02.22.20024927-p19-68%3_aug_0045.png,augmented,/Users/samehissa/Downloads/COVID-CT-Dataset-master/Images-processed/CT_COVID/2020.02.22.20024927-p19-68%3.png,2020.02.22.20024927-p19-68%3.png,1,1,1,0,1,1,1,1,1,0.00033132822,0.9996687,1,0.37540585,0.45911118,0.73014575,0.66599524,0.81056273,0.4541491,0.5441981,0.7200652,0.69684935,0.71858823,1,1,1,0,1,1,1,1
covid_2020_02_22_20024927_p19_68_4_aug_0046,2020.02.22.20024927-p19-68%4_aug_0046.png,COVID,1,train,/Users/samehissa/Downloads/SS-VIRULEX-outputs/02_SVIS-RULEX/covid_ct_run/exact_sequence/outputs/augmented_train_images/COVID/2020.02.22.20024927-p19-68%4_aug_0046.png,/Users/samehissa/Downloads/SS-VIRULEX-outputs/02_SVIS-RULEX/covid_ct_run/exact_sequence/outputs/augmented_train_images/COVID/2020.02.22.20024927-p19-68%4_aug_0046.png,augmented,/Users/samehissa/Downloads/COVID-CT-Dataset-master/Images-processed/CT_COVID/2020.02.22.20024927-p19-68%4.png,2020.02.22.20024927-p19-68%4.png,1,1,1,0,1,1,1,1,0,0.98188627,0.018113727,0,0.4780726,0.38114205,0.60207874,0.5134237,0.6405664,0.2556449,0.728723,0.6894005,0.6474573,0.5171487,1,1,1,0,1,1,1,1
covid_2020_02_22_20024927_p19_68_5_aug_0047,2020.02.22.20024927-p19-68%5_aug_0047.png,COVID,1,train,/Users/samehissa/Downloads/SS-VIRULEX-outputs/02_SVIS-RULEX/covid_ct_run/exact_sequence/outputs/augmented_train_images/COVID/2020.02.22.20024927-p19-68%5_aug_0047.png,/Users/samehissa/Downloads/SS-VIRULEX-outputs/02_SVIS-RULEX/covid_ct_run/exact_sequence/outputs/augmented_train_images/COVID/2020.02.22.20024927-p19-68%5_aug_0047.png,augmented,/Users/samehissa/Downloads/COVID-CT-Dataset-master/Images-processed/CT_COVID/2020.02.22.20024927-p19-68%5.png,2020.02.22.20024927-p19-68%5.png,1,1,1,0,1,1,1,1,0,0.94924456,0.05075547,0,0.47479302,0.39650065,0.57155293,0.525207,0.6048006,0.2837347,0.6831339,0.6776692,0.59869355,0.49625164,1,1,1,0,1,1,1,0
covid_2020_02_22_20024927_p20_70_0_aug_0048,2020.02.22.20024927-p20-70%0_aug_0048.png,COVID,1,train,/Users/samehissa/Downloads/SS-VIRULEX-outputs/02_SVIS-RULEX/covid_ct_run/exact_sequence/outputs/augmented_train_images/COVID/2020.02.22.20024927-p20-70%0_aug_0048.png,/Users/samehissa/Downloads/SS-VIRULEX-outputs/02_SVIS-RULEX/covid_ct_run/exact_sequence/outputs/augmented_train_images/COVID/2020.02.22.20024927-p20-70%0_aug_0048.png,augmented,/Users/samehissa/Downloads/COVID-CT-Dataset-master/Images-processed/CT_COVID/2020.02.22.20024927-p20-70%0.png,2020.02.22.20024927-p20-70%0.png,0,1,0,0,1,1,1,1,0,0.54918987,0.45081016,0,0.48954672,0.43333033,0.556826,0.4940963,0.61431074,0.3483637,0.5813829,0.63266784,0.5954984,0.55712074,1,0,1,0,1,1,1,1
covid_2020_02_22_20024927_p20_70_1_aug_0049,2020.02.22.20024927-p20-70%1_aug_0049.png,COVID,1,train,/Users/samehissa/Downloads/SS-VIRULEX-outputs/02_SVIS-RULEX/covid_ct_run/exact_sequence/outputs/augmented_train_images/COVID/2020.02.22.20024927-p20-70%1_aug_0049.png,/Users/samehissa/Downloads/SS-VIRULEX-outputs/02_SVIS-RULEX/covid_ct_run/exact_sequence/outputs/augmented_train_images/COVID/2020.02.22.20024927-p20-70%1_aug_0049.png,augmented,/Users/samehissa/Downloads/COVID-CT-Dataset-master/Images-processed/CT_COVID/2020.02.22.20024927-p20-70%1.png,2020.02.22.20024927-p20-70%1.png,1,1,1,0,1,1,1,1,0,0.99086994,0.009130019,0,0.47472578,0.419958,0.5587334,0.5387281,0.5920728,0.35418308,0.69548386,0.580042,0.5400597,0.47736907,1,1,1,0,1,1,1,0
covid_2020_02_22_20024927_p20_70_2_aug_0050,2020.02.22.20024927-p20-70%2_aug_0050.png,COVID,1,train,/Users/samehissa/Downloads/SS-VIRULEX-outputs/02_SVIS-RULEX/covid_ct_run/exact_sequence/outputs/augmented_train_images/COVID/2020.02.22.20024927-p20-70%2_aug_0050.png,/Users/samehissa/Downloads/SS-VIRULEX-outputs/02_SVIS-RULEX/covid_ct_run/exact_sequence/outputs/augmented_train_images/COVID/2020.02.22.20024927-p20-70%2_aug_0050.png,augmented,/Users/samehissa/Downloads/COVID-CT-Dataset-master/Images-processed/CT_COVID/2020.02.22.20024927-p20-70%2.png,2020.02.22.20024927-p20-70%2.png,0,1,1,0,1,1,1,1,1,0.0023534703,0.9976465,1,0.40016183,0.4663241,0.65322506,0.62257385,0.7814111,0.42574945,0.5487889,0.69028676,0.68245494,0.69349074,1,1,1,0,1,1,1,1
covid_2020_02_22_20024927_p20_70_3_aug_0051,2020.02.22.20024927-p20-70%3_aug_0051.png,COVID,1,train,/Users/samehissa/Downloads/SS-VIRULEX-outputs/02_SVIS-RULEX/covid_ct_run/exact_sequence/outputs/augmented_train_images/COVID/2020.02.22.20024927-p20-70%3_aug_0051.png,/Users/samehissa/Downloads/SS-VIRULEX-outputs/02_SVIS-RULEX/covid_ct_run/exact_sequence/outputs/augmented_train_images/COVID/2020.02.22.20024927-p20-70%3_aug_0051.png,augmented,/Users/samehissa/Downloads/COVID-CT-Dataset-master/Images-processed/CT_COVID/2020.02.22.20024927-p20-70%3.png,2020.02.22.20024927-p20-70%3.png,1,1,1,0,1,1,1,1,1,0.019784465,0.98021555,1,0.41092116,0.4657582,0.69989026,0.58072007,0.75841457,0.4332076,0.5308485,0.6704049,0.6587535,0.66794527,1,1,1,0,1,1,1,1
covid_2020_02_23_20026856_p17_115_0_aug_0052,2020.02.23.20026856-p17-115%0_aug_0052.png,COVID,1,train,/Users/samehissa/Downloads/SS-VIRULEX-outputs/02_SVIS-RULEX/covid_ct_run/exact_sequence/outputs/augmented_train_images/COVID/2020.02.23.20026856-p17-115%0_aug_0052.png,/Users/samehissa/Downloads/SS-VIRULEX-outputs/02_SVIS-RULEX/covid_ct_run/exact_sequence/outputs/augmented_train_images/COVID/2020.02.23.20026856-p17-115%0_aug_0052.png,augmented,/Users/samehissa/Downloads/COVID-CT-Dataset-master/Images-processed/CT_COVID/2020.02.23.20026856-p17-115%0.png,2020.02.23.20026856-p17-115%0.png,1,1,1,0,1,1,1,1,1,0.110262014,0.88973796,1,0.44273612,0.45639184,0.62344027,0.53209245,0.6807868,0.40335563,0.5418919,0.6314912,0.5855696,0.5928494,1,1,1,0,1,1,1,1
covid_2020_02_23_20026856_p17_115_1_aug_0053,2020.02.23.20026856-p17-115%1_aug_0053.png,COVID,1,train,/Users/samehissa/Downloads/SS-VIRULEX-outputs/02_SVIS-RULEX/covid_ct_run/exact_sequence/outputs/augmented_train_images/COVID/2020.02.23.20026856-p17-115%1_aug_0053.png,/Users/samehissa/Downloads/SS-VIRULEX-outputs/02_SVIS-RULEX/covid_ct_run/exact_sequence/outputs/augmented_train_images/COVID/2020.02.23.20026856-p17-115%1_aug_0053.png,augmented,/Users/samehissa/Downloads/COVID-CT-Dataset-master/Images-processed/CT_COVID/2020.02.23.20026856-p17-115%1.png,2020.02.23.20026856-p17-115%1.png,1,1,1,0,1,1,1,1,0,0.99776626,0.0022337576,0,0.47365558,0.38174257,0.6110407,0.5263444,0.6424985,0.2646348,0.7666461,0.66548634,0.6391563,0.48352423,1,1,1,0,1,1,1,0
covid_2020_02_23_20026856_p17_115_2_aug_0054,2020.02.23.20026856-p17-115%2_aug_0054.png,COVID,1,train,/Users/samehissa/Downloads/SS-VIRULEX-outputs/02_SVIS-RULEX/covid_ct_run/exact_sequence/outputs/augmented_train_images/COVID/2020.02.23.20026856-p17-115%2_aug_0054.png,/Users/samehissa/Downloads/SS-VIRULEX-outputs/02_SVIS-RULEX/covid_ct_run/exact_sequence/outputs/augmented_train_images/COVID/2020.02.23.20026856-p17-115%2_aug_0054.png,augmented,/Users/samehissa/Downloads/COVID-CT-Dataset-master/Images-processed/CT_COVID/2020.02.23.20026856-p17-115%2.png,2020.02.23.20026856-p17-115%2.png,1,1,1,0,1,1,1,1,1,3.2140553e-05,0.9999678,1,0.356657,0.4559943,0.75962657,0.65897346,0.84548944,0.4559943,0.5480968,0.7433513,0.7395558,0.77623355,1,1,1,0,1,1,1,1
covid_2020_02_23_20026856_p17_115_3_aug_0055,2020.02.23.20026856-p17-115%3_aug_0055.png,COVID,1,train,/Users/samehissa/Downloads/SS-VIRULEX-outputs/02_SVIS-RULEX/covid_ct_run/exact_sequence/outputs/augmented_train_images/COVID/2020.02.23.20026856-p17-115%3_aug_0055.png,/Users/samehissa/Downloads/SS-VIRULEX-outputs/02_SVIS-RULEX/covid_ct_run/exact_sequence/outputs/augmented_train_images/COVID/2020.02.23.20026856-p17-115%3_aug_0055.png,augmented,/Users/samehissa/Downloads/COVID-CT-Dataset-master/Images-processed/CT_COVID/2020.02.23.20026856-p17-115%3.png,2020.02.23.20026856-p17-115%3.png,1,1,1,0,1,1,1,1,1,0.2709909,0.72900903,0,0.46344918,0.4557733,0.56889874,0.50724393,0.7028047,0.3595325,0.59185946,0.6469382,0.6425248,0.6035355,1,1,1,0,1,1,1,1
covid_2020_02_23_20026856_p17_115_4_aug_0056,2020.02.23.20026856-p17-115%4_aug_0056.png,COVID,1,train,/Users/samehissa/Downloads/SS-VIRULEX-outputs/02_SVIS-RULEX/covid_ct_run/exact_sequence/outputs/augmented_train_images/COVID/2020.02.23.20026856-p17-115%4_aug_0056.png,/Users/samehissa/Downloads/SS-VIRULEX-outputs/02_SVIS-RULEX/covid_ct_run/exact_sequence/outputs/augmented_train_images/COVID/2020.02.23.20026856-p17-115%4_aug_0056.png,augmented,/Users/samehissa/Downloads/COVID-CT-Dataset-master/Images-processed/CT_COVID/2020.02.23.20026856-p17-115%4.png,2020.02.23.20026856-p17-115%4.png,1,1,1,0,1,1,1,1,1,0.004274144,0.99572587,1,0.4053033,0.47069353,0.67587835,0.61282074,0.7449491,0.4702586,0.5245531,0.6605583,0.6539763,0.68233806,1,1,1,0,1,1,1,1
covid_2020_02_23_20026856_p17_115_5_aug_0057,2020.02.23.20026856-p17-115%5_aug_0057.png,COVID,1,train,/Users/samehissa/Downloads/SS-VIRULEX-outputs/02_SVIS-RULEX/covid_ct_run/exact_sequence/outputs/augmented_train_images/COVID/2020.02.23.20026856-p17-115%5_aug_0057.png,/Users/samehissa/Downloads/SS-VIRULEX-outputs/02_SVIS-RULEX/covid_ct_run/exact_sequence/outputs/augmented_train_images/COVID/2020.02.23.20026856-p17-115%5_aug_0057.png,augmented,/Users/samehissa/Downloads/COVID-CT-Dataset-master/Images-processed/CT_COVID/2020.02.23.20026856-p17-115%5.png,2020.02.23.20026856-p17-115%5.png,1,1,1,0,1,1,1,1,0,0.97195214,0.028047867,0,0.48883897,0.40129754,0.6055407,0.50090295,0.63560975,0.26764682,0.6783713,0.6847367,0.6336215,0.54427046,1,1,1,0,1,1,1,1
covid_2020_02_24_20027052_p8_73_0_aug_0058,2020.02.24.20027052-p8-73%0_aug_0058.png,COVID,1,train,/Users/samehissa/Downloads/SS-VIRULEX-outputs/02_SVIS-RULEX/covid_ct_run/exact_sequence/outputs/augmented_train_images/COVID/2020.02.24.20027052-p8-73%0_aug_0058.png,/Users/samehissa/Downloads/SS-VIRULEX-outputs/02_SVIS-RULEX/covid_ct_run/exact_sequence/outputs/augmented_train_images/COVID/2020.02.24.20027052-p8-73%0_aug_0058.png,augmented,/Users/samehissa/Downloads/COVID-CT-Dataset-master/Images-processed/CT_COVID/2020.02.24.20027052-p8-73%0.png,2020.02.24.20027052-p8-73%0.png,1,1,1,0,1,1,1,1,1,0.046126403,0.95387363,1,0.445225,0.4573798,0.60949457,0.52259874,0.6983236,0.39722002,0.5380836,0.63977295,0.6399775,0.61419386,1,1,1,0,1,1,1,1
covid_2020_02_24_20027052_p8_73_1_aug_0059,2020.02.24.20027052-p8-73%1_aug_0059.png,COVID,1,train,/Users/samehissa/Downloads/SS-VIRULEX-outputs/02_SVIS-RULEX/covid_ct_run/exact_sequence/outputs/augmented_train_images/COVID/2020.02.24.20027052-p8-73%1_aug_0059.png,/Users/samehissa/Downloads/SS-VIRULEX-outputs/02_SVIS-RULEX/covid_ct_run/exact_sequence/outputs/augmented_train_images/COVID/2020.02.24.20027052-p8-73%1_aug_0059.png,augmented,/Users/samehissa/Downloads/COVID-CT-Dataset-master/Images-processed/CT_COVID/2020.02.24.20027052-p8-73%1.png,2020.02.24.20027052-p8-73%1.png,1,1,1,0,1,1,1,1,1,0.08145707,0.9185429,0,0.45724592,0.45640525,0.58018994,0.51956284,0.71785253,0.38033956,0.56766754,0.64507025,0.6605242,0.6101319,1,1,1,0,1,1,1,1
covid_2020_02_24_20027052_p8_73_2_aug_0060,2020.02.24.20027052-p8-73%2_aug_0060.png,COVID,1,train,/Users/samehissa/Downloads/SS-VIRULEX-outputs/02_SVIS-RULEX/covid_ct_run/exact_sequence/outputs/augmented_train_images/COVID/2020.02.24.20027052-p8-73%2_aug_0060.png,/Users/samehissa/Downloads/SS-VIRULEX-outputs/02_SVIS-RULEX/covid_ct_run/exact_sequence/outputs/augmented_train_images/COVID/2020.02.24.20027052-p8-73%2_aug_0060.png,augmented,/Users/samehissa/Downloads/COVID-CT-Dataset-master/Images-processed/CT_COVID/2020.02.24.20027052-p8-73%2.png,2020.02.24.20027052-p8-73%2.png,1,1,1,0,1,1,1,1,0,0.62229615,0.3777039,0,0.49084806,0.43911862,0.56804234,0.4844672,0.62419164,0.35277197,0.6027628,0.62096643,0.6112331,0.5526072,1,0,1,0,1,1,1,1
covid_2020_02_24_20027052_p8_73_3_aug_0061,2020.02.24.20027052-p8-73%3_aug_0061.png,COVID,1,train,/Users/samehissa/Downloads/SS-VIRULEX-outputs/02_SVIS-RULEX/covid_ct_run/exact_sequence/outputs/augmented_train_images/COVID/2020.02.24.20027052-p8-73%3_aug_0061.png,/Users/samehissa/Downloads/SS-VIRULEX-outputs/02_SVIS-RULEX/covid_ct_run/exact_sequence/outputs/augmented_train_images/COVID/2020.02.24.20027052-p8-73%3_aug_0061.png,augmented,/Users/samehissa/Downloads/COVID-CT-Dataset-master/Images-processed/CT_COVID/2020.02.24.20027052-p8-73%3.png,2020.02.24.20027052-p8-73%3.png,1,1,1,0,1,1,1,1,1,0.0020247945,0.9979752,1,0.4042573,0.46782586,0.70584756,0.58297485,0.7615208,0.45850784,0.5267223,0.6808858,0.67872715,0.6948573,1,1,1,0,1,1,1,1
covid_2020_02_24_20027201_p19_669_aug_0062,2020.02.24.20027201-p19-669_aug_0062.png,COVID,1,train,/Users/samehissa/Downloads/SS-VIRULEX-outputs/02_SVIS-RULEX/covid_ct_run/exact_sequence/outputs/augmented_train_images/COVID/2020.02.24.20027201-p19-669_aug_0062.png,/Users/samehissa/Downloads/SS-VIRULEX-outputs/02_SVIS-RULEX/covid_ct_run/exact_sequence/outputs/augmented_train_images/COVID/2020.02.24.20027201-p19-669_aug_0062.png,augmented,/Users/samehissa/Downloads/COVID-CT-Dataset-master/Images-processed/CT_COVID/2020.02.24.20027201-p19-669.png,2020.02.24.20027201-p19-669.png,1,1,1,0,1,1,1,1,1,0.029570965,0.97042906,1,0.44020462,0.45613435,0.59584886,0.54947215,0.64824563,0.46162164,0.51472956,0.5986392,0.5971327,0.60627776,1,1,1,0,1,1,1,1
covid_2020_02_24_20027201_p19_670_aug_0063,2020.02.24.20027201-p19-670_aug_0063.png,COVID,1,train,/Users/samehissa/Downloads/SS-VIRULEX-outputs/02_SVIS-RULEX/covid_ct_run/exact_sequence/outputs/augmented_train_images/COVID/2020.02.24.20027201-p19-670_aug_0063.png,/Users/samehissa/Downloads/SS-VIRULEX-outputs/02_SVIS-RULEX/covid_ct_run/exact_sequence/outputs/augmented_train_images/COVID/2020.02.24.20027201-p19-670_aug_0063.png,augmented,/Users/samehissa/Downloads/COVID-CT-Dataset-master/Images-processed/CT_COVID/2020.02.24.20027201-p19-670.png,2020.02.24.20027201-p19-670.png,1,1,1,0,1,1,1,1,1,0.0065672225,0.99343276,1,0.41889772,0.464091,0.64994305,0.5942005,0.71956533,0.46367994,0.5211948,0.6342851,0.6322376,0.6435544,1,1,1,0,1,1,1,1
covid_2020_02_25_20021568_p23_108_0_aug_0064,2020.02.25.20021568-p23-108%0_aug_0064.png,COVID,1,train,/Users/samehissa/Downloads/SS-VIRULEX-outputs/02_SVIS-RULEX/covid_ct_run/exact_sequence/outputs/augmented_train_images/COVID/2020.02.25.20021568-p23-108%0_aug_0064.png,/Users/samehissa/Downloads/SS-VIRULEX-outputs/02_SVIS-RULEX/covid_ct_run/exact_sequence/outputs/augmented_train_images/COVID/2020.02.25.20021568-p23-108%0_aug_0064.png,augmented,/Users/samehissa/Downloads/COVID-CT-Dataset-master/Images-processed/CT_COVID/2020.02.25.20021568-p23-108%0.png,2020.02.25.20021568-p23-108%0.png,1,1,1,0,1,1,1,1,1,0.018038182,0.9819618,1,0.4217127,0.4625306,0.65687007,0.56947005,0.7243459,0.43946904,0.53496313,0.6323456,0.6444696,0.6493872,1,1,1,0,1,1,1,1
covid_2020_02_25_20021568_p23_108_1_aug_0065,2020.02.25.20021568-p23-108%1_aug_0065.png,COVID,1,train,/Users/samehissa/Downloads/SS-VIRULEX-outputs/02_SVIS-RULEX/covid_ct_run/exact_sequence/outputs/augmented_train_images/COVID/2020.02.25.20021568-p23-108%1_aug_0065.png,/Users/samehissa/Downloads/SS-VIRULEX-outputs/02_SVIS-RULEX/covid_ct_run/exact_sequence/outputs/augmented_train_images/COVID/2020.02.25.20021568-p23-108%1_aug_0065.png,augmented,/Users/samehissa/Downloads/COVID-CT-Dataset-master/Images-processed/CT_COVID/2020.02.25.20021568-p23-108%1.png,2020.02.25.20021568-p23-108%1.png,1,1,1,0,1,1,1,1,1,0.018325882,0.9816742,1,0.42773286,0.4601826,0.646447,0.5787603,0.7099493,0.45636696,0.52691656,0.6183961,0.6252736,0.6283003,1,1,1,0,1,1,1,1
covid_2020_02_25_20021568_p23_108_10_aug_0066,2020.02.25.20021568-p23-108%10_aug_0066.png,COVID,1,train,/Users/samehissa/Downloads/SS-VIRULEX-outputs/02_SVIS-RULEX/covid_ct_run/exact_sequence/outputs/augmented_train_images/COVID/2020.02.25.20021568-p23-108%10_aug_0066.png,/Users/samehissa/Downloads/SS-VIRULEX-outputs/02_SVIS-RULEX/covid_ct_run/exact_sequence/outputs/augmented_train_images/COVID/2020.02.25.20021568-p23-108%10_aug_0066.png,augmented,/Users/samehissa/Downloads/COVID-CT-Dataset-master/Images-processed/CT_COVID/2020.02.25.20021568-p23-108%10.png,2020.02.25.20021568-p23-108%10.png,1,1,1,0,1,1,1,1,1,0.034668285,0.96533173,1,0.42574984,0.45206234,0.6737153,0.5711253,0.7255348,0.4294456,0.53420544,0.6364123,0.6111919,0.6285312,1,1,1,0,1,1,1,1
covid_2020_02_25_20021568_p23_108_11_aug_0067,2020.02.25.20021568-p23-108%11_aug_0067.png,COVID,1,train,/Users/samehissa/Downloads/SS-VIRULEX-outputs/02_SVIS-RULEX/covid_ct_run/exact_sequence/outputs/augmented_train_images/COVID/2020.02.25.20021568-p23-108%11_aug_0067.png,/Users/samehissa/Downloads/SS-VIRULEX-outputs/02_SVIS-RULEX/covid_ct_run/exact_sequence/outputs/augmented_train_images/COVID/2020.02.25.20021568-p23-108%11_aug_0067.png,augmented,/Users/samehissa/Downloads/COVID-CT-Dataset-master/Images-processed/CT_COVID/2020.02.25.20021568-p23-108%11.png,2020.02.25.20021568-p23-108%11.png,1,1,1,0,1,1,1,1,1,0.000108632856,0.9998914,1,0.36624885,0.46143758,0.7490511,0.6538414,0.8256977,0.45946002,0.5468099,0.7280483,0.7148357,0.75605166,1,1,1,0,1,1,1,1
covid_2020_02_25_20021568_p23_108_12_aug_0068,2020.02.25.20021568-p23-108%12_aug_0068.png,COVID,1,train,/Users/samehissa/Downloads/SS-VIRULEX-outputs/02_SVIS-RULEX/covid_ct_run/exact_sequence/outputs/augmented_train_images/COVID/2020.02.25.20021568-p23-108%12_aug_0068.png,/Users/samehissa/Downloads/SS-VIRULEX-outputs/02_SVIS-RULEX/covid_ct_run/exact_sequence/outputs/augmented_train_images/COVID/2020.02.25.20021568-p23-108%12_aug_0068.png,augmented,/Users/samehissa/Downloads/COVID-CT-Dataset-master/Images-processed/CT_COVID/2020.02.25.20021568-p23-108%12.png,2020.02.25.20021568-p23-108%12.png,1,1,1,0,1,1,1,1,1,0.07490087,0.9250991,1,0.45194763,0.4534206,0.61812353,0.5252512,0.6584177,0.40021366,0.54397666,0.6174415,0.5939967,0.5661379,1,1,1,0,1,1,1,1
covid_2020_02_25_20021568_p23_108_13_aug_0069,2020.02.25.20021568-p23-108%13_aug_0069.png,COVID,1,train,/Users/samehissa/Downloads/SS-VIRULEX-outputs/02_SVIS-RULEX/covid_ct_run/exact_sequence/outputs/augmented_train_images/COVID/2020.02.25.20021568-p23-108%13_aug_0069.png,/Users/samehissa/Downloads/SS-VIRULEX-outputs/02_SVIS-RULEX/covid_ct_run/exact_sequence/outputs/augmented_train_images/COVID/2020.02.25.20021568-p23-108%13_aug_0069.png,augmented,/Users/samehissa/Downloads/COVID-CT-Dataset-master/Images-processed/CT_COVID/2020.02.25.20021568-p23-108%13.png,2020.02.25.20021568-p23-108%13.png,1,1,1,0,0,1,1,1,1,0.27311063,0.7268893,0,0.46798992,0.4490354,0.5753496,0.5007053,0.67827755,0.33457497,0.6052805,0.66252,0.62215,0.58837813,1,1,1,0,1,1,1,1
covid_2020_02_25_20021568_p23_108_14_aug_0070,2020.02.25.20021568-p23-108%14_aug_0070.png,COVID,1,train,/Users/samehissa/Downloads/SS-VIRULEX-outputs/02_SVIS-RULEX/covid_ct_run/exact_sequence/outputs/augmented_train_images/COVID/2020.02.25.20021568-p23-108%14_aug_0070.png,/Users/samehissa/Downloads/SS-VIRULEX-outputs/02_SVIS-RULEX/covid_ct_run/exact_sequence/outputs/augmented_train_images/COVID/2020.02.25.20021568-p23-108%14_aug_0070.png,augmented,/Users/samehissa/Downloads/COVID-CT-Dataset-master/Images-processed/CT_COVID/2020.02.25.20021568-p23-108%14.png,2020.02.25.20021568-p23-108%14.png,1,1,1,0,1,1,1,1,1,0.026061563,0.97393847,1,0.42415556,0.46210873,0.64361185,0.583839,0.71062666,0.46103352,0.52207667,0.62398255,0.6277643,0.6311068,1,1,1,0,1,1,1,1
covid_2020_02_25_20021568_p23_108_15_aug_0071,2020.02.25.20021568-p23-108%15_aug_0071.png,COVID,1,train,/Users/samehissa/Downloads/SS-VIRULEX-outputs/02_SVIS-RULEX/covid_ct_run/exact_sequence/outputs/augmented_train_images/COVID/2020.02.25.20021568-p23-108%15_aug_0071.png,/Users/samehissa/Downloads/SS-VIRULEX-outputs/02_SVIS-RULEX/covid_ct_run/exact_sequence/outputs/augmented_train_images/COVID/2020.02.25.20021568-p23-108%15_aug_0071.png,augmented,/Users/samehissa/Downloads/COVID-CT-Dataset-master/Images-processed/CT_COVID/2020.02.25.20021568-p23-108%15.png,2020.02.25.20021568-p23-108%15.png,1,1,1,0,1,1,1,1,0,0.75784636,0.24215366,0,0.4825077,0.43625385,0.5586943,0.5174923,0.58743024,0.38791484,0.60697967,0.57677335,0.5516935,0.50053203,1,1,1,0,1,1,1,1
covid_2020_02_25_20021568_p23_108_2_aug_0072,2020.02.25.20021568-p23-108%2_aug_0072.png,COVID,1,train,/Users/samehissa/Downloads/SS-VIRULEX-outputs/02_SVIS-RULEX/covid_ct_run/exact_sequence/outputs/augmented_train_images/COVID/2020.02.25.20021568-p23-108%2_aug_0072.png,/Users/samehissa/Downloads/SS-VIRULEX-outputs/02_SVIS-RULEX/covid_ct_run/exact_sequence/outputs/augmented_train_images/COVID/2020.02.25.20021568-p23-108%2_aug_0072.png,augmented,/Users/samehissa/Downloads/COVID-CT-Dataset-master/Images-processed/CT_COVID/2020.02.25.20021568-p23-108%2.png,2020.02.25.20021568-p23-108%2.png,1,1,1,0,1,1,1,1,1,0.26601136,0.73398864,0,0.4541552,0.45337117,0.5701666,0.5198192,0.65131307,0.3949825,0.54986745,0.6286455,0.5890664,0.58269507,1,1,1,0,1,1,1,1
covid_2020_02_25_20021568_p23_108_3_aug_0073,2020.02.25.20021568-p23-108%3_aug_0073.png,COVID,1,train,/Users/samehissa/Downloads/SS-VIRULEX-outputs/02_SVIS-RULEX/covid_ct_run/exact_sequence/outputs/augmented_train_images/COVID/2020.02.25.20021568-p23-108%3_aug_0073.png,/Users/samehissa/Downloads/SS-VIRULEX-outputs/02_SVIS-RULEX/covid_ct_run/exact_sequence/outputs/augmented_train_images/COVID/2020.02.25.20021568-p23-108%3_aug_0073.png,augmented,/Users/samehissa/Downloads/COVID-CT-Dataset-master/Images-processed/CT_COVID/2020.02.25.20021568-p23-108%3.png,2020.02.25.20021568-p23-108%3.png,1,1,1,0,1,1,1,1,1,0.00013428024,0.99986565,1,0.3660246,0.45978737,0.75430596,0.650494,0.8303133,0.45576334,0.5456113,0.7300704,0.7183296,0.7608973,1,1,1,0,1,1,1,1
covid_2020_02_25_20021568_p23_108_4_aug_0074,2020.02.25.20021568-p23-108%4_aug_0074.png,COVID,1,train,/Users/samehissa/Downloads/SS-VIRULEX-outputs/02_SVIS-RULEX/covid_ct_run/exact_sequence/outputs/augmented_train_images/COVID/2020.02.25.20021568-p23-108%4_aug_0074.png,/Users/samehissa/Downloads/SS-VIRULEX-outputs/02_SVIS-RULEX/covid_ct_run/exact_sequence/outputs/augmented_train_images/COVID/2020.02.25.20021568-p23-108%4_aug_0074.png,augmented,/Users/samehissa/Downloads/COVID-CT-Dataset-master/Images-processed/CT_COVID/2020.02.25.20021568-p23-108%4.png,2020.02.25.20021568-p23-108%4.png,1,1,1,0,1,1,1,1,1,0.018120402,0.9818796,1,0.4118579,0.46589422,0.65868825,0.61524314,0.72837806,0.46372473,0.5224692,0.6477584,0.63382816,0.6454593,1,1,1,0,1,1,1,1
covid_2020_02_25_20021568_p23_108_5_aug_0075,2020.02.25.20021568-p23-108%5_aug_0075.png,COVID,1,train,/Users/samehissa/Downloads/SS-VIRULEX-outputs/02_SVIS-RULEX/covid_ct_run/exact_sequence/outputs/augmented_train_images/COVID/2020.02.25.20021568-p23-108%5_aug_0075.png,/Users/samehissa/Downloads/SS-VIRULEX-outputs/02_SVIS-RULEX/covid_ct_run/exact_sequence/outputs/augmented_train_images/COVID/2020.02.25.20021568-p23-108%5_aug_0075.png,augmented,/Users/samehissa/Downloads/COVID-CT-Dataset-master/Images-processed/CT_COVID/2020.02.25.20021568-p23-108%5.png,2020.02.25.20021568-p23-108%5.png,1,1,1,0,1,1,1,1,0,0.724852,0.27514797,0,0.49034387,0.4397419,0.5445912,0.503463,0.6340602,0.3647219,0.6038419,0.60503614,0.59992486,0.5370317,1,1,1,0,1,1,1,1
covid_2020_02_25_20021568_p23_108_6_aug_0076,2020.02.25.20021568-p23-108%6_aug_0076.png,COVID,1,train,/Users/samehissa/Downloads/SS-VIRULEX-outputs/02_SVIS-RULEX/covid_ct_run/exact_sequence/outputs/augmented_train_images/COVID/2020.02.25.20021568-p23-108%6_aug_0076.png,/Users/samehissa/Downloads/SS-VIRULEX-outputs/02_SVIS-RULEX/covid_ct_run/exact_sequence/outputs/augmented_train_images/COVID/2020.02.25.20021568-p23-108%6_aug_0076.png,augmented,/Users/samehissa/Downloads/COVID-CT-Dataset-master/Images-processed/CT_COVID/2020.02.25.20021568-p23-108%6.png,2020.02.25.20021568-p23-108%6.png,1,1,1,0,1,1,1,1,1,0.023715006,0.97628504,1,0.424141,0.46235427,0.6307957,0.6038777,0.67842126,0.47810823,0.5173438,0.617232,0.5962978,0.6195507,1,1,1,0,1,1,1,1
covid_2020_02_25_20021568_p23_108_7_aug_0077,2020.02.25.20021568-p23-108%7_aug_0077.png,COVID,1,train,/Users/samehissa/Downloads/SS-VIRULEX-outputs/02_SVIS-RULEX/covid_ct_run/exact_sequence/outputs/augmented_train_images/COVID/2020.02.25.20021568-p23-108%7_aug_0077.png,/Users/samehissa/Downloads/SS-VIRULEX-outputs/02_SVIS-RULEX/covid_ct_run/exact_sequence/outputs/augmented_train_images/COVID/2020.02.25.20021568-p23-108%7_aug_0077.png,augmented,/Users/samehissa/Downloads/COVID-CT-Dataset-master/Images-processed/CT_COVID/2020.02.25.20021568-p23-108%7.png,2020.02.25.20021568-p23-108%7.png,1,1,1,0,1,1,1,1,1,0.021301901,0.9786981,1,0.42507923,0.462079,0.6401891,0.57632124,0.711276,0.45014438,0.5329142,0.6285044,0.6307192,0.64710104,1,1,1,0,1,1,1,1
covid_2020_02_25_20021568_p23_108_8_aug_0078,2020.02.25.20021568-p23-108%8_aug_0078.png,COVID,1,train,/Users/samehissa/Downloads/SS-VIRULEX-outputs/02_SVIS-RULEX/covid_ct_run/exact_sequence/outputs/augmented_train_images/COVID/2020.02.25.20021568-p23-108%8_aug_0078.png,/Users/samehissa/Downloads/SS-VIRULEX-outputs/02_SVIS-RULEX/covid_ct_run/exact_sequence/outputs/augmented_train_images/COVID/2020.02.25.20021568-p23-108%8_aug_0078.png,augmented,/Users/samehissa/Downloads/COVID-CT-Dataset-master/Images-processed/CT_COVID/2020.02.25.20021568-p23-108%8.png,2020.02.25.20021568-p23-108%8.png,1,1,1,0,1,1,1,1,0,0.914288,0.08571201,0,0.4778474,0.41234046,0.56451905,0.5221526,0.5760319,0.3431363,0.6476076,0.6055479,0.5568506,0.49762765,1,1,1,0,1,1,1,0
covid_2020_02_25_20021568_p23_108_9_aug_0079,2020.02.25.20021568-p23-108%9_aug_0079.png,COVID,1,train,/Users/samehissa/Downloads/SS-VIRULEX-outputs/02_SVIS-RULEX/covid_ct_run/exact_sequence/outputs/augmented_train_images/COVID/2020.02.25.20021568-p23-108%9_aug_0079.png,/Users/samehissa/Downloads/SS-VIRULEX-outputs/02_SVIS-RULEX/covid_ct_run/exact_sequence/outputs/augmented_train_images/COVID/2020.02.25.20021568-p23-108%9_aug_0079.png,augmented,/Users/samehissa/Downloads/COVID-CT-Dataset-master/Images-processed/CT_COVID/2020.02.25.20021568-p23-108%9.png,2020.02.25.20021568-p23-108%9.png,1,1,1,0,1,1,1,1,1,0.0066757863,0.9933242,1,0.41744485,0.46290833,0.6639683,0.60148,0.7382769,0.4502907,0.5454341,0.63537264,0.6342212,0.6466293,1,1,1,0,1,1,1,1
covid_2020_02_25_20021568_p24_111_0_aug_0080,2020.02.25.20021568-p24-111%0_aug_0080.png,COVID,1,train,/Users/samehissa/Downloads/SS-VIRULEX-outputs/02_SVIS-RULEX/covid_ct_run/exact_sequence/outputs/augmented_train_images/COVID/2020.02.25.20021568-p24-111%0_aug_0080.png,/Users/samehissa/Downloads/SS-VIRULEX-outputs/02_SVIS-RULEX/covid_ct_run/exact_sequence/outputs/augmented_train_images/COVID/2020.02.25.20021568-p24-111%0_aug_0080.png,augmented,/Users/samehissa/Downloads/COVID-CT-Dataset-master/Images-processed/CT_COVID/2020.02.25.20021568-p24-111%0.png,2020.02.25.20021568-p24-111%0.png,1,1,1,0,1,1,1,1,1,8.735115e-07,0.99999917,1,0.343383,0.45316872,0.77745163,0.6711512,0.86829406,0.45316872,0.5513369,0.7637295,0.76451063,0.79945743,1,1,1,0,1,1,1,1
covid_2020_02_25_20021568_p24_111_1_aug_0081,2020.02.25.20021568-p24-111%1_aug_0081.png,COVID,1,train,/Users/samehissa/Downloads/SS-VIRULEX-outputs/02_SVIS-RULEX/covid_ct_run/exact_sequence/outputs/augmented_train_images/COVID/2020.02.25.20021568-p24-111%1_aug_0081.png,/Users/samehissa/Downloads/SS-VIRULEX-outputs/02_SVIS-RULEX/covid_ct_run/exact_sequence/outputs/augmented_train_images/COVID/2020.02.25.20021568-p24-111%1_aug_0081.png,augmented,/Users/samehissa/Downloads/COVID-CT-Dataset-master/Images-processed/CT_COVID/2020.02.25.20021568-p24-111%1.png,2020.02.25.20021568-p24-111%1.png,1,1,1,0,1,1,1,1,1,0.0012143645,0.9987857,1,0.40126052,0.47047138,0.6932182,0.62390697,0.7553881,0.46321413,0.5271168,0.67325634,0.6523808,0.6811745,1,1,1,0,1,1,1,1
covid_2020_02_25_20021568_p24_111_2_aug_0082,2020.02.25.20021568-p24-111%2_aug_0082.png,COVID,1,train,/Users/samehissa/Downloads/SS-VIRULEX-outputs/02_SVIS-RULEX/covid_ct_run/exact_sequence/outputs/augmented_train_images/COVID/2020.02.25.20021568-p24-111%2_aug_0082.png,/Users/samehissa/Downloads/SS-VIRULEX-outputs/02_SVIS-RULEX/covid_ct_run/exact_sequence/outputs/augmented_train_images/COVID/2020.02.25.20021568-p24-111%2_aug_0082.png,augmented,/Users/samehissa/Downloads/COVID-CT-Dataset-master/Images-processed/CT_COVID/2020.02.25.20021568-p24-111%2.png,2020.02.25.20021568-p24-111%2.png,1,1,1,0,1,1,1,1,1,0.028311016,0.9716889,1,0.43633115,0.45905933,0.62936354,0.55694294,0.6614595,0.47596344,0.5137659,0.59802866,0.6059953,0.61933285,1,1,1,0,1,1,1,1
covid_2020_02_25_20021568_p24_111_3_aug_0083,2020.02.25.20021568-p24-111%3_aug_0083.png,COVID,1,train,/Users/samehissa/Downloads/SS-VIRULEX-outputs/02_SVIS-RULEX/covid_ct_run/exact_sequence/outputs/augmented_train_images/COVID/2020.02.25.20021568-p24-111%3_aug_0083.png,/Users/samehissa/Downloads/SS-VIRULEX-outputs/02_SVIS-RULEX/covid_ct_run/exact_sequence/outputs/augmented_train_images/COVID/2020.02.25.20021568-p24-111%3_aug_0083.png,augmented,/Users/samehissa/Downloads/COVID-CT-Dataset-master/Images-processed/CT_COVID/2020.02.25.20021568-p24-111%3.png,2020.02.25.20021568-p24-111%3.png,1,1,1,0,1,1,1,1,1,0.00018540562,0.99981457,1,0.36851612,0.46059796,0.7372522,0.663759,0.81996727,0.46287623,0.5510827,0.72315276,0.70917463,0.7439014,1,1,1,0,1,1,1,1
covid_2020_02_25_20021568_p24_111_4_aug_0084,2020.02.25.20021568-p24-111%4_aug_0084.png,COVID,1,train,/Users/samehissa/Downloads/SS-VIRULEX-outputs/02_SVIS-RULEX/covid_ct_run/exact_sequence/outputs/augmented_train_images/COVID/2020.02.25.20021568-p24-111%4_aug_0084.png,/Users/samehissa/Downloads/SS-VIRULEX-outputs/02_SVIS-RULEX/covid_ct_run/exact_sequence/outputs/augmented_train_images/COVID/2020.02.25.20021568-p24-111%4_aug_0084.png,augmented,/Users/samehissa/Downloads/COVID-CT-Dataset-master/Images-processed/CT_COVID/2020.02.25.20021568-p24-111%4.png,2020.02.25.20021568-p24-111%4.png,1,1,1,0,1,1,1,1,1,0.025196813,0.97480315,1,0.44013408,0.4577228,0.62967277,0.531648,0.6970374,0.39332274,0.53544104,0.6404147,0.6132254,0.60094064,1,1,1,0,1,1,1,1
covid_2020_02_25_20021568_p24_111_5_aug_0085,2020.02.25.20021568-p24-111%5_aug_0085.png,COVID,1,train,/Users/samehissa/Downloads/SS-VIRULEX-outputs/02_SVIS-RULEX/covid_ct_run/exact_sequence/outputs/augmented_train_images/COVID/2020.02.25.20021568-p24-111%5_aug_0085.png,/Users/samehissa/Downloads/SS-VIRULEX-outputs/02_SVIS-RULEX/covid_ct_run/exact_sequence/outputs/augmented_train_images/COVID/2020.02.25.20021568-p24-111%5_aug_0085.png,augmented,/Users/samehissa/Downloads/COVID-CT-Dataset-master/Images-processed/CT_COVID/2020.02.25.20021568-p24-111%5.png,2020.02.25.20021568-p24-111%5.png,1,1,1,0,1,1,1,1,1,0.0072465064,0.99275345,1,0.4268161,0.4624629,0.62171406,0.5908479,0.6772243,0.4811318,0.51174444,0.6118037,0.60481775,0.6232429,1,1,1,0,1,1,1,1
covid_2020_02_25_20021568_p24_111_6_aug_0086,2020.02.25.20021568-p24-111%6_aug_0086.png,COVID,1,train,/Users/samehissa/Downloads/SS-VIRULEX-outputs/02_SVIS-RULEX/covid_ct_run/exact_sequence/outputs/augmented_train_images/COVID/2020.02.25.20021568-p24-111%6_aug_0086.png,/Users/samehissa/Downloads/SS-VIRULEX-outputs/02_SVIS-RULEX/covid_ct_run/exact_sequence/outputs/augmented_train_images/COVID/2020.02.25.20021568-p24-111%6_aug_0086.png,augmented,/Users/samehissa/Downloads/COVID-CT-Dataset-master/Images-processed/CT_COVID/2020.02.25.20021568-p24-111%6.png,2020.02.25.20021568-p24-111%6.png,1,1,1,0,1,1,1,1,1,0.01103431,0.98896575,1,0.42976904,0.46145013,0.61491627,0.5846093,0.66919184,0.48378637,0.50990653,0.6055459,0.6028141,0.6180251,1,1,1,0,1,1,1,1
covid_2020_02_25_20021568_p24_111_7_aug_0087,2020.02.25.20021568-p24-111%7_aug_0087.png,COVID,1,train,/Users/samehissa/Downloads/SS-VIRULEX-outputs/02_SVIS-RULEX/covid_ct_run/exact_sequence/outputs/augmented_train_images/COVID/2020.02.25.20021568-p24-111%7_aug_0087.png,/Users/samehissa/Downloads/SS-VIRULEX-outputs/02_SVIS-RULEX/covid_ct_run/exact_sequence/outputs/augmented_train_images/COVID/2020.02.25.20021568-p24-111%7_aug_0087.png,augmented,/Users/samehissa/Downloads/COVID-CT-Dataset-master/Images-processed/CT_COVID/2020.02.25.20021568-p24-111%7.png,2020.02.25.20021568-p24-111%7.png,1,1,1,0,1,1,1,1,1,1.3384878e-05,0.99998665,1,0.35438776,0.45798793,0.74778056,0.6829661,0.84641063,0.46178266,0.55884147,0.74408287,0.7456645,0.7658668,1,1,1,0,1,1,1,1
covid_2020_02_25_20021568_p24_111_8_aug_0088,2020.02.25.20021568-p24-111%8_aug_0088.png,COVID,1,train,/Users/samehissa/Downloads/SS-VIRULEX-outputs/02_SVIS-RULEX/covid_ct_run/exact_sequence/outputs/augmented_train_images/COVID/2020.02.25.20021568-p24-111%8_aug_0088.png,/Users/samehissa/Downloads/SS-VIRULEX-outputs/02_SVIS-RULEX/covid_ct_run/exact_sequence/outputs/augmented_train_images/COVID/2020.02.25.20021568-p24-111%8_aug_0088.png,augmented,/Users/samehissa/Downloads/COVID-CT-Dataset-master/Images-processed/CT_COVID/2020.02.25.20021568-p24-111%8.png,2020.02.25.20021568-p24-111%8.png,1,1,1,0,1,1,1,1,1,0.023071492,0.97692853,1,0.43418622,0.45822775,0.60348237,0.562463,0.67883396,0.44505474,0.5286558,0.61434364,0.60932285,0.62065035,1,1,1,0,1,1,1,1
covid_2020_02_25_20021568_p24_111_9_aug_0089,2020.02.25.20021568-p24-111%9_aug_0089.png,COVID,1,train,/Users/samehissa/Downloads/SS-VIRULEX-outputs/02_SVIS-RULEX/covid_ct_run/exact_sequence/outputs/augmented_train_images/COVID/2020.02.25.20021568-p24-111%9_aug_0089.png,/Users/samehissa/Downloads/SS-VIRULEX-outputs/02_SVIS-RULEX/covid_ct_run/exact_sequence/outputs/augmented_train_images/COVID/2020.02.25.20021568-p24-111%9_aug_0089.png,augmented,/Users/samehissa/Downloads/COVID-CT-Dataset-master/Images-processed/CT_COVID/2020.02.25.20021568-p24-111%9.png,2020.02.25.20021568-p24-111%9.png,1,1,1,0,1,1,1,1,1,1.9005452e-05,0.99998105,1,0.358052,0.45497108,0.75433594,0.6805542,0.8598403,0.44588378,0.5570894,0.74716324,0.75046474,0.7639652,1,1,1,0,1,1,1,1
covid_2020_02_25_20027763_p15_53_0_aug_0090,2020.02.25.20027763-p15-53%0_aug_0090.png,COVID,1,train,/Users/samehissa/Downloads/SS-VIRULEX-outputs/02_SVIS-RULEX/covid_ct_run/exact_sequence/outputs/augmented_train_images/COVID/2020.02.25.20027763-p15-53%0_aug_0090.png,/Users/samehissa/Downloads/SS-VIRULEX-outputs/02_SVIS-RULEX/covid_ct_run/exact_sequence/outputs/augmented_train_images/COVID/2020.02.25.20027763-p15-53%0_aug_0090.png,augmented,/Users/samehissa/Downloads/COVID-CT-Dataset-master/Images-processed/CT_COVID/2020.02.25.20027763-p15-53%0.png,2020.02.25.20027763-p15-53%0.png,1,1,1,0,1,1,1,1,1,0.0025916398,0.99740833,1,0.40117067,0.47011667,0.69429314,0.6208647,0.7505216,0.46915805,0.52892685,0.66866916,0.64740324,0.68738395,1,1,1,0,1,1,1,1
covid_2020_02_25_20027763_p15_53_1_aug_0091,2020.02.25.20027763-p15-53%1_aug_0091.png,COVID,1,train,/Users/samehissa/Downloads/SS-VIRULEX-outputs/02_SVIS-RULEX/covid_ct_run/exact_sequence/outputs/augmented_train_images/COVID/2020.02.25.20027763-p15-53%1_aug_0091.png,/Users/samehissa/Downloads/SS-VIRULEX-outputs/02_SVIS-RULEX/covid_ct_run/exact_sequence/outputs/augmented_train_images/COVID/2020.02.25.20027763-p15-53%1_aug_0091.png,augmented,/Users/samehissa/Downloads/COVID-CT-Dataset-master/Images-processed/CT_COVID/2020.02.25.20027763-p15-53%1.png,2020.02.25.20027763-p15-53%1.png,1,1,1,0,1,1,1,1,1,0.0019233669,0.9980767,1,0.40076417,0.46959996,0.6903893,0.61822134,0.75011206,0.47068098,0.53040004,0.6721582,0.6521497,0.6847335,1,1,1,0,1,1,1,1
covid_2020_02_26_20026989_p34_114_1_0_aug_0092,2020.02.26.20026989-p34-114_1%0_aug_0092.png,COVID,1,train,/Users/samehissa/Downloads/SS-VIRULEX-outputs/02_SVIS-RULEX/covid_ct_run/exact_sequence/outputs/augmented_train_images/COVID/2020.02.26.20026989-p34-114_1%0_aug_0092.png,/Users/samehissa/Downloads/SS-VIRULEX-outputs/02_SVIS-RULEX/covid_ct_run/exact_sequence/outputs/augmented_train_images/COVID/2020.02.26.20026989-p34-114_1%0_aug_0092.png,augmented,/Users/samehissa/Downloads/COVID-CT-Dataset-master/Images-processed/CT_COVID/2020.02.26.20026989-p34-114_1%0.png,2020.02.26.20026989-p34-114_1%0.png,1,1,1,1,1,1,1,1,0,0.99883634,0.0011636257,0,0.46985304,0.38578656,0.63120764,0.53014696,0.65381545,0.28100497,0.79665786,0.6466897,0.6109321,0.45691538,1,1,1,0,1,1,1,0
covid_2020_02_26_20026989_p34_114_1_1_aug_0093,2020.02.26.20026989-p34-114_1%1_aug_0093.png,COVID,1,train,/Users/samehissa/Downloads/SS-VIRULEX-outputs/02_SVIS-RULEX/covid_ct_run/exact_sequence/outputs/augmented_train_images/COVID/2020.02.26.20026989-p34-114_1%1_aug_0093.png,/Users/samehissa/Downloads/SS-VIRULEX-outputs/02_SVIS-RULEX/covid_ct_run/exact_sequence/outputs/augmented_train_images/COVID/2020.02.26.20026989-p34-114_1%1_aug_0093.png,augmented,/Users/samehissa/Downloads/COVID-CT-Dataset-master/Images-processed/CT_COVID/2020.02.26.20026989-p34-114_1%1.png,2020.02.26.20026989-p34-114_1%1.png,1,1,1,1,1,1,1,1,0,0.89762586,0.10237419,0,0.4803279,0.42315912,0.5734587,0.46979475,0.64447796,0.30936304,0.5763931,0.653283,0.6139976,0.5587307,1,0,1,0,1,1,1,1
covid_2020_02_26_20026989_p34_114_2_0_aug_0094,2020.02.26.20026989-p34-114_2%0_aug_0094.png,COVID,1,train,/Users/samehissa/Downloads/SS-VIRULEX-outputs/02_SVIS-RULEX/covid_ct_run/exact_sequence/outputs/augmented_train_images/COVID/2020.02.26.20026989-p34-114_2%0_aug_0094.png,/Users/samehissa/Downloads/SS-VIRULEX-outputs/02_SVIS-RULEX/covid_ct_run/exact_sequence/outputs/augmented_train_images/COVID/2020.02.26.20026989-p34-114_2%0_aug_0094.png,augmented,/Users/samehissa/Downloads/COVID-CT-Dataset-master/Images-processed/CT_COVID/2020.02.26.20026989-p34-114_2%0.png,2020.02.26.20026989-p34-114_2%0.png,1,1,1,0,1,1,1,1,1,0.1567656,0.8432344,0,0.46073315,0.45537162,0.6148955,0.5044943,0.6894511,0.3637676,0.5545989,0.6460726,0.5925587,0.57646936,1,1,1,0,1,1,1,1
covid_2020_02_26_20026989_p34_114_2_1_aug_0095,2020.02.26.20026989-p34-114_2%1_aug_0095.png,COVID,1,train,/Users/samehissa/Downloads/SS-VIRULEX-outputs/02_SVIS-RULEX/covid_ct_run/exact_sequence/outputs/augmented_train_images/COVID/2020.02.26.20026989-p34-114_2%1_aug_0095.png,/Users/samehissa/Downloads/SS-VIRULEX-outputs/02_SVIS-RULEX/covid_ct_run/exact_sequence/outputs/augmented_train_images/COVID/2020.02.26.20026989-p34-114_2%1_aug_0095.png,augmented,/Users/samehissa/Downloads/COVID-CT-Dataset-master/Images-processed/CT_COVID/2020.02.26.20026989-p34-114_2%1.png,2020.02.26.20026989-p34-114_2%1.png,1,1,1,1,1,1,1,1,1,0.1951367,0.8048633,0,0.4586811,0.451962,0.5435458,0.5381101,0.634224,0.4482442,0.5366802,0.58582854,0.5927426,0.5626965,1,1,1,0,1,1,1,1
covid_2020_02_26_20027938_p6_80_1_0_aug_0096,2020.02.26.20027938-p6-80_1%0_aug_0096.png,COVID,1,train,/Users/samehissa/Downloads/SS-VIRULEX-outputs/02_SVIS-RULEX/covid_ct_run/exact_sequence/outputs/augmented_train_images/COVID/2020.02.26.20027938-p6-80_1%0_aug_0096.png,/Users/samehissa/Downloads/SS-VIRULEX-outputs/02_SVIS-RULEX/covid_ct_run/exact_sequence/outputs/augmented_train_images/COVID/2020.02.26.20027938-p6-80_1%0_aug_0096.png,augmented,/Users/samehissa/Downloads/COVID-CT-Dataset-master/Images-processed/CT_COVID/2020.02.26.20027938-p6-80_1%0.png,2020.02.26.20027938-p6-80_1%0.png,1,0,1,0,1,1,1,1,1,0.00020003294,0.9998,1,0.38984382,0.46647435,0.69657075,0.631808,0.7799982,0.4667158,0.53352565,0.6870055,0.6849589,0.7108311,1,1,1,0,1,1,1,1
covid_2020_02_26_20027938_p6_80_1_1_aug_0097,2020.02.26.20027938-p6-80_1%1_aug_0097.png,COVID,1,train,/Users/samehissa/Downloads/SS-VIRULEX-outputs/02_SVIS-RULEX/covid_ct_run/exact_sequence/outputs/augmented_train_images/COVID/2020.02.26.20027938-p6-80_1%1_aug_0097.png,/Users/samehissa/Downloads/SS-VIRULEX-outputs/02_SVIS-RULEX/covid_ct_run/exact_sequence/outputs/augmented_train_images/COVID/2020.02.26.20027938-p6-80_1%1_aug_0097.png,augmented,/Users/samehissa/Downloads/COVID-CT-Dataset-master/Images-processed/CT_COVID/2020.02.26.20027938-p6-80_1%1.png,2020.02.26.20027938-p6-80_1%1.png,1,1,1,0,1,1,1,1,1,0.002483695,0.9975163,1,0.41452703,0.4642313,0.67968565,0.5910545,0.72639143,0.46614006,0.51706386,0.6447513,0.63632756,0.6713886,1,1,1,0,1,1,1,1
covid_2020_02_26_20027938_p6_80_2_0_aug_0098,2020.02.26.20027938-p6-80_2%0_aug_0098.png,COVID,1,train,/Users/samehissa/Downloads/SS-VIRULEX-outputs/02_SVIS-RULEX/covid_ct_run/exact_sequence/outputs/augmented_train_images/COVID/2020.02.26.20027938-p6-80_2%0_aug_0098.png,/Users/samehissa/Downloads/SS-VIRULEX-outputs/02_SVIS-RULEX/covid_ct_run/exact_sequence/outputs/augmented_train_images/COVID/2020.02.26.20027938-p6-80_2%0_aug_0098.png,augmented,/Users/samehissa/Downloads/COVID-CT-Dataset-master/Images-processed/CT_COVID/2020.02.26.20027938-p6-80_2%0.png,2020.02.26.20027938-p6-80_2%0.png,1,1,1,0,1,1,1,1,1,0.0056406753,0.9943593,1,0.41371176,0.46300888,0.67699593,0.5946015,0.76528007,0.43377626,0.5424972,0.66047204,0.6629887,0.67438775,1,1,1,0,1,1,1,1
covid_2020_02_26_20027938_p6_80_2_1_aug_0099,2020.02.26.20027938-p6-80_2%1_aug_0099.png,COVID,1,train,/Users/samehissa/Downloads/SS-VIRULEX-outputs/02_SVIS-RULEX/covid_ct_run/exact_sequence/outputs/augmented_train_images/COVID/2020.02.26.20027938-p6-80_2%1_aug_0099.png,/Users/samehissa/Downloads/SS-VIRULEX-outputs/02_SVIS-RULEX/covid_ct_run/exact_sequence/outputs/augmented_train_images/COVID/2020.02.26.20027938-p6-80_2%1_aug_0099.png,augmented,/Users/samehissa/Downloads/COVID-CT-Dataset-master/Images-processed/CT_COVID/2020.02.26.20027938-p6-80_2%1.png,2020.02.26.20027938-p6-80_2%1.png,1,1,1,0,1,1,1,1,0,0.82928956,0.17071046,0,0.48920977,0.4348691,0.5371714,0.5107902,0.6314938,0.34770867,0.6341422,0.62916434,0.5867487,0.52787966,1,1,1,0,1,1,1,1
covid_2020_02_26_20027938_p6_80_3_0_aug_0100,2020.02.26.20027938-p6-80_3%0_aug_0100.png,COVID,1,train,/Users/samehissa/Downloads/SS-VIRULEX-outputs/02_SVIS-RULEX/covid_ct_run/exact_sequence/outputs/augmented_train_images/COVID/2020.02.26.20027938-p6-80_3%0_aug_0100.png,/Users/samehissa/Downloads/SS-VIRULEX-outputs/02_SVIS-RULEX/covid_ct_run/exact_sequence/outputs/augmented_train_images/COVID/2020.02.26.20027938-p6-80_3%0_aug_0100.png,augmented,/Users/samehissa/Downloads/COVID-CT-Dataset-master/Images-processed/CT_COVID/2020.02.26.20027938-p6-80_3%0.png,2020.02.26.20027938-p6-80_3%0.png,1,1,1,0,1,1,1,1,1,0.0021704815,0.9978295,1,0.4052133,0.4705933,0.6718724,0.61677283,0.7442559,0.47077966,0.5260189,0.6601658,0.6535774,0.6796134,1,1,1,0,1,1,1,1
covid_2020_02_26_20027938_p6_80_3_1_aug_0101,2020.02.26.20027938-p6-80_3%1_aug_0101.png,COVID,1,train,/Users/samehissa/Downloads/SS-VIRULEX-outputs/02_SVIS-RULEX/covid_ct_run/exact_sequence/outputs/augmented_train_images/COVID/2020.02.26.20027938-p6-80_3%1_aug_0101.png,/Users/samehissa/Downloads/SS-VIRULEX-outputs/02_SVIS-RULEX/covid_ct_run/exact_sequence/outputs/augmented_train_images/COVID/2020.02.26.20027938-p6-80_3%1_aug_0101.png,augmented,/Users/samehissa/Downloads/COVID-CT-Dataset-master/Images-processed/CT_COVID/2020.02.26.20027938-p6-80_3%1.png,2020.02.26.20027938-p6-80_3%1.png,1,1,1,0,1,1,1,1,1,0.015296533,0.9847035,1,0.42574692,0.45602882,0.66994727,0.5510414,0.75547034,0.41416815,0.5534185,0.6542281,0.6772817,0.6600434,1,1,1,0,1,1,1,1
covid_2020_02_27_20027557_p25_137_0_aug_0102,2020.02.27.20027557-p25-137%0_aug_0102.png,COVID,1,train,/Users/samehissa/Downloads/SS-VIRULEX-outputs/02_SVIS-RULEX/covid_ct_run/exact_sequence/outputs/augmented_train_images/COVID/2020.02.27.20027557-p25-137%0_aug_0102.png,/Users/samehissa/Downloads/SS-VIRULEX-outputs/02_SVIS-RULEX/covid_ct_run/exact_sequence/outputs/augmented_train_images/COVID/2020.02.27.20027557-p25-137%0_aug_0102.png,augmented,/Users/samehissa/Downloads/COVID-CT-Dataset-master/Images-processed/CT_COVID/2020.02.27.20027557-p25-137%0.png,2020.02.27.20027557-p25-137%0.png,1,1,1,0,1,1,1,1,1,0.16967623,0.83032376,1,0.4452567,0.4548792,0.59701085,0.54819876,0.64901286,0.43899995,0.5197841,0.602675,0.57645994,0.58594424,1,1,1,0,1,1,1,1
covid_2020_02_27_20027557_p25_137_1_aug_0103,2020.02.27.20027557-p25-137%1_aug_0103.png,COVID,1,train,/Users/samehissa/Downloads/SS-VIRULEX-outputs/02_SVIS-RULEX/covid_ct_run/exact_sequence/outputs/augmented_train_images/COVID/2020.02.27.20027557-p25-137%1_aug_0103.png,/Users/samehissa/Downloads/SS-VIRULEX-outputs/02_SVIS-RULEX/covid_ct_run/exact_sequence/outputs/augmented_train_images/COVID/2020.02.27.20027557-p25-137%1_aug_0103.png,augmented,/Users/samehissa/Downloads/COVID-CT-Dataset-master/Images-processed/CT_COVID/2020.02.27.20027557-p25-137%1.png,2020.02.27.20027557-p25-137%1.png,1,0,1,0,1,1,1,1,1,0.04609425,0.95390576,1,0.42479354,0.46175316,0.6484082,0.55789596,0.71457434,0.42990485,0.5356046,0.63728434,0.6331424,0.6554204,1,1,1,0,1,1,1,1
covid_2020_02_27_20027557_p25_137_2_aug_0104,2020.02.27.20027557-p25-137%2_aug_0104.png,COVID,1,train,/Users/samehissa/Downloads/SS-VIRULEX-outputs/02_SVIS-RULEX/covid_ct_run/exact_sequence/outputs/augmented_train_images/COVID/2020.02.27.20027557-p25-137%2_aug_0104.png,/Users/samehissa/Downloads/SS-VIRULEX-outputs/02_SVIS-RULEX/covid_ct_run/exact_sequence/outputs/augmented_train_images/COVID/2020.02.27.20027557-p25-137%2_aug_0104.png,augmented,/Users/samehissa/Downloads/COVID-CT-Dataset-master/Images-processed/CT_COVID/2020.02.27.20027557-p25-137%2.png,2020.02.27.20027557-p25-137%2.png,1,0,1,0,1,1,1,1,1,0.33065346,0.6693466,0,0.47015232,0.451966,0.5294718,0.5145294,0.60783947,0.40408042,0.53867775,0.5973618,0.5636367,0.548034,1,1,1,0,1,1,1,1
covid_2020_02_27_20027557_p25_137_3_aug_0105,2020.02.27.20027557-p25-137%3_aug_0105.png,COVID,1,train,/Users/samehissa/Downloads/SS-VIRULEX-outputs/02_SVIS-RULEX/covid_ct_run/exact_sequence/outputs/augmented_train_images/COVID/2020.02.27.20027557-p25-137%3_aug_0105.png,/Users/samehissa/Downloads/SS-VIRULEX-outputs/02_SVIS-RULEX/covid_ct_run/exact_sequence/outputs/augmented_train_images/COVID/2020.02.27.20027557-p25-137%3_aug_0105.png,augmented,/Users/samehissa/Downloads/COVID-CT-Dataset-master/Images-processed/CT_COVID/2020.02.27.20027557-p25-137%3.png,2020.02.27.20027557-p25-137%3.png,1,0,1,0,1,1,1,1,1,0.0036036836,0.99639636,1,0.40532267,0.46644455,0.65776545,0.6256447,0.7329026,0.47597829,0.53355545,0.6642152,0.6548684,0.6577195,1,1,1,0,1,1,1,1
covid_2020_02_27_20027557_p25_137_4_aug_0106,2020.02.27.20027557-p25-137%4_aug_0106.png,COVID,1,train,/Users/samehissa/Downloads/SS-VIRULEX-outputs/02_SVIS-RULEX/covid_ct_run/exact_sequence/outputs/augmented_train_images/COVID/2020.02.27.20027557-p25-137%4_aug_0106.png,/Users/samehissa/Downloads/SS-VIRULEX-outputs/02_SVIS-RULEX/covid_ct_run/exact_sequence/outputs/augmented_train_images/COVID/2020.02.27.20027557-p25-137%4_aug_0106.png,augmented,/Users/samehissa/Downloads/COVID-CT-Dataset-master/Images-processed/CT_COVID/2020.02.27.20027557-p25-137%4.png,2020.02.27.20027557-p25-137%4.png,1,1,1,0,1,1,1,1,1,0.02076818,0.97923183,1,0.43073532,0.45974377,0.60231423,0.5998426,0.65873367,0.4821186,0.51211303,0.5992576,0.5949187,0.60097915,1,1,1,0,1,1,1,1
covid_2020_02_28_20029025_p23_182_aug_0107,2020.02.28.20029025-p23-182_aug_0107.png,COVID,1,train,/Users/samehissa/Downloads/SS-VIRULEX-outputs/02_SVIS-RULEX/covid_ct_run/exact_sequence/outputs/augmented_train_images/COVID/2020.02.28.20029025-p23-182_aug_0107.png,/Users/samehissa/Downloads/SS-VIRULEX-outputs/02_SVIS-RULEX/covid_ct_run/exact_sequence/outputs/augmented_train_images/COVID/2020.02.28.20029025-p23-182_aug_0107.png,augmented,/Users/samehissa/Downloads/COVID-CT-Dataset-master/Images-processed/CT_COVID/2020.02.28.20029025-p23-182.png,2020.02.28.20029025-p23-182.png,1,1,1,0,1,1,1,1,1,0.0027759916,0.997224,1,0.41363296,0.46793824,0.66222155,0.60027,0.72016966,0.4752049,0.51818794,0.6429883,0.6347821,0.6636881,1,1,1,0,1,1,1,1
covid_2020_02_28_20029025_p23_183_aug_0108,2020.02.28.20029025-p23-183_aug_0108.png,COVID,1,train,/Users/samehissa/Downloads/SS-VIRULEX-outputs/02_SVIS-RULEX/covid_ct_run/exact_sequence/outputs/augmented_train_images/COVID/2020.02.28.20029025-p23-183_aug_0108.png,/Users/samehissa/Downloads/SS-VIRULEX-outputs/02_SVIS-RULEX/covid_ct_run/exact_sequence/outputs/augmented_train_images/COVID/2020.02.28.20029025-p23-183_aug_0108.png,augmented,/Users/samehissa/Downloads/COVID-CT-Dataset-master/Images-processed/CT_COVID/2020.02.28.20029025-p23-183.png,2020.02.28.20029025-p23-183.png,1,1,1,0,1,1,1,1,1,0.2262766,0.7737234,0,0.46877417,0.45285782,0.5762528,0.49775234,0.636972,0.36910447,0.5649849,0.6224567,0.59555346,0.5681061,1,0,1,0,1,1,1,1
covid_2020_03_01_20029769_p21_73_1_0_aug_0109,2020.03.01.20029769-p21-73_1%0_aug_0109.png,COVID,1,train,/Users/samehissa/Downloads/SS-VIRULEX-outputs/02_SVIS-RULEX/covid_ct_run/exact_sequence/outputs/augmented_train_images/COVID/2020.03.01.20029769-p21-73_1%0_aug_0109.png,/Users/samehissa/Downloads/SS-VIRULEX-outputs/02_SVIS-RULEX/covid_ct_run/exact_sequence/outputs/augmented_train_images/COVID/2020.03.01.20029769-p21-73_1%0_aug_0109.png,augmented,/Users/samehissa/Downloads/COVID-CT-Dataset-master/Images-processed/CT_COVID/2020.03.01.20029769-p21-73_1%0.png,2020.03.01.20029769-p21-73_1%0.png,1,1,1,0,1,1,1,1,1,0.07639714,0.9236028,1,0.4527465,0.4553978,0.630121,0.49943346,0.7013684,0.3163948,0.5563454,0.6723318,0.61162114,0.5735921,1,0,1,0,1,1,1,1
covid_2020_03_01_20029769_p21_73_1_1_aug_0110,2020.03.01.20029769-p21-73_1%1_aug_0110.png,COVID,1,train,/Users/samehissa/Downloads/SS-VIRULEX-outputs/02_SVIS-RULEX/covid_ct_run/exact_sequence/outputs/augmented_train_images/COVID/2020.03.01.20029769-p21-73_1%1_aug_0110.png,/Users/samehissa/Downloads/SS-VIRULEX-outputs/02_SVIS-RULEX/covid_ct_run/exact_sequence/outputs/augmented_train_images/COVID/2020.03.01.20029769-p21-73_1%1_aug_0110.png,augmented,/Users/samehissa/Downloads/COVID-CT-Dataset-master/Images-processed/CT_COVID/2020.03.01.20029769-p21-73_1%1.png,2020.03.01.20029769-p21-73_1%1.png,1,1,1,1,1,1,1,1,1,0.12100593,0.8789941,1,0.44929639,0.45644996,0.636742,0.5229958,0.69304657,0.39477652,0.5415642,0.62377673,0.6137407,0.58786297,1,1,1,0,1,1,1,1
covid_2020_03_01_20029769_p21_73_1_2_aug_0111,2020.03.01.20029769-p21-73_1%2_aug_0111.png,COVID,1,train,/Users/samehissa/Downloads/SS-VIRULEX-outputs/02_SVIS-RULEX/covid_ct_run/exact_sequence/outputs/augmented_train_images/COVID/2020.03.01.20029769-p21-73_1%2_aug_0111.png,/Users/samehissa/Downloads/SS-VIRULEX-outputs/02_SVIS-RULEX/covid_ct_run/exact_sequence/outputs/augmented_train_images/COVID/2020.03.01.20029769-p21-73_1%2_aug_0111.png,augmented,/Users/samehissa/Downloads/COVID-CT-Dataset-master/Images-processed/CT_COVID/2020.03.01.20029769-p21-73_1%2.png,2020.03.01.20029769-p21-73_1%2.png,1,1,1,0,1,1,1,1,0,0.91446763,0.08553243,0,0.47352627,0.3802928,0.59217393,0.51340425,0.6361912,0.27369818,0.7233288,0.66201884,0.6173024,0.51464707,1,1,1,0,1,1,1,1
covid_2020_03_01_20029769_p21_73_2_0_aug_0112,2020.03.01.20029769-p21-73_2%0_aug_0112.png,COVID,1,train,/Users/samehissa/Downloads/SS-VIRULEX-outputs/02_SVIS-RULEX/covid_ct_run/exact_sequence/outputs/augmented_train_images/COVID/2020.03.01.20029769-p21-73_2%0_aug_0112.png,/Users/samehissa/Downloads/SS-VIRULEX-outputs/02_SVIS-RULEX/covid_ct_run/exact_sequence/outputs/augmented_train_images/COVID/2020.03.01.20029769-p21-73_2%0_aug_0112.png,augmented,/Users/samehissa/Downloads/COVID-CT-Dataset-master/Images-processed/CT_COVID/2020.03.01.20029769-p21-73_2%0.png,2020.03.01.20029769-p21-73_2%0.png,1,1,1,1,1,1,1,1,1,0.00040668398,0.9995933,1,0.38775313,0.46398622,0.71214646,0.63748085,0.7812583,0.46675476,0.5374953,0.6916133,0.67408717,0.71185213,1,1,1,0,1,1,1,1
covid_2020_03_01_20029769_p21_73_2_1_aug_0113,2020.03.01.20029769-p21-73_2%1_aug_0113.png,COVID,1,train,/Users/samehissa/Downloads/SS-VIRULEX-outputs/02_SVIS-RULEX/covid_ct_run/exact_sequence/outputs/augmented_train_images/COVID/2020.03.01.20029769-p21-73_2%1_aug_0113.png,/Users/samehissa/Downloads/SS-VIRULEX-outputs/02_SVIS-RULEX/covid_ct_run/exact_sequence/outputs/augmented_train_images/COVID/2020.03.01.20029769-p21-73_2%1_aug_0113.png,augmented,/Users/samehissa/Downloads/COVID-CT-Dataset-master/Images-processed/CT_COVID/2020.03.01.20029769-p21-73_2%1.png,2020.03.01.20029769-p21-73_2%1.png,1,1,1,0,1,1,1,1,1,0.02023897,0.979761,1,0.42767808,0.45495382,0.67406774,0.5517788,0.69881785,0.43681923,0.5195017,0.6282947,0.61272186,0.62838286,1,1,1,0,1,1,1,1
covid_2020_03_01_20029769_p21_73_2_2_aug_0114,2020.03.01.20029769-p21-73_2%2_aug_0114.png,COVID,1,train,/Users/samehissa/Downloads/SS-VIRULEX-outputs/02_SVIS-RULEX/covid_ct_run/exact_sequence/outputs/augmented_train_images/COVID/2020.03.01.20029769-p21-73_2%2_aug_0114.png,/Users/samehissa/Downloads/SS-VIRULEX-outputs/02_SVIS-RULEX/covid_ct_run/exact_sequence/outputs/augmented_train_images/COVID/2020.03.01.20029769-p21-73_2%2_aug_0114.png,augmented,/Users/samehissa/Downloads/COVID-CT-Dataset-master/Images-processed/CT_COVID/2020.03.01.20029769-p21-73_2%2.png,2020.03.01.20029769-p21-73_2%2.png,0,1,1,1,1,1,1,1,1,0.010130976,0.989869,1,0.4030612,0.46806607,0.70645636,0.6093233,0.77344316,0.4385338,0.53711104,0.67715394,0.66245866,0.6763124,1,1,1,0,1,1,1,1
covid_2020_03_01_20029769_p21_73_3_aug_0115,2020.03.01.20029769-p21-73_3_aug_0115.png,COVID,1,train,/Users/samehissa/Downloads/SS-VIRULEX-outputs/02_SVIS-RULEX/covid_ct_run/exact_sequence/outputs/augmented_train_images/COVID/2020.03.01.20029769-p21-73_3_aug_0115.png,/Users/samehissa/Downloads/SS-VIRULEX-outputs/02_SVIS-RULEX/covid_ct_run/exact_sequence/outputs/augmented_train_images/COVID/2020.03.01.20029769-p21-73_3_aug_0115.png,augmented,/Users/samehissa/Downloads/COVID-CT-Dataset-master/Images-processed/CT_COVID/2020.03.01.20029769-p21-73_3.png,2020.03.01.20029769-p21-73_3.png,1,1,1,1,1,1,1,1,1,0.24864931,0.7513507,0,0.47582498,0.45189133,0.62079585,0.48749992,0.65474993,0.3477323,0.56687856,0.63850164,0.5804831,0.56223845,1,0,1,0,1,1,1,1
covid_2020_03_01_20029769_p21_73_4_aug_0116,2020.03.01.20029769-p21-73_4_aug_0116.png,COVID,1,train,/Users/samehissa/Downloads/SS-VIRULEX-outputs/02_SVIS-RULEX/covid_ct_run/exact_sequence/outputs/augmented_train_images/COVID/2020.03.01.20029769-p21-73_4_aug_0116.png,/Users/samehissa/Downloads/SS-VIRULEX-outputs/02_SVIS-RULEX/covid_ct_run/exact_sequence/outputs/augmented_train_images/COVID/2020.03.01.20029769-p21-73_4_aug_0116.png,augmented,/Users/samehissa/Downloads/COVID-CT-Dataset-master/Images-processed/CT_COVID/2020.03.01.20029769-p21-73_4.png,2020.03.01.20029769-p21-73_4.png,1,1,1,0,1,1,1,1,1,0.3052697,0.69473034,0,0.4656453,0.4536217,0.58457565,0.5033181,0.66419333,0.3629636,0.54815465,0.6244951,0.60841584,0.5578558,1,1,1,0,1,1,1,1
covid_2020_03_03_20030353_p17_106_0_aug_0117,2020.03.03.20030353-p17-106%0_aug_0117.png,COVID,1,train,/Users/samehissa/Downloads/SS-VIRULEX-outputs/02_SVIS-RULEX/covid_ct_run/exact_sequence/outputs/augmented_train_images/COVID/2020.03.03.20030353-p17-106%0_aug_0117.png,/Users/samehissa/Downloads/SS-VIRULEX-outputs/02_SVIS-RULEX/covid_ct_run/exact_sequence/outputs/augmented_train_images/COVID/2020.03.03.20030353-p17-106%0_aug_0117.png,augmented,/Users/samehissa/Downloads/COVID-CT-Dataset-master/Images-processed/CT_COVID/2020.03.03.20030353-p17-106%0.png,2020.03.03.20030353-p17-106%0.png,1,0,1,0,1,1,1,1,1,0.0009082906,0.99909174,1,0.3869859,0.4607552,0.7069744,0.6425567,0.78389204,0.46629786,0.5408536,0.6951122,0.67966783,0.70708454,1,1,1,0,1,1,1,1
covid_2020_03_03_20030353_p17_106_1_aug_0118,2020.03.03.20030353-p17-106%1_aug_0118.png,COVID,1,train,/Users/samehissa/Downloads/SS-VIRULEX-outputs/02_SVIS-RULEX/covid_ct_run/exact_sequence/outputs/augmented_train_images/COVID/2020.03.03.20030353-p17-106%1_aug_0118.png,/Users/samehissa/Downloads/SS-VIRULEX-outputs/02_SVIS-RULEX/covid_ct_run/exact_sequence/outputs/augmented_train_images/COVID/2020.03.03.20030353-p17-106%1_aug_0118.png,augmented,/Users/samehissa/Downloads/COVID-CT-Dataset-master/Images-processed/CT_COVID/2020.03.03.20030353-p17-106%1.png,2020.03.03.20030353-p17-106%1.png,1,1,1,0,1,1,1,1,1,0.0001818344,0.99981815,1,0.37266198,0.46077612,0.73022306,0.65989816,0.8117704,0.46432018,0.54867566,0.71634185,0.7019859,0.735752,1,1,1,0,1,1,1,1
covid_2020_03_03_20030353_p17_106_2_aug_0119,2020.03.03.20030353-p17-106%2_aug_0119.png,COVID,1,train,/Users/samehissa/Downloads/SS-VIRULEX-outputs/02_SVIS-RULEX/covid_ct_run/exact_sequence/outputs/augmented_train_images/COVID/2020.03.03.20030353-p17-106%2_aug_0119.png,/Users/samehissa/Downloads/SS-VIRULEX-outputs/02_SVIS-RULEX/covid_ct_run/exact_sequence/outputs/augmented_train_images/COVID/2020.03.03.20030353-p17-106%2_aug_0119.png,augmented,/Users/samehissa/Downloads/COVID-CT-Dataset-master/Images-processed/CT_COVID/2020.03.03.20030353-p17-106%2.png,2020.03.03.20030353-p17-106%2.png,1,0,1,1,1,1,1,1,1,0.0497445,0.9502556,1,0.43525818,0.45191753,0.65376073,0.5480825,0.7094475,0.42703503,0.5349483,0.6188206,0.623841,0.6126627,1,1,1,0,1,1,1,1
covid_2020_03_03_20030775_p10_88_0_aug_0120,2020.03.03.20030775-p10-88%0_aug_0120.png,COVID,1,train,/Users/samehissa/Downloads/SS-VIRULEX-outputs/02_SVIS-RULEX/covid_ct_run/exact_sequence/outputs/augmented_train_images/COVID/2020.03.03.20030775-p10-88%0_aug_0120.png,/Users/samehissa/Downloads/SS-VIRULEX-outputs/02_SVIS-RULEX/covid_ct_run/exact_sequence/outputs/augmented_train_images/COVID/2020.03.03.20030775-p10-88%0_aug_0120.png,augmented,/Users/samehissa/Downloads/COVID-CT-Dataset-master/Images-processed/CT_COVID/2020.03.03.20030775-p10-88%0.png,2020.03.03.20030775-p10-88%0.png,1,1,1,1,1,1,1,1,1,0.03422018,0.96577984,1,0.43877003,0.4579723,0.6288614,0.5641767,0.64000297,0.47425348,0.50189805,0.595085,0.5639834,0.59922665,1,1,1,0,1,1,1,1
covid_2020_03_03_20030775_p10_88_1_aug_0121,2020.03.03.20030775-p10-88%1_aug_0121.png,COVID,1,train,/Users/samehissa/Downloads/SS-VIRULEX-outputs/02_SVIS-RULEX/covid_ct_run/exact_sequence/outputs/augmented_train_images/COVID/2020.03.03.20030775-p10-88%1_aug_0121.png,/Users/samehissa/Downloads/SS-VIRULEX-outputs/02_SVIS-RULEX/covid_ct_run/exact_sequence/outputs/augmented_train_images/COVID/2020.03.03.20030775-p10-88%1_aug_0121.png,augmented,/Users/samehissa/Downloads/COVID-CT-Dataset-master/Images-processed/CT_COVID/2020.03.03.20030775-p10-88%1.png,2020.03.03.20030775-p10-88%1.png,1,1,1,1,1,1,1,1,1,0.00053824537,0.9994617,1,0.38195482,0.46090773,0.72896814,0.65190977,0.797154,0.4536267,0.5393122,0.7108458,0.6797705,0.70888346,1,1,1,0,1,1,1,1
covid_2020_03_03_20030775_p11_91_aug_0122,2020.03.03.20030775-p11-91_aug_0122.png,COVID,1,train,/Users/samehissa/Downloads/SS-VIRULEX-outputs/02_SVIS-RULEX/covid_ct_run/exact_sequence/outputs/augmented_train_images/COVID/2020.03.03.20030775-p11-91_aug_0122.png,/Users/samehissa/Downloads/SS-VIRULEX-outputs/02_SVIS-RULEX/covid_ct_run/exact_sequence/outputs/augmented_train_images/COVID/2020.03.03.20030775-p11-91_aug_0122.png,augmented,/Users/samehissa/Downloads/COVID-CT-Dataset-master/Images-processed/CT_COVID/2020.03.03.20030775-p11-91.png,2020.03.03.20030775-p11-91.png,1,1,1,1,1,1,1,1,1,0.0011998266,0.99880016,1,0.40287057,0.46885747,0.6815756,0.6236301,0.7437859,0.47212738,0.53114253,0.6657588,0.6459331,0.6761615,1,1,1,0,1,1,1,1
covid_2020_03_03_20030775_p12_93_0_aug_0123,2020.03.03.20030775-p12-93%0_aug_0123.png,COVID,1,train,/Users/samehissa/Downloads/SS-VIRULEX-outputs/02_SVIS-RULEX/covid_ct_run/exact_sequence/outputs/augmented_train_images/COVID/2020.03.03.20030775-p12-93%0_aug_0123.png,/Users/samehissa/Downloads/SS-VIRULEX-outputs/02_SVIS-RULEX/covid_ct_run/exact_sequence/outputs/augmented_train_images/COVID/2020.03.03.20030775-p12-93%0_aug_0123.png,augmented,/Users/samehissa/Downloads/COVID-CT-Dataset-master/Images-processed/CT_COVID/2020.03.03.20030775-p12-93%0.png,2020.03.03.20030775-p12-93%0.png,1,1,1,0,1,1,1,1,0,0.99954,0.0004600469,0,0.47267082,0.35040894,0.63558495,0.51925415,0.6617099,0.21821488,0.8086176,0.70735466,0.6216578,0.4674144,1,1,1,0,1,1,1,0
covid_2020_03_03_20030775_p12_93_1_aug_0124,2020.03.03.20030775-p12-93%1_aug_0124.png,COVID,1,train,/Users/samehissa/Downloads/SS-VIRULEX-outputs/02_SVIS-RULEX/covid_ct_run/exact_sequence/outputs/augmented_train_images/COVID/2020.03.03.20030775-p12-93%1_aug_0124.png,/Users/samehissa/Downloads/SS-VIRULEX-outputs/02_SVIS-RULEX/covid_ct_run/exact_sequence/outputs/augmented_train_images/COVID/2020.03.03.20030775-p12-93%1_aug_0124.png,augmented,/Users/samehissa/Downloads/COVID-CT-Dataset-master/Images-processed/CT_COVID/2020.03.03.20030775-p12-93%1.png,2020.03.03.20030775-p12-93%1.png,1,1,1,0,1,1,1,1,1,0.0050775213,0.99492246,1,0.41808,0.46350145,0.6660887,0.58022404,0.726036,0.45960447,0.5391227,0.63266283,0.65123785,0.65938723,1,1,1,0,1,1,1,1
covid_2020_03_04_20026005_p12_1946_0_aug_0125,2020.03.04.20026005-p12-1946%0_aug_0125.png,COVID,1,train,/Users/samehissa/Downloads/SS-VIRULEX-outputs/02_SVIS-RULEX/covid_ct_run/exact_sequence/outputs/augmented_train_images/COVID/2020.03.04.20026005-p12-1946%0_aug_0125.png,/Users/samehissa/Downloads/SS-VIRULEX-outputs/02_SVIS-RULEX/covid_ct_run/exact_sequence/outputs/augmented_train_images/COVID/2020.03.04.20026005-p12-1946%0_aug_0125.png,augmented,/Users/samehissa/Downloads/COVID-CT-Dataset-master/Images-processed/CT_COVID/2020.03.04.20026005-p12-1946%0.png,2020.03.04.20026005-p12-1946%0.png,1,1,1,0,1,1,1,1,1,0.024706284,0.97529376,1,0.41221115,0.45351058,0.70684314,0.5742977,0.751195,0.42137787,0.5393641,0.6594966,0.6495331,0.64423406,1,1,1,0,1,1,1,1
covid_2020_03_04_20026005_p12_1946_1_aug_0126,2020.03.04.20026005-p12-1946%1_aug_0126.png,COVID,1,train,/Users/samehissa/Downloads/SS-VIRULEX-outputs/02_SVIS-RULEX/covid_ct_run/exact_sequence/outputs/augmented_train_images/COVID/2020.03.04.20026005-p12-1946%1_aug_0126.png,/Users/samehissa/Downloads/SS-VIRULEX-outputs/02_SVIS-RULEX/covid_ct_run/exact_sequence/outputs/augmented_train_images/COVID/2020.03.04.20026005-p12-1946%1_aug_0126.png,augmented,/Users/samehissa/Downloads/COVID-CT-Dataset-master/Images-processed/CT_COVID/2020.03.04.20026005-p12-1946%1.png,2020.03.04.20026005-p12-1946%1.png,1,1,1,0,1,1,1,1,0,0.82965994,0.17034006,0,0.49000388,0.4244097,0.5843514,0.5045241,0.6258685,0.32059616,0.65306175,0.63498205,0.61336523,0.5347986,1,1,1,0,1,1,1,1
covid_2020_03_04_20026005_p12_1946_2_aug_0127,2020.03.04.20026005-p12-1946%2_aug_0127.png,COVID,1,train,/Users/samehissa/Downloads/SS-VIRULEX-outputs/02_SVIS-RULEX/covid_ct_run/exact_sequence/outputs/augmented_train_images/COVID/2020.03.04.20026005-p12-1946%2_aug_0127.png,/Users/samehissa/Downloads/SS-VIRULEX-outputs/02_SVIS-RULEX/covid_ct_run/exact_sequence/outputs/augmented_train_images/COVID/2020.03.04.20026005-p12-1946%2_aug_0127.png,augmented,/Users/samehissa/Downloads/COVID-CT-Dataset-master/Images-processed/CT_COVID/2020.03.04.20026005-p12-1946%2.png,2020.03.04.20026005-p12-1946%2.png,1,1,1,0,1,1,1,1,0,0.6369601,0.36303994,0,0.49092034,0.42211488,0.57240343,0.5061736,0.6277079,0.3291802,0.61701155,0.6292842,0.59636444,0.5208703,1,1,1,0,1,1,1,1
covid_2020_03_04_20026005_p12_1946_3_aug_0128,2020.03.04.20026005-p12-1946%3_aug_0128.png,COVID,1,train,/Users/samehissa/Downloads/SS-VIRULEX-outputs/02_SVIS-RULEX/covid_ct_run/exact_sequence/outputs/augmented_train_images/COVID/2020.03.04.20026005-p12-1946%3_aug_0128.png,/Users/samehissa/Downloads/SS-VIRULEX-outputs/02_SVIS-RULEX/covid_ct_run/exact_sequence/outputs/augmented_train_images/COVID/2020.03.04.20026005-p12-1946%3_aug_0128.png,augmented,/Users/samehissa/Downloads/COVID-CT-Dataset-master/Images-processed/CT_COVID/2020.03.04.20026005-p12-1946%3.png,2020.03.04.20026005-p12-1946%3.png,1,1,1,0,1,1,1,1,1,0.32001874,0.6799813,0,0.4829591,0.44351447,0.5549704,0.49550807,0.66316706,0.33971366,0.5808743,0.6362538,0.6032986,0.5579737,1,0,1,0,1,1,1,1
covid_2020_03_04_20026005_p12_1946_4_aug_0129,2020.03.04.20026005-p12-1946%4_aug_0129.png,COVID,1,train,/Users/samehissa/Downloads/SS-VIRULEX-outputs/02_SVIS-RULEX/covid_ct_run/exact_sequence/outputs/augmented_train_images/COVID/2020.03.04.20026005-p12-1946%4_aug_0129.png,/Users/samehissa/Downloads/SS-VIRULEX-outputs/02_SVIS-RULEX/covid_ct_run/exact_sequence/outputs/augmented_train_images/COVID/2020.03.04.20026005-p12-1946%4_aug_0129.png,augmented,/Users/samehissa/Downloads/COVID-CT-Dataset-master/Images-processed/CT_COVID/2020.03.04.20026005-p12-1946%4.png,2020.03.04.20026005-p12-1946%4.png,1,1,1,0,1,1,1,1,0,0.7933401,0.20665993,0,0.49009013,0.41103247,0.5586829,0.5039941,0.60762835,0.31196246,0.6442652,0.64475024,0.6162303,0.5471367,1,1,1,0,1,1,1,1
covid_2020_03_04_20026005_p12_1946_5_aug_0130,2020.03.04.20026005-p12-1946%5_aug_0130.png,COVID,1,train,/Users/samehissa/Downloads/SS-VIRULEX-outputs/02_SVIS-RULEX/covid_ct_run/exact_sequence/outputs/augmented_train_images/COVID/2020.03.04.20026005-p12-1946%5_aug_0130.png,/Users/samehissa/Downloads/SS-VIRULEX-outputs/02_SVIS-RULEX/covid_ct_run/exact_sequence/outputs/augmented_train_images/COVID/2020.03.04.20026005-p12-1946%5_aug_0130.png,augmented,/Users/samehissa/Downloads/COVID-CT-Dataset-master/Images-processed/CT_COVID/2020.03.04.20026005-p12-1946%5.png,2020.03.04.20026005-p12-1946%5.png,1,1,1,0,1,1,1,1,1,0.21248984,0.78751016,0,0.46305326,0.45529568,0.5587441,0.5060126,0.6932805,0.3631473,0.56509006,0.64193434,0.63708335,0.59292173,1,1,1,0,1,1,1,1
covid_2020_03_04_20030395_p27_108_0_aug_0131,2020.03.04.20030395-p27-108%0_aug_0131.png,COVID,1,train,/Users/samehissa/Downloads/SS-VIRULEX-outputs/02_SVIS-RULEX/covid_ct_run/exact_sequence/outputs/augmented_train_images/COVID/2020.03.04.20030395-p27-108%0_aug_0131.png,/Users/samehissa/Downloads/SS-VIRULEX-outputs/02_SVIS-RULEX/covid_ct_run/exact_sequence/outputs/augmented_train_images/COVID/2020.03.04.20030395-p27-108%0_aug_0131.png,augmented,/Users/samehissa/Downloads/COVID-CT-Dataset-master/Images-processed/CT_COVID/2020.03.04.20030395-p27-108%0.png,2020.03.04.20030395-p27-108%0.png,1,0,1,1,1,1,1,1,1,0.00029812948,0.9997018,1,0.37974632,0.46592346,0.73322594,0.64260304,0.80542415,0.45177966,0.53516704,0.71514076,0.6956867,0.7221696,1,1,1,0,1,1,1,1
covid_2020_03_04_20030395_p27_108_1_aug_0132,2020.03.04.20030395-p27-108%1_aug_0132.png,COVID,1,train,/Users/samehissa/Downloads/SS-VIRULEX-outputs/02_SVIS-RULEX/covid_ct_run/exact_sequence/outputs/augmented_train_images/COVID/2020.03.04.20030395-p27-108%1_aug_0132.png,/Users/samehissa/Downloads/SS-VIRULEX-outputs/02_SVIS-RULEX/covid_ct_run/exact_sequence/outputs/augmented_train_images/COVID/2020.03.04.20030395-p27-108%1_aug_0132.png,augmented,/Users/samehissa/Downloads/COVID-CT-Dataset-master/Images-processed/CT_COVID/2020.03.04.20030395-p27-108%1.png,2020.03.04.20030395-p27-108%1.png,1,1,1,0,1,1,1,1,1,0.001228879,0.99877113,1,0.40172648,0.4643137,0.6576642,0.61941737,0.7516292,0.45231178,0.5356863,0.67864496,0.6644905,0.67823046,1,1,1,0,1,1,1,1
covid_2020_03_04_20030395_p27_108_2_aug_0133,2020.03.04.20030395-p27-108%2_aug_0133.png,COVID,1,train,/Users/samehissa/Downloads/SS-VIRULEX-outputs/02_SVIS-RULEX/covid_ct_run/exact_sequence/outputs/augmented_train_images/COVID/2020.03.04.20030395-p27-108%2_aug_0133.png,/Users/samehissa/Downloads/SS-VIRULEX-outputs/02_SVIS-RULEX/covid_ct_run/exact_sequence/outputs/augmented_train_images/COVID/2020.03.04.20030395-p27-108%2_aug_0133.png,augmented,/Users/samehissa/Downloads/COVID-CT-Dataset-master/Images-processed/CT_COVID/2020.03.04.20030395-p27-108%2.png,2020.03.04.20030395-p27-108%2.png,1,1,1,1,1,1,1,1,1,0.038404934,0.96159506,1,0.4390703,0.45690572,0.61500806,0.55395955,0.6710077,0.44088122,0.52472204,0.6117007,0.59416485,0.6018303,1,1,1,0,1,1,1,1
covid_2020_03_04_20030395_p27_108_3_aug_0134,2020.03.04.20030395-p27-108%3_aug_0134.png,COVID,1,train,/Users/samehissa/Downloads/SS-VIRULEX-outputs/02_SVIS-RULEX/covid_ct_run/exact_sequence/outputs/augmented_train_images/COVID/2020.03.04.20030395-p27-108%3_aug_0134.png,/Users/samehissa/Downloads/SS-VIRULEX-outputs/02_SVIS-RULEX/covid_ct_run/exact_sequence/outputs/augmented_train_images/COVID/2020.03.04.20030395-p27-108%3_aug_0134.png,augmented,/Users/samehissa/Downloads/COVID-CT-Dataset-master/Images-processed/CT_COVID/2020.03.04.20030395-p27-108%3.png,2020.03.04.20030395-p27-108%3.png,1,1,1,0,1,1,1,1,0,0.5463486,0.45365143,0,0.47202736,0.43812424,0.5578205,0.486438,0.7012865,0.29699373,0.6141947,0.6856561,0.66956687,0.61073416,1,0,1,0,1,1,1,1
covid_2020_03_04_20030395_p27_108_4_aug_0135,2020.03.04.20030395-p27-108%4_aug_0135.png,COVID,1,train,/Users/samehissa/Downloads/SS-VIRULEX-outputs/02_SVIS-RULEX/covid_ct_run/exact_sequence/outputs/augmented_train_images/COVID/2020.03.04.20030395-p27-108%4_aug_0135.png,/Users/samehissa/Downloads/SS-VIRULEX-outputs/02_SVIS-RULEX/covid_ct_run/exact_sequence/outputs/augmented_train_images/COVID/2020.03.04.20030395-p27-108%4_aug_0135.png,augmented,/Users/samehissa/Downloads/COVID-CT-Dataset-master/Images-processed/CT_COVID/2020.03.04.20030395-p27-108%4.png,2020.03.04.20030395-p27-108%4.png,1,1,1,0,1,1,1,1,1,0.058362782,0.9416372,1,0.43120646,0.4601015,0.6395244,0.54076374,0.73761255,0.38517985,0.5654584,0.6644342,0.6410789,0.6367078,1,1,1,0,1,1,1,1
covid_2020_03_04_20030395_p27_108_5_aug_0136,2020.03.04.20030395-p27-108%5_aug_0136.png,COVID,1,train,/Users/samehissa/Downloads/SS-VIRULEX-outputs/02_SVIS-RULEX/covid_ct_run/exact_sequence/outputs/augmented_train_images/COVID/2020.03.04.20030395-p27-108%5_aug_0136.png,/Users/samehissa/Downloads/SS-VIRULEX-outputs/02_SVIS-RULEX/covid_ct_run/exact_sequence/outputs/augmented_train_images/COVID/2020.03.04.20030395-p27-108%5_aug_0136.png,augmented,/Users/samehissa/Downloads/COVID-CT-Dataset-master/Images-processed/CT_COVID/2020.03.04.20030395-p27-108%5.png,2020.03.04.20030395-p27-108%5.png,1,1,1,0,1,1,1,1,0,0.8730472,0.12695284,0,0.4678972,0.41531447,0.5365409,0.53348047,0.649003,0.31380722,0.6738387,0.6585708,0.61392957,0.55337006,1,1,1,0,1,1,1,1
covid_2020_03_04_20030395_p27_108_6_aug_0137,2020.03.04.20030395-p27-108%6_aug_0137.png,COVID,1,train,/Users/samehissa/Downloads/SS-VIRULEX-outputs/02_SVIS-RULEX/covid_ct_run/exact_sequence/outputs/augmented_train_images/COVID/2020.03.04.20030395-p27-108%6_aug_0137.png,/Users/samehissa/Downloads/SS-VIRULEX-outputs/02_SVIS-RULEX/covid_ct_run/exact_sequence/outputs/augmented_train_images/COVID/2020.03.04.20030395-p27-108%6_aug_0137.png,augmented,/Users/samehissa/Downloads/COVID-CT-Dataset-master/Images-processed/CT_COVID/2020.03.04.20030395-p27-108%6.png,2020.03.04.20030395-p27-108%6.png,1,1,1,0,1,1,1,1,1,0.00021562168,0.9997844,1,0.3632571,0.45373425,0.7359322,0.6873445,0.82728714,0.46523347,0.5599478,0.7298191,0.7189785,0.741867,1,1,1,0,1,1,1,1
covid_2020_03_04_20030395_p27_108_7_aug_0138,2020.03.04.20030395-p27-108%7_aug_0138.png,COVID,1,train,/Users/samehissa/Downloads/SS-VIRULEX-outputs/02_SVIS-RULEX/covid_ct_run/exact_sequence/outputs/augmented_train_images/COVID/2020.03.04.20030395-p27-108%7_aug_0138.png,/Users/samehissa/Downloads/SS-VIRULEX-outputs/02_SVIS-RULEX/covid_ct_run/exact_sequence/outputs/augmented_train_images/COVID/2020.03.04.20030395-p27-108%7_aug_0138.png,augmented,/Users/samehissa/Downloads/COVID-CT-Dataset-master/Images-processed/CT_COVID/2020.03.04.20030395-p27-108%7.png,2020.03.04.20030395-p27-108%7.png,1,1,1,0,1,1,1,1,1,0.017565852,0.9824341,1,0.41735244,0.46468136,0.6463441,0.5972896,0.7457111,0.4470462,0.5426245,0.6446326,0.65426606,0.6630687,1,1,1,0,1,1,1,1
covid_2020_03_04_20030395_p27_108_8_aug_0139,2020.03.04.20030395-p27-108%8_aug_0139.png,COVID,1,train,/Users/samehissa/Downloads/SS-VIRULEX-outputs/02_SVIS-RULEX/covid_ct_run/exact_sequence/outputs/augmented_train_images/COVID/2020.03.04.20030395-p27-108%8_aug_0139.png,/Users/samehissa/Downloads/SS-VIRULEX-outputs/02_SVIS-RULEX/covid_ct_run/exact_sequence/outputs/augmented_train_images/COVID/2020.03.04.20030395-p27-108%8_aug_0139.png,augmented,/Users/samehissa/Downloads/COVID-CT-Dataset-master/Images-processed/CT_COVID/2020.03.04.20030395-p27-108%8.png,2020.03.04.20030395-p27-108%8.png,1,1,1,0,1,1,1,1,1,0.01865889,0.9813411,1,0.41324624,0.4648237,0.66371596,0.59456784,0.7672803,0.41609043,0.5566325,0.66776,0.66281396,0.6742251,1,1,1,0,1,1,1,1
covid_2020_03_04_20031039_p23_97_1_0_aug_0140,2020.03.04.20031039-p23-97_1%0_aug_0140.png,COVID,1,train,/Users/samehissa/Downloads/SS-VIRULEX-outputs/02_SVIS-RULEX/covid_ct_run/exact_sequence/outputs/augmented_train_images/COVID/2020.03.04.20031039-p23-97_1%0_aug_0140.png,/Users/samehissa/Downloads/SS-VIRULEX-outputs/02_SVIS-RULEX/covid_ct_run/exact_sequence/outputs/augmented_train_images/COVID/2020.03.04.20031039-p23-97_1%0_aug_0140.png,augmented,/Users/samehissa/Downloads/COVID-CT-Dataset-master/Images-processed/CT_COVID/2020.03.04.20031039-p23-97_1%0.png,2020.03.04.20031039-p23-97_1%0.png,1,1,1,0,1,1,1,1,0,0.53052145,0.46947852,0,0.47160426,0.42832273,0.57849175,0.4885198,0.7093576,0.2840946,0.6115952,0.67792886,0.64589024,0.5874326,1,0,1,0,1,1,1,1
covid_2020_03_04_20031039_p23_97_1_1_aug_0141,2020.03.04.20031039-p23-97_1%1_aug_0141.png,COVID,1,train,/Users/samehissa/Downloads/SS-VIRULEX-outputs/02_SVIS-RULEX/covid_ct_run/exact_sequence/outputs/augmented_train_images/COVID/2020.03.04.20031039-p23-97_1%1_aug_0141.png,/Users/samehissa/Downloads/SS-VIRULEX-outputs/02_SVIS-RULEX/covid_ct_run/exact_sequence/outputs/augmented_train_images/COVID/2020.03.04.20031039-p23-97_1%1_aug_0141.png,augmented,/Users/samehissa/Downloads/COVID-CT-Dataset-master/Images-processed/CT_COVID/2020.03.04.20031039-p23-97_1%1.png,2020.03.04.20031039-p23-97_1%1.png,1,1,1,0,1,1,1,1,0,0.9999933,6.656929e-06,0,0.4733953,0.34608418,0.6623096,0.5266047,0.69974977,0.21962987,0.8577801,0.68770635,0.6559363,0.47005832,1,1,1,0,1,1,1,0
covid_2020_03_04_20031039_p23_97_1_2_aug_0142,2020.03.04.20031039-p23-97_1%2_aug_0142.png,COVID,1,train,/Users/samehissa/Downloads/SS-VIRULEX-outputs/02_SVIS-RULEX/covid_ct_run/exact_sequence/outputs/augmented_train_images/COVID/2020.03.04.20031039-p23-97_1%2_aug_0142.png,/Users/samehissa/Downloads/SS-VIRULEX-outputs/02_SVIS-RULEX/covid_ct_run/exact_sequence/outputs/augmented_train_images/COVID/2020.03.04.20031039-p23-97_1%2_aug_0142.png,augmented,/Users/samehissa/Downloads/COVID-CT-Dataset-master/Images-processed/CT_COVID/2020.03.04.20031039-p23-97_1%2.png,2020.03.04.20031039-p23-97_1%2.png,1,1,1,0,1,1,1,1,0,0.7041662,0.29583383,0,0.47950804,0.42320898,0.5602628,0.52049196,0.621365,0.33938754,0.65640813,0.6224275,0.59322345,0.50899976,1,1,1,0,1,1,1,1
covid_2020_03_04_20031039_p23_97_2_0_aug_0143,2020.03.04.20031039-p23-97_2%0_aug_0143.png,COVID,1,train,/Users/samehissa/Downloads/SS-VIRULEX-outputs/02_SVIS-RULEX/covid_ct_run/exact_sequence/outputs/augmented_train_images/COVID/2020.03.04.20031039-p23-97_2%0_aug_0143.png,/Users/samehissa/Downloads/SS-VIRULEX-outputs/02_SVIS-RULEX/covid_ct_run/exact_sequence/outputs/augmented_train_images/COVID/2020.03.04.20031039-p23-97_2%0_aug_0143.png,augmented,/Users/samehissa/Downloads/COVID-CT-Dataset-master/Images-processed/CT_COVID/2020.03.04.20031039-p23-97_2%0.png,2020.03.04.20031039-p23-97_2%0.png,1,1,1,0,1,1,1,1,0,0.99518603,0.004813938,0,0.47714275,0.39856932,0.6177934,0.52285725,0.6270526,0.30029604,0.74268126,0.6383722,0.6001504,0.4659542,1,1,1,0,1,1,1,0
covid_2020_03_04_20031039_p23_97_2_1_aug_0144,2020.03.04.20031039-p23-97_2%1_aug_0144.png,COVID,1,train,/Users/samehissa/Downloads/SS-VIRULEX-outputs/02_SVIS-RULEX/covid_ct_run/exact_sequence/outputs/augmented_train_images/COVID/2020.03.04.20031039-p23-97_2%1_aug_0144.png,/Users/samehissa/Downloads/SS-VIRULEX-outputs/02_SVIS-RULEX/covid_ct_run/exact_sequence/outputs/augmented_train_images/COVID/2020.03.04.20031039-p23-97_2%1_aug_0144.png,augmented,/Users/samehissa/Downloads/COVID-CT-Dataset-master/Images-processed/CT_COVID/2020.03.04.20031039-p23-97_2%1.png,2020.03.04.20031039-p23-97_2%1.png,1,1,1,0,1,1,1,1,1,0.0022533466,0.99774665,1,0.40148386,0.45915723,0.723348,0.57974446,0.82660687,0.3852572,0.56077516,0.7128772,0.716833,0.7148756,1,1,1,0,1,1,1,1
covid_2020_03_04_20031039_p23_97_2_2_aug_0145,2020.03.04.20031039-p23-97_2%2_aug_0145.png,COVID,1,train,/Users/samehissa/Downloads/SS-VIRULEX-outputs/02_SVIS-RULEX/covid_ct_run/exact_sequence/outputs/augmented_train_images/COVID/2020.03.04.20031039-p23-97_2%2_aug_0145.png,/Users/samehissa/Downloads/SS-VIRULEX-outputs/02_SVIS-RULEX/covid_ct_run/exact_sequence/outputs/augmented_train_images/COVID/2020.03.04.20031039-p23-97_2%2_aug_0145.png,augmented,/Users/samehissa/Downloads/COVID-CT-Dataset-master/Images-processed/CT_COVID/2020.03.04.20031039-p23-97_2%2.png,2020.03.04.20031039-p23-97_2%2.png,1,1,1,0,0,1,1,1,1,0.05121323,0.94878674,0,0.4769589,0.45473045,0.5731946,0.5000905,0.68048084,0.35469282,0.5786237,0.62542176,0.64046264,0.5848925,1,1,1,0,1,1,1,1
covid_2020_03_04_20031047_p12_81_0_aug_0146,2020.03.04.20031047-p12-81%0_aug_0146.png,COVID,1,train,/Users/samehissa/Downloads/SS-VIRULEX-outputs/02_SVIS-RULEX/covid_ct_run/exact_sequence/outputs/augmented_train_images/COVID/2020.03.04.20031047-p12-81%0_aug_0146.png,/Users/samehissa/Downloads/SS-VIRULEX-outputs/02_SVIS-RULEX/covid_ct_run/exact_sequence/outputs/augmented_train_images/COVID/2020.03.04.20031047-p12-81%0_aug_0146.png,augmented,/Users/samehissa/Downloads/COVID-CT-Dataset-master/Images-processed/CT_COVID/2020.03.04.20031047-p12-81%0.png,2020.03.04.20031047-p12-81%0.png,1,1,1,1,1,1,1,1,1,0.4682897,0.53171027,0,0.4681098,0.4537615,0.62881947,0.50667554,0.66007304,0.39072245,0.56165296,0.6189288,0.5725496,0.5653075,1,1,1,0,1,1,1,1
covid_2020_03_04_20031047_p12_81_1_aug_0147,2020.03.04.20031047-p12-81%1_aug_0147.png,COVID,1,train,/Users/samehissa/Downloads/SS-VIRULEX-outputs/02_SVIS-RULEX/covid_ct_run/exact_sequence/outputs/augmented_train_images/COVID/2020.03.04.20031047-p12-81%1_aug_0147.png,/Users/samehissa/Downloads/SS-VIRULEX-outputs/02_SVIS-RULEX/covid_ct_run/exact_sequence/outputs/augmented_train_images/COVID/2020.03.04.20031047-p12-81%1_aug_0147.png,augmented,/Users/samehissa/Downloads/COVID-CT-Dataset-master/Images-processed/CT_COVID/2020.03.04.20031047-p12-81%1.png,2020.03.04.20031047-p12-81%1.png,1,1,1,1,1,1,1,1,1,0.00045338337,0.9995466,1,0.40070912,0.47139996,0.68420225,0.6211725,0.7546164,0.46968973,0.52860004,0.66866684,0.65878344,0.6891867,1,1,1,0,1,1,1,1
covid_2020_03_04_20031047_p12_81_2_aug_0148,2020.03.04.20031047-p12-81%2_aug_0148.png,COVID,1,train,/Users/samehissa/Downloads/SS-VIRULEX-outputs/02_SVIS-RULEX/covid_ct_run/exact_sequence/outputs/augmented_train_images/COVID/2020.03.04.20031047-p12-81%2_aug_0148.png,/Users/samehissa/Downloads/SS-VIRULEX-outputs/02_SVIS-RULEX/covid_ct_run/exact_sequence/outputs/augmented_train_images/COVID/2020.03.04.20031047-p12-81%2_aug_0148.png,augmented,/Users/samehissa/Downloads/COVID-CT-Dataset-master/Images-processed/CT_COVID/2020.03.04.20031047-p12-81%2.png,2020.03.04.20031047-p12-81%2.png,1,1,1,0,1,1,1,1,1,0.0007601739,0.9992398,1,0.38036406,0.4649192,0.7304946,0.63944036,0.81587374,0.45498216,0.54313195,0.711175,0.7060983,0.7341325,1,1,1,0,1,1,1,1
covid_2020_03_04_20031047_p12_81_3_aug_0149,2020.03.04.20031047-p12-81%3_aug_0149.png,COVID,1,train,/Users/samehissa/Downloads/SS-VIRULEX-outputs/02_SVIS-RULEX/covid_ct_run/exact_sequence/outputs/augmented_train_images/COVID/2020.03.04.20031047-p12-81%3_aug_0149.png,/Users/samehissa/Downloads/SS-VIRULEX-outputs/02_SVIS-RULEX/covid_ct_run/exact_sequence/outputs/augmented_train_images/COVID/2020.03.04.20031047-p12-81%3_aug_0149.png,augmented,/Users/samehissa/Downloads/COVID-CT-Dataset-master/Images-processed/CT_COVID/2020.03.04.20031047-p12-81%3.png,2020.03.04.20031047-p12-81%3.png,0,1,1,0,1,1,1,1,1,0.015954891,0.98404515,1,0.4164406,0.46113893,0.6897004,0.5725425,0.7504014,0.4380999,0.53220147,0.6574366,0.65710163,0.6529508,1,1,1,0,1,1,1,1
covid_2020_03_04_20031047_p13_84_0_aug_0150,2020.03.04.20031047-p13-84%0_aug_0150.png,COVID,1,train,/Users/samehissa/Downloads/SS-VIRULEX-outputs/02_SVIS-RULEX/covid_ct_run/exact_sequence/outputs/augmented_train_images/COVID/2020.03.04.20031047-p13-84%0_aug_0150.png,/Users/samehissa/Downloads/SS-VIRULEX-outputs/02_SVIS-RULEX/covid_ct_run/exact_sequence/outputs/augmented_train_images/COVID/2020.03.04.20031047-p13-84%0_aug_0150.png,augmented,/Users/samehissa/Downloads/COVID-CT-Dataset-master/Images-processed/CT_COVID/2020.03.04.20031047-p13-84%0.png,2020.03.04.20031047-p13-84%0.png,1,1,1,1,1,1,1,1,1,0.0025942123,0.9974058,1,0.41389722,0.46773556,0.6628395,0.6010223,0.7183899,0.47384715,0.5186372,0.642329,0.6312192,0.66164905,1,1,1,0,1,1,1,1
covid_2020_03_04_20031047_p13_84_1_aug_0151,2020.03.04.20031047-p13-84%1_aug_0151.png,COVID,1,train,/Users/samehissa/Downloads/SS-VIRULEX-outputs/02_SVIS-RULEX/covid_ct_run/exact_sequence/outputs/augmented_train_images/COVID/2020.03.04.20031047-p13-84%1_aug_0151.png,/Users/samehissa/Downloads/SS-VIRULEX-outputs/02_SVIS-RULEX/covid_ct_run/exact_sequence/outputs/augmented_train_images/COVID/2020.03.04.20031047-p13-84%1_aug_0151.png,augmented,/Users/samehissa/Downloads/COVID-CT-Dataset-master/Images-processed/CT_COVID/2020.03.04.20031047-p13-84%1.png,2020.03.04.20031047-p13-84%1.png,1,1,1,1,1,1,1,1,0,0.9933826,0.0066174837,0,0.48539746,0.4080765,0.6023849,0.5136088,0.6115098,0.32904717,0.727293,0.6100568,0.60265696,0.46773577,1,1,1,0,1,1,1,0
covid_2020_03_04_20031047_p13_84_2_aug_0152,2020.03.04.20031047-p13-84%2_aug_0152.png,COVID,1,train,/Users/samehissa/Downloads/SS-VIRULEX-outputs/02_SVIS-RULEX/covid_ct_run/exact_sequence/outputs/augmented_train_images/COVID/2020.03.04.20031047-p13-84%2_aug_0152.png,/Users/samehissa/Downloads/SS-VIRULEX-outputs/02_SVIS-RULEX/covid_ct_run/exact_sequence/outputs/augmented_train_images/COVID/2020.03.04.20031047-p13-84%2_aug_0152.png,augmented,/Users/samehissa/Downloads/COVID-CT-Dataset-master/Images-processed/CT_COVID/2020.03.04.20031047-p13-84%2.png,2020.03.04.20031047-p13-84%2.png,1,1,1,1,1,1,1,1,1,0.036512583,0.9634874,1,0.42182943,0.4587975,0.6737336,0.5390149,0.81492996,0.3258373,0.6272577,0.74069875,0.70628643,0.66491103,1,1,1,0,1,1,1,1
covid_2020_03_04_20031047_p13_84_3_aug_0153,2020.03.04.20031047-p13-84%3_aug_0153.png,COVID,1,train,/Users/samehissa/Downloads/SS-VIRULEX-outputs/02_SVIS-RULEX/covid_ct_run/exact_sequence/outputs/augmented_train_images/COVID/2020.03.04.20031047-p13-84%3_aug_0153.png,/Users/samehissa/Downloads/SS-VIRULEX-outputs/02_SVIS-RULEX/covid_ct_run/exact_sequence/outputs/augmented_train_images/COVID/2020.03.04.20031047-p13-84%3_aug_0153.png,augmented,/Users/samehissa/Downloads/COVID-CT-Dataset-master/Images-processed/CT_COVID/2020.03.04.20031047-p13-84%3.png,2020.03.04.20031047-p13-84%3.png,1,1,1,1,1,1,1,1,1,0.02981153,0.9701885,1,0.43293312,0.46000648,0.6328566,0.5751661,0.6536451,0.47946388,0.50652564,0.60169286,0.57803625,0.6136366,1,1,1,0,1,1,1,1
covid_2020_03_04_20031047_p13_84_4_aug_0154,2020.03.04.20031047-p13-84%4_aug_0154.png,COVID,1,train,/Users/samehissa/Downloads/SS-VIRULEX-outputs/02_SVIS-RULEX/covid_ct_run/exact_sequence/outputs/augmented_train_images/COVID/2020.03.04.20031047-p13-84%4_aug_0154.png,/Users/samehissa/Downloads/SS-VIRULEX-outputs/02_SVIS-RULEX/covid_ct_run/exact_sequence/outputs/augmented_train_images/COVID/2020.03.04.20031047-p13-84%4_aug_0154.png,augmented,/Users/samehissa/Downloads/COVID-CT-Dataset-master/Images-processed/CT_COVID/2020.03.04.20031047-p13-84%4.png,2020.03.04.20031047-p13-84%4.png,1,1,1,1,1,1,1,1,1,0.030211387,0.96978855,1,0.4167154,0.4659512,0.6630078,0.59669584,0.7121357,0.46801597,0.5178553,0.6393824,0.62218165,0.6519751,1,1,1,0,1,1,1,1
covid_2020_03_04_20031047_p13_84_5_aug_0155,2020.03.04.20031047-p13-84%5_aug_0155.png,COVID,1,train,/Users/samehissa/Downloads/SS-VIRULEX-outputs/02_SVIS-RULEX/covid_ct_run/exact_sequence/outputs/augmented_train_images/COVID/2020.03.04.20031047-p13-84%5_aug_0155.png,/Users/samehissa/Downloads/SS-VIRULEX-outputs/02_SVIS-RULEX/covid_ct_run/exact_sequence/outputs/augmented_train_images/COVID/2020.03.04.20031047-p13-84%5_aug_0155.png,augmented,/Users/samehissa/Downloads/COVID-CT-Dataset-master/Images-processed/CT_COVID/2020.03.04.20031047-p13-84%5.png,2020.03.04.20031047-p13-84%5.png,1,1,1,1,1,1,1,1,0,0.84717274,0.15282722,0,0.4894876,0.42087948,0.5915966,0.5105124,0.5856783,0.35378587,0.6268391,0.6021849,0.5678893,0.5112467,1,1,1,0,1,1,1,1
covid_2020_03_04_20031047_p14_87_0_aug_0156,2020.03.04.20031047-p14-87%0_aug_0156.png,COVID,1,train,/Users/samehissa/Downloads/SS-VIRULEX-outputs/02_SVIS-RULEX/covid_ct_run/exact_sequence/outputs/augmented_train_images/COVID/2020.03.04.20031047-p14-87%0_aug_0156.png,/Users/samehissa/Downloads/SS-VIRULEX-outputs/02_SVIS-RULEX/covid_ct_run/exact_sequence/outputs/augmented_train_images/COVID/2020.03.04.20031047-p14-87%0_aug_0156.png,augmented,/Users/samehissa/Downloads/COVID-CT-Dataset-master/Images-processed/CT_COVID/2020.03.04.20031047-p14-87%0.png,2020.03.04.20031047-p14-87%0.png,1,1,1,0,1,1,1,1,1,0.011188092,0.98881197,1,0.42576098,0.46248376,0.6310382,0.5900556,0.6850091,0.4774046,0.51627517,0.62158626,0.60930413,0.6227625,1,1,1,0,1,1,1,1
covid_2020_03_04_20031047_p14_87_1_aug_0157,2020.03.04.20031047-p14-87%1_aug_0157.png,COVID,1,train,/Users/samehissa/Downloads/SS-VIRULEX-outputs/02_SVIS-RULEX/covid_ct_run/exact_sequence/outputs/augmented_train_images/COVID/2020.03.04.20031047-p14-87%1_aug_0157.png,/Users/samehissa/Downloads/SS-VIRULEX-outputs/02_SVIS-RULEX/covid_ct_run/exact_sequence/outputs/augmented_train_images/COVID/2020.03.04.20031047-p14-87%1_aug_0157.png,augmented,/Users/samehissa/Downloads/COVID-CT-Dataset-master/Images-processed/CT_COVID/2020.03.04.20031047-p14-87%1.png,2020.03.04.20031047-p14-87%1.png,1,1,1,0,1,1,1,1,1,0.029211177,0.9707889,1,0.42933753,0.46055692,0.62478465,0.59041405,0.6810675,0.47080794,0.51638484,0.6088242,0.5980015,0.612411,1,1,1,0,1,1,1,1
covid_2020_03_07_20031393_p7_50_0_aug_0158,2020.03.07.20031393-p7-50%0_aug_0158.png,COVID,1,train,/Users/samehissa/Downloads/SS-VIRULEX-outputs/02_SVIS-RULEX/covid_ct_run/exact_sequence/outputs/augmented_train_images/COVID/2020.03.07.20031393-p7-50%0_aug_0158.png,/Users/samehissa/Downloads/SS-VIRULEX-outputs/02_SVIS-RULEX/covid_ct_run/exact_sequence/outputs/augmented_train_images/COVID/2020.03.07.20031393-p7-50%0_aug_0158.png,augmented,/Users/samehissa/Downloads/COVID-CT-Dataset-master/Images-processed/CT_COVID/2020.03.07.20031393-p7-50%0.png,2020.03.07.20031393-p7-50%0.png,1,1,1,0,1,1,1,1,1,0.002449465,0.99755055,1,0.41567767,0.46681732,0.6614208,0.58486485,0.7081608,0.47873044,0.51646155,0.64510214,0.6335449,0.6557426,1,1,1,0,1,1,1,1
covid_2020_03_07_20031393_p7_50_1_aug_0159,2020.03.07.20031393-p7-50%1_aug_0159.png,COVID,1,train,/Users/samehissa/Downloads/SS-VIRULEX-outputs/02_SVIS-RULEX/covid_ct_run/exact_sequence/outputs/augmented_train_images/COVID/2020.03.07.20031393-p7-50%1_aug_0159.png,/Users/samehissa/Downloads/SS-VIRULEX-outputs/02_SVIS-RULEX/covid_ct_run/exact_sequence/outputs/augmented_train_images/COVID/2020.03.07.20031393-p7-50%1_aug_0159.png,augmented,/Users/samehissa/Downloads/COVID-CT-Dataset-master/Images-processed/CT_COVID/2020.03.07.20031393-p7-50%1.png,2020.03.07.20031393-p7-50%1.png,1,1,1,0,1,1,1,1,1,0.14107913,0.8589209,1,0.44335902,0.45528895,0.6209141,0.5406121,0.64686584,0.4449967,0.5167257,0.6029255,0.5770209,0.5868756,1,1,1,0,1,1,1,1
covid_2020_03_07_20031393_p7_50_2_aug_0160,2020.03.07.20031393-p7-50%2_aug_0160.png,COVID,1,train,/Users/samehissa/Downloads/SS-VIRULEX-outputs/02_SVIS-RULEX/covid_ct_run/exact_sequence/outputs/augmented_train_images/COVID/2020.03.07.20031393-p7-50%2_aug_0160.png,/Users/samehissa/Downloads/SS-VIRULEX-outputs/02_SVIS-RULEX/covid_ct_run/exact_sequence/outputs/augmented_train_images/COVID/2020.03.07.20031393-p7-50%2_aug_0160.png,augmented,/Users/samehissa/Downloads/COVID-CT-Dataset-master/Images-processed/CT_COVID/2020.03.07.20031393-p7-50%2.png,2020.03.07.20031393-p7-50%2.png,1,1,1,0,1,1,1,1,1,0.002815302,0.9971847,1,0.3972235,0.46533293,0.69212586,0.6255328,0.7864141,0.45669344,0.5487794,0.6761872,0.6841567,0.7055228,1,1,1,0,1,1,1,1
covid_2020_03_07_20031393_p7_50_3_aug_0161,2020.03.07.20031393-p7-50%3_aug_0161.png,COVID,1,train,/Users/samehissa/Downloads/SS-VIRULEX-outputs/02_SVIS-RULEX/covid_ct_run/exact_sequence/outputs/augmented_train_images/COVID/2020.03.07.20031393-p7-50%3_aug_0161.png,/Users/samehissa/Downloads/SS-VIRULEX-outputs/02_SVIS-RULEX/covid_ct_run/exact_sequence/outputs/augmented_train_images/COVID/2020.03.07.20031393-p7-50%3_aug_0161.png,augmented,/Users/samehissa/Downloads/COVID-CT-Dataset-master/Images-processed/CT_COVID/2020.03.07.20031393-p7-50%3.png,2020.03.07.20031393-p7-50%3.png,1,1,1,0,1,1,1,1,1,0.008173973,0.99182606,1,0.41130453,0.46275607,0.6693456,0.59961534,0.7343255,0.46305174,0.5375269,0.65517277,0.6440472,0.65949905,1,1,1,0,1,1,1,1
covid_2020_03_08_20031658_p15_103_aug_0162,2020.03.08.20031658-p15-103_aug_0162.png,COVID,1,train,/Users/samehissa/Downloads/SS-VIRULEX-outputs/02_SVIS-RULEX/covid_ct_run/exact_sequence/outputs/augmented_train_images/COVID/2020.03.08.20031658-p15-103_aug_0162.png,/Users/samehissa/Downloads/SS-VIRULEX-outputs/02_SVIS-RULEX/covid_ct_run/exact_sequence/outputs/augmented_train_images/COVID/2020.03.08.20031658-p15-103_aug_0162.png,augmented,/Users/samehissa/Downloads/COVID-CT-Dataset-master/Images-processed/CT_COVID/2020.03.08.20031658-p15-103.png,2020.03.08.20031658-p15-103.png,1,1,1,1,1,1,1,1,1,0.016515857,0.9834841,1,0.42228708,0.45643327,0.68335366,0.56157565,0.7173857,0.42529672,0.5594787,0.62917405,0.6317093,0.6320565,1,1,1,0,1,1,1,1
covid_2020_03_08_20031658_p15_104_aug_0163,2020.03.08.20031658-p15-104_aug_0163.png,COVID,1,train,/Users/samehissa/Downloads/SS-VIRULEX-outputs/02_SVIS-RULEX/covid_ct_run/exact_sequence/outputs/augmented_train_images/COVID/2020.03.08.20031658-p15-104_aug_0163.png,/Users/samehissa/Downloads/SS-VIRULEX-outputs/02_SVIS-RULEX/covid_ct_run/exact_sequence/outputs/augmented_train_images/COVID/2020.03.08.20031658-p15-104_aug_0163.png,augmented,/Users/samehissa/Downloads/COVID-CT-Dataset-master/Images-processed/CT_COVID/2020.03.08.20031658-p15-104.png,2020.03.08.20031658-p15-104.png,1,1,1,1,1,1,1,1,1,0.0019407239,0.9980592,1,0.39091662,0.4650032,0.70804995,0.6356733,0.78039086,0.46175608,0.5349968,0.69056785,0.6740185,0.7027087,1,1,1,0,1,1,1,1
covid_2020_03_08_20031658_p15_105_aug_0164,2020.03.08.20031658-p15-105_aug_0164.png,COVID,1,train,/Users/samehissa/Downloads/SS-VIRULEX-outputs/02_SVIS-RULEX/covid_ct_run/exact_sequence/outputs/augmented_train_images/COVID/2020.03.08.20031658-p15-105_aug_0164.png,/Users/samehissa/Downloads/SS-VIRULEX-outputs/02_SVIS-RULEX/covid_ct_run/exact_sequence/outputs/augmented_train_images/COVID/2020.03.08.20031658-p15-105_aug_0164.png,augmented,/Users/samehissa/Downloads/COVID-CT-Dataset-master/Images-processed/CT_COVID/2020.03.08.20031658-p15-105.png,2020.03.08.20031658-p15-105.png,1,1,1,0,1,1,1,1,1,0.25228685,0.74771315,1,0.4425611,0.4567418,0.61247087,0.5321958,0.68384427,0.40752706,0.54934996,0.62285155,0.6140362,0.6079212,1,1,1,0,1,1,1,1
covid_2020_03_08_20031658_p15_106_aug_0165,2020.03.08.20031658-p15-106_aug_0165.png,COVID,1,train,/Users/samehissa/Downloads/SS-VIRULEX-outputs/02_SVIS-RULEX/covid_ct_run/exact_sequence/outputs/augmented_train_images/COVID/2020.03.08.20031658-p15-106_aug_0165.png,/Users/samehissa/Downloads/SS-VIRULEX-outputs/02_SVIS-RULEX/covid_ct_run/exact_sequence/outputs/augmented_train_images/COVID/2020.03.08.20031658-p15-106_aug_0165.png,augmented,/Users/samehissa/Downloads/COVID-CT-Dataset-master/Images-processed/CT_COVID/2020.03.08.20031658-p15-106.png,2020.03.08.20031658-p15-106.png,1,1,1,0,1,1,1,1,1,0.020882398,0.97911763,1,0.4350644,0.4580896,0.6369804,0.55897295,0.6906734,0.45086303,0.52335715,0.6123708,0.61792547,0.62324625,1,1,1,0,1,1,1,1
covid_2020_03_09_20033118_p20_93_0_aug_0166,2020.03.09.20033118-p20-93%0_aug_0166.png,COVID,1,train,/Users/samehissa/Downloads/SS-VIRULEX-outputs/02_SVIS-RULEX/covid_ct_run/exact_sequence/outputs/augmented_train_images/COVID/2020.03.09.20033118-p20-93%0_aug_0166.png,/Users/samehissa/Downloads/SS-VIRULEX-outputs/02_SVIS-RULEX/covid_ct_run/exact_sequence/outputs/augmented_train_images/COVID/2020.03.09.20033118-p20-93%0_aug_0166.png,augmented,/Users/samehissa/Downloads/COVID-CT-Dataset-master/Images-processed/CT_COVID/2020.03.09.20033118-p20-93%0.png,2020.03.09.20033118-p20-93%0.png,1,1,1,0,1,1,1,1,1,0.0034419927,0.996558,1,0.39703667,0.46851504,0.70757943,0.6182073,0.7579369,0.46621436,0.53092974,0.6805253,0.6539574,0.69465137,1,1,1,0,1,1,1,1
covid_2020_03_09_20033118_p20_93_1_aug_0167,2020.03.09.20033118-p20-93%1_aug_0167.png,COVID,1,train,/Users/samehissa/Downloads/SS-VIRULEX-outputs/02_SVIS-RULEX/covid_ct_run/exact_sequence/outputs/augmented_train_images/COVID/2020.03.09.20033118-p20-93%1_aug_0167.png,/Users/samehissa/Downloads/SS-VIRULEX-outputs/02_SVIS-RULEX/covid_ct_run/exact_sequence/outputs/augmented_train_images/COVID/2020.03.09.20033118-p20-93%1_aug_0167.png,augmented,/Users/samehissa/Downloads/COVID-CT-Dataset-master/Images-processed/CT_COVID/2020.03.09.20033118-p20-93%1.png,2020.03.09.20033118-p20-93%1.png,1,1,1,0,1,1,1,1,1,0.47384953,0.5261505,0,0.4564656,0.45348054,0.6244449,0.5176367,0.65269977,0.3982618,0.5508494,0.6030199,0.5902281,0.56268084,1,1,1,0,1,1,1,1
covid_2020_03_09_20033118_p20_93_2_aug_0168,2020.03.09.20033118-p20-93%2_aug_0168.png,COVID,1,train,/Users/samehissa/Downloads/SS-VIRULEX-outputs/02_SVIS-RULEX/covid_ct_run/exact_sequence/outputs/augmented_train_images/COVID/2020.03.09.20033118-p20-93%2_aug_0168.png,/Users/samehissa/Downloads/SS-VIRULEX-outputs/02_SVIS-RULEX/covid_ct_run/exact_sequence/outputs/augmented_train_images/COVID/2020.03.09.20033118-p20-93%2_aug_0168.png,augmented,/Users/samehissa/Downloads/COVID-CT-Dataset-master/Images-processed/CT_COVID/2020.03.09.20033118-p20-93%2.png,2020.03.09.20033118-p20-93%2.png,1,1,1,0,1,1,1,1,1,0.0261565,0.9738435,1,0.40080637,0.45944977,0.7186957,0.59171504,0.7757042,0.42993578,0.5356315,0.6828503,0.6773145,0.676315,1,1,1,0,1,1,1,1
covid_2020_03_09_20033118_p20_93_3_aug_0169,2020.03.09.20033118-p20-93%3_aug_0169.png,COVID,1,train,/Users/samehissa/Downloads/SS-VIRULEX-outputs/02_SVIS-RULEX/covid_ct_run/exact_sequence/outputs/augmented_train_images/COVID/2020.03.09.20033118-p20-93%3_aug_0169.png,/Users/samehissa/Downloads/SS-VIRULEX-outputs/02_SVIS-RULEX/covid_ct_run/exact_sequence/outputs/augmented_train_images/COVID/2020.03.09.20033118-p20-93%3_aug_0169.png,augmented,/Users/samehissa/Downloads/COVID-CT-Dataset-master/Images-processed/CT_COVID/2020.03.09.20033118-p20-93%3.png,2020.03.09.20033118-p20-93%3.png,1,1,1,0,1,1,1,1,1,0.00019172394,0.99980825,1,0.37461913,0.466588,0.7373339,0.6410276,0.8089784,0.46209085,0.54154086,0.7152056,0.70167845,0.7421796,1,1,1,0,1,1,1,1
covid_2020_03_10_20032136_p34_118_1_0_aug_0170,2020.03.10.20032136-p34-118_1%0_aug_0170.png,COVID,1,train,/Users/samehissa/Downloads/SS-VIRULEX-outputs/02_SVIS-RULEX/covid_ct_run/exact_sequence/outputs/augmented_train_images/COVID/2020.03.10.20032136-p34-118_1%0_aug_0170.png,/Users/samehissa/Downloads/SS-VIRULEX-outputs/02_SVIS-RULEX/covid_ct_run/exact_sequence/outputs/augmented_train_images/COVID/2020.03.10.20032136-p34-118_1%0_aug_0170.png,augmented,/Users/samehissa/Downloads/COVID-CT-Dataset-master/Images-processed/CT_COVID/2020.03.10.20032136-p34-118_1%0.png,2020.03.10.20032136-p34-118_1%0.png,1,1,1,0,1,1,1,1,0,0.99994504,5.49133e-05,0,0.464654,0.3612347,0.63910097,0.536978,0.68916094,0.24444918,0.84385306,0.66890687,0.6425833,0.47153074,1,1,1,0,1,1,1,0
covid_2020_03_10_20032136_p34_118_1_1_aug_0171,2020.03.10.20032136-p34-118_1%1_aug_0171.png,COVID,1,train,/Users/samehissa/Downloads/SS-VIRULEX-outputs/02_SVIS-RULEX/covid_ct_run/exact_sequence/outputs/augmented_train_images/COVID/2020.03.10.20032136-p34-118_1%1_aug_0171.png,/Users/samehissa/Downloads/SS-VIRULEX-outputs/02_SVIS-RULEX/covid_ct_run/exact_sequence/outputs/augmented_train_images/COVID/2020.03.10.20032136-p34-118_1%1_aug_0171.png,augmented,/Users/samehissa/Downloads/COVID-CT-Dataset-master/Images-processed/CT_COVID/2020.03.10.20032136-p34-118_1%1.png,2020.03.10.20032136-p34-118_1%1.png,1,1,1,0,1,1,1,1,0,0.89368814,0.10631184,0,0.48521602,0.4142501,0.55277884,0.514784,0.5722207,0.33427528,0.62593454,0.63159096,0.56579024,0.51746374,1,1,1,0,1,1,1,1
covid_2020_03_10_20032136_p34_118_2_0_aug_0172,2020.03.10.20032136-p34-118_2%0_aug_0172.png,COVID,1,train,/Users/samehissa/Downloads/SS-VIRULEX-outputs/02_SVIS-RULEX/covid_ct_run/exact_sequence/outputs/augmented_train_images/COVID/2020.03.10.20032136-p34-118_2%0_aug_0172.png,/Users/samehissa/Downloads/SS-VIRULEX-outputs/02_SVIS-RULEX/covid_ct_run/exact_sequence/outputs/augmented_train_images/COVID/2020.03.10.20032136-p34-118_2%0_aug_0172.png,augmented,/Users/samehissa/Downloads/COVID-CT-Dataset-master/Images-processed/CT_COVID/2020.03.10.20032136-p34-118_2%0.png,2020.03.10.20032136-p34-118_2%0.png,1,1,1,0,1,1,1,1,1,0.20214203,0.797858,0,0.46604052,0.45436364,0.5907662,0.4941122,0.668338,0.35720843,0.56554437,0.6378071,0.60399806,0.5788685,1,0,1,0,1,1,1,1
covid_2020_03_10_20032136_p34_118_2_1_aug_0173,2020.03.10.20032136-p34-118_2%1_aug_0173.png,COVID,1,train,/Users/samehissa/Downloads/SS-VIRULEX-outputs/02_SVIS-RULEX/covid_ct_run/exact_sequence/outputs/augmented_train_images/COVID/2020.03.10.20032136-p34-118_2%1_aug_0173.png,/Users/samehissa/Downloads/SS-VIRULEX-outputs/02_SVIS-RULEX/covid_ct_run/exact_sequence/outputs/augmented_train_images/COVID/2020.03.10.20032136-p34-118_2%1_aug_0173.png,augmented,/Users/samehissa/Downloads/COVID-CT-Dataset-master/Images-processed/CT_COVID/2020.03.10.20032136-p34-118_2%1.png,2020.03.10.20032136-p34-118_2%1.png,1,1,1,0,1,1,1,1,0,0.9999758,2.417118e-05,0,0.47859913,0.34488893,0.6688616,0.52140087,0.7098417,0.20934272,0.86537737,0.7019153,0.66728544,0.45347282,1,1,1,0,1,1,1,0
covid_2020_03_11_20033159_p12_45_0_aug_0174,2020.03.11.20033159-p12-45%0_aug_0174.png,COVID,1,train,/Users/samehissa/Downloads/SS-VIRULEX-outputs/02_SVIS-RULEX/covid_ct_run/exact_sequence/outputs/augmented_train_images/COVID/2020.03.11.20033159-p12-45%0_aug_0174.png,/Users/samehissa/Downloads/SS-VIRULEX-outputs/02_SVIS-RULEX/covid_ct_run/exact_sequence/outputs/augmented_train_images/COVID/2020.03.11.20033159-p12-45%0_aug_0174.png,augmented,/Users/samehissa/Downloads/COVID-CT-Dataset-master/Images-processed/CT_COVID/2020.03.11.20033159-p12-45%0.png,2020.03.11.20033159-p12-45%0.png,1,1,1,0,1,1,1,1,1,0.004456092,0.9955439,1,0.406519,0.46461135,0.69366705,0.60771185,0.77698284,0.43851933,0.5433958,0.67336696,0.667311,0.6628565,1,1,1,0,1,1,1,1
covid_2020_03_11_20033159_p12_45_1_aug_0175,2020.03.11.20033159-p12-45%1_aug_0175.png,COVID,1,train,/Users/samehissa/Downloads/SS-VIRULEX-outputs/02_SVIS-RULEX/covid_ct_run/exact_sequence/outputs/augmented_train_images/COVID/2020.03.11.20033159-p12-45%1_aug_0175.png,/Users/samehissa/Downloads/SS-VIRULEX-outputs/02_SVIS-RULEX/covid_ct_run/exact_sequence/outputs/augmented_train_images/COVID/2020.03.11.20033159-p12-45%1_aug_0175.png,augmented,/Users/samehissa/Downloads/COVID-CT-Dataset-master/Images-processed/CT_COVID/2020.03.11.20033159-p12-45%1.png,2020.03.11.20033159-p12-45%1.png,1,1,1,0,1,1,1,1,1,0.20504765,0.79495233,0,0.46140328,0.4526554,0.60061246,0.52197397,0.635705,0.4239049,0.5389171,0.5851631,0.57358515,0.56715685,1,1,1,0,1,1,1,1
covid_2020_03_11_20033159_p12_45_2_aug_0176,2020.03.11.20033159-p12-45%2_aug_0176.png,COVID,1,train,/Users/samehissa/Downloads/SS-VIRULEX-outputs/02_SVIS-RULEX/covid_ct_run/exact_sequence/outputs/augmented_train_images/COVID/2020.03.11.20033159-p12-45%2_aug_0176.png,/Users/samehissa/Downloads/SS-VIRULEX-outputs/02_SVIS-RULEX/covid_ct_run/exact_sequence/outputs/augmented_train_images/COVID/2020.03.11.20033159-p12-45%2_aug_0176.png,augmented,/Users/samehissa/Downloads/COVID-CT-Dataset-master/Images-processed/CT_COVID/2020.03.11.20033159-p12-45%2.png,2020.03.11.20033159-p12-45%2.png,1,1,1,0,1,1,1,1,0,0.6368812,0.36311877,0,0.4884082,0.4414878,0.548383,0.5115918,0.6232093,0.3760127,0.5925602,0.6020608,0.5811799,0.53176045,1,1,1,0,1,1,1,1
covid_2020_03_11_20033159_p12_45_3_aug_0177,2020.03.11.20033159-p12-45%3_aug_0177.png,COVID,1,train,/Users/samehissa/Downloads/SS-VIRULEX-outputs/02_SVIS-RULEX/covid_ct_run/exact_sequence/outputs/augmented_train_images/COVID/2020.03.11.20033159-p12-45%3_aug_0177.png,/Users/samehissa/Downloads/SS-VIRULEX-outputs/02_SVIS-RULEX/covid_ct_run/exact_sequence/outputs/augmented_train_images/COVID/2020.03.11.20033159-p12-45%3_aug_0177.png,augmented,/Users/samehissa/Downloads/COVID-CT-Dataset-master/Images-processed/CT_COVID/2020.03.11.20033159-p12-45%3.png,2020.03.11.20033159-p12-45%3.png,1,1,1,0,0,1,1,1,1,0.004171371,0.99582857,1,0.3961287,0.47018003,0.70593864,0.6160802,0.7636067,0.465075,0.5282868,0.67960453,0.66344017,0.7033349,1,1,1,0,1,1,1,1
covid_2020_03_11_20033159_p12_45_4_aug_0178,2020.03.11.20033159-p12-45%4_aug_0178.png,COVID,1,train,/Users/samehissa/Downloads/SS-VIRULEX-outputs/02_SVIS-RULEX/covid_ct_run/exact_sequence/outputs/augmented_train_images/COVID/2020.03.11.20033159-p12-45%4_aug_0178.png,/Users/samehissa/Downloads/SS-VIRULEX-outputs/02_SVIS-RULEX/covid_ct_run/exact_sequence/outputs/augmented_train_images/COVID/2020.03.11.20033159-p12-45%4_aug_0178.png,augmented,/Users/samehissa/Downloads/COVID-CT-Dataset-master/Images-processed/CT_COVID/2020.03.11.20033159-p12-45%4.png,2020.03.11.20033159-p12-45%4.png,1,1,1,0,1,1,1,1,0,0.6307856,0.3692144,0,0.4848162,0.4345371,0.6019108,0.49479115,0.6254998,0.34530598,0.57841843,0.6196979,0.5858386,0.5587134,1,0,1,0,1,1,1,1
covid_2020_03_11_20033159_p12_45_5_aug_0179,2020.03.11.20033159-p12-45%5_aug_0179.png,COVID,1,train,/Users/samehissa/Downloads/SS-VIRULEX-outputs/02_SVIS-RULEX/covid_ct_run/exact_sequence/outputs/augmented_train_images/COVID/2020.03.11.20033159-p12-45%5_aug_0179.png,/Users/samehissa/Downloads/SS-VIRULEX-outputs/02_SVIS-RULEX/covid_ct_run/exact_sequence/outputs/augmented_train_images/COVID/2020.03.11.20033159-p12-45%5_aug_0179.png,augmented,/Users/samehissa/Downloads/COVID-CT-Dataset-master/Images-processed/CT_COVID/2020.03.11.20033159-p12-45%5.png,2020.03.11.20033159-p12-45%5.png,1,1,1,0,1,1,1,1,1,0.11352705,0.8864729,1,0.43874562,0.45833248,0.64901614,0.527867,0.7415084,0.3576057,0.5705314,0.65516955,0.644483,0.5967946,1,1,1,0,1,1,1,1
covid_2020_03_12_20027185_p8_216_aug_0180,2020.03.12.20027185-p8-216_aug_0180.png,COVID,1,train,/Users/samehissa/Downloads/SS-VIRULEX-outputs/02_SVIS-RULEX/covid_ct_run/exact_sequence/outputs/augmented_train_images/COVID/2020.03.12.20027185-p8-216_aug_0180.png,/Users/samehissa/Downloads/SS-VIRULEX-outputs/02_SVIS-RULEX/covid_ct_run/exact_sequence/outputs/augmented_train_images/COVID/2020.03.12.20027185-p8-216_aug_0180.png,augmented,/Users/samehissa/Downloads/COVID-CT-Dataset-master/Images-processed/CT_COVID/2020.03.12.20027185-p8-216.png,2020.03.12.20027185-p8-216.png,0,0,1,0,1,1,1,1,1,0.2617322,0.73826784,0,0.45780283,0.45500526,0.5970048,0.5119981,0.6869304,0.3692464,0.5652379,0.6426206,0.6160169,0.58293897,1,1,1,0,1,1,1,1
covid_2020_03_12_20027185_p8_217_aug_0181,2020.03.12.20027185-p8-217_aug_0181.png,COVID,1,train,/Users/samehissa/Downloads/SS-VIRULEX-outputs/02_SVIS-RULEX/covid_ct_run/exact_sequence/outputs/augmented_train_images/COVID/2020.03.12.20027185-p8-217_aug_0181.png,/Users/samehissa/Downloads/SS-VIRULEX-outputs/02_SVIS-RULEX/covid_ct_run/exact_sequence/outputs/augmented_train_images/COVID/2020.03.12.20027185-p8-217_aug_0181.png,augmented,/Users/samehissa/Downloads/COVID-CT-Dataset-master/Images-processed/CT_COVID/2020.03.12.20027185-p8-217.png,2020.03.12.20027185-p8-217.png,1,1,1,0,1,1,1,1,1,0.098851815,0.90114814,0,0.45967337,0.4576113,0.591086,0.50395024,0.7257717,0.33774066,0.5770723,0.66990167,0.64416856,0.5771197,1,1,1,0,1,1,1,1
covid_2020_03_12_20027185_p8_218_aug_0182,2020.03.12.20027185-p8-218_aug_0182.png,COVID,1,train,/Users/samehissa/Downloads/SS-VIRULEX-outputs/02_SVIS-RULEX/covid_ct_run/exact_sequence/outputs/augmented_train_images/COVID/2020.03.12.20027185-p8-218_aug_0182.png,/Users/samehissa/Downloads/SS-VIRULEX-outputs/02_SVIS-RULEX/covid_ct_run/exact_sequence/outputs/augmented_train_images/COVID/2020.03.12.20027185-p8-218_aug_0182.png,augmented,/Users/samehissa/Downloads/COVID-CT-Dataset-master/Images-processed/CT_COVID/2020.03.12.20027185-p8-218.png,2020.03.12.20027185-p8-218.png,0,1,1,0,1,1,1,1,1,0.009751338,0.9902486,1,0.40877935,0.45746735,0.6944873,0.5744211,0.7918801,0.3700761,0.5562659,0.7131034,0.66676253,0.67591864,1,1,1,0,1,1,1,1
covid_2020_03_12_20027185_p8_221_aug_0183,2020.03.12.20027185-p8-221_aug_0183.png,COVID,1,train,/Users/samehissa/Downloads/SS-VIRULEX-outputs/02_SVIS-RULEX/covid_ct_run/exact_sequence/outputs/augmented_train_images/COVID/2020.03.12.20027185-p8-221_aug_0183.png,/Users/samehissa/Downloads/SS-VIRULEX-outputs/02_SVIS-RULEX/covid_ct_run/exact_sequence/outputs/augmented_train_images/COVID/2020.03.12.20027185-p8-221_aug_0183.png,augmented,/Users/samehissa/Downloads/COVID-CT-Dataset-master/Images-processed/CT_COVID/2020.03.12.20027185-p8-221.png,2020.03.12.20027185-p8-221.png,1,0,1,1,1,1,1,1,0,0.8957076,0.104292385,0,0.49028158,0.41081384,0.58203834,0.49098027,0.63894445,0.29380333,0.6588148,0.674902,0.61638707,0.54315335,1,0,1,0,1,1,1,1
covid_2020_03_12_20034686_p17_91_3_aug_0184,2020.03.12.20034686-p17-91-3_aug_0184.png,COVID,1,train,/Users/samehissa/Downloads/SS-VIRULEX-outputs/02_SVIS-RULEX/covid_ct_run/exact_sequence/outputs/augmented_train_images/COVID/2020.03.12.20034686-p17-91-3_aug_0184.png,/Users/samehissa/Downloads/SS-VIRULEX-outputs/02_SVIS-RULEX/covid_ct_run/exact_sequence/outputs/augmented_train_images/COVID/2020.03.12.20034686-p17-91-3_aug_0184.png,augmented,/Users/samehissa/Downloads/COVID-CT-Dataset-master/Images-processed/CT_COVID/2020.03.12.20034686-p17-91-3.png,2020.03.12.20034686-p17-91-3.png,1,1,1,0,0,1,1,1,1,0.0035609214,0.99643904,1,0.41863537,0.46497396,0.6519943,0.5998845,0.70402455,0.4703766,0.51509887,0.6341615,0.6163129,0.6402903,1,1,1,0,1,1,1,1
covid_2020_03_12_20034686_p17_91_4_aug_0185,2020.03.12.20034686-p17-91-4_aug_0185.png,COVID,1,train,/Users/samehissa/Downloads/SS-VIRULEX-outputs/02_SVIS-RULEX/covid_ct_run/exact_sequence/outputs/augmented_train_images/COVID/2020.03.12.20034686-p17-91-4_aug_0185.png,/Users/samehissa/Downloads/SS-VIRULEX-outputs/02_SVIS-RULEX/covid_ct_run/exact_sequence/outputs/augmented_train_images/COVID/2020.03.12.20034686-p17-91-4_aug_0185.png,augmented,/Users/samehissa/Downloads/COVID-CT-Dataset-master/Images-processed/CT_COVID/2020.03.12.20034686-p17-91-4.png,2020.03.12.20034686-p17-91-4.png,1,1,1,0,1,1,1,1,1,0.02595719,0.97404283,1,0.42351708,0.46166372,0.6566114,0.5821921,0.7125823,0.44985577,0.5245809,0.62916625,0.6161261,0.62298286,1,1,1,0,1,1,1,1
covid_2020_03_12_20034686_p17_91_5_aug_0186,2020.03.12.20034686-p17-91-5_aug_0186.png,COVID,1,train,/Users/samehissa/Downloads/SS-VIRULEX-outputs/02_SVIS-RULEX/covid_ct_run/exact_sequence/outputs/augmented_train_images/COVID/2020.03.12.20034686-p17-91-5_aug_0186.png,/Users/samehissa/Downloads/SS-VIRULEX-outputs/02_SVIS-RULEX/covid_ct_run/exact_sequence/outputs/augmented_train_images/COVID/2020.03.12.20034686-p17-91-5_aug_0186.png,augmented,/Users/samehissa/Downloads/COVID-CT-Dataset-master/Images-processed/CT_COVID/2020.03.12.20034686-p17-91-5.png,2020.03.12.20034686-p17-91-5.png,1,1,1,0,0,1,1,1,1,0.002572469,0.9974275,1,0.4154847,0.46608716,0.66008073,0.5980773,0.7162169,0.46711043,0.5160378,0.6448092,0.62971866,0.6496448,1,1,1,0,1,1,1,1
covid_2020_03_12_20034686_p17_91_6_aug_0187,2020.03.12.20034686-p17-91-6_aug_0187.png,COVID,1,train,/Users/samehissa/Downloads/SS-VIRULEX-outputs/02_SVIS-RULEX/covid_ct_run/exact_sequence/outputs/augmented_train_images/COVID/2020.03.12.20034686-p17-91-6_aug_0187.png,/Users/samehissa/Downloads/SS-VIRULEX-outputs/02_SVIS-RULEX/covid_ct_run/exact_sequence/outputs/augmented_train_images/COVID/2020.03.12.20034686-p17-91-6_aug_0187.png,augmented,/Users/samehissa/Downloads/COVID-CT-Dataset-master/Images-processed/CT_COVID/2020.03.12.20034686-p17-91-6.png,2020.03.12.20034686-p17-91-6.png,1,0,1,1,0,1,1,1,1,0.0045604696,0.9954396,1,0.40744764,0.46864197,0.68935806,0.61044884,0.7403803,0.45935103,0.5186306,0.66467994,0.6381096,0.667114,1,1,1,0,1,1,1,1
covid_2020_03_13_20035212_p23_152_aug_0188,2020.03.13.20035212-p23-152_aug_0188.png,COVID,1,train,/Users/samehissa/Downloads/SS-VIRULEX-outputs/02_SVIS-RULEX/covid_ct_run/exact_sequence/outputs/augmented_train_images/COVID/2020.03.13.20035212-p23-152_aug_0188.png,/Users/samehissa/Downloads/SS-VIRULEX-outputs/02_SVIS-RULEX/covid_ct_run/exact_sequence/outputs/augmented_train_images/COVID/2020.03.13.20035212-p23-152_aug_0188.png,augmented,/Users/samehissa/Downloads/COVID-CT-Dataset-master/Images-processed/CT_COVID/2020.03.13.20035212-p23-152.png,2020.03.13.20035212-p23-152.png,1,1,1,1,1,1,1,1,1,4.7397396e-05,0.99995255,1,0.35709146,0.45855093,0.7638461,0.66973686,0.8396941,0.45855093,0.5560802,0.7439256,0.72393477,0.7658172,1,1,1,0,1,1,1,1
covid_2020_03_13_20035212_p23_153_aug_0189,2020.03.13.20035212-p23-153_aug_0189.png,COVID,1,train,/Users/samehissa/Downloads/SS-VIRULEX-outputs/02_SVIS-RULEX/covid_ct_run/exact_sequence/outputs/augmented_train_images/COVID/2020.03.13.20035212-p23-153_aug_0189.png,/Users/samehissa/Downloads/SS-VIRULEX-outputs/02_SVIS-RULEX/covid_ct_run/exact_sequence/outputs/augmented_train_images/COVID/2020.03.13.20035212-p23-153_aug_0189.png,augmented,/Users/samehissa/Downloads/COVID-CT-Dataset-master/Images-processed/CT_COVID/2020.03.13.20035212-p23-153.png,2020.03.13.20035212-p23-153.png,1,1,1,0,1,1,1,1,0,0.97631514,0.023684874,0,0.49152458,0.40843683,0.58908844,0.4947518,0.5824601,0.33280823,0.66067773,0.59156317,0.58311385,0.4780961,1,0,1,0,1,1,1,0
covid_2020_03_13_20035212_p23_154_aug_0190,2020.03.13.20035212-p23-154_aug_0190.png,COVID,1,train,/Users/samehissa/Downloads/SS-VIRULEX-outputs/02_SVIS-RULEX/covid_ct_run/exact_sequence/outputs/augmented_train_images/COVID/2020.03.13.20035212-p23-154_aug_0190.png,/Users/samehissa/Downloads/SS-VIRULEX-outputs/02_SVIS-RULEX/covid_ct_run/exact_sequence/outputs/augmented_train_images/COVID/2020.03.13.20035212-p23-154_aug_0190.png,augmented,/Users/samehissa/Downloads/COVID-CT-Dataset-master/Images-processed/CT_COVID/2020.03.13.20035212-p23-154.png,2020.03.13.20035212-p23-154.png,1,1,1,1,1,1,1,1,1,0.009532295,0.9904677,1,0.42093718,0.4647699,0.64819604,0.5866969,0.70966285,0.47485536,0.51973933,0.6339593,0.6343372,0.64626324,1,1,1,0,1,1,1,1
covid_2020_01_24_919183_p27_132_aug_0191,2020.01.24.919183-p27-132_aug_0191.png,COVID,1,train,/Users/samehissa/Downloads/SS-VIRULEX-outputs/02_SVIS-RULEX/covid_ct_run/exact_sequence/outputs/augmented_train_images/COVID/2020.01.24.919183-p27-132_aug_0191.png,/Users/samehissa/Downloads/SS-VIRULEX-outputs/02_SVIS-RULEX/covid_ct_run/exact_sequence/outputs/augmented_train_images/COVID/2020.01.24.919183-p27-132_aug_0191.png,augmented,/Users/samehissa/Downloads/COVID-CT-Dataset-master/Images-processed/CT_COVID/2020.01.24.919183-p27-132.png,2020.01.24.919183-p27-132.png,1,1,1,0,1,1,1,1,1,6.333801e-05,0.9999367,1,0.36649957,0.45860976,0.73843,0.6680958,0.82235396,0.46352857,0.5537689,0.7267893,0.7121033,0.7442276,1,1,1,0,1,1,1,1
covid_2020_01_24_919183_p27_133_aug_0192,2020.01.24.919183-p27-133_aug_0192.png,COVID,1,train,/Users/samehissa/Downloads/SS-VIRULEX-outputs/02_SVIS-RULEX/covid_ct_run/exact_sequence/outputs/augmented_train_images/COVID/2020.01.24.919183-p27-133_aug_0192.png,/Users/samehissa/Downloads/SS-VIRULEX-outputs/02_SVIS-RULEX/covid_ct_run/exact_sequence/outputs/augmented_train_images/COVID/2020.01.24.919183-p27-133_aug_0192.png,augmented,/Users/samehissa/Downloads/COVID-CT-Dataset-master/Images-processed/CT_COVID/2020.01.24.919183-p27-133.png,2020.01.24.919183-p27-133.png,1,1,1,0,1,1,1,1,1,0.004985689,0.99501425,1,0.41815093,0.46500906,0.633865,0.6131333,0.6999316,0.4786415,0.5207763,0.6277876,0.62146395,0.63433135,1,1,1,0,1,1,1,1
covid_2020_01_24_919183_p27_134_aug_0193,2020.01.24.919183-p27-134_aug_0193.png,COVID,1,train,/Users/samehissa/Downloads/SS-VIRULEX-outputs/02_SVIS-RULEX/covid_ct_run/exact_sequence/outputs/augmented_train_images/COVID/2020.01.24.919183-p27-134_aug_0193.png,/Users/samehissa/Downloads/SS-VIRULEX-outputs/02_SVIS-RULEX/covid_ct_run/exact_sequence/outputs/augmented_train_images/COVID/2020.01.24.919183-p27-134_aug_0193.png,augmented,/Users/samehissa/Downloads/COVID-CT-Dataset-master/Images-processed/CT_COVID/2020.01.24.919183-p27-134.png,2020.01.24.919183-p27-134.png,1,1,1,0,1,1,1,1,1,0.0023525008,0.99764746,1,0.40837765,0.46855062,0.6548342,0.63352686,0.72833675,0.47728944,0.53020996,0.64949876,0.6410359,0.6545781,1,1,1,0,1,1,1,1
covid_2020_01_24_919183_p27_135_aug_0194,2020.01.24.919183-p27-135_aug_0194.png,COVID,1,train,/Users/samehissa/Downloads/SS-VIRULEX-outputs/02_SVIS-RULEX/covid_ct_run/exact_sequence/outputs/augmented_train_images/COVID/2020.01.24.919183-p27-135_aug_0194.png,/Users/samehissa/Downloads/SS-VIRULEX-outputs/02_SVIS-RULEX/covid_ct_run/exact_sequence/outputs/augmented_train_images/COVID/2020.01.24.919183-p27-135_aug_0194.png,augmented,/Users/samehissa/Downloads/COVID-CT-Dataset-master/Images-processed/CT_COVID/2020.01.24.919183-p27-135.png,2020.01.24.919183-p27-135.png,1,1,1,0,1,1,1,1,1,0.005378087,0.9946219,1,0.42072096,0.46403483,0.6276896,0.6095764,0.69181114,0.47958514,0.51870877,0.6218737,0.61608326,0.6282533,1,1,1,0,1,1,1,1
covid_2020_02_10_20021584_p6_52_0_aug_0195,2020.02.10.20021584-p6-52%0_aug_0195.png,COVID,1,train,/Users/samehissa/Downloads/SS-VIRULEX-outputs/02_SVIS-RULEX/covid_ct_run/exact_sequence/outputs/augmented_train_images/COVID/2020.02.10.20021584-p6-52%0_aug_0195.png,/Users/samehissa/Downloads/SS-VIRULEX-outputs/02_SVIS-RULEX/covid_ct_run/exact_sequence/outputs/augmented_train_images/COVID/2020.02.10.20021584-p6-52%0_aug_0195.png,augmented,/Users/samehissa/Downloads/COVID-CT-Dataset-master/Images-processed/CT_COVID/2020.02.10.20021584-p6-52%0.png,2020.02.10.20021584-p6-52%0.png,1,1,1,0,1,1,1,1,0,0.9823836,0.0176164,0,0.47904068,0.38478103,0.5725698,0.5209593,0.61089563,0.28476423,0.71721655,0.6367116,0.5939527,0.49816155,1,1,1,0,1,1,1,0
covid_2020_02_10_20021584_p6_52_1_aug_0196,2020.02.10.20021584-p6-52%1_aug_0196.png,COVID,1,train,/Users/samehissa/Downloads/SS-VIRULEX-outputs/02_SVIS-RULEX/covid_ct_run/exact_sequence/outputs/augmented_train_images/COVID/2020.02.10.20021584-p6-52%1_aug_0196.png,/Users/samehissa/Downloads/SS-VIRULEX-outputs/02_SVIS-RULEX/covid_ct_run/exact_sequence/outputs/augmented_train_images/COVID/2020.02.10.20021584-p6-52%1_aug_0196.png,augmented,/Users/samehissa/Downloads/COVID-CT-Dataset-master/Images-processed/CT_COVID/2020.02.10.20021584-p6-52%1.png,2020.02.10.20021584-p6-52%1.png,1,1,1,0,1,1,1,1,0,0.9974234,0.002576608,0,0.4806764,0.38780734,0.62921077,0.5193236,0.6348517,0.29220363,0.7664201,0.63543683,0.5930679,0.45875838,1,1,1,0,1,1,1,0
covid_2020_02_10_20021584_p6_52_10_aug_0197,2020.02.10.20021584-p6-52%10_aug_0197.png,COVID,1,train,/Users/samehissa/Downloads/SS-VIRULEX-outputs/02_SVIS-RULEX/covid_ct_run/exact_sequence/outputs/augmented_train_images/COVID/2020.02.10.20021584-p6-52%10_aug_0197.png,/Users/samehissa/Downloads/SS-VIRULEX-outputs/02_SVIS-RULEX/covid_ct_run/exact_sequence/outputs/augmented_train_images/COVID/2020.02.10.20021584-p6-52%10_aug_0197.png,augmented,/Users/samehissa/Downloads/COVID-CT-Dataset-master/Images-processed/CT_COVID/2020.02.10.20021584-p6-52%10.png,2020.02.10.20021584-p6-52%10.png,0,1,1,0,1,1,1,1,0,0.9999789,2.1043656e-05,0,0.46805823,0.3449323,0.66503054,0.5319418,0.70646757,0.2179812,0.8688646,0.687405,0.6668847,0.4794669,1,1,1,0,1,1,1,0
covid_2020_02_10_20021584_p6_52_11_aug_0198,2020.02.10.20021584-p6-52%11_aug_0198.png,COVID,1,train,/Users/samehissa/Downloads/SS-VIRULEX-outputs/02_SVIS-RULEX/covid_ct_run/exact_sequence/outputs/augmented_train_images/COVID/2020.02.10.20021584-p6-52%11_aug_0198.png,/Users/samehissa/Downloads/SS-VIRULEX-outputs/02_SVIS-RULEX/covid_ct_run/exact_sequence/outputs/augmented_train_images/COVID/2020.02.10.20021584-p6-52%11_aug_0198.png,augmented,/Users/samehissa/Downloads/COVID-CT-Dataset-master/Images-processed/CT_COVID/2020.02.10.20021584-p6-52%11.png,2020.02.10.20021584-p6-52%11.png,1,1,1,0,1,1,1,1,0,0.99788564,0.0021143104,0,0.4655431,0.3703529,0.6177432,0.5344569,0.6372212,0.24021925,0.78443027,0.6955728,0.6040787,0.47069207,1,1,1,0,1,1,1,0
covid_2020_02_10_20021584_p6_52_12_aug_0199,2020.02.10.20021584-p6-52%12_aug_0199.png,COVID,1,train,/Users/samehissa/Downloads/SS-VIRULEX-outputs/02_SVIS-RULEX/covid_ct_run/exact_sequence/outputs/augmented_train_images/COVID/2020.02.10.20021584-p6-52%12_aug_0199.png,/Users/samehissa/Downloads/SS-VIRULEX-outputs/02_SVIS-RULEX/covid_ct_run/exact_sequence/outputs/augmented_train_images/COVID/2020.02.10.20021584-p6-52%12_aug_0199.png,augmented,/Users/samehissa/Downloads/COVID-CT-Dataset-master/Images-processed/CT_COVID/2020.02.10.20021584-p6-52%12.png,2020.02.10.20021584-p6-52%12.png,0,1,1,0,1,1,1,1,0,0.7625042,0.23749577,0,0.48389834,0.4200566,0.5719925,0.48317468,0.6554991,0.30144346,0.6400116,0.649055,0.65224195,0.5587865,1,0,1,0,1,1,1,1
covid_2020_02_10_20021584_p6_52_13_aug_0200,2020.02.10.20021584-p6-52%13_aug_0200.png,COVID,1,train,/Users/samehissa/Downloads/SS-VIRULEX-outputs/02_SVIS-RULEX/covid_ct_run/exact_sequence/outputs/augmented_train_images/COVID/2020.02.10.20021584-p6-52%13_aug_0200.png,/Users/samehissa/Downloads/SS-VIRULEX-outputs/02_SVIS-RULEX/covid_ct_run/exact_sequence/outputs/augmented_train_images/COVID/2020.02.10.20021584-p6-52%13_aug_0200.png,augmented,/Users/samehissa/Downloads/COVID-CT-Dataset-master/Images-processed/CT_COVID/2020.02.10.20021584-p6-52%13.png,2020.02.10.20021584-p6-52%13.png,0,1,1,0,1,1,1,1,0,0.9977441,0.002255894,0,0.4827748,0.38631344,0.62641203,0.5157757,0.63521194,0.29329637,0.7670534,0.6251881,0.60251397,0.46912777,1,1,1,0,1,1,1,0
covid_2020_02_10_20021584_p6_52_14_aug_0201,2020.02.10.20021584-p6-52%14_aug_0201.png,COVID,1,train,/Users/samehissa/Downloads/SS-VIRULEX-outputs/02_SVIS-RULEX/covid_ct_run/exact_sequence/outputs/augmented_train_images/COVID/2020.02.10.20021584-p6-52%14_aug_0201.png,/Users/samehissa/Downloads/SS-VIRULEX-outputs/02_SVIS-RULEX/covid_ct_run/exact_sequence/outputs/augmented_train_images/COVID/2020.02.10.20021584-p6-52%14_aug_0201.png,augmented,/Users/samehissa/Downloads/COVID-CT-Dataset-master/Images-processed/CT_COVID/2020.02.10.20021584-p6-52%14.png,2020.02.10.20021584-p6-52%14.png,0,1,1,0,1,1,1,1,0,0.9086886,0.09131144,0,0.48536032,0.41759956,0.56238705,0.5146397,0.65749204,0.30698526,0.6840385,0.6518296,0.6537712,0.52336174,1,1,1,0,1,1,1,1
covid_2020_02_10_20021584_p6_52_15_aug_0202,2020.02.10.20021584-p6-52%15_aug_0202.png,COVID,1,train,/Users/samehissa/Downloads/SS-VIRULEX-outputs/02_SVIS-RULEX/covid_ct_run/exact_sequence/outputs/augmented_train_images/COVID/2020.02.10.20021584-p6-52%15_aug_0202.png,/Users/samehissa/Downloads/SS-VIRULEX-outputs/02_SVIS-RULEX/covid_ct_run/exact_sequence/outputs/augmented_train_images/COVID/2020.02.10.20021584-p6-52%15_aug_0202.png,augmented,/Users/samehissa/Downloads/COVID-CT-Dataset-master/Images-processed/CT_COVID/2020.02.10.20021584-p6-52%15.png,2020.02.10.20021584-p6-52%15.png,1,1,1,0,1,1,1,1,0,0.86960274,0.13039725,0,0.49188957,0.42765653,0.57526755,0.497196,0.6226151,0.33551678,0.6139897,0.6217288,0.6086131,0.54205453,1,0,1,0,1,1,1,1
covid_2020_02_10_20021584_p6_52_2_aug_0203,2020.02.10.20021584-p6-52%2_aug_0203.png,COVID,1,train,/Users/samehissa/Downloads/SS-VIRULEX-outputs/02_SVIS-RULEX/covid_ct_run/exact_sequence/outputs/augmented_train_images/COVID/2020.02.10.20021584-p6-52%2_aug_0203.png,/Users/samehissa/Downloads/SS-VIRULEX-outputs/02_SVIS-RULEX/covid_ct_run/exact_sequence/outputs/augmented_train_images/COVID/2020.02.10.20021584-p6-52%2_aug_0203.png,augmented,/Users/samehissa/Downloads/COVID-CT-Dataset-master/Images-processed/CT_COVID/2020.02.10.20021584-p6-52%2.png,2020.02.10.20021584-p6-52%2.png,1,1,1,0,1,1,1,1,1,0.49910125,0.5008988,0,0.48199996,0.42714384,0.608986,0.48726806,0.66286737,0.3100867,0.61002827,0.6387062,0.63780326,0.55971235,1,0,1,0,1,1,1,1
covid_2020_02_10_20021584_p6_52_3_aug_0204,2020.02.10.20021584-p6-52%3_aug_0204.png,COVID,1,train,/Users/samehissa/Downloads/SS-VIRULEX-outputs/02_SVIS-RULEX/covid_ct_run/exact_sequence/outputs/augmented_train_images/COVID/2020.02.10.20021584-p6-52%3_aug_0204.png,/Users/samehissa/Downloads/SS-VIRULEX-outputs/02_SVIS-RULEX/covid_ct_run/exact_sequence/outputs/augmented_train_images/COVID/2020.02.10.20021584-p6-52%3_aug_0204.png,augmented,/Users/samehissa/Downloads/COVID-CT-Dataset-master/Images-processed/CT_COVID/2020.02.10.20021584-p6-52%3.png,2020.02.10.20021584-p6-52%3.png,1,1,1,0,1,1,1,1,0,0.99914,0.0008599914,0,0.4685737,0.38172168,0.6500257,0.5314263,0.6584996,0.2621387,0.8145137,0.67120385,0.62675995,0.45359132,1,1,1,0,1,1,1,0
covid_2020_02_10_20021584_p6_52_4_aug_0205,2020.02.10.20021584-p6-52%4_aug_0205.png,COVID,1,train,/Users/samehissa/Downloads/SS-VIRULEX-outputs/02_SVIS-RULEX/covid_ct_run/exact_sequence/outputs/augmented_train_images/COVID/2020.02.10.20021584-p6-52%4_aug_0205.png,/Users/samehissa/Downloads/SS-VIRULEX-outputs/02_SVIS-RULEX/covid_ct_run/exact_sequence/outputs/augmented_train_images/COVID/2020.02.10.20021584-p6-52%4_aug_0205.png,augmented,/Users/samehissa/Downloads/COVID-CT-Dataset-master/Images-processed/CT_COVID/2020.02.10.20021584-p6-52%4.png,2020.02.10.20021584-p6-52%4.png,1,1,1,0,1,1,1,1,0,0.9993055,0.000694561,0,0.48144406,0.35952115,0.62333244,0.5072239,0.6583405,0.24867953,0.7994844,0.6640701,0.62850505,0.4709189,1,1,1,0,1,1,1,0
covid_2020_02_10_20021584_p6_52_5_aug_0206,2020.02.10.20021584-p6-52%5_aug_0206.png,COVID,1,train,/Users/samehissa/Downloads/SS-VIRULEX-outputs/02_SVIS-RULEX/covid_ct_run/exact_sequence/outputs/augmented_train_images/COVID/2020.02.10.20021584-p6-52%5_aug_0206.png,/Users/samehissa/Downloads/SS-VIRULEX-outputs/02_SVIS-RULEX/covid_ct_run/exact_sequence/outputs/augmented_train_images/COVID/2020.02.10.20021584-p6-52%5_aug_0206.png,augmented,/Users/samehissa/Downloads/COVID-CT-Dataset-master/Images-processed/CT_COVID/2020.02.10.20021584-p6-52%5.png,2020.02.10.20021584-p6-52%5.png,0,1,1,0,1,1,1,1,0,0.9880662,0.011933838,0,0.48643813,0.40486085,0.5977747,0.4979174,0.61529684,0.33144504,0.7125703,0.59513915,0.58166015,0.4619311,1,0,1,0,1,1,1,0
covid_2020_02_10_20021584_p6_52_6_aug_0207,2020.02.10.20021584-p6-52%6_aug_0207.png,COVID,1,train,/Users/samehissa/Downloads/SS-VIRULEX-outputs/02_SVIS-RULEX/covid_ct_run/exact_sequence/outputs/augmented_train_images/COVID/2020.02.10.20021584-p6-52%6_aug_0207.png,/Users/samehissa/Downloads/SS-VIRULEX-outputs/02_SVIS-RULEX/covid_ct_run/exact_sequence/outputs/augmented_train_images/COVID/2020.02.10.20021584-p6-52%6_aug_0207.png,augmented,/Users/samehissa/Downloads/COVID-CT-Dataset-master/Images-processed/CT_COVID/2020.02.10.20021584-p6-52%6.png,2020.02.10.20021584-p6-52%6.png,1,1,1,0,1,1,1,1,0,0.99983394,0.00016608374,0,0.48140746,0.36596507,0.64231944,0.51859254,0.66173095,0.2604819,0.8091938,0.6537469,0.6230831,0.4741744,1,1,1,0,1,1,1,0
covid_2020_02_10_20021584_p6_52_7_aug_0208,2020.02.10.20021584-p6-52%7_aug_0208.png,COVID,1,train,/Users/samehissa/Downloads/SS-VIRULEX-outputs/02_SVIS-RULEX/covid_ct_run/exact_sequence/outputs/augmented_train_images/COVID/2020.02.10.20021584-p6-52%7_aug_0208.png,/Users/samehissa/Downloads/SS-VIRULEX-outputs/02_SVIS-RULEX/covid_ct_run/exact_sequence/outputs/augmented_train_images/COVID/2020.02.10.20021584-p6-52%7_aug_0208.png,augmented,/Users/samehissa/Downloads/COVID-CT-Dataset-master/Images-processed/CT_COVID/2020.02.10.20021584-p6-52%7.png,2020.02.10.20021584-p6-52%7.png,1,1,1,0,1,1,1,1,0,0.9990785,0.0009214525,0,0.47625214,0.38500652,0.65796155,0.52374786,0.65298414,0.277937,0.8070334,0.64678705,0.62519276,0.46185157,1,1,1,0,1,1,1,0
covid_2020_02_10_20021584_p6_52_8_aug_0209,2020.02.10.20021584-p6-52%8_aug_0209.png,COVID,1,train,/Users/samehissa/Downloads/SS-VIRULEX-outputs/02_SVIS-RULEX/covid_ct_run/exact_sequence/outputs/augmented_train_images/COVID/2020.02.10.20021584-p6-52%8_aug_0209.png,/Users/samehissa/Downloads/SS-VIRULEX-outputs/02_SVIS-RULEX/covid_ct_run/exact_sequence/outputs/augmented_train_images/COVID/2020.02.10.20021584-p6-52%8_aug_0209.png,augmented,/Users/samehissa/Downloads/COVID-CT-Dataset-master/Images-processed/CT_COVID/2020.02.10.20021584-p6-52%8.png,2020.02.10.20021584-p6-52%8.png,1,1,1,0,1,1,1,1,1,0.1718349,0.82816505,0,0.4594579,0.45008188,0.61919665,0.4891135,0.746709,0.30995658,0.6011899,0.6824251,0.6582438,0.60581744,1,0,1,0,1,1,1,1
covid_2020_02_10_20021584_p6_52_9_aug_0210,2020.02.10.20021584-p6-52%9_aug_0210.png,COVID,1,train,/Users/samehissa/Downloads/SS-VIRULEX-outputs/02_SVIS-RULEX/covid_ct_run/exact_sequence/outputs/augmented_train_images/COVID/2020.02.10.20021584-p6-52%9_aug_0210.png,/Users/samehissa/Downloads/SS-VIRULEX-outputs/02_SVIS-RULEX/covid_ct_run/exact_sequence/outputs/augmented_train_images/COVID/2020.02.10.20021584-p6-52%9_aug_0210.png,augmented,/Users/samehissa/Downloads/COVID-CT-Dataset-master/Images-processed/CT_COVID/2020.02.10.20021584-p6-52%9.png,2020.02.10.20021584-p6-52%9.png,1,1,1,0,1,1,1,1,0,0.77099013,0.22900984,0,0.48838988,0.4128777,0.5900394,0.5015792,0.64013743,0.31267366,0.65818644,0.6293494,0.63462865,0.5245506,1,1,1,0,1,1,1,1
covid_2020_02_11_20021493_p16_109_0_aug_0211,2020.02.11.20021493-p16-109%0_aug_0211.png,COVID,1,train,/Users/samehissa/Downloads/SS-VIRULEX-outputs/02_SVIS-RULEX/covid_ct_run/exact_sequence/outputs/augmented_train_images/COVID/2020.02.11.20021493-p16-109%0_aug_0211.png,/Users/samehissa/Downloads/SS-VIRULEX-outputs/02_SVIS-RULEX/covid_ct_run/exact_sequence/outputs/augmented_train_images/COVID/2020.02.11.20021493-p16-109%0_aug_0211.png,augmented,/Users/samehissa/Downloads/COVID-CT-Dataset-master/Images-processed/CT_COVID/2020.02.11.20021493-p16-109%0.png,2020.02.11.20021493-p16-109%0.png,1,1,1,0,1,1,1,1,0,0.97686356,0.023136353,0,0.47728932,0.38127112,0.5877242,0.50724727,0.60109156,0.25444707,0.69716567,0.69034994,0.6161185,0.51522034,1,1,1,0,1,1,1,1
covid_2020_02_11_20021493_p16_109_1_aug_0212,2020.02.11.20021493-p16-109%1_aug_0212.png,COVID,1,train,/Users/samehissa/Downloads/SS-VIRULEX-outputs/02_SVIS-RULEX/covid_ct_run/exact_sequence/outputs/augmented_train_images/COVID/2020.02.11.20021493-p16-109%1_aug_0212.png,/Users/samehissa/Downloads/SS-VIRULEX-outputs/02_SVIS-RULEX/covid_ct_run/exact_sequence/outputs/augmented_train_images/COVID/2020.02.11.20021493-p16-109%1_aug_0212.png,augmented,/Users/samehissa/Downloads/COVID-CT-Dataset-master/Images-processed/CT_COVID/2020.02.11.20021493-p16-109%1.png,2020.02.11.20021493-p16-109%1.png,1,1,1,0,1,1,1,1,1,0.0044345777,0.99556535,1,0.4115804,0.458576,0.7039189,0.58135694,0.77608156,0.4023401,0.5749939,0.66777384,0.667339,0.65938306,1,1,1,0,1,1,1,1
covid_2020_02_11_20021493_p16_109_2_aug_0213,2020.02.11.20021493-p16-109%2_aug_0213.png,COVID,1,train,/Users/samehissa/Downloads/SS-VIRULEX-outputs/02_SVIS-RULEX/covid_ct_run/exact_sequence/outputs/augmented_train_images/COVID/2020.02.11.20021493-p16-109%2_aug_0213.png,/Users/samehissa/Downloads/SS-VIRULEX-outputs/02_SVIS-RULEX/covid_ct_run/exact_sequence/outputs/augmented_train_images/COVID/2020.02.11.20021493-p16-109%2_aug_0213.png,augmented,/Users/samehissa/Downloads/COVID-CT-Dataset-master/Images-processed/CT_COVID/2020.02.11.20021493-p16-109%2.png,2020.02.11.20021493-p16-109%2.png,1,1,1,0,1,1,1,1,1,0.0011157591,0.99888426,1,0.4017666,0.46989742,0.70078665,0.61192757,0.76377094,0.45836136,0.52534354,0.675421,0.6620901,0.69217783,1,1,1,0,1,1,1,1
covid_2020_02_11_20022053_p12_67_0_aug_0214,2020.02.11.20022053-p12-67%0_aug_0214.png,COVID,1,train,/Users/samehissa/Downloads/SS-VIRULEX-outputs/02_SVIS-RULEX/covid_ct_run/exact_sequence/outputs/augmented_train_images/COVID/2020.02.11.20022053-p12-67%0_aug_0214.png,/Users/samehissa/Downloads/SS-VIRULEX-outputs/02_SVIS-RULEX/covid_ct_run/exact_sequence/outputs/augmented_train_images/COVID/2020.02.11.20022053-p12-67%0_aug_0214.png,augmented,/Users/samehissa/Downloads/COVID-CT-Dataset-master/Images-processed/CT_COVID/2020.02.11.20022053-p12-67%0.png,2020.02.11.20022053-p12-67%0.png,0,0,0,0,1,1,1,1,1,0.016869001,0.98313105,1,0.41366103,0.45750976,0.69603217,0.57762295,0.7480712,0.4326445,0.5299871,0.6560866,0.64864874,0.64656,1,1,1,0,1,1,1,1
covid_2020_02_11_20022053_p12_67_1_aug_0215,2020.02.11.20022053-p12-67%1_aug_0215.png,COVID,1,train,/Users/samehissa/Downloads/SS-VIRULEX-outputs/02_SVIS-RULEX/covid_ct_run/exact_sequence/outputs/augmented_train_images/COVID/2020.02.11.20022053-p12-67%1_aug_0215.png,/Users/samehissa/Downloads/SS-VIRULEX-outputs/02_SVIS-RULEX/covid_ct_run/exact_sequence/outputs/augmented_train_images/COVID/2020.02.11.20022053-p12-67%1_aug_0215.png,augmented,/Users/samehissa/Downloads/COVID-CT-Dataset-master/Images-processed/CT_COVID/2020.02.11.20022053-p12-67%1.png,2020.02.11.20022053-p12-67%1.png,1,1,1,0,1,1,1,1,1,0.47922075,0.5207793,0,0.4652276,0.45582289,0.598049,0.49035588,0.68555504,0.3494691,0.5497943,0.6356726,0.63429105,0.5808273,1,0,1,0,1,1,1,1
covid_2020_02_11_20022053_p12_67_2_aug_0216,2020.02.11.20022053-p12-67%2_aug_0216.png,COVID,1,train,/Users/samehissa/Downloads/SS-VIRULEX-outputs/02_SVIS-RULEX/covid_ct_run/exact_sequence/outputs/augmented_train_images/COVID/2020.02.11.20022053-p12-67%2_aug_0216.png,/Users/samehissa/Downloads/SS-VIRULEX-outputs/02_SVIS-RULEX/covid_ct_run/exact_sequence/outputs/augmented_train_images/COVID/2020.02.11.20022053-p12-67%2_aug_0216.png,augmented,/Users/samehissa/Downloads/COVID-CT-Dataset-master/Images-processed/CT_COVID/2020.02.11.20022053-p12-67%2.png,2020.02.11.20022053-p12-67%2.png,0,1,1,0,1,1,1,1,1,0.073861316,0.9261387,1,0.44494873,0.45594558,0.5924866,0.55719256,0.63531893,0.47977903,0.51407,0.58430475,0.58791465,0.58442193,1,1,1,0,1,1,1,1
covid_2020_02_11_20022053_p12_67_3_aug_0217,2020.02.11.20022053-p12-67%3_aug_0217.png,COVID,1,train,/Users/samehissa/Downloads/SS-VIRULEX-outputs/02_SVIS-RULEX/covid_ct_run/exact_sequence/outputs/augmented_train_images/COVID/2020.02.11.20022053-p12-67%3_aug_0217.png,/Users/samehissa/Downloads/SS-VIRULEX-outputs/02_SVIS-RULEX/covid_ct_run/exact_sequence/outputs/augmented_train_images/COVID/2020.02.11.20022053-p12-67%3_aug_0217.png,augmented,/Users/samehissa/Downloads/COVID-CT-Dataset-master/Images-processed/CT_COVID/2020.02.11.20022053-p12-67%3.png,2020.02.11.20022053-p12-67%3.png,0,0,0,0,1,0,0,0,1,0.058316655,0.9416834,1,0.4329927,0.45417297,0.6427219,0.54582703,0.6858617,0.44688457,0.5202287,0.6165193,0.62521225,0.627838,1,1,1,0,1,1,1,1
covid_2020_02_13_20022673_p13_77_0_aug_0218,2020.02.13.20022673-p13-77%0_aug_0218.png,COVID,1,train,/Users/samehissa/Downloads/SS-VIRULEX-outputs/02_SVIS-RULEX/covid_ct_run/exact_sequence/outputs/augmented_train_images/COVID/2020.02.13.20022673-p13-77%0_aug_0218.png,/Users/samehissa/Downloads/SS-VIRULEX-outputs/02_SVIS-RULEX/covid_ct_run/exact_sequence/outputs/augmented_train_images/COVID/2020.02.13.20022673-p13-77%0_aug_0218.png,augmented,/Users/samehissa/Downloads/COVID-CT-Dataset-master/Images-processed/CT_COVID/2020.02.13.20022673-p13-77%0.png,2020.02.13.20022673-p13-77%0.png,1,1,1,0,1,1,1,1,1,9.509981e-05,0.9999049,1,0.37877733,0.46167684,0.75505435,0.6270383,0.847384,0.42853278,0.55253565,0.7258993,0.73878956,0.7536706,1,1,1,0,1,1,1,1
covid_2020_02_13_20022673_p13_77_1_aug_0219,2020.02.13.20022673-p13-77%1_aug_0219.png,COVID,1,train,/Users/samehissa/Downloads/SS-VIRULEX-outputs/02_SVIS-RULEX/covid_ct_run/exact_sequence/outputs/augmented_train_images/COVID/2020.02.13.20022673-p13-77%1_aug_0219.png,/Users/samehissa/Downloads/SS-VIRULEX-outputs/02_SVIS-RULEX/covid_ct_run/exact_sequence/outputs/augmented_train_images/COVID/2020.02.13.20022673-p13-77%1_aug_0219.png,augmented,/Users/samehissa/Downloads/COVID-CT-Dataset-master/Images-processed/CT_COVID/2020.02.13.20022673-p13-77%1.png,2020.02.13.20022673-p13-77%1.png,1,1,1,0,1,1,1,1,1,0.3428697,0.65713036,0,0.48232058,0.45216283,0.5832303,0.49055052,0.6163431,0.39263025,0.5730647,0.6031933,0.5944834,0.5709382,1,0,1,0,1,1,1,1
covid_2020_02_13_20022673_p13_77_2_aug_0220,2020.02.13.20022673-p13-77%2_aug_0220.png,COVID,1,train,/Users/samehissa/Downloads/SS-VIRULEX-outputs/02_SVIS-RULEX/covid_ct_run/exact_sequence/outputs/augmented_train_images/COVID/2020.02.13.20022673-p13-77%2_aug_0220.png,/Users/samehissa/Downloads/SS-VIRULEX-outputs/02_SVIS-RULEX/covid_ct_run/exact_sequence/outputs/augmented_train_images/COVID/2020.02.13.20022673-p13-77%2_aug_0220.png,augmented,/Users/samehissa/Downloads/COVID-CT-Dataset-master/Images-processed/CT_COVID/2020.02.13.20022673-p13-77%2.png,2020.02.13.20022673-p13-77%2.png,1,1,1,1,1,1,1,1,1,0.03164291,0.9683571,1,0.4367718,0.45593324,0.64610445,0.5514949,0.6681685,0.45980152,0.51478,0.60367954,0.5978583,0.6098944,1,1,1,0,1,1,1,1
covid_2020_02_17_20024018_p17_61_0_aug_0221,2020.02.17.20024018-p17-61%0_aug_0221.png,COVID,1,train,/Users/samehissa/Downloads/SS-VIRULEX-outputs/02_SVIS-RULEX/covid_ct_run/exact_sequence/outputs/augmented_train_images/COVID/2020.02.17.20024018-p17-61%0_aug_0221.png,/Users/samehissa/Downloads/SS-VIRULEX-outputs/02_SVIS-RULEX/covid_ct_run/exact_sequence/outputs/augmented_train_images/COVID/2020.02.17.20024018-p17-61%0_aug_0221.png,augmented,/Users/samehissa/Downloads/COVID-CT-Dataset-master/Images-processed/CT_COVID/2020.02.17.20024018-p17-61%0.png,2020.02.17.20024018-p17-61%0.png,1,1,1,0,1,1,1,1,1,0.0013313625,0.9986687,1,0.40303135,0.46965596,0.6950806,0.6113505,0.75650305,0.4641843,0.5253548,0.66736656,0.6570812,0.69315845,1,1,1,0,1,1,1,1
covid_2020_02_17_20024018_p17_61_1_aug_0222,2020.02.17.20024018-p17-61%1_aug_0222.png,COVID,1,train,/Users/samehissa/Downloads/SS-VIRULEX-outputs/02_SVIS-RULEX/covid_ct_run/exact_sequence/outputs/augmented_train_images/COVID/2020.02.17.20024018-p17-61%1_aug_0222.png,/Users/samehissa/Downloads/SS-VIRULEX-outputs/02_SVIS-RULEX/covid_ct_run/exact_sequence/outputs/augmented_train_images/COVID/2020.02.17.20024018-p17-61%1_aug_0222.png,augmented,/Users/samehissa/Downloads/COVID-CT-Dataset-master/Images-processed/CT_COVID/2020.02.17.20024018-p17-61%1.png,2020.02.17.20024018-p17-61%1.png,1,1,1,0,1,1,1,1,1,0.0014448913,0.9985551,1,0.39372918,0.46736243,0.718795,0.63055694,0.7750783,0.4530057,0.5276678,0.6933082,0.65944016,0.69257283,1,1,1,0,1,1,1,1
covid_2020_02_17_20024018_p17_61_2_aug_0223,2020.02.17.20024018-p17-61%2_aug_0223.png,COVID,1,train,/Users/samehissa/Downloads/SS-VIRULEX-outputs/02_SVIS-RULEX/covid_ct_run/exact_sequence/outputs/augmented_train_images/COVID/2020.02.17.20024018-p17-61%2_aug_0223.png,/Users/samehissa/Downloads/SS-VIRULEX-outputs/02_SVIS-RULEX/covid_ct_run/exact_sequence/outputs/augmented_train_images/COVID/2020.02.17.20024018-p17-61%2_aug_0223.png,augmented,/Users/samehissa/Downloads/COVID-CT-Dataset-master/Images-processed/CT_COVID/2020.02.17.20024018-p17-61%2.png,2020.02.17.20024018-p17-61%2.png,1,1,1,0,1,1,1,1,1,0.056510214,0.94348973,0,0.4583732,0.4570548,0.6328673,0.5156036,0.73269904,0.3836262,0.5864265,0.6337742,0.66743743,0.6088704,1,1,1,0,1,1,1,1
covid_2020_02_17_20024018_p17_61_3_aug_0224,2020.02.17.20024018-p17-61%3_aug_0224.png,COVID,1,train,/Users/samehissa/Downloads/SS-VIRULEX-outputs/02_SVIS-RULEX/covid_ct_run/exact_sequence/outputs/augmented_train_images/COVID/2020.02.17.20024018-p17-61%3_aug_0224.png,/Users/samehissa/Downloads/SS-VIRULEX-outputs/02_SVIS-RULEX/covid_ct_run/exact_sequence/outputs/augmented_train_images/COVID/2020.02.17.20024018-p17-61%3_aug_0224.png,augmented,/Users/samehissa/Downloads/COVID-CT-Dataset-master/Images-processed/CT_COVID/2020.02.17.20024018-p17-61%3.png,2020.02.17.20024018-p17-61%3.png,1,1,1,0,1,1,1,1,1,0.002775031,0.99722505,1,0.40008393,0.47014856,0.7044142,0.6235257,0.76060104,0.4502067,0.5246268,0.68851,0.65045774,0.6666406,1,1,1,0,1,1,1,1
covid_2020_02_17_20024018_p17_61_4_aug_0225,2020.02.17.20024018-p17-61%4_aug_0225.png,COVID,1,train,/Users/samehissa/Downloads/SS-VIRULEX-outputs/02_SVIS-RULEX/covid_ct_run/exact_sequence/outputs/augmented_train_images/COVID/2020.02.17.20024018-p17-61%4_aug_0225.png,/Users/samehissa/Downloads/SS-VIRULEX-outputs/02_SVIS-RULEX/covid_ct_run/exact_sequence/outputs/augmented_train_images/COVID/2020.02.17.20024018-p17-61%4_aug_0225.png,augmented,/Users/samehissa/Downloads/COVID-CT-Dataset-master/Images-processed/CT_COVID/2020.02.17.20024018-p17-61%4.png,2020.02.17.20024018-p17-61%4.png,1,1,1,0,1,1,1,1,1,0.29494864,0.70505136,0,0.4803355,0.43017924,0.57735234,0.50503933,0.6694835,0.33299714,0.62671185,0.630091,0.6405976,0.5402754,1,1,1,0,1,1,1,1
covid_2020_02_19_20025023_p20_93_0_aug_0226,2020.02.19.20025023-p20-93%0_aug_0226.png,COVID,1,train,/Users/samehissa/Downloads/SS-VIRULEX-outputs/02_SVIS-RULEX/covid_ct_run/exact_sequence/outputs/augmented_train_images/COVID/2020.02.19.20025023-p20-93%0_aug_0226.png,/Users/samehissa/Downloads/SS-VIRULEX-outputs/02_SVIS-RULEX/covid_ct_run/exact_sequence/outputs/augmented_train_images/COVID/2020.02.19.20025023-p20-93%0_aug_0226.png,augmented,/Users/samehissa/Downloads/COVID-CT-Dataset-master/Images-processed/CT_COVID/2020.02.19.20025023-p20-93%0.png,2020.02.19.20025023-p20-93%0.png,1,1,1,0,1,1,1,1,1,0.0001391005,0.9998609,1,0.38022712,0.4555648,0.69979453,0.6572126,0.79334134,0.47282887,0.5465104,0.70515716,0.7073454,0.7088129,1,1,1,0,1,1,1,1
covid_2020_02_19_20025023_p20_93_1_aug_0227,2020.02.19.20025023-p20-93%1_aug_0227.png,COVID,1,train,/Users/samehissa/Downloads/SS-VIRULEX-outputs/02_SVIS-RULEX/covid_ct_run/exact_sequence/outputs/augmented_train_images/COVID/2020.02.19.20025023-p20-93%1_aug_0227.png,/Users/samehissa/Downloads/SS-VIRULEX-outputs/02_SVIS-RULEX/covid_ct_run/exact_sequence/outputs/augmented_train_images/COVID/2020.02.19.20025023-p20-93%1_aug_0227.png,augmented,/Users/samehissa/Downloads/COVID-CT-Dataset-master/Images-processed/CT_COVID/2020.02.19.20025023-p20-93%1.png,2020.02.19.20025023-p20-93%1.png,1,1,1,0,1,1,1,1,1,0.09089763,0.90910244,1,0.45201996,0.4548168,0.570776,0.5358913,0.6799258,0.4204357,0.5553892,0.615675,0.634846,0.584824,1,1,1,0,1,1,1,1
covid_2020_02_19_20025023_p20_93_2_aug_0228,2020.02.19.20025023-p20-93%2_aug_0228.png,COVID,1,train,/Users/samehissa/Downloads/SS-VIRULEX-outputs/02_SVIS-RULEX/covid_ct_run/exact_sequence/outputs/augmented_train_images/COVID/2020.02.19.20025023-p20-93%2_aug_0228.png,/Users/samehissa/Downloads/SS-VIRULEX-outputs/02_SVIS-RULEX/covid_ct_run/exact_sequence/outputs/augmented_train_images/COVID/2020.02.19.20025023-p20-93%2_aug_0228.png,augmented,/Users/samehissa/Downloads/COVID-CT-Dataset-master/Images-processed/CT_COVID/2020.02.19.20025023-p20-93%2.png,2020.02.19.20025023-p20-93%2.png,1,1,1,0,1,1,1,1,1,0.007268559,0.9927314,1,0.4201414,0.4644926,0.63240343,0.6057556,0.69471866,0.48004588,0.52024364,0.62926984,0.6213493,0.63064927,1,1,1,0,1,1,1,1
covid_2020_02_19_20025023_p20_93_3_aug_0229,2020.02.19.20025023-p20-93%3_aug_0229.png,COVID,1,train,/Users/samehissa/Downloads/SS-VIRULEX-outputs/02_SVIS-RULEX/covid_ct_run/exact_sequence/outputs/augmented_train_images/COVID/2020.02.19.20025023-p20-93%3_aug_0229.png,/Users/samehissa/Downloads/SS-VIRULEX-outputs/02_SVIS-RULEX/covid_ct_run/exact_sequence/outputs/augmented_train_images/COVID/2020.02.19.20025023-p20-93%3_aug_0229.png,augmented,/Users/samehissa/Downloads/COVID-CT-Dataset-master/Images-processed/CT_COVID/2020.02.19.20025023-p20-93%3.png,2020.02.19.20025023-p20-93%3.png,1,1,1,0,1,1,1,1,0,0.92986584,0.07013412,0,0.48612905,0.4158186,0.573131,0.51387095,0.639471,0.31088898,0.66064245,0.6479219,0.6167458,0.54418254,1,1,1,0,1,1,1,1
covid_2020_02_22_20024927_p18_66_0_aug_0230,2020.02.22.20024927-p18-66%0_aug_0230.png,COVID,1,train,/Users/samehissa/Downloads/SS-VIRULEX-outputs/02_SVIS-RULEX/covid_ct_run/exact_sequence/outputs/augmented_train_images/COVID/2020.02.22.20024927-p18-66%0_aug_0230.png,/Users/samehissa/Downloads/SS-VIRULEX-outputs/02_SVIS-RULEX/covid_ct_run/exact_sequence/outputs/augmented_train_images/COVID/2020.02.22.20024927-p18-66%0_aug_0230.png,augmented,/Users/samehissa/Downloads/COVID-CT-Dataset-master/Images-processed/CT_COVID/2020.02.22.20024927-p18-66%0.png,2020.02.22.20024927-p18-66%0.png,1,0,1,0,1,1,1,1,1,0.0965346,0.90346533,1,0.4376404,0.45866346,0.6480992,0.5391765,0.7201684,0.3946729,0.56220216,0.6363531,0.6265492,0.6141086,1,1,1,0,1,1,1,1
covid_2020_02_22_20024927_p18_66_1_aug_0231,2020.02.22.20024927-p18-66%1_aug_0231.png,COVID,1,train,/Users/samehissa/Downloads/SS-VIRULEX-outputs/02_SVIS-RULEX/covid_ct_run/exact_sequence/outputs/augmented_train_images/COVID/2020.02.22.20024927-p18-66%1_aug_0231.png,/Users/samehissa/Downloads/SS-VIRULEX-outputs/02_SVIS-RULEX/covid_ct_run/exact_sequence/outputs/augmented_train_images/COVID/2020.02.22.20024927-p18-66%1_aug_0231.png,augmented,/Users/samehissa/Downloads/COVID-CT-Dataset-master/Images-processed/CT_COVID/2020.02.22.20024927-p18-66%1.png,2020.02.22.20024927-p18-66%1.png,1,1,1,0,1,1,1,1,1,0.0112539055,0.9887461,1,0.4198059,0.46214136,0.64700466,0.5847865,0.7566118,0.4323366,0.561122,0.6382133,0.670511,0.6443166,1,1,1,0,1,1,1,1
covid_2020_02_22_20024927_p18_66_2_aug_0232,2020.02.22.20024927-p18-66%2_aug_0232.png,COVID,1,train,/Users/samehissa/Downloads/SS-VIRULEX-outputs/02_SVIS-RULEX/covid_ct_run/exact_sequence/outputs/augmented_train_images/COVID/2020.02.22.20024927-p18-66%2_aug_0232.png,/Users/samehissa/Downloads/SS-VIRULEX-outputs/02_SVIS-RULEX/covid_ct_run/exact_sequence/outputs/augmented_train_images/COVID/2020.02.22.20024927-p18-66%2_aug_0232.png,augmented,/Users/samehissa/Downloads/COVID-CT-Dataset-master/Images-processed/CT_COVID/2020.02.22.20024927-p18-66%2.png,2020.02.22.20024927-p18-66%2.png,1,1,1,0,1,1,1,1,0,0.9997079,0.00029212274,0,0.46641955,0.37491807,0.6504808,0.547721,0.669667,0.25508344,0.8324062,0.68378484,0.62125134,0.45338476,1,1,1,0,1,1,1,0
covid_2020_02_22_20024927_p19_68_0_aug_0233,2020.02.22.20024927-p19-68%0_aug_0233.png,COVID,1,train,/Users/samehissa/Downloads/SS-VIRULEX-outputs/02_SVIS-RULEX/covid_ct_run/exact_sequence/outputs/augmented_train_images/COVID/2020.02.22.20024927-p19-68%0_aug_0233.png,/Users/samehissa/Downloads/SS-VIRULEX-outputs/02_SVIS-RULEX/covid_ct_run/exact_sequence/outputs/augmented_train_images/COVID/2020.02.22.20024927-p19-68%0_aug_0233.png,augmented,/Users/samehissa/Downloads/COVID-CT-Dataset-master/Images-processed/CT_COVID/2020.02.22.20024927-p19-68%0.png,2020.02.22.20024927-p19-68%0.png,0,0,0,0,1,1,1,1,0,0.99864906,0.001350987,0,0.48079437,0.38140374,0.6089758,0.51920563,0.61563796,0.2987899,0.7303578,0.6246554,0.56504923,0.4620882,1,1,1,0,1,1,1,0
covid_2020_02_22_20024927_p19_68_1_aug_0234,2020.02.22.20024927-p19-68%1_aug_0234.png,COVID,1,train,/Users/samehissa/Downloads/SS-VIRULEX-outputs/02_SVIS-RULEX/covid_ct_run/exact_sequence/outputs/augmented_train_images/COVID/2020.02.22.20024927-p19-68%1_aug_0234.png,/Users/samehissa/Downloads/SS-VIRULEX-outputs/02_SVIS-RULEX/covid_ct_run/exact_sequence/outputs/augmented_train_images/COVID/2020.02.22.20024927-p19-68%1_aug_0234.png,augmented,/Users/samehissa/Downloads/COVID-CT-Dataset-master/Images-processed/CT_COVID/2020.02.22.20024927-p19-68%1.png,2020.02.22.20024927-p19-68%1.png,1,0,1,0,1,1,1,1,0,0.994756,0.005244088,0,0.4718085,0.39388162,0.56662685,0.5358611,0.6145598,0.3143186,0.7290693,0.6061184,0.5646944,0.48870298,1,1,1,0,1,1,1,0
covid_2020_02_22_20024927_p19_68_2_aug_0235,2020.02.22.20024927-p19-68%2_aug_0235.png,COVID,1,train,/Users/samehissa/Downloads/SS-VIRULEX-outputs/02_SVIS-RULEX/covid_ct_run/exact_sequence/outputs/augmented_train_images/COVID/2020.02.22.20024927-p19-68%2_aug_0235.png,/Users/samehissa/Downloads/SS-VIRULEX-outputs/02_SVIS-RULEX/covid_ct_run/exact_sequence/outputs/augmented_train_images/COVID/2020.02.22.20024927-p19-68%2_aug_0235.png,augmented,/Users/samehissa/Downloads/COVID-CT-Dataset-master/Images-processed/CT_COVID/2020.02.22.20024927-p19-68%2.png,2020.02.22.20024927-p19-68%2.png,1,1,1,0,1,1,1,1,0,0.9894587,0.010541313,0,0.48019117,0.3960319,0.5853425,0.5198088,0.61882323,0.3126687,0.72648954,0.6119539,0.5894366,0.47951585,1,1,1,0,1,1,1,0
covid_2020_02_22_20024927_p19_68_3_aug_0236,2020.02.22.20024927-p19-68%3_aug_0236.png,COVID,1,train,/Users/samehissa/Downloads/SS-VIRULEX-outputs/02_SVIS-RULEX/covid_ct_run/exact_sequence/outputs/augmented_train_images/COVID/2020.02.22.20024927-p19-68%3_aug_0236.png,/Users/samehissa/Downloads/SS-VIRULEX-outputs/02_SVIS-RULEX/covid_ct_run/exact_sequence/outputs/augmented_train_images/COVID/2020.02.22.20024927-p19-68%3_aug_0236.png,augmented,/Users/samehissa/Downloads/COVID-CT-Dataset-master/Images-processed/CT_COVID/2020.02.22.20024927-p19-68%3.png,2020.02.22.20024927-p19-68%3.png,1,1,1,0,1,1,1,1,1,0.076879784,0.92312026,1,0.44440183,0.45975494,0.66338634,0.5106227,0.764179,0.32267234,0.5862591,0.7012454,0.6628088,0.60613465,1,1,1,0,1,1,1,1
covid_2020_02_22_20024927_p19_68_4_aug_0237,2020.02.22.20024927-p19-68%4_aug_0237.png,COVID,1,train,/Users/samehissa/Downloads/SS-VIRULEX-outputs/02_SVIS-RULEX/covid_ct_run/exact_sequence/outputs/augmented_train_images/COVID/2020.02.22.20024927-p19-68%4_aug_0237.png,/Users/samehissa/Downloads/SS-VIRULEX-outputs/02_SVIS-RULEX/covid_ct_run/exact_sequence/outputs/augmented_train_images/COVID/2020.02.22.20024927-p19-68%4_aug_0237.png,augmented,/Users/samehissa/Downloads/COVID-CT-Dataset-master/Images-processed/CT_COVID/2020.02.22.20024927-p19-68%4.png,2020.02.22.20024927-p19-68%4.png,1,1,1,0,1,1,1,1,1,0.48767325,0.5123267,0,0.47359374,0.45489734,0.58691597,0.4925195,0.68066126,0.34443042,0.5774832,0.65001315,0.6117041,0.58243656,1,0,1,0,1,1,1,1
covid_2020_02_22_20024927_p19_68_5_aug_0238,2020.02.22.20024927-p19-68%5_aug_0238.png,COVID,1,train,/Users/samehissa/Downloads/SS-VIRULEX-outputs/02_SVIS-RULEX/covid_ct_run/exact_sequence/outputs/augmented_train_images/COVID/2020.02.22.20024927-p19-68%5_aug_0238.png,/Users/samehissa/Downloads/SS-VIRULEX-outputs/02_SVIS-RULEX/covid_ct_run/exact_sequence/outputs/augmented_train_images/COVID/2020.02.22.20024927-p19-68%5_aug_0238.png,augmented,/Users/samehissa/Downloads/COVID-CT-Dataset-master/Images-processed/CT_COVID/2020.02.22.20024927-p19-68%5.png,2020.02.22.20024927-p19-68%5.png,1,1,1,0,1,1,1,1,0,0.9314248,0.068575256,0,0.47731984,0.42549592,0.5919844,0.52268016,0.60541224,0.34935,0.6521372,0.61710185,0.5657344,0.49878415,1,1,1,0,1,1,1,0
covid_2020_02_22_20024927_p20_70_0_aug_0239,2020.02.22.20024927-p20-70%0_aug_0239.png,COVID,1,train,/Users/samehissa/Downloads/SS-VIRULEX-outputs/02_SVIS-RULEX/covid_ct_run/exact_sequence/outputs/augmented_train_images/COVID/2020.02.22.20024927-p20-70%0_aug_0239.png,/Users/samehissa/Downloads/SS-VIRULEX-outputs/02_SVIS-RULEX/covid_ct_run/exact_sequence/outputs/augmented_train_images/COVID/2020.02.22.20024927-p20-70%0_aug_0239.png,augmented,/Users/samehissa/Downloads/COVID-CT-Dataset-master/Images-processed/CT_COVID/2020.02.22.20024927-p20-70%0.png,2020.02.22.20024927-p20-70%0.png,0,1,0,0,1,1,1,1,0,0.99934655,0.00065337634,0,0.48451948,0.3810134,0.6150819,0.5154805,0.6384161,0.29176545,0.76103544,0.6215597,0.59182996,0.46501902,1,1,1,0,1,1,1,0
covid_2020_02_22_20024927_p20_70_1_aug_0240,2020.02.22.20024927-p20-70%1_aug_0240.png,COVID,1,train,/Users/samehissa/Downloads/SS-VIRULEX-outputs/02_SVIS-RULEX/covid_ct_run/exact_sequence/outputs/augmented_train_images/COVID/2020.02.22.20024927-p20-70%1_aug_0240.png,/Users/samehissa/Downloads/SS-VIRULEX-outputs/02_SVIS-RULEX/covid_ct_run/exact_sequence/outputs/augmented_train_images/COVID/2020.02.22.20024927-p20-70%1_aug_0240.png,augmented,/Users/samehissa/Downloads/COVID-CT-Dataset-master/Images-processed/CT_COVID/2020.02.22.20024927-p20-70%1.png,2020.02.22.20024927-p20-70%1.png,1,1,1,0,1,1,1,1,1,0.41709065,0.5829093,0,0.4603078,0.45277962,0.55658406,0.5095425,0.63984144,0.3721741,0.5488391,0.63081795,0.58149487,0.5604689,1,1,1,0,1,1,1,1
covid_2020_02_22_20024927_p20_70_2_aug_0241,2020.02.22.20024927-p20-70%2_aug_0241.png,COVID,1,train,/Users/samehissa/Downloads/SS-VIRULEX-outputs/02_SVIS-RULEX/covid_ct_run/exact_sequence/outputs/augmented_train_images/COVID/2020.02.22.20024927-p20-70%2_aug_0241.png,/Users/samehissa/Downloads/SS-VIRULEX-outputs/02_SVIS-RULEX/covid_ct_run/exact_sequence/outputs/augmented_train_images/COVID/2020.02.22.20024927-p20-70%2_aug_0241.png,augmented,/Users/samehissa/Downloads/COVID-CT-Dataset-master/Images-processed/CT_COVID/2020.02.22.20024927-p20-70%2.png,2020.02.22.20024927-p20-70%2.png,0,1,1,0,1,1,1,1,1,0.16201106,0.837989,1,0.4385938,0.45665678,0.57013804,0.53962517,0.70309424,0.38628137,0.556683,0.64899313,0.62066334,0.6124685,1,1,1,0,1,1,1,1
covid_2020_02_22_20024927_p20_70_3_aug_0242,2020.02.22.20024927-p20-70%3_aug_0242.png,COVID,1,train,/Users/samehissa/Downloads/SS-VIRULEX-outputs/02_SVIS-RULEX/covid_ct_run/exact_sequence/outputs/augmented_train_images/COVID/2020.02.22.20024927-p20-70%3_aug_0242.png,/Users/samehissa/Downloads/SS-VIRULEX-outputs/02_SVIS-RULEX/covid_ct_run/exact_sequence/outputs/augmented_train_images/COVID/2020.02.22.20024927-p20-70%3_aug_0242.png,augmented,/Users/samehissa/Downloads/COVID-CT-Dataset-master/Images-processed/CT_COVID/2020.02.22.20024927-p20-70%3.png,2020.02.22.20024927-p20-70%3.png,1,1,1,0,1,1,1,1,1,0.17279121,0.8272088,0,0.45176095,0.4510337,0.58135,0.52755874,0.694755,0.37192264,0.5635611,0.6531158,0.61159986,0.58092284,1,1,1,0,1,1,1,1
covid_2020_02_23_20026856_p17_115_0_aug_0243,2020.02.23.20026856-p17-115%0_aug_0243.png,COVID,1,train,/Users/samehissa/Downloads/SS-VIRULEX-outputs/02_SVIS-RULEX/covid_ct_run/exact_sequence/outputs/augmented_train_images/COVID/2020.02.23.20026856-p17-115%0_aug_0243.png,/Users/samehissa/Downloads/SS-VIRULEX-outputs/02_SVIS-RULEX/covid_ct_run/exact_sequence/outputs/augmented_train_images/COVID/2020.02.23.20026856-p17-115%0_aug_0243.png,augmented,/Users/samehissa/Downloads/COVID-CT-Dataset-master/Images-processed/CT_COVID/2020.02.23.20026856-p17-115%0.png,2020.02.23.20026856-p17-115%0.png,1,1,1,0,1,1,1,1,1,0.106401585,0.89359844,0,0.45723745,0.45331904,0.5977911,0.5288805,0.6709523,0.4050284,0.5619834,0.61249125,0.59552914,0.57119197,1,1,1,0,1,1,1,1
covid_2020_02_23_20026856_p17_115_1_aug_0244,2020.02.23.20026856-p17-115%1_aug_0244.png,COVID,1,train,/Users/samehissa/Downloads/SS-VIRULEX-outputs/02_SVIS-RULEX/covid_ct_run/exact_sequence/outputs/augmented_train_images/COVID/2020.02.23.20026856-p17-115%1_aug_0244.png,/Users/samehissa/Downloads/SS-VIRULEX-outputs/02_SVIS-RULEX/covid_ct_run/exact_sequence/outputs/augmented_train_images/COVID/2020.02.23.20026856-p17-115%1_aug_0244.png,augmented,/Users/samehissa/Downloads/COVID-CT-Dataset-master/Images-processed/CT_COVID/2020.02.23.20026856-p17-115%1.png,2020.02.23.20026856-p17-115%1.png,1,1,1,0,1,1,1,1,1,0.4835756,0.5164244,0,0.47769815,0.45085248,0.59614,0.48595726,0.69813883,0.29417363,0.6021259,0.684319,0.6584875,0.60973126,1,0,1,0,1,1,1,1
covid_2020_02_23_20026856_p17_115_2_aug_0245,2020.02.23.20026856-p17-115%2_aug_0245.png,COVID,1,train,/Users/samehissa/Downloads/SS-VIRULEX-outputs/02_SVIS-RULEX/covid_ct_run/exact_sequence/outputs/augmented_train_images/COVID/2020.02.23.20026856-p17-115%2_aug_0245.png,/Users/samehissa/Downloads/SS-VIRULEX-outputs/02_SVIS-RULEX/covid_ct_run/exact_sequence/outputs/augmented_train_images/COVID/2020.02.23.20026856-p17-115%2_aug_0245.png,augmented,/Users/samehissa/Downloads/COVID-CT-Dataset-master/Images-processed/CT_COVID/2020.02.23.20026856-p17-115%2.png,2020.02.23.20026856-p17-115%2.png,1,1,1,0,1,1,1,1,1,0.034136582,0.96586347,1,0.4301571,0.45459408,0.6623624,0.5471423,0.7387155,0.40102535,0.5469977,0.6538569,0.63780814,0.6349113,1,1,1,0,1,1,1,1
covid_2020_02_23_20026856_p17_115_3_aug_0246,2020.02.23.20026856-p17-115%3_aug_0246.png,COVID,1,train,/Users/samehissa/Downloads/SS-VIRULEX-outputs/02_SVIS-RULEX/covid_ct_run/exact_sequence/outputs/augmented_train_images/COVID/2020.02.23.20026856-p17-115%3_aug_0246.png,/Users/samehissa/Downloads/SS-VIRULEX-outputs/02_SVIS-RULEX/covid_ct_run/exact_sequence/outputs/augmented_train_images/COVID/2020.02.23.20026856-p17-115%3_aug_0246.png,augmented,/Users/samehissa/Downloads/COVID-CT-Dataset-master/Images-processed/CT_COVID/2020.02.23.20026856-p17-115%3.png,2020.02.23.20026856-p17-115%3.png,1,1,1,0,1,1,1,1,1,0.028148657,0.97185135,1,0.4202316,0.46148852,0.67409146,0.57362866,0.7426404,0.45351696,0.5298221,0.63799447,0.6646147,0.66514176,1,1,1,0,1,1,1,1
covid_2020_02_23_20026856_p17_115_4_aug_0247,2020.02.23.20026856-p17-115%4_aug_0247.png,COVID,1,train,/Users/samehissa/Downloads/SS-VIRULEX-outputs/02_SVIS-RULEX/covid_ct_run/exact_sequence/outputs/augmented_train_images/COVID/2020.02.23.20026856-p17-115%4_aug_0247.png,/Users/samehissa/Downloads/SS-VIRULEX-outputs/02_SVIS-RULEX/covid_ct_run/exact_sequence/outputs/augmented_train_images/COVID/2020.02.23.20026856-p17-115%4_aug_0247.png,augmented,/Users/samehissa/Downloads/COVID-CT-Dataset-master/Images-processed/CT_COVID/2020.02.23.20026856-p17-115%4.png,2020.02.23.20026856-p17-115%4.png,1,1,1,0,1,1,1,1,1,0.07490137,0.9250986,1,0.43064216,0.4618606,0.6627557,0.52596486,0.7517143,0.36768717,0.55502623,0.68836397,0.6493949,0.6516446,1,1,1,0,1,1,1,1
covid_2020_02_23_20026856_p17_115_5_aug_0248,2020.02.23.20026856-p17-115%5_aug_0248.png,COVID,1,train,/Users/samehissa/Downloads/SS-VIRULEX-outputs/02_SVIS-RULEX/covid_ct_run/exact_sequence/outputs/augmented_train_images/COVID/2020.02.23.20026856-p17-115%5_aug_0248.png,/Users/samehissa/Downloads/SS-VIRULEX-outputs/02_SVIS-RULEX/covid_ct_run/exact_sequence/outputs/augmented_train_images/COVID/2020.02.23.20026856-p17-115%5_aug_0248.png,augmented,/Users/samehissa/Downloads/COVID-CT-Dataset-master/Images-processed/CT_COVID/2020.02.23.20026856-p17-115%5.png,2020.02.23.20026856-p17-115%5.png,1,1,1,0,1,1,1,1,0,0.9957488,0.004251237,0,0.47099915,0.38916987,0.5823617,0.54432267,0.64305484,0.28501412,0.767552,0.6502306,0.615117,0.4974805,1,1,1,0,1,1,1,0
covid_2020_02_24_20027052_p8_73_0_aug_0249,2020.02.24.20027052-p8-73%0_aug_0249.png,COVID,1,train,/Users/samehissa/Downloads/SS-VIRULEX-outputs/02_SVIS-RULEX/covid_ct_run/exact_sequence/outputs/augmented_train_images/COVID/2020.02.24.20027052-p8-73%0_aug_0249.png,/Users/samehissa/Downloads/SS-VIRULEX-outputs/02_SVIS-RULEX/covid_ct_run/exact_sequence/outputs/augmented_train_images/COVID/2020.02.24.20027052-p8-73%0_aug_0249.png,augmented,/Users/samehissa/Downloads/COVID-CT-Dataset-master/Images-processed/CT_COVID/2020.02.24.20027052-p8-73%0.png,2020.02.24.20027052-p8-73%0.png,1,1,1,0,1,1,1,1,0,0.7433331,0.2566668,0,0.47842896,0.44500124,0.59228915,0.4738903,0.6741198,0.31129414,0.60639614,0.6463558,0.6718705,0.57472295,1,0,1,0,1,1,1,1
covid_2020_02_24_20027052_p8_73_1_aug_0250,2020.02.24.20027052-p8-73%1_aug_0250.png,COVID,1,train,/Users/samehissa/Downloads/SS-VIRULEX-outputs/02_SVIS-RULEX/covid_ct_run/exact_sequence/outputs/augmented_train_images/COVID/2020.02.24.20027052-p8-73%1_aug_0250.png,/Users/samehissa/Downloads/SS-VIRULEX-outputs/02_SVIS-RULEX/covid_ct_run/exact_sequence/outputs/augmented_train_images/COVID/2020.02.24.20027052-p8-73%1_aug_0250.png,augmented,/Users/samehissa/Downloads/COVID-CT-Dataset-master/Images-processed/CT_COVID/2020.02.24.20027052-p8-73%1.png,2020.02.24.20027052-p8-73%1.png,1,1,1,0,1,1,1,1,0,0.9953206,0.0046794256,0,0.48263046,0.3864243,0.6193568,0.50588226,0.64663994,0.28846684,0.76934034,0.62837523,0.6122495,0.45865795,1,1,1,0,1,1,1,0
covid_2020_02_24_20027052_p8_73_2_aug_0251,2020.02.24.20027052-p8-73%2_aug_0251.png,COVID,1,train,/Users/samehissa/Downloads/SS-VIRULEX-outputs/02_SVIS-RULEX/covid_ct_run/exact_sequence/outputs/augmented_train_images/COVID/2020.02.24.20027052-p8-73%2_aug_0251.png,/Users/samehissa/Downloads/SS-VIRULEX-outputs/02_SVIS-RULEX/covid_ct_run/exact_sequence/outputs/augmented_train_images/COVID/2020.02.24.20027052-p8-73%2_aug_0251.png,augmented,/Users/samehissa/Downloads/COVID-CT-Dataset-master/Images-processed/CT_COVID/2020.02.24.20027052-p8-73%2.png,2020.02.24.20027052-p8-73%2.png,1,1,1,0,1,1,1,1,1,0.34894398,0.651056,0,0.48218548,0.45362782,0.57026786,0.49037284,0.6537089,0.37759492,0.56699526,0.6106955,0.6357173,0.5810619,1,0,1,0,1,1,1,1
covid_2020_02_24_20027052_p8_73_3_aug_0252,2020.02.24.20027052-p8-73%3_aug_0252.png,COVID,1,train,/Users/samehissa/Downloads/SS-VIRULEX-outputs/02_SVIS-RULEX/covid_ct_run/exact_sequence/outputs/augmented_train_images/COVID/2020.02.24.20027052-p8-73%3_aug_0252.png,/Users/samehissa/Downloads/SS-VIRULEX-outputs/02_SVIS-RULEX/covid_ct_run/exact_sequence/outputs/augmented_train_images/COVID/2020.02.24.20027052-p8-73%3_aug_0252.png,augmented,/Users/samehissa/Downloads/COVID-CT-Dataset-master/Images-processed/CT_COVID/2020.02.24.20027052-p8-73%3.png,2020.02.24.20027052-p8-73%3.png,1,1,1,0,1,1,1,1,1,0.06851766,0.9314824,1,0.43158278,0.46109605,0.6608771,0.5274474,0.7254035,0.37996572,0.5327544,0.667946,0.6396314,0.6335332,1,1,1,0,1,1,1,1
covid_2020_02_24_20027201_p19_669_aug_0253,2020.02.24.20027201-p19-669_aug_0253.png,COVID,1,train,/Users/samehissa/Downloads/SS-VIRULEX-outputs/02_SVIS-RULEX/covid_ct_run/exact_sequence/outputs/augmented_train_images/COVID/2020.02.24.20027201-p19-669_aug_0253.png,/Users/samehissa/Downloads/SS-VIRULEX-outputs/02_SVIS-RULEX/covid_ct_run/exact_sequence/outputs/augmented_train_images/COVID/2020.02.24.20027201-p19-669_aug_0253.png,augmented,/Users/samehissa/Downloads/COVID-CT-Dataset-master/Images-processed/CT_COVID/2020.02.24.20027201-p19-669.png,2020.02.24.20027201-p19-669.png,1,1,1,0,1,1,1,1,1,0.016772643,0.9832274,1,0.4325207,0.4588297,0.6221983,0.56057876,0.6843108,0.4559852,0.5214214,0.6167024,0.62071556,0.62549067,1,1,1,0,1,1,1,1
covid_2020_02_24_20027201_p19_670_aug_0254,2020.02.24.20027201-p19-670_aug_0254.png,COVID,1,train,/Users/samehissa/Downloads/SS-VIRULEX-outputs/02_SVIS-RULEX/covid_ct_run/exact_sequence/outputs/augmented_train_images/COVID/2020.02.24.20027201-p19-670_aug_0254.png,/Users/samehissa/Downloads/SS-VIRULEX-outputs/02_SVIS-RULEX/covid_ct_run/exact_sequence/outputs/augmented_train_images/COVID/2020.02.24.20027201-p19-670_aug_0254.png,augmented,/Users/samehissa/Downloads/COVID-CT-Dataset-master/Images-processed/CT_COVID/2020.02.24.20027201-p19-670.png,2020.02.24.20027201-p19-670.png,1,1,1,0,1,1,1,1,1,0.022705112,0.9772949,1,0.4347894,0.45922098,0.6155563,0.56544095,0.69692016,0.4558159,0.5302108,0.6126561,0.63147336,0.62012076,1,1,1,0,1,1,1,1
covid_2020_02_25_20021568_p23_108_0_aug_0255,2020.02.25.20021568-p23-108%0_aug_0255.png,COVID,1,train,/Users/samehissa/Downloads/SS-VIRULEX-outputs/02_SVIS-RULEX/covid_ct_run/exact_sequence/outputs/augmented_train_images/COVID/2020.02.25.20021568-p23-108%0_aug_0255.png,/Users/samehissa/Downloads/SS-VIRULEX-outputs/02_SVIS-RULEX/covid_ct_run/exact_sequence/outputs/augmented_train_images/COVID/2020.02.25.20021568-p23-108%0_aug_0255.png,augmented,/Users/samehissa/Downloads/COVID-CT-Dataset-master/Images-processed/CT_COVID/2020.02.25.20021568-p23-108%0.png,2020.02.25.20021568-p23-108%0.png,1,1,1,0,1,1,1,1,1,0.0015907943,0.9984092,1,0.39570346,0.4652071,0.68644243,0.6413799,0.77271813,0.46499756,0.5347929,0.6803999,0.67439854,0.6875982,1,1,1,0,1,1,1,1
covid_2020_02_25_20021568_p23_108_1_aug_0256,2020.02.25.20021568-p23-108%1_aug_0256.png,COVID,1,train,/Users/samehissa/Downloads/SS-VIRULEX-outputs/02_SVIS-RULEX/covid_ct_run/exact_sequence/outputs/augmented_train_images/COVID/2020.02.25.20021568-p23-108%1_aug_0256.png,/Users/samehissa/Downloads/SS-VIRULEX-outputs/02_SVIS-RULEX/covid_ct_run/exact_sequence/outputs/augmented_train_images/COVID/2020.02.25.20021568-p23-108%1_aug_0256.png,augmented,/Users/samehissa/Downloads/COVID-CT-Dataset-master/Images-processed/CT_COVID/2020.02.25.20021568-p23-108%1.png,2020.02.25.20021568-p23-108%1.png,1,1,1,0,1,1,1,1,0,0.999686,0.00031397038,0,0.47728354,0.38050973,0.6071047,0.52271646,0.63163215,0.29650396,0.7550512,0.61949027,0.5803464,0.47458926,1,1,1,0,1,1,1,0
covid_2020_02_25_20021568_p23_108_10_aug_0257,2020.02.25.20021568-p23-108%10_aug_0257.png,COVID,1,train,/Users/samehissa/Downloads/SS-VIRULEX-outputs/02_SVIS-RULEX/covid_ct_run/exact_sequence/outputs/augmented_train_images/COVID/2020.02.25.20021568-p23-108%10_aug_0257.png,/Users/samehissa/Downloads/SS-VIRULEX-outputs/02_SVIS-RULEX/covid_ct_run/exact_sequence/outputs/augmented_train_images/COVID/2020.02.25.20021568-p23-108%10_aug_0257.png,augmented,/Users/samehissa/Downloads/COVID-CT-Dataset-master/Images-processed/CT_COVID/2020.02.25.20021568-p23-108%10.png,2020.02.25.20021568-p23-108%10.png,1,1,1,0,1,1,1,1,1,0.037290636,0.9627093,1,0.4286158,0.45994422,0.638124,0.58465827,0.6823556,0.4603026,0.5161419,0.61541927,0.58987,0.6043402,1,1,1,0,1,1,1,1
covid_2020_02_25_20021568_p23_108_11_aug_0258,2020.02.25.20021568-p23-108%11_aug_0258.png,COVID,1,train,/Users/samehissa/Downloads/SS-VIRULEX-outputs/02_SVIS-RULEX/covid_ct_run/exact_sequence/outputs/augmented_train_images/COVID/2020.02.25.20021568-p23-108%11_aug_0258.png,/Users/samehissa/Downloads/SS-VIRULEX-outputs/02_SVIS-RULEX/covid_ct_run/exact_sequence/outputs/augmented_train_images/COVID/2020.02.25.20021568-p23-108%11_aug_0258.png,augmented,/Users/samehissa/Downloads/COVID-CT-Dataset-master/Images-processed/CT_COVID/2020.02.25.20021568-p23-108%11.png,2020.02.25.20021568-p23-108%11.png,1,1,1,0,1,1,1,1,1,8.188098e-05,0.9999181,1,0.36314946,0.4605695,0.7445808,0.664028,0.8313207,0.46011242,0.55179465,0.73213524,0.7231802,0.7568757,1,1,1,0,1,1,1,1
covid_2020_02_25_20021568_p23_108_12_aug_0259,2020.02.25.20021568-p23-108%12_aug_0259.png,COVID,1,train,/Users/samehissa/Downloads/SS-VIRULEX-outputs/02_SVIS-RULEX/covid_ct_run/exact_sequence/outputs/augmented_train_images/COVID/2020.02.25.20021568-p23-108%12_aug_0259.png,/Users/samehissa/Downloads/SS-VIRULEX-outputs/02_SVIS-RULEX/covid_ct_run/exact_sequence/outputs/augmented_train_images/COVID/2020.02.25.20021568-p23-108%12_aug_0259.png,augmented,/Users/samehissa/Downloads/COVID-CT-Dataset-master/Images-processed/CT_COVID/2020.02.25.20021568-p23-108%12.png,2020.02.25.20021568-p23-108%12.png,1,1,1,0,1,1,1,1,1,0.040360518,0.9596395,1,0.4269897,0.45227945,0.6579314,0.56958306,0.6915351,0.4513591,0.53196454,0.6156564,0.6048748,0.6072976,1,1,1,0,1,1,1,1
covid_2020_02_25_20021568_p23_108_13_aug_0260,2020.02.25.20021568-p23-108%13_aug_0260.png,COVID,1,train,/Users/samehissa/Downloads/SS-VIRULEX-outputs/02_SVIS-RULEX/covid_ct_run/exact_sequence/outputs/augmented_train_images/COVID/2020.02.25.20021568-p23-108%13_aug_0260.png,/Users/samehissa/Downloads/SS-VIRULEX-outputs/02_SVIS-RULEX/covid_ct_run/exact_sequence/outputs/augmented_train_images/COVID/2020.02.25.20021568-p23-108%13_aug_0260.png,augmented,/Users/samehissa/Downloads/COVID-CT-Dataset-master/Images-processed/CT_COVID/2020.02.25.20021568-p23-108%13.png,2020.02.25.20021568-p23-108%13.png,1,1,1,0,0,1,1,1,1,0.0007296765,0.9992704,1,0.38161945,0.45996654,0.72490466,0.63774407,0.8437618,0.4000004,0.5702805,0.74070174,0.7281846,0.73663074,1,1,1,0,1,1,1,1
covid_2020_02_25_20021568_p23_108_14_aug_0261,2020.02.25.20021568-p23-108%14_aug_0261.png,COVID,1,train,/Users/samehissa/Downloads/SS-VIRULEX-outputs/02_SVIS-RULEX/covid_ct_run/exact_sequence/outputs/augmented_train_images/COVID/2020.02.25.20021568-p23-108%14_aug_0261.png,/Users/samehissa/Downloads/SS-VIRULEX-outputs/02_SVIS-RULEX/covid_ct_run/exact_sequence/outputs/augmented_train_images/COVID/2020.02.25.20021568-p23-108%14_aug_0261.png,augmented,/Users/samehissa/Downloads/COVID-CT-Dataset-master/Images-processed/CT_COVID/2020.02.25.20021568-p23-108%14.png,2020.02.25.20021568-p23-108%14.png,1,1,1,0,1,1,1,1,1,0.037645828,0.9623541,1,0.4280773,0.4612548,0.64660364,0.5808786,0.6846205,0.46405473,0.5135044,0.6172549,0.5958642,0.6211137,1,1,1,0,1,1,1,1
covid_2020_02_25_20021568_p23_108_15_aug_0262,2020.02.25.20021568-p23-108%15_aug_0262.png,COVID,1,train,/Users/samehissa/Downloads/SS-VIRULEX-outputs/02_SVIS-RULEX/covid_ct_run/exact_sequence/outputs/augmented_train_images/COVID/2020.02.25.20021568-p23-108%15_aug_0262.png,/Users/samehissa/Downloads/SS-VIRULEX-outputs/02_SVIS-RULEX/covid_ct_run/exact_sequence/outputs/augmented_train_images/COVID/2020.02.25.20021568-p23-108%15_aug_0262.png,augmented,/Users/samehissa/Downloads/COVID-CT-Dataset-master/Images-processed/CT_COVID/2020.02.25.20021568-p23-108%15.png,2020.02.25.20021568-p23-108%15.png,1,1,1,0,1,1,1,1,1,0.008270425,0.99172956,1,0.41822854,0.464485,0.6651075,0.59652746,0.71688247,0.4607515,0.51896554,0.63859165,0.6197667,0.64375573,1,1,1,0,1,1,1,1
covid_2020_02_25_20021568_p23_108_2_aug_0263,2020.02.25.20021568-p23-108%2_aug_0263.png,COVID,1,train,/Users/samehissa/Downloads/SS-VIRULEX-outputs/02_SVIS-RULEX/covid_ct_run/exact_sequence/outputs/augmented_train_images/COVID/2020.02.25.20021568-p23-108%2_aug_0263.png,/Users/samehissa/Downloads/SS-VIRULEX-outputs/02_SVIS-RULEX/covid_ct_run/exact_sequence/outputs/augmented_train_images/COVID/2020.02.25.20021568-p23-108%2_aug_0263.png,augmented,/Users/samehissa/Downloads/COVID-CT-Dataset-master/Images-processed/CT_COVID/2020.02.25.20021568-p23-108%2.png,2020.02.25.20021568-p23-108%2.png,1,1,1,0,1,1,1,1,1,0.010296884,0.9897031,1,0.42196047,0.46381575,0.6293357,0.60507554,0.68888634,0.47841856,0.5181708,0.62108827,0.61017185,0.62793994,1,1,1,0,1,1,1,1
covid_2020_02_25_20021568_p23_108_3_aug_0264,2020.02.25.20021568-p23-108%3_aug_0264.png,COVID,1,train,/Users/samehissa/Downloads/SS-VIRULEX-outputs/02_SVIS-RULEX/covid_ct_run/exact_sequence/outputs/augmented_train_images/COVID/2020.02.25.20021568-p23-108%3_aug_0264.png,/Users/samehissa/Downloads/SS-VIRULEX-outputs/02_SVIS-RULEX/covid_ct_run/exact_sequence/outputs/augmented_train_images/COVID/2020.02.25.20021568-p23-108%3_aug_0264.png,augmented,/Users/samehissa/Downloads/COVID-CT-Dataset-master/Images-processed/CT_COVID/2020.02.25.20021568-p23-108%3.png,2020.02.25.20021568-p23-108%3.png,1,1,1,0,1,1,1,1,1,0.019298363,0.9807016,1,0.4235668,0.45962164,0.6621995,0.5784233,0.71605307,0.44884348,0.523695,0.63353205,0.6234507,0.65210074,1,1,1,0,1,1,1,1
covid_2020_02_25_20021568_p23_108_4_aug_0265,2020.02.25.20021568-p23-108%4_aug_0265.png,COVID,1,train,/Users/samehissa/Downloads/SS-VIRULEX-outputs/02_SVIS-RULEX/covid_ct_run/exact_sequence/outputs/augmented_train_images/COVID/2020.02.25.20021568-p23-108%4_aug_0265.png,/Users/samehissa/Downloads/SS-VIRULEX-outputs/02_SVIS-RULEX/covid_ct_run/exact_sequence/outputs/augmented_train_images/COVID/2020.02.25.20021568-p23-108%4_aug_0265.png,augmented,/Users/samehissa/Downloads/COVID-CT-Dataset-master/Images-processed/CT_COVID/2020.02.25.20021568-p23-108%4.png,2020.02.25.20021568-p23-108%4.png,1,1,1,0,1,1,1,1,1,0.0092770895,0.99072284,1,0.41304716,0.46452162,0.65359384,0.60689867,0.71084577,0.4731437,0.5197493,0.6408051,0.6311208,0.643754,1,1,1,0,1,1,1,1
covid_2020_02_25_20021568_p23_108_5_aug_0266,2020.02.25.20021568-p23-108%5_aug_0266.png,COVID,1,train,/Users/samehissa/Downloads/SS-VIRULEX-outputs/02_SVIS-RULEX/covid_ct_run/exact_sequence/outputs/augmented_train_images/COVID/2020.02.25.20021568-p23-108%5_aug_0266.png,/Users/samehissa/Downloads/SS-VIRULEX-outputs/02_SVIS-RULEX/covid_ct_run/exact_sequence/outputs/augmented_train_images/COVID/2020.02.25.20021568-p23-108%5_aug_0266.png,augmented,/Users/samehissa/Downloads/COVID-CT-Dataset-master/Images-processed/CT_COVID/2020.02.25.20021568-p23-108%5.png,2020.02.25.20021568-p23-108%5.png,1,1,1,0,1,1,1,1,0,0.7248449,0.27515513,0,0.49140722,0.4481077,0.5482085,0.5024678,0.6259716,0.37855634,0.57779795,0.604421,0.5893375,0.54135734,1,1,1,0,1,1,1,1
covid_2020_02_25_20021568_p23_108_6_aug_0267,2020.02.25.20021568-p23-108%6_aug_0267.png,COVID,1,train,/Users/samehissa/Downloads/SS-VIRULEX-outputs/02_SVIS-RULEX/covid_ct_run/exact_sequence/outputs/augmented_train_images/COVID/2020.02.25.20021568-p23-108%6_aug_0267.png,/Users/samehissa/Downloads/SS-VIRULEX-outputs/02_SVIS-RULEX/covid_ct_run/exact_sequence/outputs/augmented_train_images/COVID/2020.02.25.20021568-p23-108%6_aug_0267.png,augmented,/Users/samehissa/Downloads/COVID-CT-Dataset-master/Images-processed/CT_COVID/2020.02.25.20021568-p23-108%6.png,2020.02.25.20021568-p23-108%6.png,1,1,1,0,1,1,1,1,1,0.072168104,0.9278319,1,0.4424041,0.4565864,0.6028396,0.5657377,0.6262883,0.4843494,0.50155205,0.5810638,0.56719303,0.58987767,1,1,1,0,1,1,1,1
covid_2020_02_25_20021568_p23_108_7_aug_0268,2020.02.25.20021568-p23-108%7_aug_0268.png,COVID,1,train,/Users/samehissa/Downloads/SS-VIRULEX-outputs/02_SVIS-RULEX/covid_ct_run/exact_sequence/outputs/augmented_train_images/COVID/2020.02.25.20021568-p23-108%7_aug_0268.png,/Users/samehissa/Downloads/SS-VIRULEX-outputs/02_SVIS-RULEX/covid_ct_run/exact_sequence/outputs/augmented_train_images/COVID/2020.02.25.20021568-p23-108%7_aug_0268.png,augmented,/Users/samehissa/Downloads/COVID-CT-Dataset-master/Images-processed/CT_COVID/2020.02.25.20021568-p23-108%7.png,2020.02.25.20021568-p23-108%7.png,1,1,1,0,1,1,1,1,1,0.30580324,0.69419676,0,0.4662471,0.45346656,0.58271194,0.5202488,0.6631896,0.4256595,0.5550689,0.58527094,0.6261451,0.58741415,1,1,1,0,1,1,1,1
covid_2020_02_25_20021568_p23_108_8_aug_0269,2020.02.25.20021568-p23-108%8_aug_0269.png,COVID,1,train,/Users/samehissa/Downloads/SS-VIRULEX-outputs/02_SVIS-RULEX/covid_ct_run/exact_sequence/outputs/augmented_train_images/COVID/2020.02.25.20021568-p23-108%8_aug_0269.png,/Users/samehissa/Downloads/SS-VIRULEX-outputs/02_SVIS-RULEX/covid_ct_run/exact_sequence/outputs/augmented_train_images/COVID/2020.02.25.20021568-p23-108%8_aug_0269.png,augmented,/Users/samehissa/Downloads/COVID-CT-Dataset-master/Images-processed/CT_COVID/2020.02.25.20021568-p23-108%8.png,2020.02.25.20021568-p23-108%8.png,1,1,1,0,1,1,1,1,0,0.593395,0.40660495,0,0.48919445,0.4405369,0.54041,0.51080555,0.61489105,0.3803119,0.5946046,0.59539473,0.58507717,0.5327886,1,1,1,0,1,1,1,1
covid_2020_02_25_20021568_p23_108_9_aug_0270,2020.02.25.20021568-p23-108%9_aug_0270.png,COVID,1,train,/Users/samehissa/Downloads/SS-VIRULEX-outputs/02_SVIS-RULEX/covid_ct_run/exact_sequence/outputs/augmented_train_images/COVID/2020.02.25.20021568-p23-108%9_aug_0270.png,/Users/samehissa/Downloads/SS-VIRULEX-outputs/02_SVIS-RULEX/covid_ct_run/exact_sequence/outputs/augmented_train_images/COVID/2020.02.25.20021568-p23-108%9_aug_0270.png,augmented,/Users/samehissa/Downloads/COVID-CT-Dataset-master/Images-processed/CT_COVID/2020.02.25.20021568-p23-108%9.png,2020.02.25.20021568-p23-108%9.png,1,1,1,0,1,1,1,1,1,0.0011792904,0.9988207,1,0.40735972,0.4690932,0.6791006,0.61432934,0.7337468,0.47113046,0.525576,0.65564245,0.63490915,0.6722244,1,1,1,0,1,1,1,1
covid_2020_02_25_20021568_p24_111_0_aug_0271,2020.02.25.20021568-p24-111%0_aug_0271.png,COVID,1,train,/Users/samehissa/Downloads/SS-VIRULEX-outputs/02_SVIS-RULEX/covid_ct_run/exact_sequence/outputs/augmented_train_images/COVID/2020.02.25.20021568-p24-111%0_aug_0271.png,/Users/samehissa/Downloads/SS-VIRULEX-outputs/02_SVIS-RULEX/covid_ct_run/exact_sequence/outputs/augmented_train_images/COVID/2020.02.25.20021568-p24-111%0_aug_0271.png,augmented,/Users/samehissa/Downloads/COVID-CT-Dataset-master/Images-processed/CT_COVID/2020.02.25.20021568-p24-111%0.png,2020.02.25.20021568-p24-111%0.png,1,1,1,0,1,1,1,1,1,3.5858643e-06,0.9999964,1,0.35996825,0.45854422,0.7488808,0.6573736,0.83992535,0.45854422,0.5446861,0.7371113,0.7374192,0.769572,1,1,1,0,1,1,1,1
covid_2020_02_25_20021568_p24_111_1_aug_0272,2020.02.25.20021568-p24-111%1_aug_0272.png,COVID,1,train,/Users/samehissa/Downloads/SS-VIRULEX-outputs/02_SVIS-RULEX/covid_ct_run/exact_sequence/outputs/augmented_train_images/COVID/2020.02.25.20021568-p24-111%1_aug_0272.png,/Users/samehissa/Downloads/SS-VIRULEX-outputs/02_SVIS-RULEX/covid_ct_run/exact_sequence/outputs/augmented_train_images/COVID/2020.02.25.20021568-p24-111%1_aug_0272.png,augmented,/Users/samehissa/Downloads/COVID-CT-Dataset-master/Images-processed/CT_COVID/2020.02.25.20021568-p24-111%1.png,2020.02.25.20021568-p24-111%1.png,1,1,1,0,1,1,1,1,1,0.015642628,0.98435736,1,0.43089262,0.46107578,0.6298711,0.5825456,0.66442114,0.47721535,0.5084111,0.6067154,0.58699894,0.6152127,1,1,1,0,1,1,1,1
covid_2020_02_25_20021568_p24_111_2_aug_0273,2020.02.25.20021568-p24-111%2_aug_0273.png,COVID,1,train,/Users/samehissa/Downloads/SS-VIRULEX-outputs/02_SVIS-RULEX/covid_ct_run/exact_sequence/outputs/augmented_train_images/COVID/2020.02.25.20021568-p24-111%2_aug_0273.png,/Users/samehissa/Downloads/SS-VIRULEX-outputs/02_SVIS-RULEX/covid_ct_run/exact_sequence/outputs/augmented_train_images/COVID/2020.02.25.20021568-p24-111%2_aug_0273.png,augmented,/Users/samehissa/Downloads/COVID-CT-Dataset-master/Images-processed/CT_COVID/2020.02.25.20021568-p24-111%2.png,2020.02.25.20021568-p24-111%2.png,1,1,1,0,1,1,1,1,1,0.004730181,0.99526983,1,0.41699046,0.466369,0.6586454,0.59211886,0.7075921,0.4748163,0.5183701,0.63425374,0.6255744,0.658507,1,1,1,0,1,1,1,1
covid_2020_02_25_20021568_p24_111_3_aug_0274,2020.02.25.20021568-p24-111%3_aug_0274.png,COVID,1,train,/Users/samehissa/Downloads/SS-VIRULEX-outputs/02_SVIS-RULEX/covid_ct_run/exact_sequence/outputs/augmented_train_images/COVID/2020.02.25.20021568-p24-111%3_aug_0274.png,/Users/samehissa/Downloads/SS-VIRULEX-outputs/02_SVIS-RULEX/covid_ct_run/exact_sequence/outputs/augmented_train_images/COVID/2020.02.25.20021568-p24-111%3_aug_0274.png,augmented,/Users/samehissa/Downloads/COVID-CT-Dataset-master/Images-processed/CT_COVID/2020.02.25.20021568-p24-111%3.png,2020.02.25.20021568-p24-111%3.png,1,1,1,0,1,1,1,1,1,0.003005843,0.99699414,1,0.4071407,0.4678979,0.68627137,0.6173532,0.7415396,0.45732415,0.5210628,0.66403455,0.63189805,0.658615,1,1,1,0,1,1,1,1
covid_2020_02_25_20021568_p24_111_4_aug_0275,2020.02.25.20021568-p24-111%4_aug_0275.png,COVID,1,train,/Users/samehissa/Downloads/SS-VIRULEX-outputs/02_SVIS-RULEX/covid_ct_run/exact_sequence/outputs/augmented_train_images/COVID/2020.02.25.20021568-p24-111%4_aug_0275.png,/Users/samehissa/Downloads/SS-VIRULEX-outputs/02_SVIS-RULEX/covid_ct_run/exact_sequence/outputs/augmented_train_images/COVID/2020.02.25.20021568-p24-111%4_aug_0275.png,augmented,/Users/samehissa/Downloads/COVID-CT-Dataset-master/Images-processed/CT_COVID/2020.02.25.20021568-p24-111%4.png,2020.02.25.20021568-p24-111%4.png,1,1,1,0,1,1,1,1,1,0.029663324,0.9703367,1,0.43611452,0.45824638,0.6263645,0.5414936,0.7115009,0.40213567,0.549492,0.6436736,0.6335848,0.61505586,1,1,1,0,1,1,1,1
covid_2020_02_25_20021568_p24_111_5_aug_0276,2020.02.25.20021568-p24-111%5_aug_0276.png,COVID,1,train,/Users/samehissa/Downloads/SS-VIRULEX-outputs/02_SVIS-RULEX/covid_ct_run/exact_sequence/outputs/augmented_train_images/COVID/2020.02.25.20021568-p24-111%5_aug_0276.png,/Users/samehissa/Downloads/SS-VIRULEX-outputs/02_SVIS-RULEX/covid_ct_run/exact_sequence/outputs/augmented_train_images/COVID/2020.02.25.20021568-p24-111%5_aug_0276.png,augmented,/Users/samehissa/Downloads/COVID-CT-Dataset-master/Images-processed/CT_COVID/2020.02.25.20021568-p24-111%5.png,2020.02.25.20021568-p24-111%5.png,1,1,1,0,1,1,1,1,1,0.0007142761,0.99928576,1,0.4049203,0.46885163,0.6642139,0.6332442,0.7412044,0.47500268,0.5311484,0.6584169,0.65218407,0.66800535,1,1,1,0,1,1,1,1
noncovid_14_aug_0000,14_aug_0000.png,NonCOVID,0,train,/Users/samehissa/Downloads/SS-VIRULEX-outputs/02_SVIS-RULEX/covid_ct_run/exact_sequence/outputs/augmented_train_images/NonCOVID/14_aug_0000.png,/Users/samehissa/Downloads/SS-VIRULEX-outputs/02_SVIS-RULEX/covid_ct_run/exact_sequence/outputs/augmented_train_images/NonCOVID/14_aug_0000.png,augmented,/Users/samehissa/Downloads/COVID-CT-Dataset-master/Images-processed/CT_NonCOVID/14.png,14.png,1,1,1,0,1,1,1,1,0,0.99999976,2.141836e-07,0,0.46657127,0.30638823,0.69797033,0.5170945,0.72934943,0.1682479,0.8933947,0.7273937,0.68552774,0.47845128,1,1,1,0,1,1,1,0
noncovid_15_aug_0001,15_aug_0001.png,NonCOVID,0,train,/Users/samehissa/Downloads/SS-VIRULEX-outputs/02_SVIS-RULEX/covid_ct_run/exact_sequence/outputs/augmented_train_images/NonCOVID/15_aug_0001.png,/Users/samehissa/Downloads/SS-VIRULEX-outputs/02_SVIS-RULEX/covid_ct_run/exact_sequence/outputs/augmented_train_images/NonCOVID/15_aug_0001.png,augmented,/Users/samehissa/Downloads/COVID-CT-Dataset-master/Images-processed/CT_NonCOVID/15.png,15.png,0,0,0,0,1,0,0,0,0,0.99985814,0.00014189424,0,0.48121592,0.38504153,0.61566293,0.5053422,0.65979934,0.2691697,0.7864622,0.61495847,0.6206893,0.49075478,1,1,1,0,1,1,1,0
noncovid_33_aug_0002,33_aug_0002.png,NonCOVID,0,train,/Users/samehissa/Downloads/SS-VIRULEX-outputs/02_SVIS-RULEX/covid_ct_run/exact_sequence/outputs/augmented_train_images/NonCOVID/33_aug_0002.png,/Users/samehissa/Downloads/SS-VIRULEX-outputs/02_SVIS-RULEX/covid_ct_run/exact_sequence/outputs/augmented_train_images/NonCOVID/33_aug_0002.png,augmented,/Users/samehissa/Downloads/COVID-CT-Dataset-master/Images-processed/CT_NonCOVID/33.png,33.png,1,1,1,0,1,1,1,1,0,1.0,5.714776e-08,0,0.46231502,0.29598445,0.72506255,0.53176343,0.7540184,0.1380674,0.92146283,0.7810738,0.7078162,0.44037804,1,1,1,0,1,1,1,0
noncovid_43_aug_0003,43_aug_0003.png,NonCOVID,0,train,/Users/samehissa/Downloads/SS-VIRULEX-outputs/02_SVIS-RULEX/covid_ct_run/exact_sequence/outputs/augmented_train_images/NonCOVID/43_aug_0003.png,/Users/samehissa/Downloads/SS-VIRULEX-outputs/02_SVIS-RULEX/covid_ct_run/exact_sequence/outputs/augmented_train_images/NonCOVID/43_aug_0003.png,augmented,/Users/samehissa/Downloads/COVID-CT-Dataset-master/Images-processed/CT_NonCOVID/43.png,43.png,1,1,1,0,1,1,1,1,0,1.0,5.352097e-11,0,0.4255931,0.21110435,0.81640416,0.5296916,0.8325789,0.06170664,0.9730918,0.8732578,0.7919495,0.4460491,1,1,1,0,1,1,1,0
noncovid_44_aug_0004,44_aug_0004.png,NonCOVID,0,train,/Users/samehissa/Downloads/SS-VIRULEX-outputs/02_SVIS-RULEX/covid_ct_run/exact_sequence/outputs/augmented_train_images/NonCOVID/44_aug_0004.png,/Users/samehissa/Downloads/SS-VIRULEX-outputs/02_SVIS-RULEX/covid_ct_run/exact_sequence/outputs/augmented_train_images/NonCOVID/44_aug_0004.png,augmented,/Users/samehissa/Downloads/COVID-CT-Dataset-master/Images-processed/CT_NonCOVID/44.png,44.png,1,1,1,0,1,1,1,1,0,1.0,7.34212e-11,0,0.42855254,0.21351409,0.8263657,0.54289883,0.8443241,0.059984826,0.9781251,0.8849439,0.80742,0.43275467,1,1,1,0,1,1,1,0
noncovid_59_aug_0005,59_aug_0005.png,NonCOVID,0,train,/Users/samehissa/Downloads/SS-VIRULEX-outputs/02_SVIS-RULEX/covid_ct_run/exact_sequence/outputs/augmented_train_images/NonCOVID/59_aug_0005.png,/Users/samehissa/Downloads/SS-VIRULEX-outputs/02_SVIS-RULEX/covid_ct_run/exact_sequence/outputs/augmented_train_images/NonCOVID/59_aug_0005.png,augmented,/Users/samehissa/Downloads/COVID-CT-Dataset-master/Images-processed/CT_NonCOVID/59.png,59.png,1,1,1,0,1,1,1,1,0,0.99999785,2.1786868e-06,0,0.4702009,0.3275177,0.6977077,0.5127878,0.71966994,0.18617558,0.8811553,0.7197833,0.6812753,0.45986837,1,1,1,0,1,1,1,0
noncovid_81_aug_0006,81_aug_0006.png,NonCOVID,0,train,/Users/samehissa/Downloads/SS-VIRULEX-outputs/02_SVIS-RULEX/covid_ct_run/exact_sequence/outputs/augmented_train_images/NonCOVID/81_aug_0006.png,/Users/samehissa/Downloads/SS-VIRULEX-outputs/02_SVIS-RULEX/covid_ct_run/exact_sequence/outputs/augmented_train_images/NonCOVID/81_aug_0006.png,augmented,/Users/samehissa/Downloads/COVID-CT-Dataset-master/Images-processed/CT_NonCOVID/81.png,81.png,1,1,1,0,1,1,1,1,0,0.9999999,1.1545914e-07,0,0.45159128,0.2922346,0.742137,0.55887836,0.759249,0.1320963,0.9350991,0.8032095,0.7105447,0.44024566,1,1,1,0,1,1,1,0
noncovid_82_aug_0007,82_aug_0007.png,NonCOVID,0,train,/Users/samehissa/Downloads/SS-VIRULEX-outputs/02_SVIS-RULEX/covid_ct_run/exact_sequence/outputs/augmented_train_images/NonCOVID/82_aug_0007.png,/Users/samehissa/Downloads/SS-VIRULEX-outputs/02_SVIS-RULEX/covid_ct_run/exact_sequence/outputs/augmented_train_images/NonCOVID/82_aug_0007.png,augmented,/Users/samehissa/Downloads/COVID-CT-Dataset-master/Images-processed/CT_NonCOVID/82.png,82.png,1,1,1,0,1,1,1,1,0,0.99999857,1.4003119e-06,0,0.4541922,0.3204022,0.7300428,0.5470049,0.72669476,0.16413431,0.9080684,0.774377,0.6822524,0.4387305,1,1,1,0,1,1,1,0
noncovid_102_aug_0008,102_aug_0008.png,NonCOVID,0,train,/Users/samehissa/Downloads/SS-VIRULEX-outputs/02_SVIS-RULEX/covid_ct_run/exact_sequence/outputs/augmented_train_images/NonCOVID/102_aug_0008.png,/Users/samehissa/Downloads/SS-VIRULEX-outputs/02_SVIS-RULEX/covid_ct_run/exact_sequence/outputs/augmented_train_images/NonCOVID/102_aug_0008.png,augmented,/Users/samehissa/Downloads/COVID-CT-Dataset-master/Images-processed/CT_NonCOVID/102.png,102.png,1,1,1,0,1,1,1,1,0,1.0,3.67261e-09,0,0.45349818,0.269416,0.70399404,0.5135779,0.7899384,0.12820928,0.9368858,0.7424794,0.74998087,0.512085,1,1,1,0,1,1,1,1
noncovid_103_aug_0009,103_aug_0009.png,NonCOVID,0,train,/Users/samehissa/Downloads/SS-VIRULEX-outputs/02_SVIS-RULEX/covid_ct_run/exact_sequence/outputs/augmented_train_images/NonCOVID/103_aug_0009.png,/Users/samehissa/Downloads/SS-VIRULEX-outputs/02_SVIS-RULEX/covid_ct_run/exact_sequence/outputs/augmented_train_images/NonCOVID/103_aug_0009.png,augmented,/Users/samehissa/Downloads/COVID-CT-Dataset-master/Images-processed/CT_NonCOVID/103.png,103.png,1,1,1,0,1,1,1,1,0,0.99999964,3.336577e-07,0,0.46656337,0.30817083,0.6958027,0.507962,0.7287166,0.1678424,0.8868544,0.72656316,0.6829469,0.46718076,1,1,1,0,1,1,1,0
noncovid_104_aug_0010,104_aug_0010.png,NonCOVID,0,train,/Users/samehissa/Downloads/SS-VIRULEX-outputs/02_SVIS-RULEX/covid_ct_run/exact_sequence/outputs/augmented_train_images/NonCOVID/104_aug_0010.png,/Users/samehissa/Downloads/SS-VIRULEX-outputs/02_SVIS-RULEX/covid_ct_run/exact_sequence/outputs/augmented_train_images/NonCOVID/104_aug_0010.png,augmented,/Users/samehissa/Downloads/COVID-CT-Dataset-master/Images-processed/CT_NonCOVID/104.png,104.png,1,1,1,0,0,1,1,0,0,1.0,3.696571e-11,0,0.43744445,0.22373688,0.7859328,0.52037615,0.82222223,0.076693796,0.9660298,0.8333767,0.78499484,0.48302063,1,1,1,0,1,1,1,0
noncovid_114_aug_0011,114_aug_0011.png,NonCOVID,0,train,/Users/samehissa/Downloads/SS-VIRULEX-outputs/02_SVIS-RULEX/covid_ct_run/exact_sequence/outputs/augmented_train_images/NonCOVID/114_aug_0011.png,/Users/samehissa/Downloads/SS-VIRULEX-outputs/02_SVIS-RULEX/covid_ct_run/exact_sequence/outputs/augmented_train_images/NonCOVID/114_aug_0011.png,augmented,/Users/samehissa/Downloads/COVID-CT-Dataset-master/Images-processed/CT_NonCOVID/114.png,114.png,0,0,0,0,1,0,0,0,0,0.99997485,2.5203683e-05,0,0.47884956,0.35880256,0.6437918,0.50353533,0.6820454,0.24297503,0.8233567,0.64119744,0.64655375,0.4894825,1,1,1,0,1,1,1,0
noncovid_115_aug_0012,115_aug_0012.png,NonCOVID,0,train,/Users/samehissa/Downloads/SS-VIRULEX-outputs/02_SVIS-RULEX/covid_ct_run/exact_sequence/outputs/augmented_train_images/NonCOVID/115_aug_0012.png,/Users/samehissa/Downloads/SS-VIRULEX-outputs/02_SVIS-RULEX/covid_ct_run/exact_sequence/outputs/augmented_train_images/NonCOVID/115_aug_0012.png,augmented,/Users/samehissa/Downloads/COVID-CT-Dataset-master/Images-processed/CT_NonCOVID/115.png,115.png,0,0,0,0,1,0,0,0,0,0.99975675,0.00024326882,0,0.4832873,0.40027416,0.60878825,0.5066009,0.6412413,0.29988682,0.75750184,0.59972584,0.60269827,0.47534192,1,1,1,0,1,1,1,0
noncovid_116_aug_0013,116_aug_0013.png,NonCOVID,0,train,/Users/samehissa/Downloads/SS-VIRULEX-outputs/02_SVIS-RULEX/covid_ct_run/exact_sequence/outputs/augmented_train_images/NonCOVID/116_aug_0013.png,/Users/samehissa/Downloads/SS-VIRULEX-outputs/02_SVIS-RULEX/covid_ct_run/exact_sequence/outputs/augmented_train_images/NonCOVID/116_aug_0013.png,augmented,/Users/samehissa/Downloads/COVID-CT-Dataset-master/Images-processed/CT_NonCOVID/116.png,116.png,0,0,0,0,1,0,0,0,0,0.9998567,0.00014323594,0,0.48363146,0.3917246,0.6243755,0.49719086,0.6454887,0.2846755,0.7656599,0.6082754,0.6110948,0.47863612,1,0,1,0,1,1,1,0
noncovid_117_aug_0014,117_aug_0014.png,NonCOVID,0,train,/Users/samehissa/Downloads/SS-VIRULEX-outputs/02_SVIS-RULEX/covid_ct_run/exact_sequence/outputs/augmented_train_images/NonCOVID/117_aug_0014.png,/Users/samehissa/Downloads/SS-VIRULEX-outputs/02_SVIS-RULEX/covid_ct_run/exact_sequence/outputs/augmented_train_images/NonCOVID/117_aug_0014.png,augmented,/Users/samehissa/Downloads/COVID-CT-Dataset-master/Images-processed/CT_NonCOVID/117.png,117.png,0,0,0,0,1,0,0,0,0,0.99999225,7.739276e-06,0,0.47679245,0.3481591,0.6562129,0.4988086,0.6844093,0.23084414,0.82616055,0.65975165,0.64691794,0.46932122,1,0,1,0,1,1,1,0
noncovid_118_aug_0015,118_aug_0015.png,NonCOVID,0,train,/Users/samehissa/Downloads/SS-VIRULEX-outputs/02_SVIS-RULEX/covid_ct_run/exact_sequence/outputs/augmented_train_images/NonCOVID/118_aug_0015.png,/Users/samehissa/Downloads/SS-VIRULEX-outputs/02_SVIS-RULEX/covid_ct_run/exact_sequence/outputs/augmented_train_images/NonCOVID/118_aug_0015.png,augmented,/Users/samehissa/Downloads/COVID-CT-Dataset-master/Images-processed/CT_NonCOVID/118.png,118.png,0,0,0,0,1,0,0,0,0,0.9999715,2.8528115e-05,0,0.47890952,0.34908682,0.650796,0.5049822,0.68360716,0.23501877,0.82653475,0.6569653,0.64307684,0.47717723,1,1,1,0,1,1,1,0
noncovid_120_aug_0016,120_aug_0016.png,NonCOVID,0,train,/Users/samehissa/Downloads/SS-VIRULEX-outputs/02_SVIS-RULEX/covid_ct_run/exact_sequence/outputs/augmented_train_images/NonCOVID/120_aug_0016.png,/Users/samehissa/Downloads/SS-VIRULEX-outputs/02_SVIS-RULEX/covid_ct_run/exact_sequence/outputs/augmented_train_images/NonCOVID/120_aug_0016.png,augmented,/Users/samehissa/Downloads/COVID-CT-Dataset-master/Images-processed/CT_NonCOVID/120.png,120.png,1,1,1,0,1,1,1,1,0,0.99998534,1.4603643e-05,0,0.47552186,0.3493691,0.6613315,0.52447814,0.6780494,0.22201276,0.83205473,0.70112115,0.6242921,0.4408769,1,1,1,0,1,1,1,0
noncovid_158_aug_0017,158_aug_0017.png,NonCOVID,0,train,/Users/samehissa/Downloads/SS-VIRULEX-outputs/02_SVIS-RULEX/covid_ct_run/exact_sequence/outputs/augmented_train_images/NonCOVID/158_aug_0017.png,/Users/samehissa/Downloads/SS-VIRULEX-outputs/02_SVIS-RULEX/covid_ct_run/exact_sequence/outputs/augmented_train_images/NonCOVID/158_aug_0017.png,augmented,/Users/samehissa/Downloads/COVID-CT-Dataset-master/Images-processed/CT_NonCOVID/158.png,158.png,0,0,0,0,1,0,0,0,0,1.0,5.4403793e-09,0,0.45242298,0.2650804,0.75154483,0.50922304,0.7846604,0.108765736,0.9405027,0.79326135,0.74665016,0.46134782,1,1,1,0,1,1,1,0
noncovid_171_aug_0018,171_aug_0018.png,NonCOVID,0,train,/Users/samehissa/Downloads/SS-VIRULEX-outputs/02_SVIS-RULEX/covid_ct_run/exact_sequence/outputs/augmented_train_images/NonCOVID/171_aug_0018.png,/Users/samehissa/Downloads/SS-VIRULEX-outputs/02_SVIS-RULEX/covid_ct_run/exact_sequence/outputs/augmented_train_images/NonCOVID/171_aug_0018.png,augmented,/Users/samehissa/Downloads/COVID-CT-Dataset-master/Images-processed/CT_NonCOVID/171.png,171.png,0,0,1,0,1,0,0,0,0,0.9999938,6.191909e-06,0,0.47547382,0.3457002,0.66869044,0.5234041,0.69434774,0.21263383,0.8533503,0.69761956,0.65034986,0.4509888,1,1,1,0,1,1,1,0
noncovid_174_aug_0019,174_aug_0019.png,NonCOVID,0,train,/Users/samehissa/Downloads/SS-VIRULEX-outputs/02_SVIS-RULEX/covid_ct_run/exact_sequence/outputs/augmented_train_images/NonCOVID/174_aug_0019.png,/Users/samehissa/Downloads/SS-VIRULEX-outputs/02_SVIS-RULEX/covid_ct_run/exact_sequence/outputs/augmented_train_images/NonCOVID/174_aug_0019.png,augmented,/Users/samehissa/Downloads/COVID-CT-Dataset-master/Images-processed/CT_NonCOVID/174.png,174.png,0,0,0,0,1,0,0,0,0,0.9812112,0.018788798,0,0.48188913,0.40729225,0.57199395,0.5181109,0.5946529,0.33372736,0.67614347,0.6031302,0.56977737,0.48353836,1,1,1,0,1,1,1,0
noncovid_226_aug_0020,226_aug_0020.png,NonCOVID,0,train,/Users/samehissa/Downloads/SS-VIRULEX-outputs/02_SVIS-RULEX/covid_ct_run/exact_sequence/outputs/augmented_train_images/NonCOVID/226_aug_0020.png,/Users/samehissa/Downloads/SS-VIRULEX-outputs/02_SVIS-RULEX/covid_ct_run/exact_sequence/outputs/augmented_train_images/NonCOVID/226_aug_0020.png,augmented,/Users/samehissa/Downloads/COVID-CT-Dataset-master/Images-processed/CT_NonCOVID/226.png,226.png,1,1,1,0,1,1,1,1,0,0.9999999,1.5855268e-07,0,0.46468002,0.30013213,0.6904288,0.51947165,0.75107175,0.15855557,0.90787745,0.72990024,0.7055028,0.48073614,1,1,1,0,1,1,1,0
noncovid_227_aug_0021,227_aug_0021.png,NonCOVID,0,train,/Users/samehissa/Downloads/SS-VIRULEX-outputs/02_SVIS-RULEX/covid_ct_run/exact_sequence/outputs/augmented_train_images/NonCOVID/227_aug_0021.png,/Users/samehissa/Downloads/SS-VIRULEX-outputs/02_SVIS-RULEX/covid_ct_run/exact_sequence/outputs/augmented_train_images/NonCOVID/227_aug_0021.png,augmented,/Users/samehissa/Downloads/COVID-CT-Dataset-master/Images-processed/CT_NonCOVID/227.png,227.png,0,0,0,0,1,0,0,0,0,0.9855584,0.0144416345,0,0.48284614,0.3963011,0.57350045,0.51715386,0.5985628,0.31048614,0.6922561,0.62323534,0.58316076,0.48921615,1,1,1,0,1,1,1,0
noncovid_294_aug_0022,294_aug_0022.png,NonCOVID,0,train,/Users/samehissa/Downloads/SS-VIRULEX-outputs/02_SVIS-RULEX/covid_ct_run/exact_sequence/outputs/augmented_train_images/NonCOVID/294_aug_0022.png,/Users/samehissa/Downloads/SS-VIRULEX-outputs/02_SVIS-RULEX/covid_ct_run/exact_sequence/outputs/augmented_train_images/NonCOVID/294_aug_0022.png,augmented,/Users/samehissa/Downloads/COVID-CT-Dataset-master/Images-processed/CT_NonCOVID/294.png,294.png,1,1,1,0,0,1,1,1,0,0.99999785,2.2034037e-06,0,0.46935555,0.3347512,0.7035635,0.5050978,0.71749055,0.18822597,0.87887806,0.7210992,0.6866176,0.44979632,1,1,1,0,1,1,1,0
noncovid_354_aug_0023,354_aug_0023.png,NonCOVID,0,train,/Users/samehissa/Downloads/SS-VIRULEX-outputs/02_SVIS-RULEX/covid_ct_run/exact_sequence/outputs/augmented_train_images/NonCOVID/354_aug_0023.png,/Users/samehissa/Downloads/SS-VIRULEX-outputs/02_SVIS-RULEX/covid_ct_run/exact_sequence/outputs/augmented_train_images/NonCOVID/354_aug_0023.png,augmented,/Users/samehissa/Downloads/COVID-CT-Dataset-master/Images-processed/CT_NonCOVID/354.png,354.png,0,0,0,0,1,0,0,0,0,0.99916935,0.0008306673,0,0.47742522,0.40488118,0.58062184,0.5225748,0.64919347,0.31406236,0.7640639,0.5951188,0.60558033,0.4732829,1,1,1,0,1,1,1,0
noncovid_361_aug_0024,361_aug_0024.png,NonCOVID,0,train,/Users/samehissa/Downloads/SS-VIRULEX-outputs/02_SVIS-RULEX/covid_ct_run/exact_sequence/outputs/augmented_train_images/NonCOVID/361_aug_0024.png,/Users/samehissa/Downloads/SS-VIRULEX-outputs/02_SVIS-RULEX/covid_ct_run/exact_sequence/outputs/augmented_train_images/NonCOVID/361_aug_0024.png,augmented,/Users/samehissa/Downloads/COVID-CT-Dataset-master/Images-processed/CT_NonCOVID/361.png,361.png,0,0,0,0,1,0,0,0,0,0.9999999,7.374917e-08,0,0.46429837,0.30270562,0.70215595,0.53570163,0.7489088,0.15399973,0.9132722,0.754793,0.69842076,0.4591099,1,1,1,0,1,1,1,0
noncovid_378_aug_0025,378_aug_0025.png,NonCOVID,0,train,/Users/samehissa/Downloads/SS-VIRULEX-outputs/02_SVIS-RULEX/covid_ct_run/exact_sequence/outputs/augmented_train_images/NonCOVID/378_aug_0025.png,/Users/samehissa/Downloads/SS-VIRULEX-outputs/02_SVIS-RULEX/covid_ct_run/exact_sequence/outputs/augmented_train_images/NonCOVID/378_aug_0025.png,augmented,/Users/samehissa/Downloads/COVID-CT-Dataset-master/Images-processed/CT_NonCOVID/378.png,378.png,0,0,0,0,1,0,0,0,0,0.99998474,1.5275926e-05,0,0.4750667,0.3421568,0.6599473,0.5047139,0.7053238,0.22248676,0.8543789,0.659698,0.6736738,0.48958957,1,1,1,0,1,1,1,0
noncovid_381_aug_0026,381_aug_0026.png,NonCOVID,0,train,/Users/samehissa/Downloads/SS-VIRULEX-outputs/02_SVIS-RULEX/covid_ct_run/exact_sequence/outputs/augmented_train_images/NonCOVID/381_aug_0026.png,/Users/samehissa/Downloads/SS-VIRULEX-outputs/02_SVIS-RULEX/covid_ct_run/exact_sequence/outputs/augmented_train_images/NonCOVID/381_aug_0026.png,augmented,/Users/samehissa/Downloads/COVID-CT-Dataset-master/Images-processed/CT_NonCOVID/381.png,381.png,1,0,1,0,1,1,1,1,0,0.9999944,5.554032e-06,0,0.47439408,0.33769795,0.66764766,0.5256059,0.6931597,0.21197146,0.85616004,0.69920295,0.6493654,0.4664834,1,1,1,0,1,1,1,0
noncovid_382_aug_0027,382_aug_0027.png,NonCOVID,0,train,/Users/samehissa/Downloads/SS-VIRULEX-outputs/02_SVIS-RULEX/covid_ct_run/exact_sequence/outputs/augmented_train_images/NonCOVID/382_aug_0027.png,/Users/samehissa/Downloads/SS-VIRULEX-outputs/02_SVIS-RULEX/covid_ct_run/exact_sequence/outputs/augmented_train_images/NonCOVID/382_aug_0027.png,augmented,/Users/samehissa/Downloads/COVID-CT-Dataset-master/Images-processed/CT_NonCOVID/382.png,382.png,1,1,1,0,1,1,1,1,0,0.9999428,5.725433e-05,0,0.46548283,0.36212185,0.66854995,0.53451717,0.6550677,0.23871417,0.81767917,0.69749415,0.60476816,0.43994,1,1,1,0,1,1,1,0
noncovid_383_aug_0028,383_aug_0028.png,NonCOVID,0,train,/Users/samehissa/Downloads/SS-VIRULEX-outputs/02_SVIS-RULEX/covid_ct_run/exact_sequence/outputs/augmented_train_images/NonCOVID/383_aug_0028.png,/Users/samehissa/Downloads/SS-VIRULEX-outputs/02_SVIS-RULEX/covid_ct_run/exact_sequence/outputs/augmented_train_images/NonCOVID/383_aug_0028.png,augmented,/Users/samehissa/Downloads/COVID-CT-Dataset-master/Images-processed/CT_NonCOVID/383.png,383.png,1,1,1,0,1,1,1,1,0,1.0,4.3464318e-10,0,0.43585476,0.23159513,0.760578,0.5262267,0.8112965,0.08522827,0.9592519,0.81808376,0.77059805,0.48959717,1,1,1,0,1,1,1,0
noncovid_385_aug_0029,385_aug_0029.png,NonCOVID,0,train,/Users/samehissa/Downloads/SS-VIRULEX-outputs/02_SVIS-RULEX/covid_ct_run/exact_sequence/outputs/augmented_train_images/NonCOVID/385_aug_0029.png,/Users/samehissa/Downloads/SS-VIRULEX-outputs/02_SVIS-RULEX/covid_ct_run/exact_sequence/outputs/augmented_train_images/NonCOVID/385_aug_0029.png,augmented,/Users/samehissa/Downloads/COVID-CT-Dataset-master/Images-processed/CT_NonCOVID/385.png,385.png,1,1,1,0,1,1,1,1,0,0.9999567,4.3283693e-05,0,0.47829556,0.35688996,0.68373346,0.5159433,0.67597705,0.22126049,0.83605415,0.70679545,0.63618046,0.4341219,1,1,1,0,1,1,1,0
noncovid_575_aug_0030,575_aug_0030.png,NonCOVID,0,train,/Users/samehissa/Downloads/SS-VIRULEX-outputs/02_SVIS-RULEX/covid_ct_run/exact_sequence/outputs/augmented_train_images/NonCOVID/575_aug_0030.png,/Users/samehissa/Downloads/SS-VIRULEX-outputs/02_SVIS-RULEX/covid_ct_run/exact_sequence/outputs/augmented_train_images/NonCOVID/575_aug_0030.png,augmented,/Users/samehissa/Downloads/COVID-CT-Dataset-master/Images-processed/CT_NonCOVID/575.png,575.png,0,0,0,0,1,0,0,0,0,0.9997371,0.00026288518,0,0.47701627,0.37377855,0.6219004,0.52298373,0.63539714,0.27701545,0.76513577,0.6431531,0.58275926,0.45359612,1,1,1,0,1,1,1,0
noncovid_576_aug_0031,576_aug_0031.png,NonCOVID,0,train,/Users/samehissa/Downloads/SS-VIRULEX-outputs/02_SVIS-RULEX/covid_ct_run/exact_sequence/outputs/augmented_train_images/NonCOVID/576_aug_0031.png,/Users/samehissa/Downloads/SS-VIRULEX-outputs/02_SVIS-RULEX/covid_ct_run/exact_sequence/outputs/augmented_train_images/NonCOVID/576_aug_0031.png,augmented,/Users/samehissa/Downloads/COVID-CT-Dataset-master/Images-processed/CT_NonCOVID/576.png,576.png,0,0,0,0,1,0,0,0,0,0.9999995,5.185816e-07,0,0.46802527,0.31391403,0.6967608,0.5193465,0.7199076,0.17378318,0.88451666,0.7311422,0.67280847,0.463025,1,1,1,0,1,1,1,0
noncovid_577_aug_0032,577_aug_0032.png,NonCOVID,0,train,/Users/samehissa/Downloads/SS-VIRULEX-outputs/02_SVIS-RULEX/covid_ct_run/exact_sequence/outputs/augmented_train_images/NonCOVID/577_aug_0032.png,/Users/samehissa/Downloads/SS-VIRULEX-outputs/02_SVIS-RULEX/covid_ct_run/exact_sequence/outputs/augmented_train_images/NonCOVID/577_aug_0032.png,augmented,/Users/samehissa/Downloads/COVID-CT-Dataset-master/Images-processed/CT_NonCOVID/577.png,577.png,1,1,1,0,1,1,1,1,0,0.9999441,5.5876233e-05,0,0.48033887,0.3648775,0.662183,0.5196611,0.68473595,0.23607622,0.8382082,0.6847727,0.6459035,0.4497378,1,1,1,0,1,1,1,0
noncovid_578_aug_0033,578_aug_0033.png,NonCOVID,0,train,/Users/samehissa/Downloads/SS-VIRULEX-outputs/02_SVIS-RULEX/covid_ct_run/exact_sequence/outputs/augmented_train_images/NonCOVID/578_aug_0033.png,/Users/samehissa/Downloads/SS-VIRULEX-outputs/02_SVIS-RULEX/covid_ct_run/exact_sequence/outputs/augmented_train_images/NonCOVID/578_aug_0033.png,augmented,/Users/samehissa/Downloads/COVID-CT-Dataset-master/Images-processed/CT_NonCOVID/578.png,578.png,1,1,1,0,1,1,1,1,0,1.0,2.6341949e-09,0,0.45437443,0.2668595,0.74521446,0.5380947,0.79656273,0.11502663,0.9513122,0.79315454,0.75779724,0.48636627,1,1,1,0,1,1,1,0
noncovid_579_aug_0034,579_aug_0034.png,NonCOVID,0,train,/Users/samehissa/Downloads/SS-VIRULEX-outputs/02_SVIS-RULEX/covid_ct_run/exact_sequence/outputs/augmented_train_images/NonCOVID/579_aug_0034.png,/Users/samehissa/Downloads/SS-VIRULEX-outputs/02_SVIS-RULEX/covid_ct_run/exact_sequence/outputs/augmented_train_images/NonCOVID/579_aug_0034.png,augmented,/Users/samehissa/Downloads/COVID-CT-Dataset-master/Images-processed/CT_NonCOVID/579.png,579.png,1,1,1,0,1,1,1,1,0,0.99999976,2.7470264e-07,0,0.46734586,0.3101632,0.7046427,0.5229677,0.7277953,0.16880903,0.8949862,0.7382506,0.6829184,0.46565628,1,1,1,0,1,1,1,0
noncovid_580_aug_0035,580_aug_0035.png,NonCOVID,0,train,/Users/samehissa/Downloads/SS-VIRULEX-outputs/02_SVIS-RULEX/covid_ct_run/exact_sequence/outputs/augmented_train_images/NonCOVID/580_aug_0035.png,/Users/samehissa/Downloads/SS-VIRULEX-outputs/02_SVIS-RULEX/covid_ct_run/exact_sequence/outputs/augmented_train_images/NonCOVID/580_aug_0035.png,augmented,/Users/samehissa/Downloads/COVID-CT-Dataset-master/Images-processed/CT_NonCOVID/580.png,580.png,1,1,1,0,1,1,1,1,0,1.0,7.4344153e-09,0,0.46074864,0.27921262,0.7296305,0.53871953,0.7685324,0.13017517,0.9340911,0.7795962,0.72212976,0.47419965,1,1,1,0,1,1,1,0
noncovid_585_aug_0036,585_aug_0036.png,NonCOVID,0,train,/Users/samehissa/Downloads/SS-VIRULEX-outputs/02_SVIS-RULEX/covid_ct_run/exact_sequence/outputs/augmented_train_images/NonCOVID/585_aug_0036.png,/Users/samehissa/Downloads/SS-VIRULEX-outputs/02_SVIS-RULEX/covid_ct_run/exact_sequence/outputs/augmented_train_images/NonCOVID/585_aug_0036.png,augmented,/Users/samehissa/Downloads/COVID-CT-Dataset-master/Images-processed/CT_NonCOVID/585.png,585.png,0,0,0,0,1,0,0,0,0,0.9999994,5.849098e-07,0,0.4696352,0.31825048,0.6701005,0.509768,0.7134639,0.19158429,0.8678602,0.69221705,0.6674579,0.48704875,1,1,1,0,1,1,1,0
noncovid_586_aug_0037,586_aug_0037.png,NonCOVID,0,train,/Users/samehissa/Downloads/SS-VIRULEX-outputs/02_SVIS-RULEX/covid_ct_run/exact_sequence/outputs/augmented_train_images/NonCOVID/586_aug_0037.png,/Users/samehissa/Downloads/SS-VIRULEX-outputs/02_SVIS-RULEX/covid_ct_run/exact_sequence/outputs/augmented_train_images/NonCOVID/586_aug_0037.png,augmented,/Users/samehissa/Downloads/COVID-CT-Dataset-master/Images-processed/CT_NonCOVID/586.png,586.png,0,0,0,0,1,0,0,0,0,0.9999999,1.487907e-07,0,0.46583134,0.30293402,0.6750657,0.51417184,0.7329246,0.16818917,0.89007264,0.7067224,0.6901221,0.5018679,1,1,1,0,1,1,1,1
noncovid_587_aug_0038,587_aug_0038.png,NonCOVID,0,train,/Users/samehissa/Downloads/SS-VIRULEX-outputs/02_SVIS-RULEX/covid_ct_run/exact_sequence/outputs/augmented_train_images/NonCOVID/587_aug_0038.png,/Users/samehissa/Downloads/SS-VIRULEX-outputs/02_SVIS-RULEX/covid_ct_run/exact_sequence/outputs/augmented_train_images/NonCOVID/587_aug_0038.png,augmented,/Users/samehissa/Downloads/COVID-CT-Dataset-master/Images-processed/CT_NonCOVID/587.png,587.png,0,0,0,0,1,0,0,0,0,0.9999912,8.848119e-06,0,0.47554824,0.35342133,0.6409413,0.49854988,0.6799351,0.23133704,0.81690276,0.64657867,0.64488375,0.48398858,1,0,1,0,1,1,1,0
noncovid_672_aug_0039,672_aug_0039.png,NonCOVID,0,train,/Users/samehissa/Downloads/SS-VIRULEX-outputs/02_SVIS-RULEX/covid_ct_run/exact_sequence/outputs/augmented_train_images/NonCOVID/672_aug_0039.png,/Users/samehissa/Downloads/SS-VIRULEX-outputs/02_SVIS-RULEX/covid_ct_run/exact_sequence/outputs/augmented_train_images/NonCOVID/672_aug_0039.png,augmented,/Users/samehissa/Downloads/COVID-CT-Dataset-master/Images-processed/CT_NonCOVID/672.png,672.png,1,0,1,0,1,1,1,1,0,0.99999976,2.5122358e-07,0,0.45525178,0.29583374,0.6947399,0.5173667,0.7488619,0.15084805,0.9045836,0.7452575,0.6970561,0.46496353,1,1,1,0,1,1,1,0
noncovid_673_aug_0040,673_aug_0040.png,NonCOVID,0,train,/Users/samehissa/Downloads/SS-VIRULEX-outputs/02_SVIS-RULEX/covid_ct_run/exact_sequence/outputs/augmented_train_images/NonCOVID/673_aug_0040.png,/Users/samehissa/Downloads/SS-VIRULEX-outputs/02_SVIS-RULEX/covid_ct_run/exact_sequence/outputs/augmented_train_images/NonCOVID/673_aug_0040.png,augmented,/Users/samehissa/Downloads/COVID-CT-Dataset-master/Images-processed/CT_NonCOVID/673.png,673.png,1,1,1,0,1,1,1,1,0,1.0,3.5683576e-09,0,0.44473925,0.26109964,0.7325411,0.51832086,0.7907492,0.111434355,0.9418545,0.7846761,0.7450225,0.47773775,1,1,1,0,1,1,1,0
noncovid_704_aug_0041,704_aug_0041.png,NonCOVID,0,train,/Users/samehissa/Downloads/SS-VIRULEX-outputs/02_SVIS-RULEX/covid_ct_run/exact_sequence/outputs/augmented_train_images/NonCOVID/704_aug_0041.png,/Users/samehissa/Downloads/SS-VIRULEX-outputs/02_SVIS-RULEX/covid_ct_run/exact_sequence/outputs/augmented_train_images/NonCOVID/704_aug_0041.png,augmented,/Users/samehissa/Downloads/COVID-CT-Dataset-master/Images-processed/CT_NonCOVID/704.png,704.png,1,1,1,0,1,1,1,1,0,0.9999989,1.0243722e-06,0,0.45507142,0.3147206,0.6875788,0.552393,0.73671246,0.1772501,0.9083941,0.73208547,0.68853474,0.48847133,1,1,1,0,1,1,1,0
noncovid_705_aug_0042,705_aug_0042.png,NonCOVID,0,train,/Users/samehissa/Downloads/SS-VIRULEX-outputs/02_SVIS-RULEX/covid_ct_run/exact_sequence/outputs/augmented_train_images/NonCOVID/705_aug_0042.png,/Users/samehissa/Downloads/SS-VIRULEX-outputs/02_SVIS-RULEX/covid_ct_run/exact_sequence/outputs/augmented_train_images/NonCOVID/705_aug_0042.png,augmented,/Users/samehissa/Downloads/COVID-CT-Dataset-master/Images-processed/CT_NonCOVID/705.png,705.png,1,1,1,0,1,1,1,1,0,0.999997,3.011412e-06,0,0.4724404,0.33330294,0.69828737,0.51786506,0.6912334,0.19693802,0.8583232,0.72130346,0.6469884,0.45292053,1,1,1,0,1,1,1,0
noncovid_706_aug_0043,706_aug_0043.png,NonCOVID,0,train,/Users/samehissa/Downloads/SS-VIRULEX-outputs/02_SVIS-RULEX/covid_ct_run/exact_sequence/outputs/augmented_train_images/NonCOVID/706_aug_0043.png,/Users/samehissa/Downloads/SS-VIRULEX-outputs/02_SVIS-RULEX/covid_ct_run/exact_sequence/outputs/augmented_train_images/NonCOVID/706_aug_0043.png,augmented,/Users/samehissa/Downloads/COVID-CT-Dataset-master/Images-processed/CT_NonCOVID/706.png,706.png,1,1,1,0,1,1,1,1,0,0.99316144,0.006838617,0,0.48149115,0.38065505,0.6037414,0.5159062,0.6320291,0.28890258,0.7599048,0.6221668,0.62431824,0.508843,1,1,1,0,1,1,1,1
noncovid_781_aug_0044,781_aug_0044.png,NonCOVID,0,train,/Users/samehissa/Downloads/SS-VIRULEX-outputs/02_SVIS-RULEX/covid_ct_run/exact_sequence/outputs/augmented_train_images/NonCOVID/781_aug_0044.png,/Users/samehissa/Downloads/SS-VIRULEX-outputs/02_SVIS-RULEX/covid_ct_run/exact_sequence/outputs/augmented_train_images/NonCOVID/781_aug_0044.png,augmented,/Users/samehissa/Downloads/COVID-CT-Dataset-master/Images-processed/CT_NonCOVID/781.png,781.png,0,0,0,0,1,0,0,0,0,1.0,2.8072874e-08,0,0.462788,0.28585204,0.72182274,0.51928407,0.75876004,0.13819073,0.9219449,0.7586315,0.71764815,0.4775909,1,1,1,0,1,1,1,0
noncovid_782_aug_0045,782_aug_0045.png,NonCOVID,0,train,/Users/samehissa/Downloads/SS-VIRULEX-outputs/02_SVIS-RULEX/covid_ct_run/exact_sequence/outputs/augmented_train_images/NonCOVID/782_aug_0045.png,/Users/samehissa/Downloads/SS-VIRULEX-outputs/02_SVIS-RULEX/covid_ct_run/exact_sequence/outputs/augmented_train_images/NonCOVID/782_aug_0045.png,augmented,/Users/samehissa/Downloads/COVID-CT-Dataset-master/Images-processed/CT_NonCOVID/782.png,782.png,0,0,0,0,1,0,0,0,0,0.99999964,3.2615148e-07,0,0.46410957,0.3049745,0.6884868,0.52727836,0.736354,0.1664261,0.89784616,0.73385674,0.6832936,0.4725576,1,1,1,0,1,1,1,0
noncovid_921_aug_0046,921_aug_0046.png,NonCOVID,0,train,/Users/samehissa/Downloads/SS-VIRULEX-outputs/02_SVIS-RULEX/covid_ct_run/exact_sequence/outputs/augmented_train_images/NonCOVID/921_aug_0046.png,/Users/samehissa/Downloads/SS-VIRULEX-outputs/02_SVIS-RULEX/covid_ct_run/exact_sequence/outputs/augmented_train_images/NonCOVID/921_aug_0046.png,augmented,/Users/samehissa/Downloads/COVID-CT-Dataset-master/Images-processed/CT_NonCOVID/921.png,921.png,1,1,1,0,1,1,1,1,0,1.0,1.1156158e-13,0,0.40598986,0.16886055,0.8323362,0.5498114,0.87764335,0.04064414,0.98764634,0.896066,0.840265,0.48751056,1,1,1,0,1,1,1,0
noncovid_956_aug_0047,956_aug_0047.png,NonCOVID,0,train,/Users/samehissa/Downloads/SS-VIRULEX-outputs/02_SVIS-RULEX/covid_ct_run/exact_sequence/outputs/augmented_train_images/NonCOVID/956_aug_0047.png,/Users/samehissa/Downloads/SS-VIRULEX-outputs/02_SVIS-RULEX/covid_ct_run/exact_sequence/outputs/augmented_train_images/NonCOVID/956_aug_0047.png,augmented,/Users/samehissa/Downloads/COVID-CT-Dataset-master/Images-processed/CT_NonCOVID/956.png,956.png,0,0,0,0,1,0,0,0,0,0.99987054,0.00012949729,0,0.48484367,0.37399077,0.61697274,0.5010918,0.6473366,0.27146706,0.7649166,0.6260092,0.6063514,0.4624287,1,1,1,0,1,1,1,0
noncovid_957_aug_0048,957_aug_0048.png,NonCOVID,0,train,/Users/samehissa/Downloads/SS-VIRULEX-outputs/02_SVIS-RULEX/covid_ct_run/exact_sequence/outputs/augmented_train_images/NonCOVID/957_aug_0048.png,/Users/samehissa/Downloads/SS-VIRULEX-outputs/02_SVIS-RULEX/covid_ct_run/exact_sequence/outputs/augmented_train_images/NonCOVID/957_aug_0048.png,augmented,/Users/samehissa/Downloads/COVID-CT-Dataset-master/Images-processed/CT_NonCOVID/957.png,957.png,0,0,0,0,1,0,0,0,0,0.9999893,1.0754506e-05,0,0.4782042,0.34589007,0.64473003,0.5175825,0.6834175,0.2268873,0.83098596,0.67020804,0.637689,0.46843743,1,1,1,0,1,1,1,0
noncovid_1029_aug_0049,1029_aug_0049.png,NonCOVID,0,train,/Users/samehissa/Downloads/SS-VIRULEX-outputs/02_SVIS-RULEX/covid_ct_run/exact_sequence/outputs/augmented_train_images/NonCOVID/1029_aug_0049.png,/Users/samehissa/Downloads/SS-VIRULEX-outputs/02_SVIS-RULEX/covid_ct_run/exact_sequence/outputs/augmented_train_images/NonCOVID/1029_aug_0049.png,augmented,/Users/samehissa/Downloads/COVID-CT-Dataset-master/Images-processed/CT_NonCOVID/1029.png,1029.png,0,0,0,0,1,0,0,0,0,0.99979836,0.00020163262,0,0.48320913,0.3663803,0.6312899,0.5054508,0.66783214,0.26284337,0.7997141,0.63407725,0.62939143,0.47452858,1,1,1,0,1,1,1,0
noncovid_1030_aug_0050,1030_aug_0050.png,NonCOVID,0,train,/Users/samehissa/Downloads/SS-VIRULEX-outputs/02_SVIS-RULEX/covid_ct_run/exact_sequence/outputs/augmented_train_images/NonCOVID/1030_aug_0050.png,/Users/samehissa/Downloads/SS-VIRULEX-outputs/02_SVIS-RULEX/covid_ct_run/exact_sequence/outputs/augmented_train_images/NonCOVID/1030_aug_0050.png,augmented,/Users/samehissa/Downloads/COVID-CT-Dataset-master/Images-processed/CT_NonCOVID/1030.png,1030.png,1,1,1,0,1,1,1,1,0,0.7144461,0.28555384,0,0.4907839,0.42004484,0.6230901,0.49606553,0.64202553,0.3202094,0.62830126,0.63450414,0.6080825,0.553742,1,0,1,0,1,1,1,1
noncovid_1058_aug_0051,1058_aug_0051.png,NonCOVID,0,train,/Users/samehissa/Downloads/SS-VIRULEX-outputs/02_SVIS-RULEX/covid_ct_run/exact_sequence/outputs/augmented_train_images/NonCOVID/1058_aug_0051.png,/Users/samehissa/Downloads/SS-VIRULEX-outputs/02_SVIS-RULEX/covid_ct_run/exact_sequence/outputs/augmented_train_images/NonCOVID/1058_aug_0051.png,augmented,/Users/samehissa/Downloads/COVID-CT-Dataset-master/Images-processed/CT_NonCOVID/1058.png,1058.png,0,1,1,0,1,1,1,1,0,0.9998248,0.00017515836,0,0.48148352,0.3922804,0.60268235,0.5134411,0.6537142,0.28474817,0.7758015,0.6077196,0.61221784,0.47631732,1,1,1,0,1,1,1,0
noncovid_1059_aug_0052,1059_aug_0052.png,NonCOVID,0,train,/Users/samehissa/Downloads/SS-VIRULEX-outputs/02_SVIS-RULEX/covid_ct_run/exact_sequence/outputs/augmented_train_images/NonCOVID/1059_aug_0052.png,/Users/samehissa/Downloads/SS-VIRULEX-outputs/02_SVIS-RULEX/covid_ct_run/exact_sequence/outputs/augmented_train_images/NonCOVID/1059_aug_0052.png,augmented,/Users/samehissa/Downloads/COVID-CT-Dataset-master/Images-processed/CT_NonCOVID/1059.png,1059.png,0,0,0,0,1,0,0,0,0,0.99995315,4.6794234e-05,0,0.48252314,0.37191796,0.6284185,0.49836782,0.66736007,0.25769323,0.794082,0.62808204,0.6254685,0.4835252,1,0,1,0,1,1,1,0
noncovid_1060_aug_0053,1060_aug_0053.png,NonCOVID,0,train,/Users/samehissa/Downloads/SS-VIRULEX-outputs/02_SVIS-RULEX/covid_ct_run/exact_sequence/outputs/augmented_train_images/NonCOVID/1060_aug_0053.png,/Users/samehissa/Downloads/SS-VIRULEX-outputs/02_SVIS-RULEX/covid_ct_run/exact_sequence/outputs/augmented_train_images/NonCOVID/1060_aug_0053.png,augmented,/Users/samehissa/Downloads/COVID-CT-Dataset-master/Images-processed/CT_NonCOVID/1060.png,1060.png,0,0,0,0,1,0,0,0,0,0.9995901,0.0004098735,0,0.48540983,0.38988012,0.6152584,0.5010187,0.6434187,0.2854634,0.75929165,0.6101199,0.60172,0.47780684,1,1,1,0,1,1,1,0
noncovid_1061_aug_0054,1061_aug_0054.png,NonCOVID,0,train,/Users/samehissa/Downloads/SS-VIRULEX-outputs/02_SVIS-RULEX/covid_ct_run/exact_sequence/outputs/augmented_train_images/NonCOVID/1061_aug_0054.png,/Users/samehissa/Downloads/SS-VIRULEX-outputs/02_SVIS-RULEX/covid_ct_run/exact_sequence/outputs/augmented_train_images/NonCOVID/1061_aug_0054.png,augmented,/Users/samehissa/Downloads/COVID-CT-Dataset-master/Images-processed/CT_NonCOVID/1061.png,1061.png,0,0,0,0,1,0,0,0,0,0.9998416,0.00015836008,0,0.48278573,0.39787757,0.6126938,0.49064943,0.6617195,0.2763965,0.77508014,0.6021224,0.62478715,0.4868755,1,0,1,0,1,1,1,0
noncovid_1062_aug_0055,1062_aug_0055.png,NonCOVID,0,train,/Users/samehissa/Downloads/SS-VIRULEX-outputs/02_SVIS-RULEX/covid_ct_run/exact_sequence/outputs/augmented_train_images/NonCOVID/1062_aug_0055.png,/Users/samehissa/Downloads/SS-VIRULEX-outputs/02_SVIS-RULEX/covid_ct_run/exact_sequence/outputs/augmented_train_images/NonCOVID/1062_aug_0055.png,augmented,/Users/samehissa/Downloads/COVID-CT-Dataset-master/Images-processed/CT_NonCOVID/1062.png,1062.png,0,0,0,0,1,0,0,0,0,0.99873906,0.0012609432,0,0.4799044,0.37869167,0.58235216,0.5200956,0.64660466,0.27736312,0.77086735,0.6213083,0.60478747,0.4956755,1,1,1,0,1,1,1,0
noncovid_1065_aug_0056,1065_aug_0056.png,NonCOVID,0,train,/Users/samehissa/Downloads/SS-VIRULEX-outputs/02_SVIS-RULEX/covid_ct_run/exact_sequence/outputs/augmented_train_images/NonCOVID/1065_aug_0056.png,/Users/samehissa/Downloads/SS-VIRULEX-outputs/02_SVIS-RULEX/covid_ct_run/exact_sequence/outputs/augmented_train_images/NonCOVID/1065_aug_0056.png,augmented,/Users/samehissa/Downloads/COVID-CT-Dataset-master/Images-processed/CT_NonCOVID/1065.png,1065.png,0,0,0,0,1,0,0,0,0,0.9999877,1.2230547e-05,0,0.47545654,0.34214404,0.6572238,0.49431637,0.697086,0.22320601,0.8383668,0.65841144,0.66292655,0.48060724,1,0,1,0,1,1,1,0
noncovid_1093_aug_0057,1093_aug_0057.png,NonCOVID,0,train,/Users/samehissa/Downloads/SS-VIRULEX-outputs/02_SVIS-RULEX/covid_ct_run/exact_sequence/outputs/augmented_train_images/NonCOVID/1093_aug_0057.png,/Users/samehissa/Downloads/SS-VIRULEX-outputs/02_SVIS-RULEX/covid_ct_run/exact_sequence/outputs/augmented_train_images/NonCOVID/1093_aug_0057.png,augmented,/Users/samehissa/Downloads/COVID-CT-Dataset-master/Images-processed/CT_NonCOVID/1093.png,1093.png,0,0,0,0,1,0,0,0,0,0.9999999,8.959806e-08,0,0.46457008,0.29965043,0.68794847,0.51898074,0.7456997,0.15968198,0.9036415,0.7265828,0.6992298,0.4829767,1,1,1,0,1,1,1,0
noncovid_1094_aug_0058,1094_aug_0058.png,NonCOVID,0,train,/Users/samehissa/Downloads/SS-VIRULEX-outputs/02_SVIS-RULEX/covid_ct_run/exact_sequence/outputs/augmented_train_images/NonCOVID/1094_aug_0058.png,/Users/samehissa/Downloads/SS-VIRULEX-outputs/02_SVIS-RULEX/covid_ct_run/exact_sequence/outputs/augmented_train_images/NonCOVID/1094_aug_0058.png,augmented,/Users/samehissa/Downloads/COVID-CT-Dataset-master/Images-processed/CT_NonCOVID/1094.png,1094.png,0,0,0,0,1,0,0,0,0,1.0,5.19611e-09,0,0.45560437,0.27463323,0.7036205,0.52952635,0.76706016,0.1339995,0.926875,0.7521497,0.7193351,0.49995768,1,1,1,0,1,1,1,0
noncovid_1099_aug_0059,1099_aug_0059.png,NonCOVID,0,train,/Users/samehissa/Downloads/SS-VIRULEX-outputs/02_SVIS-RULEX/covid_ct_run/exact_sequence/outputs/augmented_train_images/NonCOVID/1099_aug_0059.png,/Users/samehissa/Downloads/SS-VIRULEX-outputs/02_SVIS-RULEX/covid_ct_run/exact_sequence/outputs/augmented_train_images/NonCOVID/1099_aug_0059.png,augmented,/Users/samehissa/Downloads/COVID-CT-Dataset-master/Images-processed/CT_NonCOVID/1099.png,1099.png,1,1,1,0,1,1,1,1,0,0.92258114,0.07741879,0,0.48987764,0.4553468,0.5526341,0.5095728,0.5647121,0.40997654,0.6195622,0.53839654,0.5415165,0.47205818,1,1,1,0,1,1,1,0
noncovid_1100_aug_0060,1100_aug_0060.png,NonCOVID,0,train,/Users/samehissa/Downloads/SS-VIRULEX-outputs/02_SVIS-RULEX/covid_ct_run/exact_sequence/outputs/augmented_train_images/NonCOVID/1100_aug_0060.png,/Users/samehissa/Downloads/SS-VIRULEX-outputs/02_SVIS-RULEX/covid_ct_run/exact_sequence/outputs/augmented_train_images/NonCOVID/1100_aug_0060.png,augmented,/Users/samehissa/Downloads/COVID-CT-Dataset-master/Images-processed/CT_NonCOVID/1100.png,1100.png,1,1,1,0,1,1,1,1,0,0.9861341,0.0138659375,0,0.47726703,0.41441387,0.5776336,0.522733,0.60696197,0.34830782,0.6997938,0.58599627,0.57507306,0.46827453,1,1,1,0,1,1,1,0
noncovid_1101_aug_0061,1101_aug_0061.png,NonCOVID,0,train,/Users/samehissa/Downloads/SS-VIRULEX-outputs/02_SVIS-RULEX/covid_ct_run/exact_sequence/outputs/augmented_train_images/NonCOVID/1101_aug_0061.png,/Users/samehissa/Downloads/SS-VIRULEX-outputs/02_SVIS-RULEX/covid_ct_run/exact_sequence/outputs/augmented_train_images/NonCOVID/1101_aug_0061.png,augmented,/Users/samehissa/Downloads/COVID-CT-Dataset-master/Images-processed/CT_NonCOVID/1101.png,1101.png,1,1,1,0,1,1,1,1,0,1.0,1.0180361e-08,0,0.45566586,0.2774305,0.72029424,0.51264554,0.76962084,0.13012363,0.92617524,0.76021,0.7262489,0.48027015,1,1,1,0,1,1,1,0
noncovid_1115_aug_0062,1115_aug_0062.png,NonCOVID,0,train,/Users/samehissa/Downloads/SS-VIRULEX-outputs/02_SVIS-RULEX/covid_ct_run/exact_sequence/outputs/augmented_train_images/NonCOVID/1115_aug_0062.png,/Users/samehissa/Downloads/SS-VIRULEX-outputs/02_SVIS-RULEX/covid_ct_run/exact_sequence/outputs/augmented_train_images/NonCOVID/1115_aug_0062.png,augmented,/Users/samehissa/Downloads/COVID-CT-Dataset-master/Images-processed/CT_NonCOVID/1115.png,1115.png,1,1,1,0,1,1,1,1,0,0.9983145,0.0016855113,0,0.47532463,0.4046008,0.61929685,0.52467537,0.6015727,0.3237875,0.720743,0.6214363,0.55733526,0.4488478,1,1,1,0,1,1,1,0
noncovid_1123_aug_0063,1123_aug_0063.png,NonCOVID,0,train,/Users/samehissa/Downloads/SS-VIRULEX-outputs/02_SVIS-RULEX/covid_ct_run/exact_sequence/outputs/augmented_train_images/NonCOVID/1123_aug_0063.png,/Users/samehissa/Downloads/SS-VIRULEX-outputs/02_SVIS-RULEX/covid_ct_run/exact_sequence/outputs/augmented_train_images/NonCOVID/1123_aug_0063.png,augmented,/Users/samehissa/Downloads/COVID-CT-Dataset-master/Images-processed/CT_NonCOVID/1123.png,1123.png,1,1,1,0,1,1,1,1,1,0.122173816,0.8778262,0,0.46738586,0.45525905,0.6315615,0.49623996,0.6830836,0.35891503,0.56483984,0.64009416,0.598727,0.5783699,1,0,1,0,1,1,1,1
noncovid_1124_aug_0064,1124_aug_0064.png,NonCOVID,0,train,/Users/samehissa/Downloads/SS-VIRULEX-outputs/02_SVIS-RULEX/covid_ct_run/exact_sequence/outputs/augmented_train_images/NonCOVID/1124_aug_0064.png,/Users/samehissa/Downloads/SS-VIRULEX-outputs/02_SVIS-RULEX/covid_ct_run/exact_sequence/outputs/augmented_train_images/NonCOVID/1124_aug_0064.png,augmented,/Users/samehissa/Downloads/COVID-CT-Dataset-master/Images-processed/CT_NonCOVID/1124.png,1124.png,1,1,1,0,1,1,1,1,0,0.9983152,0.0016848312,0,0.47543794,0.35439488,0.6705694,0.5072167,0.67084646,0.20601715,0.8183232,0.7243105,0.6734256,0.47262964,1,1,1,0,1,1,1,0
noncovid_1221_aug_0065,1221_aug_0065.png,NonCOVID,0,train,/Users/samehissa/Downloads/SS-VIRULEX-outputs/02_SVIS-RULEX/covid_ct_run/exact_sequence/outputs/augmented_train_images/NonCOVID/1221_aug_0065.png,/Users/samehissa/Downloads/SS-VIRULEX-outputs/02_SVIS-RULEX/covid_ct_run/exact_sequence/outputs/augmented_train_images/NonCOVID/1221_aug_0065.png,augmented,/Users/samehissa/Downloads/COVID-CT-Dataset-master/Images-processed/CT_NonCOVID/1221.png,1221.png,1,1,1,0,1,1,1,1,0,0.99999976,1.8715808e-07,0,0.46508536,0.30567873,0.73197776,0.514442,0.7220163,0.15013431,0.89560395,0.7665971,0.67950726,0.4383135,1,1,1,0,1,1,1,0
noncovid_1239_aug_0066,1239_aug_0066.png,NonCOVID,0,train,/Users/samehissa/Downloads/SS-VIRULEX-outputs/02_SVIS-RULEX/covid_ct_run/exact_sequence/outputs/augmented_train_images/NonCOVID/1239_aug_0066.png,/Users/samehissa/Downloads/SS-VIRULEX-outputs/02_SVIS-RULEX/covid_ct_run/exact_sequence/outputs/augmented_train_images/NonCOVID/1239_aug_0066.png,augmented,/Users/samehissa/Downloads/COVID-CT-Dataset-master/Images-processed/CT_NonCOVID/1239.png,1239.png,1,1,1,0,1,1,1,1,0,0.9822971,0.01770291,0,0.4880224,0.40462306,0.5941375,0.51051295,0.60419315,0.3164008,0.6968536,0.6208445,0.5792544,0.46547344,1,1,1,0,1,1,1,0
noncovid_1240_aug_0067,1240_aug_0067.png,NonCOVID,0,train,/Users/samehissa/Downloads/SS-VIRULEX-outputs/02_SVIS-RULEX/covid_ct_run/exact_sequence/outputs/augmented_train_images/NonCOVID/1240_aug_0067.png,/Users/samehissa/Downloads/SS-VIRULEX-outputs/02_SVIS-RULEX/covid_ct_run/exact_sequence/outputs/augmented_train_images/NonCOVID/1240_aug_0067.png,augmented,/Users/samehissa/Downloads/COVID-CT-Dataset-master/Images-processed/CT_NonCOVID/1240.png,1240.png,0,0,0,0,1,0,0,0,0,0.99996567,3.432183e-05,0,0.47923517,0.3694365,0.6458982,0.50143975,0.6614836,0.26394257,0.79905415,0.6337748,0.6317333,0.4701402,1,1,1,0,1,1,1,0
noncovid_1277_aug_0068,1277_aug_0068.png,NonCOVID,0,train,/Users/samehissa/Downloads/SS-VIRULEX-outputs/02_SVIS-RULEX/covid_ct_run/exact_sequence/outputs/augmented_train_images/NonCOVID/1277_aug_0068.png,/Users/samehissa/Downloads/SS-VIRULEX-outputs/02_SVIS-RULEX/covid_ct_run/exact_sequence/outputs/augmented_train_images/NonCOVID/1277_aug_0068.png,augmented,/Users/samehissa/Downloads/COVID-CT-Dataset-master/Images-processed/CT_NonCOVID/1277.png,1277.png,0,1,0,0,1,0,1,0,0,0.9999999,6.555084e-08,0,0.45671433,0.2898424,0.70859486,0.5047062,0.75079817,0.14774723,0.9064588,0.7425751,0.7048122,0.4755243,1,1,1,0,1,1,1,0
noncovid_1305_aug_0069,1305_aug_0069.png,NonCOVID,0,train,/Users/samehissa/Downloads/SS-VIRULEX-outputs/02_SVIS-RULEX/covid_ct_run/exact_sequence/outputs/augmented_train_images/NonCOVID/1305_aug_0069.png,/Users/samehissa/Downloads/SS-VIRULEX-outputs/02_SVIS-RULEX/covid_ct_run/exact_sequence/outputs/augmented_train_images/NonCOVID/1305_aug_0069.png,augmented,/Users/samehissa/Downloads/COVID-CT-Dataset-master/Images-processed/CT_NonCOVID/1305.png,1305.png,1,1,1,0,1,1,1,1,0,0.99999905,9.1174144e-07,0,0.46500605,0.30937356,0.7175584,0.53499395,0.72875583,0.1628605,0.9033273,0.75722605,0.6821137,0.45880514,1,1,1,0,1,1,1,0
noncovid_1306_aug_0070,1306_aug_0070.png,NonCOVID,0,train,/Users/samehissa/Downloads/SS-VIRULEX-outputs/02_SVIS-RULEX/covid_ct_run/exact_sequence/outputs/augmented_train_images/NonCOVID/1306_aug_0070.png,/Users/samehissa/Downloads/SS-VIRULEX-outputs/02_SVIS-RULEX/covid_ct_run/exact_sequence/outputs/augmented_train_images/NonCOVID/1306_aug_0070.png,augmented,/Users/samehissa/Downloads/COVID-CT-Dataset-master/Images-processed/CT_NonCOVID/1306.png,1306.png,1,1,1,0,1,1,1,1,0,0.99984205,0.00015789253,0,0.46557617,0.34918636,0.67008847,0.55091566,0.6944539,0.21360163,0.86395514,0.7222568,0.63907516,0.4426992,1,1,1,0,1,1,1,0
noncovid_1307_aug_0071,1307_aug_0071.png,NonCOVID,0,train,/Users/samehissa/Downloads/SS-VIRULEX-outputs/02_SVIS-RULEX/covid_ct_run/exact_sequence/outputs/augmented_train_images/NonCOVID/1307_aug_0071.png,/Users/samehissa/Downloads/SS-VIRULEX-outputs/02_SVIS-RULEX/covid_ct_run/exact_sequence/outputs/augmented_train_images/NonCOVID/1307_aug_0071.png,augmented,/Users/samehissa/Downloads/COVID-CT-Dataset-master/Images-processed/CT_NonCOVID/1307.png,1307.png,1,1,1,0,1,1,1,1,0,0.7249783,0.27502173,0,0.4782657,0.4212063,0.5959941,0.48633707,0.6961059,0.290402,0.64299345,0.6704398,0.644313,0.5618802,1,0,1,0,1,1,1,1
noncovid_1308_aug_0072,1308_aug_0072.png,NonCOVID,0,train,/Users/samehissa/Downloads/SS-VIRULEX-outputs/02_SVIS-RULEX/covid_ct_run/exact_sequence/outputs/augmented_train_images/NonCOVID/1308_aug_0072.png,/Users/samehissa/Downloads/SS-VIRULEX-outputs/02_SVIS-RULEX/covid_ct_run/exact_sequence/outputs/augmented_train_images/NonCOVID/1308_aug_0072.png,augmented,/Users/samehissa/Downloads/COVID-CT-Dataset-master/Images-processed/CT_NonCOVID/1308.png,1308.png,1,1,1,0,1,1,1,1,0,0.9999981,1.8930605e-06,0,0.46733797,0.31428558,0.6951487,0.51284343,0.722102,0.16868144,0.8821157,0.73453766,0.67571926,0.45093468,1,1,1,0,1,1,1,0
noncovid_1309_aug_0073,1309_aug_0073.png,NonCOVID,0,train,/Users/samehissa/Downloads/SS-VIRULEX-outputs/02_SVIS-RULEX/covid_ct_run/exact_sequence/outputs/augmented_train_images/NonCOVID/1309_aug_0073.png,/Users/samehissa/Downloads/SS-VIRULEX-outputs/02_SVIS-RULEX/covid_ct_run/exact_sequence/outputs/augmented_train_images/NonCOVID/1309_aug_0073.png,augmented,/Users/samehissa/Downloads/COVID-CT-Dataset-master/Images-processed/CT_NonCOVID/1309.png,1309.png,1,1,1,0,1,1,1,1,0,1.0,1.3960009e-09,0,0.4448238,0.2512307,0.77219063,0.551534,0.7923596,0.094251454,0.9550099,0.8382266,0.73868465,0.44363073,1,1,1,0,1,1,1,0
noncovid_1310_aug_0074,1310_aug_0074.png,NonCOVID,0,train,/Users/samehissa/Downloads/SS-VIRULEX-outputs/02_SVIS-RULEX/covid_ct_run/exact_sequence/outputs/augmented_train_images/NonCOVID/1310_aug_0074.png,/Users/samehissa/Downloads/SS-VIRULEX-outputs/02_SVIS-RULEX/covid_ct_run/exact_sequence/outputs/augmented_train_images/NonCOVID/1310_aug_0074.png,augmented,/Users/samehissa/Downloads/COVID-CT-Dataset-master/Images-processed/CT_NonCOVID/1310.png,1310.png,1,1,1,0,1,1,1,1,0,0.999461,0.0005389988,0,0.47942415,0.37535477,0.6567502,0.52022284,0.6584028,0.25575903,0.8083464,0.6774033,0.6172604,0.44748652,1,1,1,0,1,1,1,0
noncovid_1312_aug_0075,1312_aug_0075.png,NonCOVID,0,train,/Users/samehissa/Downloads/SS-VIRULEX-outputs/02_SVIS-RULEX/covid_ct_run/exact_sequence/outputs/augmented_train_images/NonCOVID/1312_aug_0075.png,/Users/samehissa/Downloads/SS-VIRULEX-outputs/02_SVIS-RULEX/covid_ct_run/exact_sequence/outputs/augmented_train_images/NonCOVID/1312_aug_0075.png,augmented,/Users/samehissa/Downloads/COVID-CT-Dataset-master/Images-processed/CT_NonCOVID/1312.png,1312.png,0,0,0,0,1,0,1,0,0,0.9991279,0.00087213697,0,0.48498428,0.3804577,0.6306504,0.501811,0.6333225,0.2735877,0.7525634,0.6435021,0.6112924,0.45844048,1,1,1,0,1,1,1,0
noncovid_1313_aug_0076,1313_aug_0076.png,NonCOVID,0,train,/Users/samehissa/Downloads/SS-VIRULEX-outputs/02_SVIS-RULEX/covid_ct_run/exact_sequence/outputs/augmented_train_images/NonCOVID/1313_aug_0076.png,/Users/samehissa/Downloads/SS-VIRULEX-outputs/02_SVIS-RULEX/covid_ct_run/exact_sequence/outputs/augmented_train_images/NonCOVID/1313_aug_0076.png,augmented,/Users/samehissa/Downloads/COVID-CT-Dataset-master/Images-processed/CT_NonCOVID/1313.png,1313.png,0,0,1,0,1,0,0,0,0,0.9999976,2.3271823e-06,0,0.46271002,0.32560807,0.65813816,0.53729,0.7138407,0.19098876,0.87568253,0.70875406,0.6636453,0.46910617,1,1,1,0,1,1,1,0
noncovid_1328_aug_0077,1328_aug_0077.png,NonCOVID,0,train,/Users/samehissa/Downloads/SS-VIRULEX-outputs/02_SVIS-RULEX/covid_ct_run/exact_sequence/outputs/augmented_train_images/NonCOVID/1328_aug_0077.png,/Users/samehissa/Downloads/SS-VIRULEX-outputs/02_SVIS-RULEX/covid_ct_run/exact_sequence/outputs/augmented_train_images/NonCOVID/1328_aug_0077.png,augmented,/Users/samehissa/Downloads/COVID-CT-Dataset-master/Images-processed/CT_NonCOVID/1328.png,1328.png,1,1,1,0,1,1,1,1,0,1.0,2.6814813e-09,0,0.4553113,0.26483825,0.75204813,0.5162545,0.7881434,0.114018336,0.94502413,0.7852609,0.755547,0.48343068,1,1,1,0,1,1,1,0
noncovid_1330_aug_0078,1330_aug_0078.png,NonCOVID,0,train,/Users/samehissa/Downloads/SS-VIRULEX-outputs/02_SVIS-RULEX/covid_ct_run/exact_sequence/outputs/augmented_train_images/NonCOVID/1330_aug_0078.png,/Users/samehissa/Downloads/SS-VIRULEX-outputs/02_SVIS-RULEX/covid_ct_run/exact_sequence/outputs/augmented_train_images/NonCOVID/1330_aug_0078.png,augmented,/Users/samehissa/Downloads/COVID-CT-Dataset-master/Images-processed/CT_NonCOVID/1330.png,1330.png,1,1,1,0,1,1,1,1,0,1.0,3.1516137e-08,0,0.4619881,0.28390968,0.72708803,0.52989984,0.7528834,0.1370029,0.9219158,0.77057445,0.70556104,0.47296524,1,1,1,0,1,1,1,0
noncovid_1331_aug_0079,1331_aug_0079.png,NonCOVID,0,train,/Users/samehissa/Downloads/SS-VIRULEX-outputs/02_SVIS-RULEX/covid_ct_run/exact_sequence/outputs/augmented_train_images/NonCOVID/1331_aug_0079.png,/Users/samehissa/Downloads/SS-VIRULEX-outputs/02_SVIS-RULEX/covid_ct_run/exact_sequence/outputs/augmented_train_images/NonCOVID/1331_aug_0079.png,augmented,/Users/samehissa/Downloads/COVID-CT-Dataset-master/Images-processed/CT_NonCOVID/1331.png,1331.png,1,1,1,0,1,1,1,1,0,0.9999987,1.3691764e-06,0,0.46613538,0.3111732,0.6995529,0.5338646,0.7295094,0.17007124,0.898272,0.74173397,0.68048835,0.468688,1,1,1,0,1,1,1,0
noncovid_1332_aug_0080,1332_aug_0080.png,NonCOVID,0,train,/Users/samehissa/Downloads/SS-VIRULEX-outputs/02_SVIS-RULEX/covid_ct_run/exact_sequence/outputs/augmented_train_images/NonCOVID/1332_aug_0080.png,/Users/samehissa/Downloads/SS-VIRULEX-outputs/02_SVIS-RULEX/covid_ct_run/exact_sequence/outputs/augmented_train_images/NonCOVID/1332_aug_0080.png,augmented,/Users/samehissa/Downloads/COVID-CT-Dataset-master/Images-processed/CT_NonCOVID/1332.png,1332.png,1,1,1,0,1,1,1,1,0,1.0,7.834819e-09,0,0.44960502,0.26982632,0.7439652,0.5367314,0.7692178,0.11645446,0.9353503,0.8035958,0.71476066,0.45266077,1,1,1,0,1,1,1,0
noncovid_1333_aug_0081,1333_aug_0081.png,NonCOVID,0,train,/Users/samehissa/Downloads/SS-VIRULEX-outputs/02_SVIS-RULEX/covid_ct_run/exact_sequence/outputs/augmented_train_images/NonCOVID/1333_aug_0081.png,/Users/samehissa/Downloads/SS-VIRULEX-outputs/02_SVIS-RULEX/covid_ct_run/exact_sequence/outputs/augmented_train_images/NonCOVID/1333_aug_0081.png,augmented,/Users/samehissa/Downloads/COVID-CT-Dataset-master/Images-processed/CT_NonCOVID/1333.png,1333.png,1,1,1,0,1,1,1,1,0,1.0,4.930569e-09,0,0.44425973,0.25195765,0.7829201,0.53157556,0.8033228,0.091760755,0.9573685,0.83875716,0.7621422,0.43782026,1,1,1,0,1,1,1,0
noncovid_1335_aug_0082,1335_aug_0082.png,NonCOVID,0,train,/Users/samehissa/Downloads/SS-VIRULEX-outputs/02_SVIS-RULEX/covid_ct_run/exact_sequence/outputs/augmented_train_images/NonCOVID/1335_aug_0082.png,/Users/samehissa/Downloads/SS-VIRULEX-outputs/02_SVIS-RULEX/covid_ct_run/exact_sequence/outputs/augmented_train_images/NonCOVID/1335_aug_0082.png,augmented,/Users/samehissa/Downloads/COVID-CT-Dataset-master/Images-processed/CT_NonCOVID/1335.png,1335.png,0,0,0,0,1,0,0,0,0,0.99962676,0.00037325345,0,0.48464197,0.39078736,0.6057082,0.50841445,0.65246975,0.28026724,0.7726608,0.60921264,0.60856503,0.48697975,1,1,1,0,1,1,1,0
noncovid_1336_aug_0083,1336_aug_0083.png,NonCOVID,0,train,/Users/samehissa/Downloads/SS-VIRULEX-outputs/02_SVIS-RULEX/covid_ct_run/exact_sequence/outputs/augmented_train_images/NonCOVID/1336_aug_0083.png,/Users/samehissa/Downloads/SS-VIRULEX-outputs/02_SVIS-RULEX/covid_ct_run/exact_sequence/outputs/augmented_train_images/NonCOVID/1336_aug_0083.png,augmented,/Users/samehissa/Downloads/COVID-CT-Dataset-master/Images-processed/CT_NonCOVID/1336.png,1336.png,0,0,0,0,1,0,0,0,0,0.99969625,0.00030374358,0,0.4800985,0.37499103,0.6227351,0.5199015,0.66485876,0.27946416,0.8010698,0.6285185,0.6238819,0.48158658,1,1,1,0,1,1,1,0
noncovid_1463_aug_0084,1463_aug_0084.png,NonCOVID,0,train,/Users/samehissa/Downloads/SS-VIRULEX-outputs/02_SVIS-RULEX/covid_ct_run/exact_sequence/outputs/augmented_train_images/NonCOVID/1463_aug_0084.png,/Users/samehissa/Downloads/SS-VIRULEX-outputs/02_SVIS-RULEX/covid_ct_run/exact_sequence/outputs/augmented_train_images/NonCOVID/1463_aug_0084.png,augmented,/Users/samehissa/Downloads/COVID-CT-Dataset-master/Images-processed/CT_NonCOVID/1463.png,1463.png,0,0,0,0,1,0,0,0,0,0.9999999,8.434799e-08,0,0.4581988,0.28188694,0.70099807,0.5149672,0.7682427,0.14067912,0.9225532,0.73897463,0.72512484,0.49795383,1,1,1,0,1,1,1,0
noncovid_1561_aug_0085,1561_aug_0085.png,NonCOVID,0,train,/Users/samehissa/Downloads/SS-VIRULEX-outputs/02_SVIS-RULEX/covid_ct_run/exact_sequence/outputs/augmented_train_images/NonCOVID/1561_aug_0085.png,/Users/samehissa/Downloads/SS-VIRULEX-outputs/02_SVIS-RULEX/covid_ct_run/exact_sequence/outputs/augmented_train_images/NonCOVID/1561_aug_0085.png,augmented,/Users/samehissa/Downloads/COVID-CT-Dataset-master/Images-processed/CT_NonCOVID/1561.png,1561.png,1,1,1,0,1,1,1,1,0,0.999997,3.0100825e-06,0,0.46825808,0.33532333,0.64874566,0.5317419,0.7015313,0.21486822,0.8587227,0.6828264,0.6490025,0.48047692,1,1,1,0,1,1,1,0
noncovid_1562_aug_0086,1562_aug_0086.png,NonCOVID,0,train,/Users/samehissa/Downloads/SS-VIRULEX-outputs/02_SVIS-RULEX/covid_ct_run/exact_sequence/outputs/augmented_train_images/NonCOVID/1562_aug_0086.png,/Users/samehissa/Downloads/SS-VIRULEX-outputs/02_SVIS-RULEX/covid_ct_run/exact_sequence/outputs/augmented_train_images/NonCOVID/1562_aug_0086.png,augmented,/Users/samehissa/Downloads/COVID-CT-Dataset-master/Images-processed/CT_NonCOVID/1562.png,1562.png,1,0,1,0,1,1,1,1,0,1.0,1.8540973e-10,0,0.43017158,0.22452515,0.79692423,0.51650673,0.82146513,0.07497327,0.96524405,0.84702444,0.78210026,0.45977876,1,1,1,0,1,1,1,0
noncovid_1575_aug_0087,1575_aug_0087.png,NonCOVID,0,train,/Users/samehissa/Downloads/SS-VIRULEX-outputs/02_SVIS-RULEX/covid_ct_run/exact_sequence/outputs/augmented_train_images/NonCOVID/1575_aug_0087.png,/Users/samehissa/Downloads/SS-VIRULEX-outputs/02_SVIS-RULEX/covid_ct_run/exact_sequence/outputs/augmented_train_images/NonCOVID/1575_aug_0087.png,augmented,/Users/samehissa/Downloads/COVID-CT-Dataset-master/Images-processed/CT_NonCOVID/1575.png,1575.png,1,1,1,0,1,1,1,1,0,0.9958962,0.0041038333,0,0.4711051,0.40016744,0.6040032,0.5288949,0.6568747,0.27687547,0.7442192,0.671167,0.6424131,0.49038363,1,1,1,0,1,1,1,0
noncovid_1576_aug_0088,1576_aug_0088.png,NonCOVID,0,train,/Users/samehissa/Downloads/SS-VIRULEX-outputs/02_SVIS-RULEX/covid_ct_run/exact_sequence/outputs/augmented_train_images/NonCOVID/1576_aug_0088.png,/Users/samehissa/Downloads/SS-VIRULEX-outputs/02_SVIS-RULEX/covid_ct_run/exact_sequence/outputs/augmented_train_images/NonCOVID/1576_aug_0088.png,augmented,/Users/samehissa/Downloads/COVID-CT-Dataset-master/Images-processed/CT_NonCOVID/1576.png,1576.png,1,1,1,0,1,1,1,1,0,0.98060143,0.019398542,0,0.48788726,0.43423104,0.57381606,0.51211274,0.596927,0.36630365,0.6782024,0.56576896,0.56867594,0.46623716,1,1,1,0,1,1,1,0
noncovid_1577_aug_0089,1577_aug_0089.png,NonCOVID,0,train,/Users/samehissa/Downloads/SS-VIRULEX-outputs/02_SVIS-RULEX/covid_ct_run/exact_sequence/outputs/augmented_train_images/NonCOVID/1577_aug_0089.png,/Users/samehissa/Downloads/SS-VIRULEX-outputs/02_SVIS-RULEX/covid_ct_run/exact_sequence/outputs/augmented_train_images/NonCOVID/1577_aug_0089.png,augmented,/Users/samehissa/Downloads/COVID-CT-Dataset-master/Images-processed/CT_NonCOVID/1577.png,1577.png,1,1,1,0,1,1,1,1,0,0.75021493,0.24978508,0,0.46200565,0.420488,0.6171246,0.47197807,0.7447797,0.27330208,0.64309615,0.7118613,0.67131627,0.6257034,1,0,1,0,1,1,1,1
noncovid_1638_aug_0090,1638_aug_0090.png,NonCOVID,0,train,/Users/samehissa/Downloads/SS-VIRULEX-outputs/02_SVIS-RULEX/covid_ct_run/exact_sequence/outputs/augmented_train_images/NonCOVID/1638_aug_0090.png,/Users/samehissa/Downloads/SS-VIRULEX-outputs/02_SVIS-RULEX/covid_ct_run/exact_sequence/outputs/augmented_train_images/NonCOVID/1638_aug_0090.png,augmented,/Users/samehissa/Downloads/COVID-CT-Dataset-master/Images-processed/CT_NonCOVID/1638.png,1638.png,1,1,1,0,1,1,1,1,0,0.99989307,0.000106970256,0,0.4751203,0.34325853,0.64347786,0.50141525,0.6678588,0.2281312,0.80907416,0.67456025,0.6289641,0.46342143,1,1,1,0,1,1,1,0
noncovid_1702_aug_0091,1702_aug_0091.png,NonCOVID,0,train,/Users/samehissa/Downloads/SS-VIRULEX-outputs/02_SVIS-RULEX/covid_ct_run/exact_sequence/outputs/augmented_train_images/NonCOVID/1702_aug_0091.png,/Users/samehissa/Downloads/SS-VIRULEX-outputs/02_SVIS-RULEX/covid_ct_run/exact_sequence/outputs/augmented_train_images/NonCOVID/1702_aug_0091.png,augmented,/Users/samehissa/Downloads/COVID-CT-Dataset-master/Images-processed/CT_NonCOVID/1702.png,1702.png,1,1,1,0,1,1,1,1,0,0.9999622,3.784213e-05,0,0.46078148,0.36351874,0.6577025,0.5422562,0.67341167,0.2449917,0.8405205,0.678053,0.6310003,0.46337694,1,1,1,0,1,1,1,0
noncovid_1845_aug_0092,1845_aug_0092.png,NonCOVID,0,train,/Users/samehissa/Downloads/SS-VIRULEX-outputs/02_SVIS-RULEX/covid_ct_run/exact_sequence/outputs/augmented_train_images/NonCOVID/1845_aug_0092.png,/Users/samehissa/Downloads/SS-VIRULEX-outputs/02_SVIS-RULEX/covid_ct_run/exact_sequence/outputs/augmented_train_images/NonCOVID/1845_aug_0092.png,augmented,/Users/samehissa/Downloads/COVID-CT-Dataset-master/Images-processed/CT_NonCOVID/1845.png,1845.png,0,0,1,0,1,0,1,0,0,1.0,2.846734e-09,0,0.44611007,0.25153783,0.7522041,0.5248162,0.7936122,0.101629995,0.9489075,0.80343455,0.7501668,0.4786175,1,1,1,0,1,1,1,0
noncovid_1846_aug_0093,1846_aug_0093.png,NonCOVID,0,train,/Users/samehissa/Downloads/SS-VIRULEX-outputs/02_SVIS-RULEX/covid_ct_run/exact_sequence/outputs/augmented_train_images/NonCOVID/1846_aug_0093.png,/Users/samehissa/Downloads/SS-VIRULEX-outputs/02_SVIS-RULEX/covid_ct_run/exact_sequence/outputs/augmented_train_images/NonCOVID/1846_aug_0093.png,augmented,/Users/samehissa/Downloads/COVID-CT-Dataset-master/Images-processed/CT_NonCOVID/1846.png,1846.png,0,0,0,0,1,0,1,0,0,0.9999949,5.077651e-06,0,0.4689335,0.3216591,0.68894035,0.51531994,0.72502846,0.18418033,0.88552505,0.71326387,0.68640095,0.4712213,1,1,1,0,1,1,1,0
noncovid_1868_aug_0094,1868_aug_0094.png,NonCOVID,0,train,/Users/samehissa/Downloads/SS-VIRULEX-outputs/02_SVIS-RULEX/covid_ct_run/exact_sequence/outputs/augmented_train_images/NonCOVID/1868_aug_0094.png,/Users/samehissa/Downloads/SS-VIRULEX-outputs/02_SVIS-RULEX/covid_ct_run/exact_sequence/outputs/augmented_train_images/NonCOVID/1868_aug_0094.png,augmented,/Users/samehissa/Downloads/COVID-CT-Dataset-master/Images-processed/CT_NonCOVID/1868.png,1868.png,0,0,0,0,1,0,0,0,0,0.9999962,3.8100761e-06,0,0.47596493,0.34646112,0.6604604,0.5179862,0.68180287,0.22628707,0.8369943,0.67540485,0.6380627,0.4684517,1,1,1,0,1,1,1,0
noncovid_1888_aug_0095,1888_aug_0095.png,NonCOVID,0,train,/Users/samehissa/Downloads/SS-VIRULEX-outputs/02_SVIS-RULEX/covid_ct_run/exact_sequence/outputs/augmented_train_images/NonCOVID/1888_aug_0095.png,/Users/samehissa/Downloads/SS-VIRULEX-outputs/02_SVIS-RULEX/covid_ct_run/exact_sequence/outputs/augmented_train_images/NonCOVID/1888_aug_0095.png,augmented,/Users/samehissa/Downloads/COVID-CT-Dataset-master/Images-processed/CT_NonCOVID/1888.png,1888.png,0,0,1,0,1,0,1,0,0,0.9999379,6.215402e-05,0,0.4774874,0.36280552,0.6648879,0.5225126,0.6667276,0.2444709,0.8225264,0.67857236,0.62398463,0.4606224,1,1,1,0,1,1,1,0
noncovid_1889_aug_0096,1889_aug_0096.png,NonCOVID,0,train,/Users/samehissa/Downloads/SS-VIRULEX-outputs/02_SVIS-RULEX/covid_ct_run/exact_sequence/outputs/augmented_train_images/NonCOVID/1889_aug_0096.png,/Users/samehissa/Downloads/SS-VIRULEX-outputs/02_SVIS-RULEX/covid_ct_run/exact_sequence/outputs/augmented_train_images/NonCOVID/1889_aug_0096.png,augmented,/Users/samehissa/Downloads/COVID-CT-Dataset-master/Images-processed/CT_NonCOVID/1889.png,1889.png,0,0,0,0,1,0,0,0,0,0.9729513,0.027048664,0,0.48337758,0.40882304,0.5867486,0.5166224,0.60730064,0.32651865,0.6790904,0.6096235,0.6054669,0.51311976,1,1,1,0,1,1,1,1
noncovid_1920_aug_0097,1920_aug_0097.png,NonCOVID,0,train,/Users/samehissa/Downloads/SS-VIRULEX-outputs/02_SVIS-RULEX/covid_ct_run/exact_sequence/outputs/augmented_train_images/NonCOVID/1920_aug_0097.png,/Users/samehissa/Downloads/SS-VIRULEX-outputs/02_SVIS-RULEX/covid_ct_run/exact_sequence/outputs/augmented_train_images/NonCOVID/1920_aug_0097.png,augmented,/Users/samehissa/Downloads/COVID-CT-Dataset-master/Images-processed/CT_NonCOVID/1920.png,1920.png,1,1,1,0,1,1,1,1,0,0.999778,0.00022209108,0,0.46493778,0.38073155,0.69839895,0.5427376,0.6893547,0.23488775,0.8489852,0.72489625,0.63292015,0.4184159,1,1,1,0,1,1,1,0
noncovid_1921_aug_0098,1921_aug_0098.png,NonCOVID,0,train,/Users/samehissa/Downloads/SS-VIRULEX-outputs/02_SVIS-RULEX/covid_ct_run/exact_sequence/outputs/augmented_train_images/NonCOVID/1921_aug_0098.png,/Users/samehissa/Downloads/SS-VIRULEX-outputs/02_SVIS-RULEX/covid_ct_run/exact_sequence/outputs/augmented_train_images/NonCOVID/1921_aug_0098.png,augmented,/Users/samehissa/Downloads/COVID-CT-Dataset-master/Images-processed/CT_NonCOVID/1921.png,1921.png,1,1,1,0,1,1,1,1,0,0.9996296,0.00037036045,0,0.46953052,0.37505606,0.67035854,0.5304695,0.6707792,0.24902189,0.8328771,0.6848294,0.63349503,0.44792575,1,1,1,0,1,1,1,0
noncovid_1922_aug_0099,1922_aug_0099.png,NonCOVID,0,train,/Users/samehissa/Downloads/SS-VIRULEX-outputs/02_SVIS-RULEX/covid_ct_run/exact_sequence/outputs/augmented_train_images/NonCOVID/1922_aug_0099.png,/Users/samehissa/Downloads/SS-VIRULEX-outputs/02_SVIS-RULEX/covid_ct_run/exact_sequence/outputs/augmented_train_images/NonCOVID/1922_aug_0099.png,augmented,/Users/samehissa/Downloads/COVID-CT-Dataset-master/Images-processed/CT_NonCOVID/1922.png,1922.png,1,1,1,0,1,1,1,1,0,0.9999999,1.1539474e-07,0,0.46236512,0.29524314,0.73548746,0.5320297,0.75415474,0.141654,0.9233184,0.77891165,0.7105018,0.4576649,1,1,1,0,1,1,1,0
noncovid_1923_aug_0100,1923_aug_0100.png,NonCOVID,0,train,/Users/samehissa/Downloads/SS-VIRULEX-outputs/02_SVIS-RULEX/covid_ct_run/exact_sequence/outputs/augmented_train_images/NonCOVID/1923_aug_0100.png,/Users/samehissa/Downloads/SS-VIRULEX-outputs/02_SVIS-RULEX/covid_ct_run/exact_sequence/outputs/augmented_train_images/NonCOVID/1923_aug_0100.png,augmented,/Users/samehissa/Downloads/COVID-CT-Dataset-master/Images-processed/CT_NonCOVID/1923.png,1923.png,1,1,1,0,1,1,1,1,0,1.0,1.430686e-08,0,0.4597278,0.2751538,0.7614102,0.5297286,0.76756555,0.11863386,0.9372723,0.8039225,0.72588104,0.4503808,1,1,1,0,1,1,1,0
noncovid_1924_aug_0101,1924_aug_0101.png,NonCOVID,0,train,/Users/samehissa/Downloads/SS-VIRULEX-outputs/02_SVIS-RULEX/covid_ct_run/exact_sequence/outputs/augmented_train_images/NonCOVID/1924_aug_0101.png,/Users/samehissa/Downloads/SS-VIRULEX-outputs/02_SVIS-RULEX/covid_ct_run/exact_sequence/outputs/augmented_train_images/NonCOVID/1924_aug_0101.png,augmented,/Users/samehissa/Downloads/COVID-CT-Dataset-master/Images-processed/CT_NonCOVID/1924.png,1924.png,1,1,1,0,1,1,1,1,0,0.99999845,1.4901921e-06,0,0.46804783,0.3154359,0.7170899,0.52956045,0.72345936,0.16674739,0.8957133,0.7569641,0.6768823,0.4437908,1,1,1,0,1,1,1,0
noncovid_1952_aug_0102,1952_aug_0102.png,NonCOVID,0,train,/Users/samehissa/Downloads/SS-VIRULEX-outputs/02_SVIS-RULEX/covid_ct_run/exact_sequence/outputs/augmented_train_images/NonCOVID/1952_aug_0102.png,/Users/samehissa/Downloads/SS-VIRULEX-outputs/02_SVIS-RULEX/covid_ct_run/exact_sequence/outputs/augmented_train_images/NonCOVID/1952_aug_0102.png,augmented,/Users/samehissa/Downloads/COVID-CT-Dataset-master/Images-processed/CT_NonCOVID/1952.png,1952.png,1,1,1,0,1,1,1,1,0,0.9999627,3.732534e-05,0,0.46806687,0.3636609,0.67906535,0.5319331,0.6746178,0.23420702,0.8409187,0.70005906,0.6331027,0.45027664,1,1,1,0,1,1,1,0
noncovid_2007_aug_0103,2007_aug_0103.png,NonCOVID,0,train,/Users/samehissa/Downloads/SS-VIRULEX-outputs/02_SVIS-RULEX/covid_ct_run/exact_sequence/outputs/augmented_train_images/NonCOVID/2007_aug_0103.png,/Users/samehissa/Downloads/SS-VIRULEX-outputs/02_SVIS-RULEX/covid_ct_run/exact_sequence/outputs/augmented_train_images/NonCOVID/2007_aug_0103.png,augmented,/Users/samehissa/Downloads/COVID-CT-Dataset-master/Images-processed/CT_NonCOVID/2007.png,2007.png,1,1,1,0,1,1,1,1,0,0.9782995,0.021700501,0,0.47011057,0.39828965,0.58803314,0.5360303,0.5936277,0.31492895,0.70472664,0.6310368,0.55499953,0.48331392,1,1,1,0,1,1,1,0
noncovid_2039_aug_0104,2039_aug_0104.png,NonCOVID,0,train,/Users/samehissa/Downloads/SS-VIRULEX-outputs/02_SVIS-RULEX/covid_ct_run/exact_sequence/outputs/augmented_train_images/NonCOVID/2039_aug_0104.png,/Users/samehissa/Downloads/SS-VIRULEX-outputs/02_SVIS-RULEX/covid_ct_run/exact_sequence/outputs/augmented_train_images/NonCOVID/2039_aug_0104.png,augmented,/Users/samehissa/Downloads/COVID-CT-Dataset-master/Images-processed/CT_NonCOVID/2039.png,2039.png,0,0,0,0,1,0,0,0,0,0.99999905,9.724913e-07,0,0.46858004,0.32262355,0.6672463,0.52884966,0.7362905,0.19273278,0.8951759,0.6934075,0.69751227,0.49914697,1,1,1,0,1,1,1,0
noncovid_2040_aug_0105,2040_aug_0105.png,NonCOVID,0,train,/Users/samehissa/Downloads/SS-VIRULEX-outputs/02_SVIS-RULEX/covid_ct_run/exact_sequence/outputs/augmented_train_images/NonCOVID/2040_aug_0105.png,/Users/samehissa/Downloads/SS-VIRULEX-outputs/02_SVIS-RULEX/covid_ct_run/exact_sequence/outputs/augmented_train_images/NonCOVID/2040_aug_0105.png,augmented,/Users/samehissa/Downloads/COVID-CT-Dataset-master/Images-processed/CT_NonCOVID/2040.png,2040.png,0,0,0,0,1,0,0,0,0,0.9999975,2.5296422e-06,0,0.47076133,0.3212552,0.691796,0.5194055,0.7125663,0.18395253,0.87611157,0.7241472,0.66688055,0.4618083,1,1,1,0,1,1,1,0
noncovid_2041_aug_0106,2041_aug_0106.png,NonCOVID,0,train,/Users/samehissa/Downloads/SS-VIRULEX-outputs/02_SVIS-RULEX/covid_ct_run/exact_sequence/outputs/augmented_train_images/NonCOVID/2041_aug_0106.png,/Users/samehissa/Downloads/SS-VIRULEX-outputs/02_SVIS-RULEX/covid_ct_run/exact_sequence/outputs/augmented_train_images/NonCOVID/2041_aug_0106.png,augmented,/Users/samehissa/Downloads/COVID-CT-Dataset-master/Images-processed/CT_NonCOVID/2041.png,2041.png,0,0,0,0,1,0,0,0,0,0.99999654,3.4099157e-06,0,0.4698301,0.33297205,0.64065915,0.5301699,0.7187339,0.21509847,0.87311876,0.6680069,0.6745879,0.5012889,1,1,1,0,1,1,1,1
noncovid_2138_aug_0107,2138_aug_0107.png,NonCOVID,0,train,/Users/samehissa/Downloads/SS-VIRULEX-outputs/02_SVIS-RULEX/covid_ct_run/exact_sequence/outputs/augmented_train_images/NonCOVID/2138_aug_0107.png,/Users/samehissa/Downloads/SS-VIRULEX-outputs/02_SVIS-RULEX/covid_ct_run/exact_sequence/outputs/augmented_train_images/NonCOVID/2138_aug_0107.png,augmented,/Users/samehissa/Downloads/COVID-CT-Dataset-master/Images-processed/CT_NonCOVID/2138.png,2138.png,1,1,1,0,1,1,1,1,0,0.9999988,1.172821e-06,0,0.46991265,0.3190488,0.6593324,0.5274934,0.73224646,0.19330108,0.8889889,0.69042265,0.6872925,0.5004798,1,1,1,0,1,1,1,1
noncovid_2139_aug_0108,2139_aug_0108.png,NonCOVID,0,train,/Users/samehissa/Downloads/SS-VIRULEX-outputs/02_SVIS-RULEX/covid_ct_run/exact_sequence/outputs/augmented_train_images/NonCOVID/2139_aug_0108.png,/Users/samehissa/Downloads/SS-VIRULEX-outputs/02_SVIS-RULEX/covid_ct_run/exact_sequence/outputs/augmented_train_images/NonCOVID/2139_aug_0108.png,augmented,/Users/samehissa/Downloads/COVID-CT-Dataset-master/Images-processed/CT_NonCOVID/2139.png,2139.png,1,1,1,0,1,1,1,1,0,0.99997497,2.5038333e-05,0,0.47862086,0.34604955,0.6509587,0.5085053,0.6851692,0.2312507,0.8302683,0.6621393,0.6421938,0.4771766,1,1,1,0,1,1,1,0
noncovid_2140_aug_0109,2140_aug_0109.png,NonCOVID,0,train,/Users/samehissa/Downloads/SS-VIRULEX-outputs/02_SVIS-RULEX/covid_ct_run/exact_sequence/outputs/augmented_train_images/NonCOVID/2140_aug_0109.png,/Users/samehissa/Downloads/SS-VIRULEX-outputs/02_SVIS-RULEX/covid_ct_run/exact_sequence/outputs/augmented_train_images/NonCOVID/2140_aug_0109.png,augmented,/Users/samehissa/Downloads/COVID-CT-Dataset-master/Images-processed/CT_NonCOVID/2140.png,2140.png,1,1,1,0,1,1,1,1,0,1.0,4.4385747e-08,0,0.45560876,0.27911744,0.72500324,0.5275579,0.770702,0.12949264,0.93071884,0.77524066,0.7242389,0.47022516,1,1,1,0,1,1,1,0
noncovid_2141_aug_0110,2141_aug_0110.png,NonCOVID,0,train,/Users/samehissa/Downloads/SS-VIRULEX-outputs/02_SVIS-RULEX/covid_ct_run/exact_sequence/outputs/augmented_train_images/NonCOVID/2141_aug_0110.png,/Users/samehissa/Downloads/SS-VIRULEX-outputs/02_SVIS-RULEX/covid_ct_run/exact_sequence/outputs/augmented_train_images/NonCOVID/2141_aug_0110.png,augmented,/Users/samehissa/Downloads/COVID-CT-Dataset-master/Images-processed/CT_NonCOVID/2141.png,2141.png,1,1,1,0,1,1,1,1,0,0.99999976,2.7540986e-07,0,0.46912447,0.31294283,0.68684787,0.52743083,0.7302573,0.17445478,0.89288926,0.7283739,0.68114793,0.46940443,1,1,1,0,1,1,1,0
noncovid_2142_aug_0111,2142_aug_0111.png,NonCOVID,0,train,/Users/samehissa/Downloads/SS-VIRULEX-outputs/02_SVIS-RULEX/covid_ct_run/exact_sequence/outputs/augmented_train_images/NonCOVID/2142_aug_0111.png,/Users/samehissa/Downloads/SS-VIRULEX-outputs/02_SVIS-RULEX/covid_ct_run/exact_sequence/outputs/augmented_train_images/NonCOVID/2142_aug_0111.png,augmented,/Users/samehissa/Downloads/COVID-CT-Dataset-master/Images-processed/CT_NonCOVID/2142.png,2142.png,1,1,1,0,1,1,1,1,0,1.0,8.739905e-09,0,0.45315236,0.2638901,0.74536294,0.5269081,0.79555374,0.11399559,0.9487107,0.78888094,0.7574174,0.48688963,1,1,1,0,1,1,1,0
noncovid_2143_aug_0112,2143_aug_0112.png,NonCOVID,0,train,/Users/samehissa/Downloads/SS-VIRULEX-outputs/02_SVIS-RULEX/covid_ct_run/exact_sequence/outputs/augmented_train_images/NonCOVID/2143_aug_0112.png,/Users/samehissa/Downloads/SS-VIRULEX-outputs/02_SVIS-RULEX/covid_ct_run/exact_sequence/outputs/augmented_train_images/NonCOVID/2143_aug_0112.png,augmented,/Users/samehissa/Downloads/COVID-CT-Dataset-master/Images-processed/CT_NonCOVID/2143.png,2143.png,1,1,1,0,1,1,1,1,0,1.0,4.3776524e-08,0,0.453817,0.27709407,0.7328581,0.52084786,0.7712793,0.12853664,0.9304932,0.77768844,0.72678727,0.46911806,1,1,1,0,1,1,1,0
noncovid_2144_aug_0113,2144_aug_0113.png,NonCOVID,0,train,/Users/samehissa/Downloads/SS-VIRULEX-outputs/02_SVIS-RULEX/covid_ct_run/exact_sequence/outputs/augmented_train_images/NonCOVID/2144_aug_0113.png,/Users/samehissa/Downloads/SS-VIRULEX-outputs/02_SVIS-RULEX/covid_ct_run/exact_sequence/outputs/augmented_train_images/NonCOVID/2144_aug_0113.png,augmented,/Users/samehissa/Downloads/COVID-CT-Dataset-master/Images-processed/CT_NonCOVID/2144.png,2144.png,1,1,1,0,1,1,1,1,0,1.0,1.1703447e-09,0,0.44362932,0.24832344,0.7547695,0.5414183,0.8003461,0.09856691,0.95499367,0.8154088,0.7519319,0.47533718,1,1,1,0,1,1,1,0
noncovid_2145_aug_0114,2145_aug_0114.png,NonCOVID,0,train,/Users/samehissa/Downloads/SS-VIRULEX-outputs/02_SVIS-RULEX/covid_ct_run/exact_sequence/outputs/augmented_train_images/NonCOVID/2145_aug_0114.png,/Users/samehissa/Downloads/SS-VIRULEX-outputs/02_SVIS-RULEX/covid_ct_run/exact_sequence/outputs/augmented_train_images/NonCOVID/2145_aug_0114.png,augmented,/Users/samehissa/Downloads/COVID-CT-Dataset-master/Images-processed/CT_NonCOVID/2145.png,2145.png,1,1,1,0,1,1,1,1,0,1.0,2.7497435e-10,0,0.4398155,0.23920876,0.76148623,0.52640873,0.7974164,0.092698485,0.9529057,0.8147566,0.75036067,0.48301318,1,1,1,0,1,1,1,0
noncovid_34_aug_0115,34_aug_0115.png,NonCOVID,0,train,/Users/samehissa/Downloads/SS-VIRULEX-outputs/02_SVIS-RULEX/covid_ct_run/exact_sequence/outputs/augmented_train_images/NonCOVID/34_aug_0115.png,/Users/samehissa/Downloads/SS-VIRULEX-outputs/02_SVIS-RULEX/covid_ct_run/exact_sequence/outputs/augmented_train_images/NonCOVID/34_aug_0115.png,augmented,/Users/samehissa/Downloads/COVID-CT-Dataset-master/Images-processed/CT_NonCOVID/34.jpg,34.jpg,1,1,1,0,1,1,1,1,0,0.98610955,0.013890468,0,0.48885962,0.4087046,0.615596,0.50250894,0.61519027,0.30177066,0.6889196,0.64223474,0.6150176,0.48124415,1,1,1,0,1,1,1,0
noncovid_35_0_aug_0116,35%0_aug_0116.png,NonCOVID,0,train,/Users/samehissa/Downloads/SS-VIRULEX-outputs/02_SVIS-RULEX/covid_ct_run/exact_sequence/outputs/augmented_train_images/NonCOVID/35%0_aug_0116.png,/Users/samehissa/Downloads/SS-VIRULEX-outputs/02_SVIS-RULEX/covid_ct_run/exact_sequence/outputs/augmented_train_images/NonCOVID/35%0_aug_0116.png,augmented,/Users/samehissa/Downloads/COVID-CT-Dataset-master/Images-processed/CT_NonCOVID/35%0.jpg,35%0.jpg,1,1,1,1,1,1,1,1,0,0.9994338,0.00056614703,0,0.4823459,0.38943863,0.62228465,0.5076354,0.6370352,0.2925705,0.75862664,0.63290817,0.5970854,0.45181024,1,1,1,0,1,1,1,0
noncovid_35_1_aug_0117,35%1_aug_0117.png,NonCOVID,0,train,/Users/samehissa/Downloads/SS-VIRULEX-outputs/02_SVIS-RULEX/covid_ct_run/exact_sequence/outputs/augmented_train_images/NonCOVID/35%1_aug_0117.png,/Users/samehissa/Downloads/SS-VIRULEX-outputs/02_SVIS-RULEX/covid_ct_run/exact_sequence/outputs/augmented_train_images/NonCOVID/35%1_aug_0117.png,augmented,/Users/samehissa/Downloads/COVID-CT-Dataset-master/Images-processed/CT_NonCOVID/35%1.jpg,35%1.jpg,0,0,0,0,1,0,0,0,0,0.83719546,0.16280459,0,0.4874002,0.42810404,0.6054261,0.48424426,0.6678232,0.31758067,0.61243474,0.6557161,0.6134314,0.5805173,1,0,1,0,1,1,1,1
noncovid_35_2_aug_0118,35%2_aug_0118.png,NonCOVID,0,train,/Users/samehissa/Downloads/SS-VIRULEX-outputs/02_SVIS-RULEX/covid_ct_run/exact_sequence/outputs/augmented_train_images/NonCOVID/35%2_aug_0118.png,/Users/samehissa/Downloads/SS-VIRULEX-outputs/02_SVIS-RULEX/covid_ct_run/exact_sequence/outputs/augmented_train_images/NonCOVID/35%2_aug_0118.png,augmented,/Users/samehissa/Downloads/COVID-CT-Dataset-master/Images-processed/CT_NonCOVID/35%2.jpg,35%2.jpg,0,0,0,0,1,0,0,0,0,0.98781747,0.012182554,0,0.47573066,0.42551696,0.5379298,0.52426934,0.60067815,0.34206834,0.68681896,0.57448304,0.56976026,0.5155127,1,1,1,0,1,1,1,1
noncovid_36_0_aug_0119,36%0_aug_0119.png,NonCOVID,0,train,/Users/samehissa/Downloads/SS-VIRULEX-outputs/02_SVIS-RULEX/covid_ct_run/exact_sequence/outputs/augmented_train_images/NonCOVID/36%0_aug_0119.png,/Users/samehissa/Downloads/SS-VIRULEX-outputs/02_SVIS-RULEX/covid_ct_run/exact_sequence/outputs/augmented_train_images/NonCOVID/36%0_aug_0119.png,augmented,/Users/samehissa/Downloads/COVID-CT-Dataset-master/Images-processed/CT_NonCOVID/36%0.jpg,36%0.jpg,1,1,1,0,1,1,1,1,0,0.86375386,0.13624613,0,0.4779567,0.4095299,0.5664233,0.5220433,0.62883365,0.3027103,0.6684758,0.657378,0.6124096,0.53096336,1,1,1,0,1,1,1,1
noncovid_36_1_aug_0120,36%1_aug_0120.png,NonCOVID,0,train,/Users/samehissa/Downloads/SS-VIRULEX-outputs/02_SVIS-RULEX/covid_ct_run/exact_sequence/outputs/augmented_train_images/NonCOVID/36%1_aug_0120.png,/Users/samehissa/Downloads/SS-VIRULEX-outputs/02_SVIS-RULEX/covid_ct_run/exact_sequence/outputs/augmented_train_images/NonCOVID/36%1_aug_0120.png,augmented,/Users/samehissa/Downloads/COVID-CT-Dataset-master/Images-processed/CT_NonCOVID/36%1.jpg,36%1.jpg,1,0,1,0,1,1,1,1,0,0.9999999,6.7919025e-08,0,0.4548179,0.29221246,0.7283117,0.5451821,0.76175725,0.13957693,0.9304847,0.7807944,0.71643233,0.460614,1,1,1,0,1,1,1,0
noncovid_37_0_aug_0121,37%0_aug_0121.png,NonCOVID,0,train,/Users/samehissa/Downloads/SS-VIRULEX-outputs/02_SVIS-RULEX/covid_ct_run/exact_sequence/outputs/augmented_train_images/NonCOVID/37%0_aug_0121.png,/Users/samehissa/Downloads/SS-VIRULEX-outputs/02_SVIS-RULEX/covid_ct_run/exact_sequence/outputs/augmented_train_images/NonCOVID/37%0_aug_0121.png,augmented,/Users/samehissa/Downloads/COVID-CT-Dataset-master/Images-processed/CT_NonCOVID/37%0.jpg,37%0.jpg,1,1,1,0,1,1,1,1,0,0.99999964,3.1542393e-07,0,0.46193644,0.31078294,0.6836801,0.52336663,0.7522138,0.17841184,0.9109822,0.6980929,0.7210548,0.5139832,1,1,1,0,1,1,1,1
noncovid_37_1_aug_0122,37%1_aug_0122.png,NonCOVID,0,train,/Users/samehissa/Downloads/SS-VIRULEX-outputs/02_SVIS-RULEX/covid_ct_run/exact_sequence/outputs/augmented_train_images/NonCOVID/37%1_aug_0122.png,/Users/samehissa/Downloads/SS-VIRULEX-outputs/02_SVIS-RULEX/covid_ct_run/exact_sequence/outputs/augmented_train_images/NonCOVID/37%1_aug_0122.png,augmented,/Users/samehissa/Downloads/COVID-CT-Dataset-master/Images-processed/CT_NonCOVID/37%1.jpg,37%1.jpg,1,1,1,0,1,1,1,1,0,1.0,5.3290783e-10,0,0.44994906,0.25240982,0.7425968,0.53086144,0.7943231,0.107647315,0.94961923,0.79043025,0.7509388,0.49825823,1,1,1,0,1,1,1,0
noncovid_37_2_aug_0123,37%2_aug_0123.png,NonCOVID,0,train,/Users/samehissa/Downloads/SS-VIRULEX-outputs/02_SVIS-RULEX/covid_ct_run/exact_sequence/outputs/augmented_train_images/NonCOVID/37%2_aug_0123.png,/Users/samehissa/Downloads/SS-VIRULEX-outputs/02_SVIS-RULEX/covid_ct_run/exact_sequence/outputs/augmented_train_images/NonCOVID/37%2_aug_0123.png,augmented,/Users/samehissa/Downloads/COVID-CT-Dataset-master/Images-processed/CT_NonCOVID/37%2.jpg,37%2.jpg,1,1,1,0,1,1,1,1,0,0.9999999,1.266532e-07,0,0.46339515,0.30231118,0.69273126,0.51045585,0.73642844,0.16324444,0.8935988,0.72707033,0.6892496,0.4756734,1,1,1,0,1,1,1,0
noncovid_37_3_aug_0124,37%3_aug_0124.png,NonCOVID,0,train,/Users/samehissa/Downloads/SS-VIRULEX-outputs/02_SVIS-RULEX/covid_ct_run/exact_sequence/outputs/augmented_train_images/NonCOVID/37%3_aug_0124.png,/Users/samehissa/Downloads/SS-VIRULEX-outputs/02_SVIS-RULEX/covid_ct_run/exact_sequence/outputs/augmented_train_images/NonCOVID/37%3_aug_0124.png,augmented,/Users/samehissa/Downloads/COVID-CT-Dataset-master/Images-processed/CT_NonCOVID/37%3.jpg,37%3.jpg,1,1,1,0,1,1,1,1,0,1.0,7.828477e-11,0,0.44184262,0.23350996,0.76779777,0.5199717,0.8198998,0.08627544,0.9628124,0.8141192,0.7844388,0.49397078,1,1,1,0,1,1,1,0
noncovid_37_4_aug_0125,37%4_aug_0125.png,NonCOVID,0,train,/Users/samehissa/Downloads/SS-VIRULEX-outputs/02_SVIS-RULEX/covid_ct_run/exact_sequence/outputs/augmented_train_images/NonCOVID/37%4_aug_0125.png,/Users/samehissa/Downloads/SS-VIRULEX-outputs/02_SVIS-RULEX/covid_ct_run/exact_sequence/outputs/augmented_train_images/NonCOVID/37%4_aug_0125.png,augmented,/Users/samehissa/Downloads/COVID-CT-Dataset-master/Images-processed/CT_NonCOVID/37%4.jpg,37%4.jpg,1,1,1,0,1,1,1,1,0,0.99999535,4.6041646e-06,0,0.47667444,0.33579153,0.6484239,0.52332556,0.7087415,0.21209903,0.8607288,0.6803592,0.66102827,0.47756293,1,1,1,0,1,1,1,0
noncovid_38_0_aug_0126,38%0_aug_0126.png,NonCOVID,0,train,/Users/samehissa/Downloads/SS-VIRULEX-outputs/02_SVIS-RULEX/covid_ct_run/exact_sequence/outputs/augmented_train_images/NonCOVID/38%0_aug_0126.png,/Users/samehissa/Downloads/SS-VIRULEX-outputs/02_SVIS-RULEX/covid_ct_run/exact_sequence/outputs/augmented_train_images/NonCOVID/38%0_aug_0126.png,augmented,/Users/samehissa/Downloads/COVID-CT-Dataset-master/Images-processed/CT_NonCOVID/38%0.jpg,38%0.jpg,1,1,1,0,1,1,1,1,0,0.96589583,0.034104142,0,0.4781791,0.3990494,0.5499555,0.5218209,0.60624254,0.28879648,0.67845446,0.677669,0.600815,0.5202642,1,1,1,0,1,1,1,1
noncovid_38_1_aug_0127,38%1_aug_0127.png,NonCOVID,0,train,/Users/samehissa/Downloads/SS-VIRULEX-outputs/02_SVIS-RULEX/covid_ct_run/exact_sequence/outputs/augmented_train_images/NonCOVID/38%1_aug_0127.png,/Users/samehissa/Downloads/SS-VIRULEX-outputs/02_SVIS-RULEX/covid_ct_run/exact_sequence/outputs/augmented_train_images/NonCOVID/38%1_aug_0127.png,augmented,/Users/samehissa/Downloads/COVID-CT-Dataset-master/Images-processed/CT_NonCOVID/38%1.jpg,38%1.jpg,1,1,1,0,1,1,1,1,0,0.99997616,2.3897608e-05,0,0.46286684,0.34950086,0.63594484,0.5378997,0.7029585,0.23224108,0.85852736,0.66844,0.6566282,0.4829389,1,1,1,0,1,1,1,0
noncovid_38_2_aug_0128,38%2_aug_0128.png,NonCOVID,0,train,/Users/samehissa/Downloads/SS-VIRULEX-outputs/02_SVIS-RULEX/covid_ct_run/exact_sequence/outputs/augmented_train_images/NonCOVID/38%2_aug_0128.png,/Users/samehissa/Downloads/SS-VIRULEX-outputs/02_SVIS-RULEX/covid_ct_run/exact_sequence/outputs/augmented_train_images/NonCOVID/38%2_aug_0128.png,augmented,/Users/samehissa/Downloads/COVID-CT-Dataset-master/Images-processed/CT_NonCOVID/38%2.jpg,38%2.jpg,1,1,1,0,1,1,1,1,0,0.9996499,0.00035013937,0,0.48180607,0.37683398,0.63700944,0.5136592,0.6795959,0.27005026,0.8202659,0.6336118,0.64932203,0.4762212,1,1,1,0,1,1,1,0
noncovid_39_0_aug_0129,39%0_aug_0129.png,NonCOVID,0,train,/Users/samehissa/Downloads/SS-VIRULEX-outputs/02_SVIS-RULEX/covid_ct_run/exact_sequence/outputs/augmented_train_images/NonCOVID/39%0_aug_0129.png,/Users/samehissa/Downloads/SS-VIRULEX-outputs/02_SVIS-RULEX/covid_ct_run/exact_sequence/outputs/augmented_train_images/NonCOVID/39%0_aug_0129.png,augmented,/Users/samehissa/Downloads/COVID-CT-Dataset-master/Images-processed/CT_NonCOVID/39%0.jpg,39%0.jpg,1,1,1,0,1,1,1,1,1,0.01081597,0.989184,1,0.42807302,0.460855,0.6299932,0.5863589,0.67841387,0.47286436,0.51229995,0.6127997,0.5996914,0.6168127,1,1,1,0,1,1,1,1
noncovid_39_1_aug_0130,39%1_aug_0130.png,NonCOVID,0,train,/Users/samehissa/Downloads/SS-VIRULEX-outputs/02_SVIS-RULEX/covid_ct_run/exact_sequence/outputs/augmented_train_images/NonCOVID/39%1_aug_0130.png,/Users/samehissa/Downloads/SS-VIRULEX-outputs/02_SVIS-RULEX/covid_ct_run/exact_sequence/outputs/augmented_train_images/NonCOVID/39%1_aug_0130.png,augmented,/Users/samehissa/Downloads/COVID-CT-Dataset-master/Images-processed/CT_NonCOVID/39%1.jpg,39%1.jpg,1,1,1,0,1,1,1,1,0,0.999951,4.9010097e-05,0,0.4789363,0.36816734,0.6317209,0.5210637,0.6732991,0.26335198,0.8161836,0.64076525,0.63286376,0.47814617,1,1,1,0,1,1,1,0
noncovid_39_2_aug_0131,39%2_aug_0131.png,NonCOVID,0,train,/Users/samehissa/Downloads/SS-VIRULEX-outputs/02_SVIS-RULEX/covid_ct_run/exact_sequence/outputs/augmented_train_images/NonCOVID/39%2_aug_0131.png,/Users/samehissa/Downloads/SS-VIRULEX-outputs/02_SVIS-RULEX/covid_ct_run/exact_sequence/outputs/augmented_train_images/NonCOVID/39%2_aug_0131.png,augmented,/Users/samehissa/Downloads/COVID-CT-Dataset-master/Images-processed/CT_NonCOVID/39%2.jpg,39%2.jpg,1,0,1,0,1,1,1,1,0,0.9992269,0.00077302865,0,0.47840688,0.38104048,0.6145475,0.49787346,0.6736811,0.2791221,0.79613787,0.6247833,0.6395438,0.46746463,1,0,1,0,1,1,1,0
noncovid_39_3_aug_0132,39%3_aug_0132.png,NonCOVID,0,train,/Users/samehissa/Downloads/SS-VIRULEX-outputs/02_SVIS-RULEX/covid_ct_run/exact_sequence/outputs/augmented_train_images/NonCOVID/39%3_aug_0132.png,/Users/samehissa/Downloads/SS-VIRULEX-outputs/02_SVIS-RULEX/covid_ct_run/exact_sequence/outputs/augmented_train_images/NonCOVID/39%3_aug_0132.png,augmented,/Users/samehissa/Downloads/COVID-CT-Dataset-master/Images-processed/CT_NonCOVID/39%3.jpg,39%3.jpg,0,0,0,0,1,0,0,0,0,0.9995845,0.000415468,0,0.48067695,0.3947751,0.59860075,0.51932305,0.62849146,0.3072072,0.74432814,0.6052249,0.5790759,0.47481403,1,1,1,0,1,1,1,0
noncovid_39_4_aug_0133,39%4_aug_0133.png,NonCOVID,0,train,/Users/samehissa/Downloads/SS-VIRULEX-outputs/02_SVIS-RULEX/covid_ct_run/exact_sequence/outputs/augmented_train_images/NonCOVID/39%4_aug_0133.png,/Users/samehissa/Downloads/SS-VIRULEX-outputs/02_SVIS-RULEX/covid_ct_run/exact_sequence/outputs/augmented_train_images/NonCOVID/39%4_aug_0133.png,augmented,/Users/samehissa/Downloads/COVID-CT-Dataset-master/Images-processed/CT_NonCOVID/39%4.jpg,39%4.jpg,1,1,1,0,1,1,1,1,0,0.99996936,3.0599098e-05,0,0.47631043,0.357092,0.6233969,0.52368957,0.6681212,0.25181228,0.8077612,0.64997035,0.6165589,0.47129935,1,1,1,0,1,1,1,0
noncovid_39_5_aug_0134,39%5_aug_0134.png,NonCOVID,0,train,/Users/samehissa/Downloads/SS-VIRULEX-outputs/02_SVIS-RULEX/covid_ct_run/exact_sequence/outputs/augmented_train_images/NonCOVID/39%5_aug_0134.png,/Users/samehissa/Downloads/SS-VIRULEX-outputs/02_SVIS-RULEX/covid_ct_run/exact_sequence/outputs/augmented_train_images/NonCOVID/39%5_aug_0134.png,augmented,/Users/samehissa/Downloads/COVID-CT-Dataset-master/Images-processed/CT_NonCOVID/39%5.jpg,39%5.jpg,1,1,1,0,1,1,1,1,0,0.98286784,0.017132154,0,0.47565705,0.41033134,0.56693554,0.52434295,0.6376318,0.31555703,0.6786077,0.6527761,0.6099601,0.53156096,1,1,1,0,1,1,1,1
noncovid_39_6_aug_0135,39%6_aug_0135.png,NonCOVID,0,train,/Users/samehissa/Downloads/SS-VIRULEX-outputs/02_SVIS-RULEX/covid_ct_run/exact_sequence/outputs/augmented_train_images/NonCOVID/39%6_aug_0135.png,/Users/samehissa/Downloads/SS-VIRULEX-outputs/02_SVIS-RULEX/covid_ct_run/exact_sequence/outputs/augmented_train_images/NonCOVID/39%6_aug_0135.png,augmented,/Users/samehissa/Downloads/COVID-CT-Dataset-master/Images-processed/CT_NonCOVID/39%6.jpg,39%6.jpg,0,0,0,0,1,0,0,0,0,0.995666,0.004333991,0,0.47403002,0.42329317,0.5686856,0.52878356,0.58785903,0.36607495,0.6801662,0.5767068,0.53300476,0.4783941,1,1,1,0,1,1,1,0
noncovid_39_7_aug_0136,39%7_aug_0136.png,NonCOVID,0,train,/Users/samehissa/Downloads/SS-VIRULEX-outputs/02_SVIS-RULEX/covid_ct_run/exact_sequence/outputs/augmented_train_images/NonCOVID/39%7_aug_0136.png,/Users/samehissa/Downloads/SS-VIRULEX-outputs/02_SVIS-RULEX/covid_ct_run/exact_sequence/outputs/augmented_train_images/NonCOVID/39%7_aug_0136.png,augmented,/Users/samehissa/Downloads/COVID-CT-Dataset-master/Images-processed/CT_NonCOVID/39%7.jpg,39%7.jpg,0,0,0,0,1,0,0,0,0,0.99889946,0.0011005559,0,0.4828322,0.38135606,0.59420395,0.5129797,0.63506365,0.28920224,0.7552867,0.61864394,0.6102902,0.48927945,1,1,1,0,1,1,1,0
noncovid_39_8_aug_0137,39%8_aug_0137.png,NonCOVID,0,train,/Users/samehissa/Downloads/SS-VIRULEX-outputs/02_SVIS-RULEX/covid_ct_run/exact_sequence/outputs/augmented_train_images/NonCOVID/39%8_aug_0137.png,/Users/samehissa/Downloads/SS-VIRULEX-outputs/02_SVIS-RULEX/covid_ct_run/exact_sequence/outputs/augmented_train_images/NonCOVID/39%8_aug_0137.png,augmented,/Users/samehissa/Downloads/COVID-CT-Dataset-master/Images-processed/CT_NonCOVID/39%8.jpg,39%8.jpg,0,0,0,0,1,0,0,0,0,0.9934976,0.0065023564,0,0.4738897,0.38225788,0.57990885,0.5163426,0.67318296,0.23400956,0.74816966,0.71947426,0.7037603,0.52987444,1,1,1,0,1,1,1,1
noncovid_40_0_aug_0138,40%0_aug_0138.png,NonCOVID,0,train,/Users/samehissa/Downloads/SS-VIRULEX-outputs/02_SVIS-RULEX/covid_ct_run/exact_sequence/outputs/augmented_train_images/NonCOVID/40%0_aug_0138.png,/Users/samehissa/Downloads/SS-VIRULEX-outputs/02_SVIS-RULEX/covid_ct_run/exact_sequence/outputs/augmented_train_images/NonCOVID/40%0_aug_0138.png,augmented,/Users/samehissa/Downloads/COVID-CT-Dataset-master/Images-processed/CT_NonCOVID/40%0.jpg,40%0.jpg,1,1,1,0,1,1,1,1,0,0.9998079,0.00019208019,0,0.4740836,0.37002927,0.69699556,0.503368,0.6660372,0.22503075,0.81809366,0.71295714,0.6545293,0.4334396,1,1,1,0,1,1,1,0
noncovid_40_1_aug_0139,40%1_aug_0139.png,NonCOVID,0,train,/Users/samehissa/Downloads/SS-VIRULEX-outputs/02_SVIS-RULEX/covid_ct_run/exact_sequence/outputs/augmented_train_images/NonCOVID/40%1_aug_0139.png,/Users/samehissa/Downloads/SS-VIRULEX-outputs/02_SVIS-RULEX/covid_ct_run/exact_sequence/outputs/augmented_train_images/NonCOVID/40%1_aug_0139.png,augmented,/Users/samehissa/Downloads/COVID-CT-Dataset-master/Images-processed/CT_NonCOVID/40%1.jpg,40%1.jpg,1,1,1,0,1,1,1,1,0,1.0,4.239114e-09,0,0.45162776,0.25924435,0.76722246,0.5290424,0.78975576,0.10309081,0.9494602,0.81680954,0.7489486,0.4558296,1,1,1,0,1,1,1,0
noncovid_41_aug_0140,41_aug_0140.png,NonCOVID,0,train,/Users/samehissa/Downloads/SS-VIRULEX-outputs/02_SVIS-RULEX/covid_ct_run/exact_sequence/outputs/augmented_train_images/NonCOVID/41_aug_0140.png,/Users/samehissa/Downloads/SS-VIRULEX-outputs/02_SVIS-RULEX/covid_ct_run/exact_sequence/outputs/augmented_train_images/NonCOVID/41_aug_0140.png,augmented,/Users/samehissa/Downloads/COVID-CT-Dataset-master/Images-processed/CT_NonCOVID/41.jpg,41.jpg,0,0,0,0,1,0,0,0,1,0.30442452,0.6955755,1,0.45245042,0.4549981,0.6335884,0.5224966,0.67345977,0.40707013,0.53177387,0.6063733,0.60633796,0.5739068,1,1,1,0,1,1,1,1
noncovid_42_aug_0141,42_aug_0141.png,NonCOVID,0,train,/Users/samehissa/Downloads/SS-VIRULEX-outputs/02_SVIS-RULEX/covid_ct_run/exact_sequence/outputs/augmented_train_images/NonCOVID/42_aug_0141.png,/Users/samehissa/Downloads/SS-VIRULEX-outputs/02_SVIS-RULEX/covid_ct_run/exact_sequence/outputs/augmented_train_images/NonCOVID/42_aug_0141.png,augmented,/Users/samehissa/Downloads/COVID-CT-Dataset-master/Images-processed/CT_NonCOVID/42.jpg,42.jpg,1,1,1,1,1,1,1,1,0,0.99971527,0.00028470028,0,0.4804041,0.36977664,0.6440136,0.51925194,0.67786115,0.25039288,0.82390577,0.66809744,0.6368983,0.45713305,1,1,1,0,1,1,1,0
noncovid_43_1_aug_0142,43%1_aug_0142.png,NonCOVID,0,train,/Users/samehissa/Downloads/SS-VIRULEX-outputs/02_SVIS-RULEX/covid_ct_run/exact_sequence/outputs/augmented_train_images/NonCOVID/43%1_aug_0142.png,/Users/samehissa/Downloads/SS-VIRULEX-outputs/02_SVIS-RULEX/covid_ct_run/exact_sequence/outputs/augmented_train_images/NonCOVID/43%1_aug_0142.png,augmented,/Users/samehissa/Downloads/COVID-CT-Dataset-master/Images-processed/CT_NonCOVID/43%1.jpg,43%1.jpg,0,0,0,0,1,0,0,0,0,0.9999976,2.4093033e-06,0,0.47060555,0.3359126,0.662862,0.52939445,0.71218103,0.20875202,0.87369955,0.68813074,0.67153364,0.48053437,1,1,1,0,1,1,1,0
noncovid_43_2_aug_0143,43%2_aug_0143.png,NonCOVID,0,train,/Users/samehissa/Downloads/SS-VIRULEX-outputs/02_SVIS-RULEX/covid_ct_run/exact_sequence/outputs/augmented_train_images/NonCOVID/43%2_aug_0143.png,/Users/samehissa/Downloads/SS-VIRULEX-outputs/02_SVIS-RULEX/covid_ct_run/exact_sequence/outputs/augmented_train_images/NonCOVID/43%2_aug_0143.png,augmented,/Users/samehissa/Downloads/COVID-CT-Dataset-master/Images-processed/CT_NonCOVID/43%2.jpg,43%2.jpg,0,0,1,0,1,0,1,0,0,0.9999937,6.2643408e-06,0,0.47581,0.33694044,0.65641564,0.50800747,0.69430465,0.22016431,0.8431603,0.66722506,0.6519333,0.4865379,1,1,1,0,1,1,1,0
noncovid_43_3_aug_0144,43%3_aug_0144.png,NonCOVID,0,train,/Users/samehissa/Downloads/SS-VIRULEX-outputs/02_SVIS-RULEX/covid_ct_run/exact_sequence/outputs/augmented_train_images/NonCOVID/43%3_aug_0144.png,/Users/samehissa/Downloads/SS-VIRULEX-outputs/02_SVIS-RULEX/covid_ct_run/exact_sequence/outputs/augmented_train_images/NonCOVID/43%3_aug_0144.png,augmented,/Users/samehissa/Downloads/COVID-CT-Dataset-master/Images-processed/CT_NonCOVID/43%3.jpg,43%3.jpg,0,1,1,0,1,1,1,1,0,0.99999785,2.136209e-06,0,0.46919364,0.33037362,0.6590785,0.53080636,0.7216197,0.20218179,0.88018423,0.6929509,0.6772942,0.48219293,1,1,1,0,1,1,1,0
noncovid_44_0_aug_0145,44%0_aug_0145.png,NonCOVID,0,train,/Users/samehissa/Downloads/SS-VIRULEX-outputs/02_SVIS-RULEX/covid_ct_run/exact_sequence/outputs/augmented_train_images/NonCOVID/44%0_aug_0145.png,/Users/samehissa/Downloads/SS-VIRULEX-outputs/02_SVIS-RULEX/covid_ct_run/exact_sequence/outputs/augmented_train_images/NonCOVID/44%0_aug_0145.png,augmented,/Users/samehissa/Downloads/COVID-CT-Dataset-master/Images-processed/CT_NonCOVID/44%0.jpg,44%0.jpg,1,1,1,0,1,1,1,1,0,0.99998975,1.0230708e-05,0,0.46288466,0.33598277,0.69472516,0.53711534,0.7019332,0.19524212,0.8747974,0.73233026,0.6543128,0.4485855,1,1,1,0,1,1,1,0
noncovid_44_1_aug_0146,44%1_aug_0146.png,NonCOVID,0,train,/Users/samehissa/Downloads/SS-VIRULEX-outputs/02_SVIS-RULEX/covid_ct_run/exact_sequence/outputs/augmented_train_images/NonCOVID/44%1_aug_0146.png,/Users/samehissa/Downloads/SS-VIRULEX-outputs/02_SVIS-RULEX/covid_ct_run/exact_sequence/outputs/augmented_train_images/NonCOVID/44%1_aug_0146.png,augmented,/Users/samehissa/Downloads/COVID-CT-Dataset-master/Images-processed/CT_NonCOVID/44%1.jpg,44%1.jpg,1,1,1,0,1,1,1,1,0,0.99999714,2.8765094e-06,0,0.46818164,0.31807882,0.70639646,0.5170928,0.7190684,0.17422423,0.88501936,0.737739,0.6758723,0.45180178,1,1,1,0,1,1,1,0
noncovid_45_aug_0147,45_aug_0147.png,NonCOVID,0,train,/Users/samehissa/Downloads/SS-VIRULEX-outputs/02_SVIS-RULEX/covid_ct_run/exact_sequence/outputs/augmented_train_images/NonCOVID/45_aug_0147.png,/Users/samehissa/Downloads/SS-VIRULEX-outputs/02_SVIS-RULEX/covid_ct_run/exact_sequence/outputs/augmented_train_images/NonCOVID/45_aug_0147.png,augmented,/Users/samehissa/Downloads/COVID-CT-Dataset-master/Images-processed/CT_NonCOVID/45.jpg,45.jpg,1,1,1,0,1,1,1,1,0,0.97136295,0.02863708,0,0.4883389,0.40047672,0.6070834,0.507399,0.6160194,0.29554927,0.706214,0.64160526,0.6215675,0.48802847,1,1,1,0,1,1,1,0
noncovid_46_aug_0148,46_aug_0148.png,NonCOVID,0,train,/Users/samehissa/Downloads/SS-VIRULEX-outputs/02_SVIS-RULEX/covid_ct_run/exact_sequence/outputs/augmented_train_images/NonCOVID/46_aug_0148.png,/Users/samehissa/Downloads/SS-VIRULEX-outputs/02_SVIS-RULEX/covid_ct_run/exact_sequence/outputs/augmented_train_images/NonCOVID/46_aug_0148.png,augmented,/Users/samehissa/Downloads/COVID-CT-Dataset-master/Images-processed/CT_NonCOVID/46.jpg,46.jpg,1,1,1,0,1,1,1,1,0,0.8872245,0.112775505,0,0.48900193,0.4558916,0.5549296,0.5035746,0.55571824,0.4225638,0.61182344,0.5194061,0.5448087,0.46461278,1,1,1,0,1,1,1,0
noncovid_47_aug_0149,47_aug_0149.png,NonCOVID,0,train,/Users/samehissa/Downloads/SS-VIRULEX-outputs/02_SVIS-RULEX/covid_ct_run/exact_sequence/outputs/augmented_train_images/NonCOVID/47_aug_0149.png,/Users/samehissa/Downloads/SS-VIRULEX-outputs/02_SVIS-RULEX/covid_ct_run/exact_sequence/outputs/augmented_train_images/NonCOVID/47_aug_0149.png,augmented,/Users/samehissa/Downloads/COVID-CT-Dataset-master/Images-processed/CT_NonCOVID/47.jpg,47.jpg,0,0,0,0,1,0,0,0,0,0.9955852,0.0044148015,0,0.48339552,0.42197335,0.5874242,0.5166045,0.59909934,0.3497735,0.69455767,0.57802665,0.55512506,0.47023126,1,1,1,0,1,1,1,0
noncovid_48_aug_0150,48_aug_0150.png,NonCOVID,0,train,/Users/samehissa/Downloads/SS-VIRULEX-outputs/02_SVIS-RULEX/covid_ct_run/exact_sequence/outputs/augmented_train_images/NonCOVID/48_aug_0150.png,/Users/samehissa/Downloads/SS-VIRULEX-outputs/02_SVIS-RULEX/covid_ct_run/exact_sequence/outputs/augmented_train_images/NonCOVID/48_aug_0150.png,augmented,/Users/samehissa/Downloads/COVID-CT-Dataset-master/Images-processed/CT_NonCOVID/48.jpg,48.jpg,0,0,0,0,1,0,0,0,0,0.9999963,3.6863187e-06,0,0.47372806,0.33509436,0.67682034,0.52627194,0.70631623,0.20267731,0.8685567,0.7066642,0.6605408,0.46553254,1,1,1,0,1,1,1,0
noncovid_49_0_aug_0151,49%0_aug_0151.png,NonCOVID,0,train,/Users/samehissa/Downloads/SS-VIRULEX-outputs/02_SVIS-RULEX/covid_ct_run/exact_sequence/outputs/augmented_train_images/NonCOVID/49%0_aug_0151.png,/Users/samehissa/Downloads/SS-VIRULEX-outputs/02_SVIS-RULEX/covid_ct_run/exact_sequence/outputs/augmented_train_images/NonCOVID/49%0_aug_0151.png,augmented,/Users/samehissa/Downloads/COVID-CT-Dataset-master/Images-processed/CT_NonCOVID/49%0.jpg,49%0.jpg,0,0,0,0,1,0,0,0,0,0.73117054,0.26882944,0,0.48535097,0.41434866,0.58367294,0.48860663,0.66456854,0.2977081,0.6158309,0.67006123,0.61209977,0.56965,1,0,1,0,1,1,1,1
noncovid_49_1_aug_0152,49%1_aug_0152.png,NonCOVID,0,train,/Users/samehissa/Downloads/SS-VIRULEX-outputs/02_SVIS-RULEX/covid_ct_run/exact_sequence/outputs/augmented_train_images/NonCOVID/49%1_aug_0152.png,/Users/samehissa/Downloads/SS-VIRULEX-outputs/02_SVIS-RULEX/covid_ct_run/exact_sequence/outputs/augmented_train_images/NonCOVID/49%1_aug_0152.png,augmented,/Users/samehissa/Downloads/COVID-CT-Dataset-master/Images-processed/CT_NonCOVID/49%1.jpg,49%1.jpg,0,0,1,0,1,0,1,0,0,0.9997303,0.0002697087,0,0.4765436,0.3631061,0.64387864,0.5234564,0.69005936,0.23511422,0.8380638,0.6816695,0.65088785,0.45342895,1,1,1,0,1,1,1,0
noncovid_50_aug_0153,50_aug_0153.png,NonCOVID,0,train,/Users/samehissa/Downloads/SS-VIRULEX-outputs/02_SVIS-RULEX/covid_ct_run/exact_sequence/outputs/augmented_train_images/NonCOVID/50_aug_0153.png,/Users/samehissa/Downloads/SS-VIRULEX-outputs/02_SVIS-RULEX/covid_ct_run/exact_sequence/outputs/augmented_train_images/NonCOVID/50_aug_0153.png,augmented,/Users/samehissa/Downloads/COVID-CT-Dataset-master/Images-processed/CT_NonCOVID/50.jpg,50.jpg,0,0,0,0,1,0,0,0,0,0.9999604,3.9632545e-05,0,0.47473,0.35864693,0.6765028,0.52527,0.6829063,0.23071776,0.84827566,0.6933112,0.64826006,0.45901123,1,1,1,0,1,1,1,0
noncovid_51_0_aug_0154,51%0_aug_0154.png,NonCOVID,0,train,/Users/samehissa/Downloads/SS-VIRULEX-outputs/02_SVIS-RULEX/covid_ct_run/exact_sequence/outputs/augmented_train_images/NonCOVID/51%0_aug_0154.png,/Users/samehissa/Downloads/SS-VIRULEX-outputs/02_SVIS-RULEX/covid_ct_run/exact_sequence/outputs/augmented_train_images/NonCOVID/51%0_aug_0154.png,augmented,/Users/samehissa/Downloads/COVID-CT-Dataset-master/Images-processed/CT_NonCOVID/51%0.jpg,51%0.jpg,0,0,0,0,1,0,0,0,0,1.0,2.8284067e-10,0,0.43930766,0.24146716,0.7622014,0.52666515,0.80237097,0.09257225,0.9546733,0.8169101,0.756435,0.47592175,1,1,1,0,1,1,1,0
noncovid_51_1_aug_0155,51%1_aug_0155.png,NonCOVID,0,train,/Users/samehissa/Downloads/SS-VIRULEX-outputs/02_SVIS-RULEX/covid_ct_run/exact_sequence/outputs/augmented_train_images/NonCOVID/51%1_aug_0155.png,/Users/samehissa/Downloads/SS-VIRULEX-outputs/02_SVIS-RULEX/covid_ct_run/exact_sequence/outputs/augmented_train_images/NonCOVID/51%1_aug_0155.png,augmented,/Users/samehissa/Downloads/COVID-CT-Dataset-master/Images-processed/CT_NonCOVID/51%1.jpg,51%1.jpg,0,0,0,0,1,0,0,0,0,1.0,2.5958014e-08,0,0.46044236,0.29255736,0.71843344,0.5233619,0.76255083,0.1470395,0.9248515,0.7484853,0.7270328,0.48953643,1,1,1,0,1,1,1,0
noncovid_51_2_aug_0156,51%2_aug_0156.png,NonCOVID,0,train,/Users/samehissa/Downloads/SS-VIRULEX-outputs/02_SVIS-RULEX/covid_ct_run/exact_sequence/outputs/augmented_train_images/NonCOVID/51%2_aug_0156.png,/Users/samehissa/Downloads/SS-VIRULEX-outputs/02_SVIS-RULEX/covid_ct_run/exact_sequence/outputs/augmented_train_images/NonCOVID/51%2_aug_0156.png,augmented,/Users/samehissa/Downloads/COVID-CT-Dataset-master/Images-processed/CT_NonCOVID/51%2.jpg,51%2.jpg,0,0,0,0,1,0,0,0,0,1.0,3.935803e-12,0,0.4190871,0.20237043,0.78253615,0.5366503,0.8460081,0.064877875,0.97537136,0.84694487,0.8024673,0.50223285,1,1,1,0,1,1,1,1
noncovid_51_3_aug_0157,51%3_aug_0157.png,NonCOVID,0,train,/Users/samehissa/Downloads/SS-VIRULEX-outputs/02_SVIS-RULEX/covid_ct_run/exact_sequence/outputs/augmented_train_images/NonCOVID/51%3_aug_0157.png,/Users/samehissa/Downloads/SS-VIRULEX-outputs/02_SVIS-RULEX/covid_ct_run/exact_sequence/outputs/augmented_train_images/NonCOVID/51%3_aug_0157.png,augmented,/Users/samehissa/Downloads/COVID-CT-Dataset-master/Images-processed/CT_NonCOVID/51%3.jpg,51%3.jpg,0,0,0,0,1,0,0,0,0,0.99999964,3.9908434e-07,0,0.46521696,0.31310555,0.71131396,0.52114296,0.73316455,0.17016928,0.90149343,0.7331879,0.69621074,0.4740459,1,1,1,0,1,1,1,0
noncovid_52_0_aug_0158,52%0_aug_0158.png,NonCOVID,0,train,/Users/samehissa/Downloads/SS-VIRULEX-outputs/02_SVIS-RULEX/covid_ct_run/exact_sequence/outputs/augmented_train_images/NonCOVID/52%0_aug_0158.png,/Users/samehissa/Downloads/SS-VIRULEX-outputs/02_SVIS-RULEX/covid_ct_run/exact_sequence/outputs/augmented_train_images/NonCOVID/52%0_aug_0158.png,augmented,/Users/samehissa/Downloads/COVID-CT-Dataset-master/Images-processed/CT_NonCOVID/52%0.jpg,52%0.jpg,0,0,0,0,1,0,0,0,0,1.0,5.63141e-10,0,0.44127923,0.24018258,0.78177667,0.5327778,0.7990854,0.08662699,0.9569422,0.8375837,0.7524985,0.45473787,1,1,1,0,1,1,1,0
noncovid_52_1_aug_0159,52%1_aug_0159.png,NonCOVID,0,train,/Users/samehissa/Downloads/SS-VIRULEX-outputs/02_SVIS-RULEX/covid_ct_run/exact_sequence/outputs/augmented_train_images/NonCOVID/52%1_aug_0159.png,/Users/samehissa/Downloads/SS-VIRULEX-outputs/02_SVIS-RULEX/covid_ct_run/exact_sequence/outputs/augmented_train_images/NonCOVID/52%1_aug_0159.png,augmented,/Users/samehissa/Downloads/COVID-CT-Dataset-master/Images-processed/CT_NonCOVID/52%1.jpg,52%1.jpg,0,0,0,0,1,0,0,0,0,0.6760088,0.32399127,0,0.48406297,0.451949,0.54125494,0.49802136,0.64546245,0.3853892,0.5830589,0.6000609,0.60521793,0.53783697,1,0,1,0,1,1,1,1
noncovid_53_aug_0160,53_aug_0160.png,NonCOVID,0,train,/Users/samehissa/Downloads/SS-VIRULEX-outputs/02_SVIS-RULEX/covid_ct_run/exact_sequence/outputs/augmented_train_images/NonCOVID/53_aug_0160.png,/Users/samehissa/Downloads/SS-VIRULEX-outputs/02_SVIS-RULEX/covid_ct_run/exact_sequence/outputs/augmented_train_images/NonCOVID/53_aug_0160.png,augmented,/Users/samehissa/Downloads/COVID-CT-Dataset-master/Images-processed/CT_NonCOVID/53.jpg,53.jpg,0,0,0,0,1,0,0,0,0,0.97067934,0.029320642,0,0.4849503,0.41488618,0.5734679,0.5150497,0.5773057,0.34805602,0.6607569,0.5851138,0.5521766,0.47833964,1,1,1,0,1,1,1,0
noncovid_54_0_aug_0161,54%0_aug_0161.png,NonCOVID,0,train,/Users/samehissa/Downloads/SS-VIRULEX-outputs/02_SVIS-RULEX/covid_ct_run/exact_sequence/outputs/augmented_train_images/NonCOVID/54%0_aug_0161.png,/Users/samehissa/Downloads/SS-VIRULEX-outputs/02_SVIS-RULEX/covid_ct_run/exact_sequence/outputs/augmented_train_images/NonCOVID/54%0_aug_0161.png,augmented,/Users/samehissa/Downloads/COVID-CT-Dataset-master/Images-processed/CT_NonCOVID/54%0.jpg,54%0.jpg,1,0,1,0,1,1,1,1,0,1.0,3.9839634e-10,0,0.43827116,0.23420179,0.7664359,0.53354555,0.8159331,0.08575308,0.96245337,0.8247991,0.77325535,0.4825402,1,1,1,0,1,1,1,0
noncovid_54_1_aug_0162,54%1_aug_0162.png,NonCOVID,0,train,/Users/samehissa/Downloads/SS-VIRULEX-outputs/02_SVIS-RULEX/covid_ct_run/exact_sequence/outputs/augmented_train_images/NonCOVID/54%1_aug_0162.png,/Users/samehissa/Downloads/SS-VIRULEX-outputs/02_SVIS-RULEX/covid_ct_run/exact_sequence/outputs/augmented_train_images/NonCOVID/54%1_aug_0162.png,augmented,/Users/samehissa/Downloads/COVID-CT-Dataset-master/Images-processed/CT_NonCOVID/54%1.jpg,54%1.jpg,1,1,1,0,1,1,1,1,0,0.9999995,4.52333e-07,0,0.4653299,0.30848172,0.72588825,0.52004117,0.73065084,0.16006698,0.9022032,0.75453585,0.6911754,0.45832655,1,1,1,0,1,1,1,0
noncovid_54_2_aug_0163,54%2_aug_0163.png,NonCOVID,0,train,/Users/samehissa/Downloads/SS-VIRULEX-outputs/02_SVIS-RULEX/covid_ct_run/exact_sequence/outputs/augmented_train_images/NonCOVID/54%2_aug_0163.png,/Users/samehissa/Downloads/SS-VIRULEX-outputs/02_SVIS-RULEX/covid_ct_run/exact_sequence/outputs/augmented_train_images/NonCOVID/54%2_aug_0163.png,augmented,/Users/samehissa/Downloads/COVID-CT-Dataset-master/Images-processed/CT_NonCOVID/54%2.jpg,54%2.jpg,1,1,1,0,1,1,1,1,0,1.0,3.047562e-11,0,0.4294866,0.22406928,0.7840764,0.5263728,0.8167956,0.074531205,0.9637057,0.84371597,0.77216506,0.46137035,1,1,1,0,1,1,1,0
noncovid_54_3_aug_0164,54%3_aug_0164.png,NonCOVID,0,train,/Users/samehissa/Downloads/SS-VIRULEX-outputs/02_SVIS-RULEX/covid_ct_run/exact_sequence/outputs/augmented_train_images/NonCOVID/54%3_aug_0164.png,/Users/samehissa/Downloads/SS-VIRULEX-outputs/02_SVIS-RULEX/covid_ct_run/exact_sequence/outputs/augmented_train_images/NonCOVID/54%3_aug_0164.png,augmented,/Users/samehissa/Downloads/COVID-CT-Dataset-master/Images-processed/CT_NonCOVID/54%3.jpg,54%3.jpg,1,1,1,0,1,1,1,1,0,1.0,9.702151e-09,0,0.46179298,0.28273016,0.70062107,0.5306389,0.7730921,0.13913329,0.930167,0.746707,0.7292235,0.49753296,1,1,1,0,1,1,1,0
noncovid_56_0_aug_0165,56%0_aug_0165.png,NonCOVID,0,train,/Users/samehissa/Downloads/SS-VIRULEX-outputs/02_SVIS-RULEX/covid_ct_run/exact_sequence/outputs/augmented_train_images/NonCOVID/56%0_aug_0165.png,/Users/samehissa/Downloads/SS-VIRULEX-outputs/02_SVIS-RULEX/covid_ct_run/exact_sequence/outputs/augmented_train_images/NonCOVID/56%0_aug_0165.png,augmented,/Users/samehissa/Downloads/COVID-CT-Dataset-master/Images-processed/CT_NonCOVID/56%0.jpg,56%0.jpg,1,1,1,0,1,1,1,1,0,0.99841785,0.0015821832,0,0.46938235,0.37243423,0.6084993,0.54189324,0.644696,0.2609517,0.787004,0.67358434,0.5912648,0.46720293,1,1,1,0,1,1,1,0
noncovid_56_1_aug_0166,56%1_aug_0166.png,NonCOVID,0,train,/Users/samehissa/Downloads/SS-VIRULEX-outputs/02_SVIS-RULEX/covid_ct_run/exact_sequence/outputs/augmented_train_images/NonCOVID/56%1_aug_0166.png,/Users/samehissa/Downloads/SS-VIRULEX-outputs/02_SVIS-RULEX/covid_ct_run/exact_sequence/outputs/augmented_train_images/NonCOVID/56%1_aug_0166.png,augmented,/Users/samehissa/Downloads/COVID-CT-Dataset-master/Images-processed/CT_NonCOVID/56%1.jpg,56%1.jpg,0,0,0,0,1,0,0,0,0,0.9996177,0.0003822509,0,0.479172,0.37261912,0.6445378,0.5186756,0.68154883,0.25079072,0.82556695,0.67101824,0.641649,0.45916748,1,1,1,0,1,1,1,0
noncovid_57_0_aug_0167,57%0_aug_0167.png,NonCOVID,0,train,/Users/samehissa/Downloads/SS-VIRULEX-outputs/02_SVIS-RULEX/covid_ct_run/exact_sequence/outputs/augmented_train_images/NonCOVID/57%0_aug_0167.png,/Users/samehissa/Downloads/SS-VIRULEX-outputs/02_SVIS-RULEX/covid_ct_run/exact_sequence/outputs/augmented_train_images/NonCOVID/57%0_aug_0167.png,augmented,/Users/samehissa/Downloads/COVID-CT-Dataset-master/Images-processed/CT_NonCOVID/57%0.jpg,57%0.jpg,1,0,1,0,1,1,1,1,0,0.9999068,9.3248666e-05,0,0.48177344,0.36127096,0.6488126,0.5087767,0.68045574,0.24892853,0.8247278,0.64880085,0.6464698,0.4766628,1,1,1,0,1,1,1,0
noncovid_59_0_aug_0168,59%0_aug_0168.png,NonCOVID,0,train,/Users/samehissa/Downloads/SS-VIRULEX-outputs/02_SVIS-RULEX/covid_ct_run/exact_sequence/outputs/augmented_train_images/NonCOVID/59%0_aug_0168.png,/Users/samehissa/Downloads/SS-VIRULEX-outputs/02_SVIS-RULEX/covid_ct_run/exact_sequence/outputs/augmented_train_images/NonCOVID/59%0_aug_0168.png,augmented,/Users/samehissa/Downloads/COVID-CT-Dataset-master/Images-processed/CT_NonCOVID/59%0.jpg,59%0.jpg,0,0,1,0,1,0,1,0,0,0.9935202,0.0064798347,0,0.4907694,0.40555754,0.59309167,0.49962163,0.5897538,0.31850567,0.6747644,0.6128284,0.5850714,0.46732578,1,0,1,0,1,1,1,0
noncovid_60_aug_0169,60_aug_0169.png,NonCOVID,0,train,/Users/samehissa/Downloads/SS-VIRULEX-outputs/02_SVIS-RULEX/covid_ct_run/exact_sequence/outputs/augmented_train_images/NonCOVID/60_aug_0169.png,/Users/samehissa/Downloads/SS-VIRULEX-outputs/02_SVIS-RULEX/covid_ct_run/exact_sequence/outputs/augmented_train_images/NonCOVID/60_aug_0169.png,augmented,/Users/samehissa/Downloads/COVID-CT-Dataset-master/Images-processed/CT_NonCOVID/60.jpg,60.jpg,1,0,1,0,1,1,1,1,0,0.9999901,9.934175e-06,0,0.47584182,0.3404377,0.66879064,0.5201056,0.7041992,0.21422064,0.86279917,0.6851634,0.6648903,0.47858372,1,1,1,0,1,1,1,0
noncovid_62_aug_0170,62_aug_0170.png,NonCOVID,0,train,/Users/samehissa/Downloads/SS-VIRULEX-outputs/02_SVIS-RULEX/covid_ct_run/exact_sequence/outputs/augmented_train_images/NonCOVID/62_aug_0170.png,/Users/samehissa/Downloads/SS-VIRULEX-outputs/02_SVIS-RULEX/covid_ct_run/exact_sequence/outputs/augmented_train_images/NonCOVID/62_aug_0170.png,augmented,/Users/samehissa/Downloads/COVID-CT-Dataset-master/Images-processed/CT_NonCOVID/62.jpg,62.jpg,0,0,0,0,1,0,0,0,0,0.99998784,1.2131887e-05,0,0.47518402,0.33459857,0.68701047,0.5211277,0.70698667,0.19763023,0.8695767,0.71538657,0.6640225,0.46120498,1,1,1,0,1,1,1,0
noncovid_63_0_aug_0171,63%0_aug_0171.png,NonCOVID,0,train,/Users/samehissa/Downloads/SS-VIRULEX-outputs/02_SVIS-RULEX/covid_ct_run/exact_sequence/outputs/augmented_train_images/NonCOVID/63%0_aug_0171.png,/Users/samehissa/Downloads/SS-VIRULEX-outputs/02_SVIS-RULEX/covid_ct_run/exact_sequence/outputs/augmented_train_images/NonCOVID/63%0_aug_0171.png,augmented,/Users/samehissa/Downloads/COVID-CT-Dataset-master/Images-processed/CT_NonCOVID/63%0.jpg,63%0.jpg,1,0,1,0,1,1,1,1,0,0.9791996,0.020800415,0,0.47763532,0.40115866,0.5526491,0.5223647,0.62355065,0.3116691,0.6979495,0.62203294,0.61286587,0.5015594,1,1,1,0,1,1,1,1
noncovid_63_1_aug_0172,63%1_aug_0172.png,NonCOVID,0,train,/Users/samehissa/Downloads/SS-VIRULEX-outputs/02_SVIS-RULEX/covid_ct_run/exact_sequence/outputs/augmented_train_images/NonCOVID/63%1_aug_0172.png,/Users/samehissa/Downloads/SS-VIRULEX-outputs/02_SVIS-RULEX/covid_ct_run/exact_sequence/outputs/augmented_train_images/NonCOVID/63%1_aug_0172.png,augmented,/Users/samehissa/Downloads/COVID-CT-Dataset-master/Images-processed/CT_NonCOVID/63%1.jpg,63%1.jpg,0,0,0,0,1,0,0,0,0,0.9914306,0.008569403,0,0.4847901,0.38853407,0.5830822,0.51292855,0.60561925,0.28092822,0.7008785,0.65355355,0.59325385,0.4794779,1,1,1,0,1,1,1,0
noncovid_63_2_aug_0173,63%2_aug_0173.png,NonCOVID,0,train,/Users/samehissa/Downloads/SS-VIRULEX-outputs/02_SVIS-RULEX/covid_ct_run/exact_sequence/outputs/augmented_train_images/NonCOVID/63%2_aug_0173.png,/Users/samehissa/Downloads/SS-VIRULEX-outputs/02_SVIS-RULEX/covid_ct_run/exact_sequence/outputs/augmented_train_images/NonCOVID/63%2_aug_0173.png,augmented,/Users/samehissa/Downloads/COVID-CT-Dataset-master/Images-processed/CT_NonCOVID/63%2.jpg,63%2.jpg,1,1,1,0,1,1,1,1,0,0.97835255,0.021647403,0,0.47353655,0.4269802,0.538654,0.52844197,0.6007648,0.36271718,0.67786247,0.5730198,0.5597102,0.48503873,1,1,1,0,1,1,1,0
noncovid_63_3_aug_0174,63%3_aug_0174.png,NonCOVID,0,train,/Users/samehissa/Downloads/SS-VIRULEX-outputs/02_SVIS-RULEX/covid_ct_run/exact_sequence/outputs/augmented_train_images/NonCOVID/63%3_aug_0174.png,/Users/samehissa/Downloads/SS-VIRULEX-outputs/02_SVIS-RULEX/covid_ct_run/exact_sequence/outputs/augmented_train_images/NonCOVID/63%3_aug_0174.png,augmented,/Users/samehissa/Downloads/COVID-CT-Dataset-master/Images-processed/CT_NonCOVID/63%3.jpg,63%3.jpg,0,0,0,0,1,0,0,0,0,0.99995446,4.551508e-05,0,0.4799894,0.35594532,0.65124184,0.5065623,0.6705104,0.24173127,0.81230605,0.6599767,0.62996805,0.46510562,1,1,1,0,1,1,1,0
noncovid_63_4_aug_0175,63%4_aug_0175.png,NonCOVID,0,train,/Users/samehissa/Downloads/SS-VIRULEX-outputs/02_SVIS-RULEX/covid_ct_run/exact_sequence/outputs/augmented_train_images/NonCOVID/63%4_aug_0175.png,/Users/samehissa/Downloads/SS-VIRULEX-outputs/02_SVIS-RULEX/covid_ct_run/exact_sequence/outputs/augmented_train_images/NonCOVID/63%4_aug_0175.png,augmented,/Users/samehissa/Downloads/COVID-CT-Dataset-master/Images-processed/CT_NonCOVID/63%4.jpg,63%4.jpg,1,1,1,0,1,1,1,1,0,0.79681814,0.20318188,0,0.49444717,0.43897787,0.5554834,0.5013234,0.5824305,0.39228883,0.5749134,0.5701845,0.5639309,0.50180304,1,1,1,0,1,1,1,1
noncovid_63_5_aug_0176,63%5_aug_0176.png,NonCOVID,0,train,/Users/samehissa/Downloads/SS-VIRULEX-outputs/02_SVIS-RULEX/covid_ct_run/exact_sequence/outputs/augmented_train_images/NonCOVID/63%5_aug_0176.png,/Users/samehissa/Downloads/SS-VIRULEX-outputs/02_SVIS-RULEX/covid_ct_run/exact_sequence/outputs/augmented_train_images/NonCOVID/63%5_aug_0176.png,augmented,/Users/samehissa/Downloads/COVID-CT-Dataset-master/Images-processed/CT_NonCOVID/63%5.jpg,63%5.jpg,0,0,0,0,1,0,0,0,1,0.24490567,0.75509435,0,0.4652813,0.45165178,0.58781445,0.53105694,0.6359287,0.4398203,0.5258469,0.576255,0.574447,0.55621195,1,1,1,0,1,1,1,1
noncovid_63_6_aug_0177,63%6_aug_0177.png,NonCOVID,0,train,/Users/samehissa/Downloads/SS-VIRULEX-outputs/02_SVIS-RULEX/covid_ct_run/exact_sequence/outputs/augmented_train_images/NonCOVID/63%6_aug_0177.png,/Users/samehissa/Downloads/SS-VIRULEX-outputs/02_SVIS-RULEX/covid_ct_run/exact_sequence/outputs/augmented_train_images/NonCOVID/63%6_aug_0177.png,augmented,/Users/samehissa/Downloads/COVID-CT-Dataset-master/Images-processed/CT_NonCOVID/63%6.jpg,63%6.jpg,1,1,1,0,1,1,1,1,0,0.99780124,0.002198693,0,0.47964585,0.37696776,0.5918394,0.5053685,0.64228684,0.25996506,0.7477487,0.6532262,0.6239618,0.49099687,1,1,1,0,1,1,1,0
noncovid_63_7_aug_0178,63%7_aug_0178.png,NonCOVID,0,train,/Users/samehissa/Downloads/SS-VIRULEX-outputs/02_SVIS-RULEX/covid_ct_run/exact_sequence/outputs/augmented_train_images/NonCOVID/63%7_aug_0178.png,/Users/samehissa/Downloads/SS-VIRULEX-outputs/02_SVIS-RULEX/covid_ct_run/exact_sequence/outputs/augmented_train_images/NonCOVID/63%7_aug_0178.png,augmented,/Users/samehissa/Downloads/COVID-CT-Dataset-master/Images-processed/CT_NonCOVID/63%7.jpg,63%7.jpg,0,0,0,0,1,0,0,0,0,0.9971318,0.002868199,0,0.48617232,0.3959655,0.5917145,0.5066137,0.6269687,0.30981115,0.72791505,0.6067873,0.6076249,0.47823587,1,1,1,0,1,1,1,0
noncovid_64_aug_0179,64_aug_0179.png,NonCOVID,0,train,/Users/samehissa/Downloads/SS-VIRULEX-outputs/02_SVIS-RULEX/covid_ct_run/exact_sequence/outputs/augmented_train_images/NonCOVID/64_aug_0179.png,/Users/samehissa/Downloads/SS-VIRULEX-outputs/02_SVIS-RULEX/covid_ct_run/exact_sequence/outputs/augmented_train_images/NonCOVID/64_aug_0179.png,augmented,/Users/samehissa/Downloads/COVID-CT-Dataset-master/Images-processed/CT_NonCOVID/64.jpg,64.jpg,1,1,1,0,1,1,1,1,0,0.9903043,0.009695685,0,0.48735046,0.41533387,0.5665318,0.51264954,0.6007564,0.33733875,0.68534595,0.58466613,0.56369597,0.4798405,1,1,1,0,1,1,1,0
noncovid_65_0_aug_0180,65%0_aug_0180.png,NonCOVID,0,train,/Users/samehissa/Downloads/SS-VIRULEX-outputs/02_SVIS-RULEX/covid_ct_run/exact_sequence/outputs/augmented_train_images/NonCOVID/65%0_aug_0180.png,/Users/samehissa/Downloads/SS-VIRULEX-outputs/02_SVIS-RULEX/covid_ct_run/exact_sequence/outputs/augmented_train_images/NonCOVID/65%0_aug_0180.png,augmented,/Users/samehissa/Downloads/COVID-CT-Dataset-master/Images-processed/CT_NonCOVID/65%0.jpg,65%0.jpg,1,0,1,0,0,1,1,0,0,0.9999677,3.224675e-05,0,0.46463394,0.3535808,0.69061345,0.53536606,0.68320453,0.21543597,0.8546764,0.721124,0.6373344,0.440571,1,1,1,0,1,1,1,0
noncovid_65_1_aug_0181,65%1_aug_0181.png,NonCOVID,0,train,/Users/samehissa/Downloads/SS-VIRULEX-outputs/02_SVIS-RULEX/covid_ct_run/exact_sequence/outputs/augmented_train_images/NonCOVID/65%1_aug_0181.png,/Users/samehissa/Downloads/SS-VIRULEX-outputs/02_SVIS-RULEX/covid_ct_run/exact_sequence/outputs/augmented_train_images/NonCOVID/65%1_aug_0181.png,augmented,/Users/samehissa/Downloads/COVID-CT-Dataset-master/Images-processed/CT_NonCOVID/65%1.jpg,65%1.jpg,1,1,1,0,1,1,1,1,0,0.99999905,9.600006e-07,0,0.46444744,0.31030288,0.73007536,0.5124856,0.75907475,0.15099464,0.92003536,0.7608099,0.7292149,0.45323384,1,1,1,0,1,1,1,0
noncovid_65_2_aug_0182,65%2_aug_0182.png,NonCOVID,0,train,/Users/samehissa/Downloads/SS-VIRULEX-outputs/02_SVIS-RULEX/covid_ct_run/exact_sequence/outputs/augmented_train_images/NonCOVID/65%2_aug_0182.png,/Users/samehissa/Downloads/SS-VIRULEX-outputs/02_SVIS-RULEX/covid_ct_run/exact_sequence/outputs/augmented_train_images/NonCOVID/65%2_aug_0182.png,augmented,/Users/samehissa/Downloads/COVID-CT-Dataset-master/Images-processed/CT_NonCOVID/65%2.jpg,65%2.jpg,1,1,1,0,1,1,1,1,0,0.9729058,0.027094154,0,0.48878008,0.411671,0.55185664,0.5053962,0.60529804,0.30874017,0.6272282,0.66200507,0.59669745,0.52782047,1,1,1,0,1,1,1,1
noncovid_65_3_aug_0183,65%3_aug_0183.png,NonCOVID,0,train,/Users/samehissa/Downloads/SS-VIRULEX-outputs/02_SVIS-RULEX/covid_ct_run/exact_sequence/outputs/augmented_train_images/NonCOVID/65%3_aug_0183.png,/Users/samehissa/Downloads/SS-VIRULEX-outputs/02_SVIS-RULEX/covid_ct_run/exact_sequence/outputs/augmented_train_images/NonCOVID/65%3_aug_0183.png,augmented,/Users/samehissa/Downloads/COVID-CT-Dataset-master/Images-processed/CT_NonCOVID/65%3.jpg,65%3.jpg,1,1,1,0,1,1,1,1,0,0.99871933,0.0012807352,0,0.4681545,0.37801674,0.662279,0.5318455,0.6487788,0.24997526,0.8064882,0.69744146,0.60757613,0.43488973,1,1,1,0,1,1,1,0
noncovid_65_4_aug_0184,65%4_aug_0184.png,NonCOVID,0,train,/Users/samehissa/Downloads/SS-VIRULEX-outputs/02_SVIS-RULEX/covid_ct_run/exact_sequence/outputs/augmented_train_images/NonCOVID/65%4_aug_0184.png,/Users/samehissa/Downloads/SS-VIRULEX-outputs/02_SVIS-RULEX/covid_ct_run/exact_sequence/outputs/augmented_train_images/NonCOVID/65%4_aug_0184.png,augmented,/Users/samehissa/Downloads/COVID-CT-Dataset-master/Images-processed/CT_NonCOVID/65%4.jpg,65%4.jpg,1,1,1,0,0,1,1,1,1,0.2653369,0.73466307,0,0.47177327,0.4504593,0.5607675,0.5236441,0.62531775,0.43317205,0.5426284,0.5686047,0.5798005,0.5531226,1,1,1,0,1,1,1,1
noncovid_66_aug_0185,66_aug_0185.png,NonCOVID,0,train,/Users/samehissa/Downloads/SS-VIRULEX-outputs/02_SVIS-RULEX/covid_ct_run/exact_sequence/outputs/augmented_train_images/NonCOVID/66_aug_0185.png,/Users/samehissa/Downloads/SS-VIRULEX-outputs/02_SVIS-RULEX/covid_ct_run/exact_sequence/outputs/augmented_train_images/NonCOVID/66_aug_0185.png,augmented,/Users/samehissa/Downloads/COVID-CT-Dataset-master/Images-processed/CT_NonCOVID/66.jpg,66.jpg,1,1,1,0,1,1,1,1,0,0.9999807,1.9337795e-05,0,0.47653383,0.34244156,0.6783665,0.52346617,0.68744665,0.20921752,0.8485876,0.7118471,0.63938487,0.44384018,1,1,1,0,1,1,1,0
noncovid_67_0_aug_0186,67%0_aug_0186.png,NonCOVID,0,train,/Users/samehissa/Downloads/SS-VIRULEX-outputs/02_SVIS-RULEX/covid_ct_run/exact_sequence/outputs/augmented_train_images/NonCOVID/67%0_aug_0186.png,/Users/samehissa/Downloads/SS-VIRULEX-outputs/02_SVIS-RULEX/covid_ct_run/exact_sequence/outputs/augmented_train_images/NonCOVID/67%0_aug_0186.png,augmented,/Users/samehissa/Downloads/COVID-CT-Dataset-master/Images-processed/CT_NonCOVID/67%0.jpg,67%0.jpg,1,1,1,0,1,1,1,1,0,1.0,2.9340306e-09,0,0.4483482,0.25571275,0.7376377,0.5409421,0.79724705,0.10514928,0.95148265,0.799001,0.74953526,0.48201942,1,1,1,0,1,1,1,0
noncovid_67_1_aug_0187,67%1_aug_0187.png,NonCOVID,0,train,/Users/samehissa/Downloads/SS-VIRULEX-outputs/02_SVIS-RULEX/covid_ct_run/exact_sequence/outputs/augmented_train_images/NonCOVID/67%1_aug_0187.png,/Users/samehissa/Downloads/SS-VIRULEX-outputs/02_SVIS-RULEX/covid_ct_run/exact_sequence/outputs/augmented_train_images/NonCOVID/67%1_aug_0187.png,augmented,/Users/samehissa/Downloads/COVID-CT-Dataset-master/Images-processed/CT_NonCOVID/67%1.jpg,67%1.jpg,1,1,1,0,0,1,1,1,0,0.99999726,2.751625e-06,0,0.46247482,0.33660308,0.68403476,0.5517179,0.715358,0.19407667,0.8872417,0.7365641,0.66259193,0.44712612,1,1,1,0,1,1,1,0
noncovid_67_2_aug_0188,67%2_aug_0188.png,NonCOVID,0,train,/Users/samehissa/Downloads/SS-VIRULEX-outputs/02_SVIS-RULEX/covid_ct_run/exact_sequence/outputs/augmented_train_images/NonCOVID/67%2_aug_0188.png,/Users/samehissa/Downloads/SS-VIRULEX-outputs/02_SVIS-RULEX/covid_ct_run/exact_sequence/outputs/augmented_train_images/NonCOVID/67%2_aug_0188.png,augmented,/Users/samehissa/Downloads/COVID-CT-Dataset-master/Images-processed/CT_NonCOVID/67%2.jpg,67%2.jpg,1,1,1,0,1,1,1,1,0,0.9996271,0.00037292572,0,0.46869493,0.3754392,0.63678056,0.5313051,0.65848535,0.26501986,0.8049172,0.6654833,0.6097254,0.4548434,1,1,1,0,1,1,1,0
noncovid_68_aug_0189,68_aug_0189.png,NonCOVID,0,train,/Users/samehissa/Downloads/SS-VIRULEX-outputs/02_SVIS-RULEX/covid_ct_run/exact_sequence/outputs/augmented_train_images/NonCOVID/68_aug_0189.png,/Users/samehissa/Downloads/SS-VIRULEX-outputs/02_SVIS-RULEX/covid_ct_run/exact_sequence/outputs/augmented_train_images/NonCOVID/68_aug_0189.png,augmented,/Users/samehissa/Downloads/COVID-CT-Dataset-master/Images-processed/CT_NonCOVID/68.jpg,68.jpg,1,1,1,0,1,1,1,1,0,0.9746156,0.025384415,0,0.47724012,0.3898977,0.6194836,0.48932746,0.6367658,0.27027154,0.70850545,0.6742018,0.6297757,0.4979516,1,0,1,0,1,1,1,0
noncovid_69_0_aug_0190,69%0_aug_0190.png,NonCOVID,0,train,/Users/samehissa/Downloads/SS-VIRULEX-outputs/02_SVIS-RULEX/covid_ct_run/exact_sequence/outputs/augmented_train_images/NonCOVID/69%0_aug_0190.png,/Users/samehissa/Downloads/SS-VIRULEX-outputs/02_SVIS-RULEX/covid_ct_run/exact_sequence/outputs/augmented_train_images/NonCOVID/69%0_aug_0190.png,augmented,/Users/samehissa/Downloads/COVID-CT-Dataset-master/Images-processed/CT_NonCOVID/69%0.jpg,69%0.jpg,0,0,0,0,1,0,0,0,0,0.99960095,0.00039908377,0,0.48274636,0.3759669,0.65326816,0.49758345,0.6326743,0.2536092,0.76777583,0.67626035,0.6289546,0.45384392,1,0,1,0,1,1,1,0
noncovid_69_1_aug_0191,69%1_aug_0191.png,NonCOVID,0,train,/Users/samehissa/Downloads/SS-VIRULEX-outputs/02_SVIS-RULEX/covid_ct_run/exact_sequence/outputs/augmented_train_images/NonCOVID/69%1_aug_0191.png,/Users/samehissa/Downloads/SS-VIRULEX-outputs/02_SVIS-RULEX/covid_ct_run/exact_sequence/outputs/augmented_train_images/NonCOVID/69%1_aug_0191.png,augmented,/Users/samehissa/Downloads/COVID-CT-Dataset-master/Images-processed/CT_NonCOVID/69%1.jpg,69%1.jpg,0,0,0,0,1,0,0,0,0,0.9851509,0.014849111,0,0.4884331,0.40234452,0.6061424,0.49000195,0.57587856,0.30994573,0.65264165,0.6250353,0.5901746,0.4994886,1,0,1,0,1,1,1,0
noncovid_70_0_aug_0192,70%0_aug_0192.png,NonCOVID,0,train,/Users/samehissa/Downloads/SS-VIRULEX-outputs/02_SVIS-RULEX/covid_ct_run/exact_sequence/outputs/augmented_train_images/NonCOVID/70%0_aug_0192.png,/Users/samehissa/Downloads/SS-VIRULEX-outputs/02_SVIS-RULEX/covid_ct_run/exact_sequence/outputs/augmented_train_images/NonCOVID/70%0_aug_0192.png,augmented,/Users/samehissa/Downloads/COVID-CT-Dataset-master/Images-processed/CT_NonCOVID/70%0.jpg,70%0.jpg,1,1,1,0,1,1,1,1,0,0.99999976,1.9231437e-07,0,0.46332154,0.2914197,0.7274823,0.52674025,0.75667554,0.14157051,0.9223273,0.7693726,0.71432203,0.46417716,1,1,1,0,1,1,1,0
noncovid_70_1_aug_0193,70%1_aug_0193.png,NonCOVID,0,train,/Users/samehissa/Downloads/SS-VIRULEX-outputs/02_SVIS-RULEX/covid_ct_run/exact_sequence/outputs/augmented_train_images/NonCOVID/70%1_aug_0193.png,/Users/samehissa/Downloads/SS-VIRULEX-outputs/02_SVIS-RULEX/covid_ct_run/exact_sequence/outputs/augmented_train_images/NonCOVID/70%1_aug_0193.png,augmented,/Users/samehissa/Downloads/COVID-CT-Dataset-master/Images-processed/CT_NonCOVID/70%1.jpg,70%1.jpg,0,1,1,0,1,1,1,1,0,0.9999999,1.0458665e-07,0,0.45713818,0.27472126,0.7447612,0.5428618,0.77035034,0.12370002,0.9386127,0.7964568,0.7240672,0.46871775,1,1,1,0,1,1,1,0
noncovid_71_0_aug_0194,71%0_aug_0194.png,NonCOVID,0,train,/Users/samehissa/Downloads/SS-VIRULEX-outputs/02_SVIS-RULEX/covid_ct_run/exact_sequence/outputs/augmented_train_images/NonCOVID/71%0_aug_0194.png,/Users/samehissa/Downloads/SS-VIRULEX-outputs/02_SVIS-RULEX/covid_ct_run/exact_sequence/outputs/augmented_train_images/NonCOVID/71%0_aug_0194.png,augmented,/Users/samehissa/Downloads/COVID-CT-Dataset-master/Images-processed/CT_NonCOVID/71%0.jpg,71%0.jpg,1,1,1,0,1,1,1,1,0,0.99983716,0.0001628536,0,0.47961813,0.37192047,0.6681126,0.52038187,0.6796264,0.23950845,0.83314574,0.69236356,0.6396806,0.43933505,1,1,1,0,1,1,1,0
noncovid_71_1_aug_0195,71%1_aug_0195.png,NonCOVID,0,train,/Users/samehissa/Downloads/SS-VIRULEX-outputs/02_SVIS-RULEX/covid_ct_run/exact_sequence/outputs/augmented_train_images/NonCOVID/71%1_aug_0195.png,/Users/samehissa/Downloads/SS-VIRULEX-outputs/02_SVIS-RULEX/covid_ct_run/exact_sequence/outputs/augmented_train_images/NonCOVID/71%1_aug_0195.png,augmented,/Users/samehissa/Downloads/COVID-CT-Dataset-master/Images-processed/CT_NonCOVID/71%1.jpg,71%1.jpg,1,1,1,0,1,1,1,1,0,0.9839463,0.0160536,0,0.48707855,0.40428194,0.6298114,0.50785875,0.61650246,0.30242208,0.72383976,0.63687694,0.61091167,0.46797734,1,1,1,0,1,1,1,0
noncovid_72_aug_0196,72_aug_0196.png,NonCOVID,0,train,/Users/samehissa/Downloads/SS-VIRULEX-outputs/02_SVIS-RULEX/covid_ct_run/exact_sequence/outputs/augmented_train_images/NonCOVID/72_aug_0196.png,/Users/samehissa/Downloads/SS-VIRULEX-outputs/02_SVIS-RULEX/covid_ct_run/exact_sequence/outputs/augmented_train_images/NonCOVID/72_aug_0196.png,augmented,/Users/samehissa/Downloads/COVID-CT-Dataset-master/Images-processed/CT_NonCOVID/72.jpg,72.jpg,0,0,0,0,1,0,0,0,0,0.999933,6.704716e-05,0,0.4790978,0.34988478,0.65064263,0.5058449,0.6834078,0.23370129,0.8261954,0.6609198,0.64321256,0.47167745,1,1,1,0,1,1,1,0
noncovid_73_aug_0197,73_aug_0197.png,NonCOVID,0,train,/Users/samehissa/Downloads/SS-VIRULEX-outputs/02_SVIS-RULEX/covid_ct_run/exact_sequence/outputs/augmented_train_images/NonCOVID/73_aug_0197.png,/Users/samehissa/Downloads/SS-VIRULEX-outputs/02_SVIS-RULEX/covid_ct_run/exact_sequence/outputs/augmented_train_images/NonCOVID/73_aug_0197.png,augmented,/Users/samehissa/Downloads/COVID-CT-Dataset-master/Images-processed/CT_NonCOVID/73.jpg,73.jpg,0,0,1,0,1,0,1,0,0,0.999772,0.00022794047,0,0.48289907,0.36832166,0.6440863,0.5135772,0.667129,0.25777674,0.8145754,0.65705377,0.6346123,0.4668729,1,1,1,0,1,1,1,0
noncovid_74_aug_0198,74_aug_0198.png,NonCOVID,0,train,/Users/samehissa/Downloads/SS-VIRULEX-outputs/02_SVIS-RULEX/covid_ct_run/exact_sequence/outputs/augmented_train_images/NonCOVID/74_aug_0198.png,/Users/samehissa/Downloads/SS-VIRULEX-outputs/02_SVIS-RULEX/covid_ct_run/exact_sequence/outputs/augmented_train_images/NonCOVID/74_aug_0198.png,augmented,/Users/samehissa/Downloads/COVID-CT-Dataset-master/Images-processed/CT_NonCOVID/74.jpg,74.jpg,0,0,0,0,1,0,0,0,0,0.78763294,0.21236706,0,0.4957053,0.4400111,0.5808445,0.4912318,0.6205935,0.36009622,0.59365577,0.6110989,0.57897973,0.538432,1,0,1,0,1,1,1,1
noncovid_75_0_aug_0199,75%0_aug_0199.png,NonCOVID,0,train,/Users/samehissa/Downloads/SS-VIRULEX-outputs/02_SVIS-RULEX/covid_ct_run/exact_sequence/outputs/augmented_train_images/NonCOVID/75%0_aug_0199.png,/Users/samehissa/Downloads/SS-VIRULEX-outputs/02_SVIS-RULEX/covid_ct_run/exact_sequence/outputs/augmented_train_images/NonCOVID/75%0_aug_0199.png,augmented,/Users/samehissa/Downloads/COVID-CT-Dataset-master/Images-processed/CT_NonCOVID/75%0.jpg,75%0.jpg,0,0,0,0,1,0,0,0,0,1.0,2.7221243e-09,0,0.45725495,0.27480596,0.7426387,0.5392105,0.77281374,0.12550847,0.9412017,0.7800432,0.73648584,0.4866686,1,1,1,0,1,1,1,0
noncovid_75_1_aug_0200,75%1_aug_0200.png,NonCOVID,0,train,/Users/samehissa/Downloads/SS-VIRULEX-outputs/02_SVIS-RULEX/covid_ct_run/exact_sequence/outputs/augmented_train_images/NonCOVID/75%1_aug_0200.png,/Users/samehissa/Downloads/SS-VIRULEX-outputs/02_SVIS-RULEX/covid_ct_run/exact_sequence/outputs/augmented_train_images/NonCOVID/75%1_aug_0200.png,augmented,/Users/samehissa/Downloads/COVID-CT-Dataset-master/Images-processed/CT_NonCOVID/75%1.jpg,75%1.jpg,1,1,1,0,1,1,1,1,0,0.9999995,4.991776e-07,0,0.46459785,0.30218068,0.7389247,0.5056103,0.7474971,0.14246123,0.91264117,0.7714193,0.7141791,0.43579483,1,1,1,0,1,1,1,0
noncovid_76_0_aug_0201,76%0_aug_0201.png,NonCOVID,0,train,/Users/samehissa/Downloads/SS-VIRULEX-outputs/02_SVIS-RULEX/covid_ct_run/exact_sequence/outputs/augmented_train_images/NonCOVID/76%0_aug_0201.png,/Users/samehissa/Downloads/SS-VIRULEX-outputs/02_SVIS-RULEX/covid_ct_run/exact_sequence/outputs/augmented_train_images/NonCOVID/76%0_aug_0201.png,augmented,/Users/samehissa/Downloads/COVID-CT-Dataset-master/Images-processed/CT_NonCOVID/76%0.jpg,76%0.jpg,1,1,1,0,1,1,1,1,0,0.9894762,0.010523787,0,0.4698248,0.38751426,0.5579239,0.5313102,0.6285318,0.271709,0.72465414,0.67161655,0.6033176,0.506676,1,1,1,0,1,1,1,1
noncovid_76_1_aug_0202,76%1_aug_0202.png,NonCOVID,0,train,/Users/samehissa/Downloads/SS-VIRULEX-outputs/02_SVIS-RULEX/covid_ct_run/exact_sequence/outputs/augmented_train_images/NonCOVID/76%1_aug_0202.png,/Users/samehissa/Downloads/SS-VIRULEX-outputs/02_SVIS-RULEX/covid_ct_run/exact_sequence/outputs/augmented_train_images/NonCOVID/76%1_aug_0202.png,augmented,/Users/samehissa/Downloads/COVID-CT-Dataset-master/Images-processed/CT_NonCOVID/76%1.jpg,76%1.jpg,1,1,1,0,1,1,1,1,0,0.99800926,0.0019908026,0,0.48109195,0.40372097,0.6117479,0.50831985,0.6552812,0.30224845,0.76963127,0.61783314,0.62777793,0.46011573,1,1,1,0,1,1,1,0
noncovid_76_2_aug_0203,76%2_aug_0203.png,NonCOVID,0,train,/Users/samehissa/Downloads/SS-VIRULEX-outputs/02_SVIS-RULEX/covid_ct_run/exact_sequence/outputs/augmented_train_images/NonCOVID/76%2_aug_0203.png,/Users/samehissa/Downloads/SS-VIRULEX-outputs/02_SVIS-RULEX/covid_ct_run/exact_sequence/outputs/augmented_train_images/NonCOVID/76%2_aug_0203.png,augmented,/Users/samehissa/Downloads/COVID-CT-Dataset-master/Images-processed/CT_NonCOVID/76%2.jpg,76%2.jpg,1,1,1,0,1,1,1,1,0,0.9999999,1.3504258e-07,0,0.464385,0.30095232,0.7291535,0.51366925,0.74478894,0.14796504,0.91024375,0.76764417,0.7042616,0.45002982,1,1,1,0,1,1,1,0
noncovid_77_aug_0204,77_aug_0204.png,NonCOVID,0,train,/Users/samehissa/Downloads/SS-VIRULEX-outputs/02_SVIS-RULEX/covid_ct_run/exact_sequence/outputs/augmented_train_images/NonCOVID/77_aug_0204.png,/Users/samehissa/Downloads/SS-VIRULEX-outputs/02_SVIS-RULEX/covid_ct_run/exact_sequence/outputs/augmented_train_images/NonCOVID/77_aug_0204.png,augmented,/Users/samehissa/Downloads/COVID-CT-Dataset-master/Images-processed/CT_NonCOVID/77.jpg,77.jpg,1,1,1,0,1,1,1,1,0,0.98313326,0.016866757,0,0.47704715,0.37850603,0.5659361,0.51040745,0.6182981,0.27321884,0.72110856,0.64403003,0.6092536,0.5083947,1,1,1,0,1,1,1,1
noncovid_78_aug_0205,78_aug_0205.png,NonCOVID,0,train,/Users/samehissa/Downloads/SS-VIRULEX-outputs/02_SVIS-RULEX/covid_ct_run/exact_sequence/outputs/augmented_train_images/NonCOVID/78_aug_0205.png,/Users/samehissa/Downloads/SS-VIRULEX-outputs/02_SVIS-RULEX/covid_ct_run/exact_sequence/outputs/augmented_train_images/NonCOVID/78_aug_0205.png,augmented,/Users/samehissa/Downloads/COVID-CT-Dataset-master/Images-processed/CT_NonCOVID/78.jpg,78.jpg,1,1,1,0,1,1,1,1,0,0.9999144,8.5624975e-05,0,0.48309186,0.35766444,0.6478615,0.51690435,0.698947,0.23703635,0.846281,0.6636473,0.661068,0.47364798,1,1,1,0,1,1,1,0
noncovid_79_aug_0206,79_aug_0206.png,NonCOVID,0,train,/Users/samehissa/Downloads/SS-VIRULEX-outputs/02_SVIS-RULEX/covid_ct_run/exact_sequence/outputs/augmented_train_images/NonCOVID/79_aug_0206.png,/Users/samehissa/Downloads/SS-VIRULEX-outputs/02_SVIS-RULEX/covid_ct_run/exact_sequence/outputs/augmented_train_images/NonCOVID/79_aug_0206.png,augmented,/Users/samehissa/Downloads/COVID-CT-Dataset-master/Images-processed/CT_NonCOVID/79.jpg,79.jpg,1,1,1,0,1,1,1,1,0,0.9999999,6.332283e-08,0,0.45398384,0.2835143,0.73317146,0.51687086,0.77159363,0.12650092,0.9289982,0.7834581,0.7281163,0.4473806,1,1,1,0,1,1,1,0
noncovid_80_0_aug_0207,80%0_aug_0207.png,NonCOVID,0,train,/Users/samehissa/Downloads/SS-VIRULEX-outputs/02_SVIS-RULEX/covid_ct_run/exact_sequence/outputs/augmented_train_images/NonCOVID/80%0_aug_0207.png,/Users/samehissa/Downloads/SS-VIRULEX-outputs/02_SVIS-RULEX/covid_ct_run/exact_sequence/outputs/augmented_train_images/NonCOVID/80%0_aug_0207.png,augmented,/Users/samehissa/Downloads/COVID-CT-Dataset-master/Images-processed/CT_NonCOVID/80%0.jpg,80%0.jpg,1,1,1,0,1,1,1,1,0,0.9991774,0.0008225419,0,0.4805115,0.38451222,0.6578394,0.51219416,0.6475958,0.26474038,0.79141825,0.6699294,0.61214423,0.43556783,1,1,1,0,1,1,1,0
noncovid_80_1_aug_0208,80%1_aug_0208.png,NonCOVID,0,train,/Users/samehissa/Downloads/SS-VIRULEX-outputs/02_SVIS-RULEX/covid_ct_run/exact_sequence/outputs/augmented_train_images/NonCOVID/80%1_aug_0208.png,/Users/samehissa/Downloads/SS-VIRULEX-outputs/02_SVIS-RULEX/covid_ct_run/exact_sequence/outputs/augmented_train_images/NonCOVID/80%1_aug_0208.png,augmented,/Users/samehissa/Downloads/COVID-CT-Dataset-master/Images-processed/CT_NonCOVID/80%1.jpg,80%1.jpg,1,1,1,0,1,1,1,1,0,0.9999827,1.7290025e-05,0,0.4752963,0.3725202,0.6398561,0.50937086,0.6850793,0.25120544,0.8305453,0.6274798,0.653093,0.5016758,1,1,1,0,1,1,1,1
noncovid_81_0_aug_0209,81%0_aug_0209.png,NonCOVID,0,train,/Users/samehissa/Downloads/SS-VIRULEX-outputs/02_SVIS-RULEX/covid_ct_run/exact_sequence/outputs/augmented_train_images/NonCOVID/81%0_aug_0209.png,/Users/samehissa/Downloads/SS-VIRULEX-outputs/02_SVIS-RULEX/covid_ct_run/exact_sequence/outputs/augmented_train_images/NonCOVID/81%0_aug_0209.png,augmented,/Users/samehissa/Downloads/COVID-CT-Dataset-master/Images-processed/CT_NonCOVID/81%0.jpg,81%0.jpg,1,1,1,0,1,1,1,1,0,0.9999647,3.5316385e-05,0,0.47779274,0.35056055,0.67008257,0.52220726,0.68674725,0.2185491,0.84422094,0.70289165,0.6405944,0.44436917,1,1,1,0,1,1,1,0
noncovid_81_1_aug_0210,81%1_aug_0210.png,NonCOVID,0,train,/Users/samehissa/Downloads/SS-VIRULEX-outputs/02_SVIS-RULEX/covid_ct_run/exact_sequence/outputs/augmented_train_images/NonCOVID/81%1_aug_0210.png,/Users/samehissa/Downloads/SS-VIRULEX-outputs/02_SVIS-RULEX/covid_ct_run/exact_sequence/outputs/augmented_train_images/NonCOVID/81%1_aug_0210.png,augmented,/Users/samehissa/Downloads/COVID-CT-Dataset-master/Images-processed/CT_NonCOVID/81%1.jpg,81%1.jpg,1,1,1,0,1,1,1,1,0,0.9999958,4.171738e-06,0,0.45880693,0.32053083,0.7166821,0.54119307,0.7237362,0.17011681,0.89941305,0.7641797,0.67393976,0.44544193,1,1,1,0,1,1,1,0
noncovid_81_2_aug_0211,81%2_aug_0211.png,NonCOVID,0,train,/Users/samehissa/Downloads/SS-VIRULEX-outputs/02_SVIS-RULEX/covid_ct_run/exact_sequence/outputs/augmented_train_images/NonCOVID/81%2_aug_0211.png,/Users/samehissa/Downloads/SS-VIRULEX-outputs/02_SVIS-RULEX/covid_ct_run/exact_sequence/outputs/augmented_train_images/NonCOVID/81%2_aug_0211.png,augmented,/Users/samehissa/Downloads/COVID-CT-Dataset-master/Images-processed/CT_NonCOVID/81%2.jpg,81%2.jpg,1,1,1,0,1,1,1,1,0,0.99999285,7.1492536e-06,0,0.47018605,0.3268258,0.7083404,0.5175113,0.72718596,0.17158988,0.8912933,0.75343317,0.6873242,0.42381638,1,1,1,0,1,1,1,0
noncovid_81_3_aug_0212,81%3_aug_0212.png,NonCOVID,0,train,/Users/samehissa/Downloads/SS-VIRULEX-outputs/02_SVIS-RULEX/covid_ct_run/exact_sequence/outputs/augmented_train_images/NonCOVID/81%3_aug_0212.png,/Users/samehissa/Downloads/SS-VIRULEX-outputs/02_SVIS-RULEX/covid_ct_run/exact_sequence/outputs/augmented_train_images/NonCOVID/81%3_aug_0212.png,augmented,/Users/samehissa/Downloads/COVID-CT-Dataset-master/Images-processed/CT_NonCOVID/81%3.jpg,81%3.jpg,1,1,1,0,1,1,1,1,0,1.0,4.7680526e-10,0,0.43852392,0.23079538,0.79268634,0.5312222,0.8227776,0.0785283,0.96726984,0.84566474,0.784893,0.46213675,1,1,1,0,1,1,1,0
noncovid_82_0_aug_0213,82%0_aug_0213.png,NonCOVID,0,train,/Users/samehissa/Downloads/SS-VIRULEX-outputs/02_SVIS-RULEX/covid_ct_run/exact_sequence/outputs/augmented_train_images/NonCOVID/82%0_aug_0213.png,/Users/samehissa/Downloads/SS-VIRULEX-outputs/02_SVIS-RULEX/covid_ct_run/exact_sequence/outputs/augmented_train_images/NonCOVID/82%0_aug_0213.png,augmented,/Users/samehissa/Downloads/COVID-CT-Dataset-master/Images-processed/CT_NonCOVID/82%0.jpg,82%0.jpg,1,1,1,0,1,1,1,1,0,0.9999925,7.5516323e-06,0,0.47285134,0.3396444,0.70066744,0.52714866,0.7004284,0.19652387,0.8707925,0.73062485,0.6571323,0.44473737,1,1,1,0,1,1,1,0
noncovid_82_1_aug_0214,82%1_aug_0214.png,NonCOVID,0,train,/Users/samehissa/Downloads/SS-VIRULEX-outputs/02_SVIS-RULEX/covid_ct_run/exact_sequence/outputs/augmented_train_images/NonCOVID/82%1_aug_0214.png,/Users/samehissa/Downloads/SS-VIRULEX-outputs/02_SVIS-RULEX/covid_ct_run/exact_sequence/outputs/augmented_train_images/NonCOVID/82%1_aug_0214.png,augmented,/Users/samehissa/Downloads/COVID-CT-Dataset-master/Images-processed/CT_NonCOVID/82%1.jpg,82%1.jpg,1,1,1,0,1,1,1,1,0,0.9999536,4.6410623e-05,0,0.47945714,0.36620638,0.65360206,0.52054286,0.67927283,0.24516615,0.82952154,0.67140967,0.6390141,0.45856246,1,1,1,0,1,1,1,0
noncovid_82_2_aug_0215,82%2_aug_0215.png,NonCOVID,0,train,/Users/samehissa/Downloads/SS-VIRULEX-outputs/02_SVIS-RULEX/covid_ct_run/exact_sequence/outputs/augmented_train_images/NonCOVID/82%2_aug_0215.png,/Users/samehissa/Downloads/SS-VIRULEX-outputs/02_SVIS-RULEX/covid_ct_run/exact_sequence/outputs/augmented_train_images/NonCOVID/82%2_aug_0215.png,augmented,/Users/samehissa/Downloads/COVID-CT-Dataset-master/Images-processed/CT_NonCOVID/82%2.jpg,82%2.jpg,1,1,1,0,1,1,1,1,0,0.9979911,0.0020089766,0,0.46988255,0.3917244,0.58459985,0.5331811,0.63690317,0.30549222,0.76129156,0.6173244,0.59696925,0.47850174,1,1,1,0,1,1,1,0
noncovid_82_3_aug_0216,82%3_aug_0216.png,NonCOVID,0,train,/Users/samehissa/Downloads/SS-VIRULEX-outputs/02_SVIS-RULEX/covid_ct_run/exact_sequence/outputs/augmented_train_images/NonCOVID/82%3_aug_0216.png,/Users/samehissa/Downloads/SS-VIRULEX-outputs/02_SVIS-RULEX/covid_ct_run/exact_sequence/outputs/augmented_train_images/NonCOVID/82%3_aug_0216.png,augmented,/Users/samehissa/Downloads/COVID-CT-Dataset-master/Images-processed/CT_NonCOVID/82%3.jpg,82%3.jpg,1,1,1,0,1,1,1,1,0,0.9985991,0.0014009345,0,0.4840288,0.3809396,0.60219246,0.51583433,0.6479005,0.28276318,0.7754482,0.62668604,0.6163875,0.47723106,1,1,1,0,1,1,1,0
noncovid_83_0_aug_0217,83%0_aug_0217.png,NonCOVID,0,train,/Users/samehissa/Downloads/SS-VIRULEX-outputs/02_SVIS-RULEX/covid_ct_run/exact_sequence/outputs/augmented_train_images/NonCOVID/83%0_aug_0217.png,/Users/samehissa/Downloads/SS-VIRULEX-outputs/02_SVIS-RULEX/covid_ct_run/exact_sequence/outputs/augmented_train_images/NonCOVID/83%0_aug_0217.png,augmented,/Users/samehissa/Downloads/COVID-CT-Dataset-master/Images-processed/CT_NonCOVID/83%0.jpg,83%0.jpg,0,0,0,0,1,0,0,0,0,0.9999999,6.6432165e-08,0,0.46464306,0.29518992,0.7235631,0.5311904,0.744107,0.1471948,0.91497123,0.76588887,0.69791144,0.46312577,1,1,1,0,1,1,1,0
noncovid_83_1_aug_0218,83%1_aug_0218.png,NonCOVID,0,train,/Users/samehissa/Downloads/SS-VIRULEX-outputs/02_SVIS-RULEX/covid_ct_run/exact_sequence/outputs/augmented_train_images/NonCOVID/83%1_aug_0218.png,/Users/samehissa/Downloads/SS-VIRULEX-outputs/02_SVIS-RULEX/covid_ct_run/exact_sequence/outputs/augmented_train_images/NonCOVID/83%1_aug_0218.png,augmented,/Users/samehissa/Downloads/COVID-CT-Dataset-master/Images-processed/CT_NonCOVID/83%1.jpg,83%1.jpg,1,1,1,0,1,1,1,1,0,0.9999933,6.716169e-06,0,0.47442746,0.34476212,0.6842692,0.52557254,0.68795556,0.21472526,0.85441875,0.7028427,0.6452997,0.46264598,1,1,1,0,1,1,1,0
noncovid_83_2_aug_0219,83%2_aug_0219.png,NonCOVID,0,train,/Users/samehissa/Downloads/SS-VIRULEX-outputs/02_SVIS-RULEX/covid_ct_run/exact_sequence/outputs/augmented_train_images/NonCOVID/83%2_aug_0219.png,/Users/samehissa/Downloads/SS-VIRULEX-outputs/02_SVIS-RULEX/covid_ct_run/exact_sequence/outputs/augmented_train_images/NonCOVID/83%2_aug_0219.png,augmented,/Users/samehissa/Downloads/COVID-CT-Dataset-master/Images-processed/CT_NonCOVID/83%2.jpg,83%2.jpg,0,0,1,0,1,0,1,0,0,0.99999976,1.8494552e-07,0,0.46844783,0.31475756,0.6940308,0.52831095,0.72594017,0.17323808,0.892808,0.7318382,0.6785507,0.46488222,1,1,1,0,1,1,1,0
noncovid_83_3_aug_0220,83%3_aug_0220.png,NonCOVID,0,train,/Users/samehissa/Downloads/SS-VIRULEX-outputs/02_SVIS-RULEX/covid_ct_run/exact_sequence/outputs/augmented_train_images/NonCOVID/83%3_aug_0220.png,/Users/samehissa/Downloads/SS-VIRULEX-outputs/02_SVIS-RULEX/covid_ct_run/exact_sequence/outputs/augmented_train_images/NonCOVID/83%3_aug_0220.png,augmented,/Users/samehissa/Downloads/COVID-CT-Dataset-master/Images-processed/CT_NonCOVID/83%3.jpg,83%3.jpg,1,0,1,0,1,1,1,1,0,0.99999905,9.881054e-07,0,0.468205,0.31887883,0.70734745,0.5210233,0.73258245,0.17193232,0.89846313,0.73709553,0.6958367,0.45646894,1,1,1,0,1,1,1,0
noncovid_84_0_aug_0221,84%0_aug_0221.png,NonCOVID,0,train,/Users/samehissa/Downloads/SS-VIRULEX-outputs/02_SVIS-RULEX/covid_ct_run/exact_sequence/outputs/augmented_train_images/NonCOVID/84%0_aug_0221.png,/Users/samehissa/Downloads/SS-VIRULEX-outputs/02_SVIS-RULEX/covid_ct_run/exact_sequence/outputs/augmented_train_images/NonCOVID/84%0_aug_0221.png,augmented,/Users/samehissa/Downloads/COVID-CT-Dataset-master/Images-processed/CT_NonCOVID/84%0.jpg,84%0.jpg,0,0,0,0,1,0,0,0,0,0.99984276,0.00015723464,0,0.479987,0.35931635,0.64254993,0.5042546,0.67900044,0.24761355,0.81786317,0.645547,0.6437287,0.47183806,1,1,1,0,1,1,1,0
noncovid_84_1_aug_0222,84%1_aug_0222.png,NonCOVID,0,train,/Users/samehissa/Downloads/SS-VIRULEX-outputs/02_SVIS-RULEX/covid_ct_run/exact_sequence/outputs/augmented_train_images/NonCOVID/84%1_aug_0222.png,/Users/samehissa/Downloads/SS-VIRULEX-outputs/02_SVIS-RULEX/covid_ct_run/exact_sequence/outputs/augmented_train_images/NonCOVID/84%1_aug_0222.png,augmented,/Users/samehissa/Downloads/COVID-CT-Dataset-master/Images-processed/CT_NonCOVID/84%1.jpg,84%1.jpg,0,0,0,0,1,0,0,0,0,0.994214,0.005786051,0,0.4682649,0.38824895,0.5568006,0.5407024,0.63747364,0.28608435,0.7489754,0.64055026,0.6127708,0.5013722,1,1,1,0,1,1,1,1
noncovid_84_2_aug_0223,84%2_aug_0223.png,NonCOVID,0,train,/Users/samehissa/Downloads/SS-VIRULEX-outputs/02_SVIS-RULEX/covid_ct_run/exact_sequence/outputs/augmented_train_images/NonCOVID/84%2_aug_0223.png,/Users/samehissa/Downloads/SS-VIRULEX-outputs/02_SVIS-RULEX/covid_ct_run/exact_sequence/outputs/augmented_train_images/NonCOVID/84%2_aug_0223.png,augmented,/Users/samehissa/Downloads/COVID-CT-Dataset-master/Images-processed/CT_NonCOVID/84%2.jpg,84%2.jpg,0,0,0,0,1,0,0,0,0,0.9999994,6.0924737e-07,0,0.46777004,0.3065052,0.6979499,0.5301979,0.73713976,0.1620952,0.9029495,0.7427733,0.68939555,0.46679357,1,1,1,0,1,1,1,0
noncovid_84_3_aug_0224,84%3_aug_0224.png,NonCOVID,0,train,/Users/samehissa/Downloads/SS-VIRULEX-outputs/02_SVIS-RULEX/covid_ct_run/exact_sequence/outputs/augmented_train_images/NonCOVID/84%3_aug_0224.png,/Users/samehissa/Downloads/SS-VIRULEX-outputs/02_SVIS-RULEX/covid_ct_run/exact_sequence/outputs/augmented_train_images/NonCOVID/84%3_aug_0224.png,augmented,/Users/samehissa/Downloads/COVID-CT-Dataset-master/Images-processed/CT_NonCOVID/84%3.jpg,84%3.jpg,0,0,0,0,1,0,0,0,0,0.9999999,1.6712836e-07,0,0.46207035,0.30111593,0.70983577,0.53792965,0.7672651,0.15054244,0.92850435,0.75487167,0.7281014,0.47105122,1,1,1,0,1,1,1,0
noncovid_85_0_aug_0225,85%0_aug_0225.png,NonCOVID,0,train,/Users/samehissa/Downloads/SS-VIRULEX-outputs/02_SVIS-RULEX/covid_ct_run/exact_sequence/outputs/augmented_train_images/NonCOVID/85%0_aug_0225.png,/Users/samehissa/Downloads/SS-VIRULEX-outputs/02_SVIS-RULEX/covid_ct_run/exact_sequence/outputs/augmented_train_images/NonCOVID/85%0_aug_0225.png,augmented,/Users/samehissa/Downloads/COVID-CT-Dataset-master/Images-processed/CT_NonCOVID/85%0.jpg,85%0.jpg,0,0,0,0,1,0,0,0,0,0.99999094,9.109948e-06,0,0.4698974,0.34707475,0.6533219,0.5301026,0.7030871,0.22721729,0.8617363,0.67156816,0.66286206,0.48598164,1,1,1,0,1,1,1,0
noncovid_85_1_aug_0226,85%1_aug_0226.png,NonCOVID,0,train,/Users/samehissa/Downloads/SS-VIRULEX-outputs/02_SVIS-RULEX/covid_ct_run/exact_sequence/outputs/augmented_train_images/NonCOVID/85%1_aug_0226.png,/Users/samehissa/Downloads/SS-VIRULEX-outputs/02_SVIS-RULEX/covid_ct_run/exact_sequence/outputs/augmented_train_images/NonCOVID/85%1_aug_0226.png,augmented,/Users/samehissa/Downloads/COVID-CT-Dataset-master/Images-processed/CT_NonCOVID/85%1.jpg,85%1.jpg,0,0,0,0,1,0,0,0,0,0.9998858,0.00011420392,0,0.47548234,0.3682003,0.65317196,0.52451766,0.652869,0.2536452,0.80258363,0.67229253,0.60614336,0.44925153,1,1,1,0,1,1,1,0
noncovid_86_aug_0227,86_aug_0227.png,NonCOVID,0,train,/Users/samehissa/Downloads/SS-VIRULEX-outputs/02_SVIS-RULEX/covid_ct_run/exact_sequence/outputs/augmented_train_images/NonCOVID/86_aug_0227.png,/Users/samehissa/Downloads/SS-VIRULEX-outputs/02_SVIS-RULEX/covid_ct_run/exact_sequence/outputs/augmented_train_images/NonCOVID/86_aug_0227.png,augmented,/Users/samehissa/Downloads/COVID-CT-Dataset-master/Images-processed/CT_NonCOVID/86.jpg,86.jpg,1,1,1,0,0,1,1,1,0,0.99897003,0.0010300041,0,0.48519668,0.3870275,0.59972227,0.51477915,0.63448703,0.30399302,0.75866026,0.6129725,0.59837335,0.46312284,1,1,1,0,1,1,1,0
noncovid_88_aug_0228,88_aug_0228.png,NonCOVID,0,train,/Users/samehissa/Downloads/SS-VIRULEX-outputs/02_SVIS-RULEX/covid_ct_run/exact_sequence/outputs/augmented_train_images/NonCOVID/88_aug_0228.png,/Users/samehissa/Downloads/SS-VIRULEX-outputs/02_SVIS-RULEX/covid_ct_run/exact_sequence/outputs/augmented_train_images/NonCOVID/88_aug_0228.png,augmented,/Users/samehissa/Downloads/COVID-CT-Dataset-master/Images-processed/CT_NonCOVID/88.jpg,88.jpg,0,0,0,0,1,0,0,0,1,0.027746785,0.97225326,1,0.42507872,0.45347935,0.6844803,0.5581035,0.7250166,0.42816168,0.54067045,0.63325655,0.62745124,0.628818,1,1,1,0,1,1,1,1
noncovid_89_2_aug_0229,89%2_aug_0229.png,NonCOVID,0,train,/Users/samehissa/Downloads/SS-VIRULEX-outputs/02_SVIS-RULEX/covid_ct_run/exact_sequence/outputs/augmented_train_images/NonCOVID/89%2_aug_0229.png,/Users/samehissa/Downloads/SS-VIRULEX-outputs/02_SVIS-RULEX/covid_ct_run/exact_sequence/outputs/augmented_train_images/NonCOVID/89%2_aug_0229.png,augmented,/Users/samehissa/Downloads/COVID-CT-Dataset-master/Images-processed/CT_NonCOVID/89%2.jpg,89%2.jpg,1,1,1,0,1,1,1,1,0,1.0,1.7499156e-13,0,0.41675457,0.1767815,0.8442918,0.56010383,0.86656487,0.04315661,0.98668355,0.9037259,0.8282842,0.46834663,1,1,1,0,1,1,1,0
noncovid_89_3_aug_0230,89%3_aug_0230.png,NonCOVID,0,train,/Users/samehissa/Downloads/SS-VIRULEX-outputs/02_SVIS-RULEX/covid_ct_run/exact_sequence/outputs/augmented_train_images/NonCOVID/89%3_aug_0230.png,/Users/samehissa/Downloads/SS-VIRULEX-outputs/02_SVIS-RULEX/covid_ct_run/exact_sequence/outputs/augmented_train_images/NonCOVID/89%3_aug_0230.png,augmented,/Users/samehissa/Downloads/COVID-CT-Dataset-master/Images-processed/CT_NonCOVID/89%3.jpg,89%3.jpg,0,0,0,0,1,0,0,0,0,0.9999999,1.2147534e-07,0,0.46243566,0.29441535,0.7027772,0.5288845,0.75383323,0.15335703,0.91569465,0.74554497,0.70663154,0.48474717,1,1,1,0,1,1,1,0
noncovid_90_aug_0231,90_aug_0231.png,NonCOVID,0,train,/Users/samehissa/Downloads/SS-VIRULEX-outputs/02_SVIS-RULEX/covid_ct_run/exact_sequence/outputs/augmented_train_images/NonCOVID/90_aug_0231.png,/Users/samehissa/Downloads/SS-VIRULEX-outputs/02_SVIS-RULEX/covid_ct_run/exact_sequence/outputs/augmented_train_images/NonCOVID/90_aug_0231.png,augmented,/Users/samehissa/Downloads/COVID-CT-Dataset-master/Images-processed/CT_NonCOVID/90.jpg,90.jpg,1,1,1,0,1,1,1,1,0,0.9999982,1.7539418e-06,0,0.45803422,0.32768345,0.69282234,0.5419658,0.7216006,0.18646851,0.8941503,0.73070854,0.6775762,0.46505386,1,1,1,0,1,1,1,0
noncovid_91_0_aug_0232,91%0_aug_0232.png,NonCOVID,0,train,/Users/samehissa/Downloads/SS-VIRULEX-outputs/02_SVIS-RULEX/covid_ct_run/exact_sequence/outputs/augmented_train_images/NonCOVID/91%0_aug_0232.png,/Users/samehissa/Downloads/SS-VIRULEX-outputs/02_SVIS-RULEX/covid_ct_run/exact_sequence/outputs/augmented_train_images/NonCOVID/91%0_aug_0232.png,augmented,/Users/samehissa/Downloads/COVID-CT-Dataset-master/Images-processed/CT_NonCOVID/91%0.jpg,91%0.jpg,1,1,1,0,1,1,1,1,0,1.0,2.4413406e-08,0,0.4480418,0.2829493,0.72989166,0.5519582,0.7675471,0.13481255,0.93781775,0.77792907,0.7242692,0.48207644,1,1,1,0,1,1,1,0
noncovid_91_1_aug_0233,91%1_aug_0233.png,NonCOVID,0,train,/Users/samehissa/Downloads/SS-VIRULEX-outputs/02_SVIS-RULEX/covid_ct_run/exact_sequence/outputs/augmented_train_images/NonCOVID/91%1_aug_0233.png,/Users/samehissa/Downloads/SS-VIRULEX-outputs/02_SVIS-RULEX/covid_ct_run/exact_sequence/outputs/augmented_train_images/NonCOVID/91%1_aug_0233.png,augmented,/Users/samehissa/Downloads/COVID-CT-Dataset-master/Images-processed/CT_NonCOVID/91%1.jpg,91%1.jpg,1,1,1,0,1,1,1,1,0,0.99999917,8.04405e-07,0,0.4551686,0.31184256,0.6764144,0.551738,0.7366663,0.17920302,0.90664464,0.7215869,0.6877646,0.4955477,1,1,1,0,1,1,1,0
covid_2020_03_13_20035212_p23_155,2020.03.13.20035212-p23-155.png,COVID,1,val,/Users/samehissa/Downloads/COVID-CT-Dataset-master/Images-processed/CT_COVID/2020.03.13.20035212-p23-155.png,/Users/samehissa/Downloads/COVID-CT-Dataset-master/Images-processed/CT_COVID/2020.03.13.20035212-p23-155.png,original,,2020.03.13.20035212-p23-155.png,1,1,1,1,1,1,1,1,1,6.3016705e-05,0.99993694,1,0.368705,0.458607,0.7442095,0.6490087,0.8132835,0.4647111,0.55085087,0.7302293,0.7062573,0.73972166,1,1,1,0,1,1,1,1
covid_2020_03_13_20035212_p23_156,2020.03.13.20035212-p23-156.png,COVID,1,val,/Users/samehissa/Downloads/COVID-CT-Dataset-master/Images-processed/CT_COVID/2020.03.13.20035212-p23-156.png,/Users/samehissa/Downloads/COVID-CT-Dataset-master/Images-processed/CT_COVID/2020.03.13.20035212-p23-156.png,original,,2020.03.13.20035212-p23-156.png,1,1,1,0,1,1,1,1,0,0.991058,0.008942066,0,0.48738503,0.41330278,0.59584206,0.50784963,0.61533916,0.3323189,0.720818,0.5866972,0.58278596,0.46820146,1,1,1,0,1,1,1,0
covid_2020_03_13_20035212_p23_157,2020.03.13.20035212-p23-157.png,COVID,1,val,/Users/samehissa/Downloads/COVID-CT-Dataset-master/Images-processed/CT_COVID/2020.03.13.20035212-p23-157.png,/Users/samehissa/Downloads/COVID-CT-Dataset-master/Images-processed/CT_COVID/2020.03.13.20035212-p23-157.png,original,,2020.03.13.20035212-p23-157.png,1,1,1,0,1,1,1,1,1,0.35227948,0.6477205,0,0.47934672,0.45043918,0.5553602,0.4936,0.5923737,0.3923581,0.5471678,0.59727,0.57223916,0.55413866,1,0,1,0,1,1,1,1
covid_2020_03_13_20035212_p23_158,2020.03.13.20035212-p23-158.png,COVID,1,val,/Users/samehissa/Downloads/COVID-CT-Dataset-master/Images-processed/CT_COVID/2020.03.13.20035212-p23-158.png,/Users/samehissa/Downloads/COVID-CT-Dataset-master/Images-processed/CT_COVID/2020.03.13.20035212-p23-158.png,original,,2020.03.13.20035212-p23-158.png,1,1,1,1,1,1,1,1,1,0.061306722,0.9386933,1,0.4379208,0.45339975,0.6367564,0.55401593,0.69041723,0.44979614,0.5274203,0.6021566,0.62056,0.6050448,1,1,1,0,1,1,1,1
covid_2020_03_13_20035212_p23_159,2020.03.13.20035212-p23-159.png,COVID,1,val,/Users/samehissa/Downloads/COVID-CT-Dataset-master/Images-processed/CT_COVID/2020.03.13.20035212-p23-159.png,/Users/samehissa/Downloads/COVID-CT-Dataset-master/Images-processed/CT_COVID/2020.03.13.20035212-p23-159.png,original,,2020.03.13.20035212-p23-159.png,1,1,1,1,1,1,1,1,1,0.023532737,0.9764673,1,0.41830164,0.46002644,0.68577987,0.57467145,0.7459749,0.44855475,0.52890295,0.6447648,0.65961564,0.6674212,1,1,1,0,1,1,1,1
covid_2020_03_13_20035212_p23_160,2020.03.13.20035212-p23-160.png,COVID,1,val,/Users/samehissa/Downloads/COVID-CT-Dataset-master/Images-processed/CT_COVID/2020.03.13.20035212-p23-160.png,/Users/samehissa/Downloads/COVID-CT-Dataset-master/Images-processed/CT_COVID/2020.03.13.20035212-p23-160.png,original,,2020.03.13.20035212-p23-160.png,1,1,1,1,1,1,1,1,1,0.0050960816,0.9949039,1,0.40461853,0.46767354,0.69115555,0.6183679,0.77069795,0.45059755,0.53454894,0.6691611,0.6612009,0.67493165,1,1,1,0,1,1,1,1
covid_2020_03_13_20035212_p23_161,2020.03.13.20035212-p23-161.png,COVID,1,val,/Users/samehissa/Downloads/COVID-CT-Dataset-master/Images-processed/CT_COVID/2020.03.13.20035212-p23-161.png,/Users/samehissa/Downloads/COVID-CT-Dataset-master/Images-processed/CT_COVID/2020.03.13.20035212-p23-161.png,original,,2020.03.13.20035212-p23-161.png,1,1,1,0,1,1,1,1,0,0.9883301,0.011669827,0,0.48671427,0.3872081,0.59535086,0.50388443,0.6017119,0.2976889,0.7073344,0.61624223,0.598671,0.4910077,1,1,1,0,1,1,1,0
covid_2020_03_13_20035212_p23_162,2020.03.13.20035212-p23-162.png,COVID,1,val,/Users/samehissa/Downloads/COVID-CT-Dataset-master/Images-processed/CT_COVID/2020.03.13.20035212-p23-162.png,/Users/samehissa/Downloads/COVID-CT-Dataset-master/Images-processed/CT_COVID/2020.03.13.20035212-p23-162.png,original,,2020.03.13.20035212-p23-162.png,1,1,1,1,1,1,1,1,1,0.0050021517,0.99499786,1,0.39690328,0.46865883,0.7031623,0.61480945,0.75438243,0.47066095,0.5305172,0.67518336,0.66120845,0.69792956,1,1,1,0,1,1,1,1
covid_2020_03_13_20035212_p23_163,2020.03.13.20035212-p23-163.png,COVID,1,val,/Users/samehissa/Downloads/COVID-CT-Dataset-master/Images-processed/CT_COVID/2020.03.13.20035212-p23-163.png,/Users/samehissa/Downloads/COVID-CT-Dataset-master/Images-processed/CT_COVID/2020.03.13.20035212-p23-163.png,original,,2020.03.13.20035212-p23-163.png,1,1,1,1,1,1,1,1,1,0.0036133635,0.99638665,1,0.40607497,0.4700857,0.6750606,0.6190629,0.7386393,0.4719714,0.52739716,0.6578831,0.6423304,0.6733246,1,1,1,0,1,1,1,1
covid_2020_03_16_20035105_p6_64_1,2020.03.16.20035105-p6-64-1.png,COVID,1,val,/Users/samehissa/Downloads/COVID-CT-Dataset-master/Images-processed/CT_COVID/2020.03.16.20035105-p6-64-1.png,/Users/samehissa/Downloads/COVID-CT-Dataset-master/Images-processed/CT_COVID/2020.03.16.20035105-p6-64-1.png,original,,2020.03.16.20035105-p6-64-1.png,1,1,1,0,1,1,1,1,0,0.9123068,0.08769325,0,0.4815213,0.42700627,0.55749863,0.49251223,0.6682166,0.3133286,0.6486489,0.6472612,0.66107947,0.54959065,1,0,1,0,1,1,1,1
covid_2020_03_16_20035105_p6_64_2,2020.03.16.20035105-p6-64-2.png,COVID,1,val,/Users/samehissa/Downloads/COVID-CT-Dataset-master/Images-processed/CT_COVID/2020.03.16.20035105-p6-64-2.png,/Users/samehissa/Downloads/COVID-CT-Dataset-master/Images-processed/CT_COVID/2020.03.16.20035105-p6-64-2.png,original,,2020.03.16.20035105-p6-64-2.png,1,1,1,0,1,1,1,1,1,0.016202409,0.9837976,1,0.41577065,0.46218553,0.67463684,0.58327717,0.7748772,0.43060142,0.5510948,0.6475538,0.68434256,0.65086204,1,1,1,0,1,1,1,1
covid_2020_03_16_20035105_p6_64_3,2020.03.16.20035105-p6-64-3.png,COVID,1,val,/Users/samehissa/Downloads/COVID-CT-Dataset-master/Images-processed/CT_COVID/2020.03.16.20035105-p6-64-3.png,/Users/samehissa/Downloads/COVID-CT-Dataset-master/Images-processed/CT_COVID/2020.03.16.20035105-p6-64-3.png,original,,2020.03.16.20035105-p6-64-3.png,1,1,1,0,1,1,1,1,1,0.25579682,0.7442032,1,0.4474161,0.45720872,0.6247014,0.52684426,0.71485686,0.39092922,0.54410344,0.6213142,0.64606816,0.59807694,1,1,1,0,1,1,1,1
covid_2020_03_16_20035105_p6_64_4,2020.03.16.20035105-p6-64-4.png,COVID,1,val,/Users/samehissa/Downloads/COVID-CT-Dataset-master/Images-processed/CT_COVID/2020.03.16.20035105-p6-64-4.png,/Users/samehissa/Downloads/COVID-CT-Dataset-master/Images-processed/CT_COVID/2020.03.16.20035105-p6-64-4.png,original,,2020.03.16.20035105-p6-64-4.png,1,1,1,0,1,1,1,1,1,0.04264008,0.95735997,1,0.42486468,0.462074,0.64934605,0.5708635,0.69795394,0.4652147,0.5130859,0.62623763,0.62452656,0.63430434,1,1,1,0,1,1,1,1
covid_2020_03_16_20036145_p19_128_1,2020.03.16.20036145-p19-128-1.png,COVID,1,val,/Users/samehissa/Downloads/COVID-CT-Dataset-master/Images-processed/CT_COVID/2020.03.16.20036145-p19-128-1.png,/Users/samehissa/Downloads/COVID-CT-Dataset-master/Images-processed/CT_COVID/2020.03.16.20036145-p19-128-1.png,original,,2020.03.16.20036145-p19-128-1.png,1,1,1,0,1,1,1,1,0,0.7943662,0.20563379,0,0.49132317,0.40547058,0.5975562,0.48959115,0.61289376,0.2904272,0.64053345,0.66944975,0.6064713,0.5441657,1,0,1,0,1,1,1,1
covid_2020_03_16_20036145_p19_128_2,2020.03.16.20036145-p19-128-2.png,COVID,1,val,/Users/samehissa/Downloads/COVID-CT-Dataset-master/Images-processed/CT_COVID/2020.03.16.20036145-p19-128-2.png,/Users/samehissa/Downloads/COVID-CT-Dataset-master/Images-processed/CT_COVID/2020.03.16.20036145-p19-128-2.png,original,,2020.03.16.20036145-p19-128-2.png,0,0,0,0,1,0,0,0,1,0.108010374,0.89198965,1,0.43469694,0.45404163,0.64959645,0.5592746,0.6568165,0.46436828,0.51078254,0.6036451,0.57960653,0.61143154,1,1,1,0,1,1,1,1
covid_2020_03_16_20036145_p19_128_3,2020.03.16.20036145-p19-128-3.png,COVID,1,val,/Users/samehissa/Downloads/COVID-CT-Dataset-master/Images-processed/CT_COVID/2020.03.16.20036145-p19-128-3.png,/Users/samehissa/Downloads/COVID-CT-Dataset-master/Images-processed/CT_COVID/2020.03.16.20036145-p19-128-3.png,original,,2020.03.16.20036145-p19-128-3.png,1,1,1,1,1,1,1,1,1,0.031794917,0.96820503,1,0.43829057,0.4585723,0.6171623,0.5667346,0.64271826,0.48192465,0.50328386,0.592025,0.5793603,0.6022309,1,1,1,0,1,1,1,1
covid_2020_03_16_20036145_p19_128_4,2020.03.16.20036145-p19-128-4.png,COVID,1,val,/Users/samehissa/Downloads/COVID-CT-Dataset-master/Images-processed/CT_COVID/2020.03.16.20036145-p19-128-4.png,/Users/samehissa/Downloads/COVID-CT-Dataset-master/Images-processed/CT_COVID/2020.03.16.20036145-p19-128-4.png,original,,2020.03.16.20036145-p19-128-4.png,1,1,1,1,1,1,1,1,1,0.062705025,0.93729496,1,0.44323945,0.45577925,0.6229729,0.5493835,0.62669384,0.46996236,0.5013796,0.5932921,0.5591689,0.58215725,1,1,1,0,1,1,1,1
covid_2020_03_18_20038125_p15_54_2,2020.03.18.20038125-p15-54-2.png,COVID,1,val,/Users/samehissa/Downloads/COVID-CT-Dataset-master/Images-processed/CT_COVID/2020.03.18.20038125-p15-54-2.png,/Users/samehissa/Downloads/COVID-CT-Dataset-master/Images-processed/CT_COVID/2020.03.18.20038125-p15-54-2.png,original,,2020.03.18.20038125-p15-54-2.png,1,1,1,0,1,1,1,1,1,0.0062411944,0.9937588,1,0.4133446,0.4648317,0.6514619,0.6090636,0.7175034,0.4456795,0.5241539,0.6596668,0.6142729,0.64325255,1,1,1,0,1,1,1,1
covid_2020_03_18_20038125_p15_54_4,2020.03.18.20038125-p15-54-4.png,COVID,1,val,/Users/samehissa/Downloads/COVID-CT-Dataset-master/Images-processed/CT_COVID/2020.03.18.20038125-p15-54-4.png,/Users/samehissa/Downloads/COVID-CT-Dataset-master/Images-processed/CT_COVID/2020.03.18.20038125-p15-54-4.png,original,,2020.03.18.20038125-p15-54-4.png,1,0,1,0,1,1,1,1,1,0.18856369,0.81143636,0,0.4753694,0.4558003,0.5574219,0.50735533,0.69878525,0.32970533,0.59821904,0.6604705,0.645389,0.5890481,1,1,1,0,1,1,1,1
covid_2020_03_18_20038125_p15_54_5,2020.03.18.20038125-p15-54-5.png,COVID,1,val,/Users/samehissa/Downloads/COVID-CT-Dataset-master/Images-processed/CT_COVID/2020.03.18.20038125-p15-54-5.png,/Users/samehissa/Downloads/COVID-CT-Dataset-master/Images-processed/CT_COVID/2020.03.18.20038125-p15-54-5.png,original,,2020.03.18.20038125-p15-54-5.png,1,1,1,0,1,1,1,1,0,0.72836643,0.2716336,0,0.47982875,0.42618242,0.55582595,0.4953856,0.66546667,0.32193932,0.59981537,0.658398,0.63439745,0.57217276,1,0,1,0,1,1,1,1
covid_2020_03_18_20038125_p15_54_6,2020.03.18.20038125-p15-54-6.png,COVID,1,val,/Users/samehissa/Downloads/COVID-CT-Dataset-master/Images-processed/CT_COVID/2020.03.18.20038125-p15-54-6.png,/Users/samehissa/Downloads/COVID-CT-Dataset-master/Images-processed/CT_COVID/2020.03.18.20038125-p15-54-6.png,original,,2020.03.18.20038125-p15-54-6.png,1,1,1,0,1,1,1,1,0,0.998511,0.001489014,0,0.47283405,0.38316995,0.58617216,0.52716595,0.6552357,0.26710436,0.7686128,0.65772927,0.637649,0.4803431,1,1,1,0,1,1,1,0
covid_2020_03_18_20038125_p16_56_1,2020.03.18.20038125-p16-56-1.png,COVID,1,val,/Users/samehissa/Downloads/COVID-CT-Dataset-master/Images-processed/CT_COVID/2020.03.18.20038125-p16-56-1.png,/Users/samehissa/Downloads/COVID-CT-Dataset-master/Images-processed/CT_COVID/2020.03.18.20038125-p16-56-1.png,original,,2020.03.18.20038125-p16-56-1.png,1,1,1,0,1,1,1,1,1,0.35405895,0.6459411,1,0.43741688,0.4593935,0.641028,0.51915574,0.72290224,0.35831195,0.53407013,0.6662492,0.647323,0.6138603,1,1,1,0,1,1,1,1
covid_2020_03_18_20038125_p16_56_2,2020.03.18.20038125-p16-56-2.png,COVID,1,val,/Users/samehissa/Downloads/COVID-CT-Dataset-master/Images-processed/CT_COVID/2020.03.18.20038125-p16-56-2.png,/Users/samehissa/Downloads/COVID-CT-Dataset-master/Images-processed/CT_COVID/2020.03.18.20038125-p16-56-2.png,original,,2020.03.18.20038125-p16-56-2.png,1,0,1,0,1,1,1,1,1,0.036877308,0.9631227,1,0.42867014,0.45578286,0.6674388,0.54444987,0.71130097,0.4092064,0.5225422,0.64732397,0.62061185,0.6311946,1,1,1,0,1,1,1,1
covid_2020_03_18_20038125_p16_56_3,2020.03.18.20038125-p16-56-3.png,COVID,1,val,/Users/samehissa/Downloads/COVID-CT-Dataset-master/Images-processed/CT_COVID/2020.03.18.20038125-p16-56-3.png,/Users/samehissa/Downloads/COVID-CT-Dataset-master/Images-processed/CT_COVID/2020.03.18.20038125-p16-56-3.png,original,,2020.03.18.20038125-p16-56-3.png,1,0,1,0,1,1,1,1,0,0.9999975,2.4939723e-06,0,0.4698939,0.32079732,0.68916595,0.51312965,0.7426911,0.17602293,0.8969309,0.722562,0.7052436,0.46264046,1,1,1,0,1,1,1,0
covid_2020_03_18_20038125_p16_56_4,2020.03.18.20038125-p16-56-4.png,COVID,1,val,/Users/samehissa/Downloads/COVID-CT-Dataset-master/Images-processed/CT_COVID/2020.03.18.20038125-p16-56-4.png,/Users/samehissa/Downloads/COVID-CT-Dataset-master/Images-processed/CT_COVID/2020.03.18.20038125-p16-56-4.png,original,,2020.03.18.20038125-p16-56-4.png,1,0,1,0,1,1,1,1,1,0.13569483,0.86430514,1,0.4313695,0.45441264,0.62901855,0.5484317,0.7113988,0.40615255,0.54598516,0.65169895,0.64132816,0.6117448,1,1,1,0,1,1,1,1
covid_2020_03_18_20038125_p16_56_5,2020.03.18.20038125-p16-56-5.png,COVID,1,val,/Users/samehissa/Downloads/COVID-CT-Dataset-master/Images-processed/CT_COVID/2020.03.18.20038125-p16-56-5.png,/Users/samehissa/Downloads/COVID-CT-Dataset-master/Images-processed/CT_COVID/2020.03.18.20038125-p16-56-5.png,original,,2020.03.18.20038125-p16-56-5.png,1,0,1,0,1,1,1,1,1,0.38597333,0.6140267,0,0.45869914,0.43362525,0.5455964,0.49493286,0.7300574,0.29313457,0.6085211,0.681614,0.6680022,0.5802876,1,0,1,0,1,1,1,1
covid_2020_03_18_20038125_p16_56_6,2020.03.18.20038125-p16-56-6.png,COVID,1,val,/Users/samehissa/Downloads/COVID-CT-Dataset-master/Images-processed/CT_COVID/2020.03.18.20038125-p16-56-6.png,/Users/samehissa/Downloads/COVID-CT-Dataset-master/Images-processed/CT_COVID/2020.03.18.20038125-p16-56-6.png,original,,2020.03.18.20038125-p16-56-6.png,1,0,1,0,1,1,1,1,0,0.99990416,9.587066e-05,0,0.47825587,0.36021978,0.6779225,0.5088579,0.7048953,0.21972747,0.85612047,0.7032301,0.66928345,0.44477096,1,1,1,0,1,1,1,0
covid_2020_03_19_20038539_p10_57,2020.03.19.20038539-p10-57.png,COVID,1,val,/Users/samehissa/Downloads/COVID-CT-Dataset-master/Images-processed/CT_COVID/2020.03.19.20038539-p10-57.png,/Users/samehissa/Downloads/COVID-CT-Dataset-master/Images-processed/CT_COVID/2020.03.19.20038539-p10-57.png,original,,2020.03.19.20038539-p10-57.png,1,1,1,0,1,1,1,1,1,0.16184466,0.8381553,1,0.45144096,0.45307884,0.62565875,0.5473923,0.6294886,0.44538674,0.5064192,0.5870739,0.5465567,0.5553611,1,1,1,0,1,1,1,1
covid_2020_03_19_20038539_p10_58,2020.03.19.20038539-p10-58.png,COVID,1,val,/Users/samehissa/Downloads/COVID-CT-Dataset-master/Images-processed/CT_COVID/2020.03.19.20038539-p10-58.png,/Users/samehissa/Downloads/COVID-CT-Dataset-master/Images-processed/CT_COVID/2020.03.19.20038539-p10-58.png,original,,2020.03.19.20038539-p10-58.png,1,1,1,0,1,1,1,1,1,0.012887239,0.9871128,1,0.42467517,0.46390834,0.64335036,0.5847197,0.6849164,0.47889656,0.51085895,0.61942756,0.6081438,0.6372383,1,1,1,0,1,1,1,1
covid_2020_03_19_20038539_p10_59,2020.03.19.20038539-p10-59.png,COVID,1,val,/Users/samehissa/Downloads/COVID-CT-Dataset-master/Images-processed/CT_COVID/2020.03.19.20038539-p10-59.png,/Users/samehissa/Downloads/COVID-CT-Dataset-master/Images-processed/CT_COVID/2020.03.19.20038539-p10-59.png,original,,2020.03.19.20038539-p10-59.png,1,1,1,0,1,1,1,1,1,0.0071135163,0.9928865,1,0.41122612,0.46822068,0.6735822,0.6061106,0.7251263,0.46917507,0.52065855,0.6497677,0.63029474,0.6639998,1,1,1,0,1,1,1,1
covid_2020_03_19_20038539_p10_60,2020.03.19.20038539-p10-60.png,COVID,1,val,/Users/samehissa/Downloads/COVID-CT-Dataset-master/Images-processed/CT_COVID/2020.03.19.20038539-p10-60.png,/Users/samehissa/Downloads/COVID-CT-Dataset-master/Images-processed/CT_COVID/2020.03.19.20038539-p10-60.png,original,,2020.03.19.20038539-p10-60.png,1,1,1,0,1,1,1,1,0,0.96986467,0.030135296,0,0.49048108,0.42442787,0.6076507,0.5095189,0.5674743,0.33837688,0.6505097,0.6259263,0.5608845,0.45805228,1,1,1,0,1,1,1,0
covid_2020_03_19_20038539_p10_61,2020.03.19.20038539-p10-61.png,COVID,1,val,/Users/samehissa/Downloads/COVID-CT-Dataset-master/Images-processed/CT_COVID/2020.03.19.20038539-p10-61.png,/Users/samehissa/Downloads/COVID-CT-Dataset-master/Images-processed/CT_COVID/2020.03.19.20038539-p10-61.png,original,,2020.03.19.20038539-p10-61.png,1,1,1,0,1,1,1,1,1,0.008134875,0.9918651,1,0.41751522,0.46633917,0.6663177,0.5864417,0.7095748,0.4719799,0.51277715,0.63951266,0.6268188,0.65723765,1,1,1,0,1,1,1,1
covid_2020_03_19_20038539_p10_62,2020.03.19.20038539-p10-62.png,COVID,1,val,/Users/samehissa/Downloads/COVID-CT-Dataset-master/Images-processed/CT_COVID/2020.03.19.20038539-p10-62.png,/Users/samehissa/Downloads/COVID-CT-Dataset-master/Images-processed/CT_COVID/2020.03.19.20038539-p10-62.png,original,,2020.03.19.20038539-p10-62.png,1,1,1,0,1,1,1,1,1,0.0057003153,0.99429965,1,0.41702396,0.46645847,0.6529257,0.6007615,0.708648,0.47509092,0.51793283,0.63505954,0.62336904,0.6510625,1,1,1,0,1,1,1,1
covid_2020_03_20_20037325_p23_121,2020.03.20.20037325-p23-121.png,COVID,1,val,/Users/samehissa/Downloads/COVID-CT-Dataset-master/Images-processed/CT_COVID/2020.03.20.20037325-p23-121.png,/Users/samehissa/Downloads/COVID-CT-Dataset-master/Images-processed/CT_COVID/2020.03.20.20037325-p23-121.png,original,,2020.03.20.20037325-p23-121.png,1,0,1,0,1,1,1,1,1,0.0011510738,0.9988489,1,0.39300728,0.46524543,0.7102887,0.6324622,0.77201027,0.46476763,0.5347546,0.6840159,0.6616093,0.70278883,1,1,1,0,1,1,1,1
covid_2020_03_20_20037325_p23_122,2020.03.20.20037325-p23-122.png,COVID,1,val,/Users/samehissa/Downloads/COVID-CT-Dataset-master/Images-processed/CT_COVID/2020.03.20.20037325-p23-122.png,/Users/samehissa/Downloads/COVID-CT-Dataset-master/Images-processed/CT_COVID/2020.03.20.20037325-p23-122.png,original,,2020.03.20.20037325-p23-122.png,1,0,1,0,1,1,1,1,1,0.0019714367,0.9980286,1,0.3945267,0.46762824,0.7204901,0.61450905,0.77913886,0.45393744,0.5284894,0.6918672,0.6726083,0.7061472,1,1,1,0,1,1,1,1
covid_2020_03_20_20037325_p23_123,2020.03.20.20037325-p23-123.png,COVID,1,val,/Users/samehissa/Downloads/COVID-CT-Dataset-master/Images-processed/CT_COVID/2020.03.20.20037325-p23-123.png,/Users/samehissa/Downloads/COVID-CT-Dataset-master/Images-processed/CT_COVID/2020.03.20.20037325-p23-123.png,original,,2020.03.20.20037325-p23-123.png,1,1,1,0,1,1,1,1,1,0.00031515042,0.9996848,1,0.37194288,0.46298963,0.74299353,0.6519879,0.8214716,0.44969854,0.5388975,0.72776693,0.7120376,0.73605084,1,1,1,0,1,1,1,1
covid_2020_03_20_20037325_p23_124,2020.03.20.20037325-p23-124.png,COVID,1,val,/Users/samehissa/Downloads/COVID-CT-Dataset-master/Images-processed/CT_COVID/2020.03.20.20037325-p23-124.png,/Users/samehissa/Downloads/COVID-CT-Dataset-master/Images-processed/CT_COVID/2020.03.20.20037325-p23-124.png,original,,2020.03.20.20037325-p23-124.png,1,0,1,0,1,1,1,1,1,7.884811e-05,0.9999212,1,0.3699129,0.4618171,0.7507401,0.64061207,0.8187357,0.45773825,0.5403404,0.7232606,0.71005595,0.75588137,1,1,1,0,1,1,1,1
covid_2020_03_21_20040691_p18_6_6,2020.03.21.20040691-p18-6-6.png,COVID,1,val,/Users/samehissa/Downloads/COVID-CT-Dataset-master/Images-processed/CT_COVID/2020.03.21.20040691-p18-6-6.png,/Users/samehissa/Downloads/COVID-CT-Dataset-master/Images-processed/CT_COVID/2020.03.21.20040691-p18-6-6.png,original,,2020.03.21.20040691-p18-6-6.png,1,1,1,0,1,1,1,1,1,0.060357366,0.93964267,1,0.442948,0.45697337,0.6029068,0.56400186,0.6249006,0.4869534,0.5013003,0.57912236,0.5680302,0.5905329,1,1,1,0,1,1,1,1
covid_2020_03_21_20040691_p18_67_1,2020.03.21.20040691-p18-67-1.png,COVID,1,val,/Users/samehissa/Downloads/COVID-CT-Dataset-master/Images-processed/CT_COVID/2020.03.21.20040691-p18-67-1.png,/Users/samehissa/Downloads/COVID-CT-Dataset-master/Images-processed/CT_COVID/2020.03.21.20040691-p18-67-1.png,original,,2020.03.21.20040691-p18-67-1.png,1,1,1,0,1,1,1,1,0,0.96689135,0.033108655,0,0.47577012,0.4080961,0.5944977,0.5242299,0.5813404,0.3347861,0.6839246,0.6121101,0.5463907,0.46254596,1,1,1,0,1,1,1,0
covid_2020_03_21_20040691_p18_67_2,2020.03.21.20040691-p18-67-2.png,COVID,1,val,/Users/samehissa/Downloads/COVID-CT-Dataset-master/Images-processed/CT_COVID/2020.03.21.20040691-p18-67-2.png,/Users/samehissa/Downloads/COVID-CT-Dataset-master/Images-processed/CT_COVID/2020.03.21.20040691-p18-67-2.png,original,,2020.03.21.20040691-p18-67-2.png,1,1,1,0,1,1,1,1,1,0.2020087,0.7979913,0,0.4611147,0.45216575,0.6012845,0.5189635,0.60580224,0.43998435,0.5241388,0.5707387,0.5632431,0.5671581,1,1,1,0,1,1,1,1
covid_2020_03_21_20040691_p18_67_3,2020.03.21.20040691-p18-67-3.png,COVID,1,val,/Users/samehissa/Downloads/COVID-CT-Dataset-master/Images-processed/CT_COVID/2020.03.21.20040691-p18-67-3.png,/Users/samehissa/Downloads/COVID-CT-Dataset-master/Images-processed/CT_COVID/2020.03.21.20040691-p18-67-3.png,original,,2020.03.21.20040691-p18-67-3.png,1,1,1,0,1,1,1,1,1,0.04706226,0.9529377,1,0.43465528,0.46036783,0.6323232,0.5660153,0.6500111,0.4824036,0.50234056,0.598529,0.5847268,0.6164659,1,1,1,0,1,1,1,1
covid_2020_03_21_20040691_p18_67_4,2020.03.21.20040691-p18-67-4.png,COVID,1,val,/Users/samehissa/Downloads/COVID-CT-Dataset-master/Images-processed/CT_COVID/2020.03.21.20040691-p18-67-4.png,/Users/samehissa/Downloads/COVID-CT-Dataset-master/Images-processed/CT_COVID/2020.03.21.20040691-p18-67-4.png,original,,2020.03.21.20040691-p18-67-4.png,1,1,1,0,1,1,1,1,0,0.9724531,0.027546884,0,0.48169857,0.41861063,0.6060695,0.5183014,0.6016535,0.35093543,0.70219547,0.60432893,0.5593086,0.4507656,1,1,1,0,1,1,1,0
covid_2020_03_21_20040691_p18_67_5,2020.03.21.20040691-p18-67-5.png,COVID,1,val,/Users/samehissa/Downloads/COVID-CT-Dataset-master/Images-processed/CT_COVID/2020.03.21.20040691-p18-67-5.png,/Users/samehissa/Downloads/COVID-CT-Dataset-master/Images-processed/CT_COVID/2020.03.21.20040691-p18-67-5.png,original,,2020.03.21.20040691-p18-67-5.png,0,0,1,0,1,1,1,1,1,0.20686354,0.7931365,0,0.4618901,0.45194504,0.5880058,0.540121,0.6035154,0.47535372,0.505148,0.5618251,0.5574626,0.5598821,1,1,1,0,1,1,1,1
covid_2020_03_21_20040691_p18_67_7,2020.03.21.20040691-p18-67-7.png,COVID,1,val,/Users/samehissa/Downloads/COVID-CT-Dataset-master/Images-processed/CT_COVID/2020.03.21.20040691-p18-67-7.png,/Users/samehissa/Downloads/COVID-CT-Dataset-master/Images-processed/CT_COVID/2020.03.21.20040691-p18-67-7.png,original,,2020.03.21.20040691-p18-67-7.png,1,1,1,0,1,1,1,1,1,0.04790341,0.9520966,1,0.42277557,0.4566471,0.6906544,0.5576517,0.7205563,0.42586714,0.52666837,0.641672,0.61228603,0.62274164,1,1,1,0,1,1,1,1
covid_2020_03_21_20040691_p18_67_8,2020.03.21.20040691-p18-67-8.png,COVID,1,val,/Users/samehissa/Downloads/COVID-CT-Dataset-master/Images-processed/CT_COVID/2020.03.21.20040691-p18-67-8.png,/Users/samehissa/Downloads/COVID-CT-Dataset-master/Images-processed/CT_COVID/2020.03.21.20040691-p18-67-8.png,original,,2020.03.21.20040691-p18-67-8.png,0,1,1,0,1,1,1,1,1,0.021170875,0.97882915,1,0.41967443,0.4639962,0.6717063,0.57881063,0.721499,0.45363924,0.51925266,0.63982534,0.6319739,0.6483031,1,1,1,0,1,1,1,1
covid_2020_03_22_20034041_p16_66,2020.03.22.20034041-p16-66.png,COVID,1,val,/Users/samehissa/Downloads/COVID-CT-Dataset-master/Images-processed/CT_COVID/2020.03.22.20034041-p16-66.png,/Users/samehissa/Downloads/COVID-CT-Dataset-master/Images-processed/CT_COVID/2020.03.22.20034041-p16-66.png,original,,2020.03.22.20034041-p16-66.png,1,1,1,0,1,1,1,1,1,0.08849416,0.9115058,1,0.43766993,0.45959285,0.6479823,0.5340674,0.73102915,0.3872065,0.5587801,0.6471328,0.6476459,0.62449133,1,1,1,0,1,1,1,1
covid_2020_03_22_20034041_p17_80_1,2020.03.22.20034041-p17-80-1.png,COVID,1,val,/Users/samehissa/Downloads/COVID-CT-Dataset-master/Images-processed/CT_COVID/2020.03.22.20034041-p17-80-1.png,/Users/samehissa/Downloads/COVID-CT-Dataset-master/Images-processed/CT_COVID/2020.03.22.20034041-p17-80-1.png,original,,2020.03.22.20034041-p17-80-1.png,1,1,1,0,1,1,1,1,0,0.9962135,0.0037864791,0,0.48558578,0.38461447,0.6031756,0.5087546,0.6116493,0.28576782,0.7245804,0.638042,0.59964645,0.48333225,1,1,1,0,1,1,1,0
covid_2020_03_22_20034041_p17_80_2,2020.03.22.20034041-p17-80-2.png,COVID,1,val,/Users/samehissa/Downloads/COVID-CT-Dataset-master/Images-processed/CT_COVID/2020.03.22.20034041-p17-80-2.png,/Users/samehissa/Downloads/COVID-CT-Dataset-master/Images-processed/CT_COVID/2020.03.22.20034041-p17-80-2.png,original,,2020.03.22.20034041-p17-80-2.png,1,1,1,0,1,1,1,1,0,0.9346043,0.06539571,0,0.48786646,0.41165066,0.5732572,0.5108118,0.6227396,0.31479293,0.67684126,0.6290992,0.6170505,0.50420094,1,1,1,0,1,1,1,1
covid_2020_03_22_20034041_p18_92_1,2020.03.22.20034041-p18-92-1.png,COVID,1,val,/Users/samehissa/Downloads/COVID-CT-Dataset-master/Images-processed/CT_COVID/2020.03.22.20034041-p18-92-1.png,/Users/samehissa/Downloads/COVID-CT-Dataset-master/Images-processed/CT_COVID/2020.03.22.20034041-p18-92-1.png,original,,2020.03.22.20034041-p18-92-1.png,1,1,1,0,1,1,1,1,1,0.452133,0.547867,0,0.46111873,0.4221531,0.62305075,0.4771786,0.73137534,0.25423285,0.6077288,0.71861017,0.67113143,0.6029887,1,0,1,0,1,1,1,1
covid_2020_03_22_20034041_p18_92_2,2020.03.22.20034041-p18-92-2.png,COVID,1,val,/Users/samehissa/Downloads/COVID-CT-Dataset-master/Images-processed/CT_COVID/2020.03.22.20034041-p18-92-2.png,/Users/samehissa/Downloads/COVID-CT-Dataset-master/Images-processed/CT_COVID/2020.03.22.20034041-p18-92-2.png,original,,2020.03.22.20034041-p18-92-2.png,1,1,1,0,0,1,1,1,0,0.8082072,0.19179285,0,0.4919988,0.41443282,0.5946443,0.4963954,0.6100683,0.31908,0.64167637,0.63961166,0.59031904,0.5070188,1,0,1,0,1,1,1,1
covid_2020_03_22_20034041_p18_92_3,2020.03.22.20034041-p18-92-3.png,COVID,1,val,/Users/samehissa/Downloads/COVID-CT-Dataset-master/Images-processed/CT_COVID/2020.03.22.20034041-p18-92-3.png,/Users/samehissa/Downloads/COVID-CT-Dataset-master/Images-processed/CT_COVID/2020.03.22.20034041-p18-92-3.png,original,,2020.03.22.20034041-p18-92-3.png,1,1,1,0,1,1,1,1,1,0.09155615,0.90844387,1,0.4354925,0.45947522,0.65845865,0.53192616,0.708138,0.3936301,0.53976154,0.64655495,0.618627,0.6151885,1,1,1,0,1,1,1,1
covid_2020_03_22_20040782_p24_1533_1,2020.03.22.20040782-p24-1533-1.png,COVID,1,val,/Users/samehissa/Downloads/COVID-CT-Dataset-master/Images-processed/CT_COVID/2020.03.22.20040782-p24-1533-1.png,/Users/samehissa/Downloads/COVID-CT-Dataset-master/Images-processed/CT_COVID/2020.03.22.20040782-p24-1533-1.png,original,,2020.03.22.20040782-p24-1533-1.png,1,1,1,1,1,1,1,1,1,3.4475786e-05,0.99996555,1,0.36288306,0.45785666,0.7589932,0.6413379,0.8309715,0.45785666,0.5448068,0.737406,0.7278746,0.7668283,1,1,1,0,1,1,1,1
covid_2020_03_22_20040782_p24_1533_2,2020.03.22.20040782-p24-1533-2.png,COVID,1,val,/Users/samehissa/Downloads/COVID-CT-Dataset-master/Images-processed/CT_COVID/2020.03.22.20040782-p24-1533-2.png,/Users/samehissa/Downloads/COVID-CT-Dataset-master/Images-processed/CT_COVID/2020.03.22.20040782-p24-1533-2.png,original,,2020.03.22.20040782-p24-1533-2.png,0,1,1,0,1,1,1,1,1,0.0027139967,0.99728596,1,0.39797062,0.4686636,0.7088871,0.6233757,0.78627396,0.44757718,0.5378535,0.68596745,0.67695946,0.69655967,1,1,1,0,1,1,1,1
covid_2020_03_22_20040782_p24_1533_3,2020.03.22.20040782-p24-1533-3.png,COVID,1,val,/Users/samehissa/Downloads/COVID-CT-Dataset-master/Images-processed/CT_COVID/2020.03.22.20040782-p24-1533-3.png,/Users/samehissa/Downloads/COVID-CT-Dataset-master/Images-processed/CT_COVID/2020.03.22.20040782-p24-1533-3.png,original,,2020.03.22.20040782-p24-1533-3.png,1,1,1,0,1,1,1,1,1,0.00064493826,0.999355,1,0.39917347,0.46590292,0.6955458,0.62755835,0.7897901,0.4543118,0.53998786,0.68217504,0.68367326,0.6960373,1,1,1,0,1,1,1,1
covid_2020_03_22_20040782_p24_1533_4,2020.03.22.20040782-p24-1533-4.png,COVID,1,val,/Users/samehissa/Downloads/COVID-CT-Dataset-master/Images-processed/CT_COVID/2020.03.22.20040782-p24-1533-4.png,/Users/samehissa/Downloads/COVID-CT-Dataset-master/Images-processed/CT_COVID/2020.03.22.20040782-p24-1533-4.png,original,,2020.03.22.20040782-p24-1533-4.png,1,1,1,0,1,1,1,1,1,0.00013789005,0.9998621,1,0.386177,0.4670438,0.7222221,0.6316442,0.80987895,0.45342505,0.54594135,0.6978256,0.7034241,0.7311219,1,1,1,0,1,1,1,1
covid_2020_03_22_20040782_p24_1533_5,2020.03.22.20040782-p24-1533-5.png,COVID,1,val,/Users/samehissa/Downloads/COVID-CT-Dataset-master/Images-processed/CT_COVID/2020.03.22.20040782-p24-1533-5.png,/Users/samehissa/Downloads/COVID-CT-Dataset-master/Images-processed/CT_COVID/2020.03.22.20040782-p24-1533-5.png,original,,2020.03.22.20040782-p24-1533-5.png,0,1,1,0,1,1,1,1,1,4.23206e-05,0.9999577,1,0.36664644,0.46291393,0.7318989,0.66012007,0.8265294,0.46250987,0.54643375,0.7251471,0.72684747,0.7513716,1,1,1,0,1,1,1,1
covid_2020_03_22_20040782_p24_1533_6,2020.03.22.20040782-p24-1533-6.png,COVID,1,val,/Users/samehissa/Downloads/COVID-CT-Dataset-master/Images-processed/CT_COVID/2020.03.22.20040782-p24-1533-6.png,/Users/samehissa/Downloads/COVID-CT-Dataset-master/Images-processed/CT_COVID/2020.03.22.20040782-p24-1533-6.png,original,,2020.03.22.20040782-p24-1533-6.png,1,1,1,0,1,1,1,1,1,0.00023709373,0.99976295,1,0.36834514,0.45287964,0.73331183,0.66847914,0.8137435,0.4653999,0.55533934,0.7269846,0.7113687,0.72903436,1,1,1,0,1,1,1,1
covid_2020_03_22_20040782_p24_1533_7,2020.03.22.20040782-p24-1533-7.png,COVID,1,val,/Users/samehissa/Downloads/COVID-CT-Dataset-master/Images-processed/CT_COVID/2020.03.22.20040782-p24-1533-7.png,/Users/samehissa/Downloads/COVID-CT-Dataset-master/Images-processed/CT_COVID/2020.03.22.20040782-p24-1533-7.png,original,,2020.03.22.20040782-p24-1533-7.png,1,1,1,1,1,1,1,1,1,4.0993424e-07,0.99999964,1,0.32970503,0.45293733,0.78908145,0.69866526,0.886313,0.45293733,0.5653494,0.78296083,0.78675747,0.8132622,1,1,1,0,1,1,1,1
covid_2020_03_22_20040782_p24_1533_8,2020.03.22.20040782-p24-1533-8.png,COVID,1,val,/Users/samehissa/Downloads/COVID-CT-Dataset-master/Images-processed/CT_COVID/2020.03.22.20040782-p24-1533-8.png,/Users/samehissa/Downloads/COVID-CT-Dataset-master/Images-processed/CT_COVID/2020.03.22.20040782-p24-1533-8.png,original,,2020.03.22.20040782-p24-1533-8.png,1,1,1,0,1,1,1,1,1,0.0001462443,0.99985373,1,0.36798248,0.46265522,0.7370371,0.6621448,0.8323128,0.4575193,0.55016035,0.72602236,0.72446597,0.7503911,1,1,1,0,1,1,1,1
covid_2020_03_22_20040782_p25_1541,2020.03.22.20040782-p25-1541.png,COVID,1,val,/Users/samehissa/Downloads/COVID-CT-Dataset-master/Images-processed/CT_COVID/2020.03.22.20040782-p25-1541.png,/Users/samehissa/Downloads/COVID-CT-Dataset-master/Images-processed/CT_COVID/2020.03.22.20040782-p25-1541.png,original,,2020.03.22.20040782-p25-1541.png,0,1,1,0,1,1,1,1,1,0.009311609,0.9906883,1,0.4193446,0.46475798,0.6359846,0.61105835,0.6963901,0.4783523,0.5210276,0.62706435,0.61370236,0.63288766,1,1,1,0,1,1,1,1
covid_2020_03_22_20040782_p25_1542,2020.03.22.20040782-p25-1542.png,COVID,1,test,/Users/samehissa/Downloads/COVID-CT-Dataset-master/Images-processed/CT_COVID/2020.03.22.20040782-p25-1542.png,/Users/samehissa/Downloads/COVID-CT-Dataset-master/Images-processed/CT_COVID/2020.03.22.20040782-p25-1542.png,original,,2020.03.22.20040782-p25-1542.png,1,1,1,1,1,1,1,1,1,0.044744357,0.9552556,1,0.42898142,0.45190102,0.67668074,0.55302846,0.71346116,0.4513078,0.52892655,0.62550175,0.6407464,0.64507353,1,1,1,0,1,1,1,1
covid_2020_03_22_20040782_p25_1543,2020.03.22.20040782-p25-1543.png,COVID,1,test,/Users/samehissa/Downloads/COVID-CT-Dataset-master/Images-processed/CT_COVID/2020.03.22.20040782-p25-1543.png,/Users/samehissa/Downloads/COVID-CT-Dataset-master/Images-processed/CT_COVID/2020.03.22.20040782-p25-1543.png,original,,2020.03.22.20040782-p25-1543.png,1,1,1,0,1,1,1,1,0,0.9999958,4.13893e-06,0,0.46957278,0.323108,0.69566196,0.51240736,0.71150327,0.18057418,0.87281805,0.7294496,0.666634,0.44768414,1,1,1,0,1,1,1,0
covid_2020_03_22_20040782_p25_1544,2020.03.22.20040782-p25-1544.png,COVID,1,test,/Users/samehissa/Downloads/COVID-CT-Dataset-master/Images-processed/CT_COVID/2020.03.22.20040782-p25-1544.png,/Users/samehissa/Downloads/COVID-CT-Dataset-master/Images-processed/CT_COVID/2020.03.22.20040782-p25-1544.png,original,,2020.03.22.20040782-p25-1544.png,0,0,0,0,1,1,0,0,1,0.0122752115,0.9877247,1,0.41217837,0.46643698,0.66732156,0.60300124,0.73917574,0.459052,0.5238981,0.6506022,0.64486325,0.65962917,1,1,1,0,1,1,1,1
covid_2020_03_22_20040782_p25_1545,2020.03.22.20040782-p25-1545.png,COVID,1,test,/Users/samehissa/Downloads/COVID-CT-Dataset-master/Images-processed/CT_COVID/2020.03.22.20040782-p25-1545.png,/Users/samehissa/Downloads/COVID-CT-Dataset-master/Images-processed/CT_COVID/2020.03.22.20040782-p25-1545.png,original,,2020.03.22.20040782-p25-1545.png,1,1,1,0,1,1,1,1,0,0.99999976,1.7957616e-07,0,0.4625858,0.29729253,0.7086384,0.5372487,0.7500259,0.15400529,0.91738963,0.75334746,0.70286715,0.48167533,1,1,1,0,1,1,1,0
covid_2020_03_22_20040782_p25_1546,2020.03.22.20040782-p25-1546.png,COVID,1,test,/Users/samehissa/Downloads/COVID-CT-Dataset-master/Images-processed/CT_COVID/2020.03.22.20040782-p25-1546.png,/Users/samehissa/Downloads/COVID-CT-Dataset-master/Images-processed/CT_COVID/2020.03.22.20040782-p25-1546.png,original,,2020.03.22.20040782-p25-1546.png,1,0,1,1,1,1,1,1,1,0.0015440544,0.998456,1,0.39572236,0.4649399,0.68911487,0.63100505,0.76161,0.47105238,0.5350601,0.67912424,0.6642447,0.6906061,1,1,1,0,1,1,1,1
covid_2020_03_12_20034686_p17_91_1,2020.03.12.20034686-p17-91-1.png,COVID,1,test,/Users/samehissa/Downloads/COVID-CT-Dataset-master/Images-processed/CT_COVID/2020.03.12.20034686-p17-91-1.png,/Users/samehissa/Downloads/COVID-CT-Dataset-master/Images-processed/CT_COVID/2020.03.12.20034686-p17-91-1.png,original,,2020.03.12.20034686-p17-91-1.png,1,1,1,0,1,1,1,1,1,0.0013435576,0.9986564,1,0.40486678,0.47068053,0.6797323,0.6124289,0.74276984,0.47065508,0.52592754,0.66260916,0.6499294,0.6803232,1,1,1,0,1,1,1,1
covid_2020_03_12_20034686_p17_91_2,2020.03.12.20034686-p17-91-2.png,COVID,1,test,/Users/samehissa/Downloads/COVID-CT-Dataset-master/Images-processed/CT_COVID/2020.03.12.20034686-p17-91-2.png,/Users/samehissa/Downloads/COVID-CT-Dataset-master/Images-processed/CT_COVID/2020.03.12.20034686-p17-91-2.png,original,,2020.03.12.20034686-p17-91-2.png,1,1,1,0,0,1,1,1,1,0.007058733,0.99294126,1,0.42123336,0.46318734,0.65410364,0.5929927,0.7101973,0.4607383,0.51991755,0.6305054,0.61657983,0.633439,1,1,1,0,1,1,1,1
covid_2020_03_25_20037721_p27_172,2020.03.25.20037721-p27-172.png,COVID,1,test,/Users/samehissa/Downloads/COVID-CT-Dataset-master/Images-processed/CT_COVID/2020.03.25.20037721-p27-172.png,/Users/samehissa/Downloads/COVID-CT-Dataset-master/Images-processed/CT_COVID/2020.03.25.20037721-p27-172.png,original,,2020.03.25.20037721-p27-172.png,1,0,1,0,1,1,1,1,1,0.25712425,0.74287575,0,0.4544285,0.45422995,0.57380193,0.52034694,0.6736314,0.37328732,0.5490124,0.6316588,0.6103066,0.57380104,1,1,1,0,1,1,1,1
covid_2020_03_25_20037721_p27_173,2020.03.25.20037721-p27-173.png,COVID,1,test,/Users/samehissa/Downloads/COVID-CT-Dataset-master/Images-processed/CT_COVID/2020.03.25.20037721-p27-173.png,/Users/samehissa/Downloads/COVID-CT-Dataset-master/Images-processed/CT_COVID/2020.03.25.20037721-p27-173.png,original,,2020.03.25.20037721-p27-173.png,1,1,1,0,1,1,1,1,1,0.094700165,0.90529984,1,0.4400144,0.4568266,0.6243843,0.5416492,0.6994031,0.4146668,0.5560677,0.6225761,0.62400055,0.60037124,1,1,1,0,1,1,1,1
covid_2020_03_25_20037721_p27_174,2020.03.25.20037721-p27-174.png,COVID,1,test,/Users/samehissa/Downloads/COVID-CT-Dataset-master/Images-processed/CT_COVID/2020.03.25.20037721-p27-174.png,/Users/samehissa/Downloads/COVID-CT-Dataset-master/Images-processed/CT_COVID/2020.03.25.20037721-p27-174.png,original,,2020.03.25.20037721-p27-174.png,1,1,1,0,1,1,1,1,1,0.0093108,0.99068916,1,0.41754302,0.46414754,0.6594285,0.59057945,0.7275907,0.4560165,0.5260766,0.63925767,0.63674223,0.6458827,1,1,1,0,1,1,1,1
covid_2020_03_25_20037721_p27_181,2020.03.25.20037721-p27-181.png,COVID,1,test,/Users/samehissa/Downloads/COVID-CT-Dataset-master/Images-processed/CT_COVID/2020.03.25.20037721-p27-181.png,/Users/samehissa/Downloads/COVID-CT-Dataset-master/Images-processed/CT_COVID/2020.03.25.20037721-p27-181.png,original,,2020.03.25.20037721-p27-181.png,1,1,1,0,1,1,1,1,1,0.005982694,0.99401724,1,0.4127518,0.46742228,0.6688738,0.6001043,0.7259081,0.4667051,0.51795435,0.6507154,0.6366679,0.66064864,1,1,1,0,1,1,1,1
covid_2020_03_25_20037721_p27_182,2020.03.25.20037721-p27-182.png,COVID,1,test,/Users/samehissa/Downloads/COVID-CT-Dataset-master/Images-processed/CT_COVID/2020.03.25.20037721-p27-182.png,/Users/samehissa/Downloads/COVID-CT-Dataset-master/Images-processed/CT_COVID/2020.03.25.20037721-p27-182.png,original,,2020.03.25.20037721-p27-182.png,1,1,1,0,1,1,1,1,1,0.010468543,0.9895314,1,0.41936082,0.46428365,0.6637493,0.58025295,0.71306664,0.46248078,0.5150362,0.6385799,0.6300267,0.6487451,1,1,1,0,1,1,1,1
covid_2020_03_25_20037721_p27_165,2020.03.25.20037721-p27-165.png,COVID,1,test,/Users/samehissa/Downloads/COVID-CT-Dataset-master/Images-processed/CT_COVID/2020.03.25.20037721-p27-165.png,/Users/samehissa/Downloads/COVID-CT-Dataset-master/Images-processed/CT_COVID/2020.03.25.20037721-p27-165.png,original,,2020.03.25.20037721-p27-165.png,1,1,1,0,1,1,1,1,1,0.0013893539,0.9986106,1,0.39902645,0.4688515,0.6960866,0.62556046,0.7558231,0.4685837,0.5311485,0.6725208,0.6512634,0.6900712,1,1,1,0,1,1,1,1
covid_2020_03_25_20043166_p17_78,2020.03.25.20043166-p17-78.png,COVID,1,test,/Users/samehissa/Downloads/COVID-CT-Dataset-master/Images-processed/CT_COVID/2020.03.25.20043166-p17-78.png,/Users/samehissa/Downloads/COVID-CT-Dataset-master/Images-processed/CT_COVID/2020.03.25.20043166-p17-78.png,original,,2020.03.25.20043166-p17-78.png,0,1,1,0,1,1,1,1,0,0.7903842,0.20961589,0,0.49229464,0.43745327,0.5182474,0.5074159,0.6125345,0.37541568,0.6013942,0.5859545,0.61238754,0.5386811,1,1,1,0,1,1,1,1
covid_2020_03_25_20043166_p17_79,2020.03.25.20043166-p17-79.png,COVID,1,test,/Users/samehissa/Downloads/COVID-CT-Dataset-master/Images-processed/CT_COVID/2020.03.25.20043166-p17-79.png,/Users/samehissa/Downloads/COVID-CT-Dataset-master/Images-processed/CT_COVID/2020.03.25.20043166-p17-79.png,original,,2020.03.25.20043166-p17-79.png,0,1,1,0,1,1,1,1,0,0.99998796,1.1990147e-05,0,0.473762,0.33774948,0.6800491,0.5138548,0.70297396,0.20581833,0.86239165,0.69831276,0.6656678,0.4673046,1,1,1,0,1,1,1,0
covid_2020_03_25_20043166_p17_80,2020.03.25.20043166-p17-80.png,COVID,1,test,/Users/samehissa/Downloads/COVID-CT-Dataset-master/Images-processed/CT_COVID/2020.03.25.20043166-p17-80.png,/Users/samehissa/Downloads/COVID-CT-Dataset-master/Images-processed/CT_COVID/2020.03.25.20043166-p17-80.png,original,,2020.03.25.20043166-p17-80.png,1,1,1,0,1,1,1,1,0,0.76752967,0.23247036,0,0.48012918,0.4479804,0.48838663,0.5198708,0.5980411,0.3875853,0.6321696,0.5520196,0.57696134,0.5251394,0,1,1,0,1,1,1,1
covid_2020_03_25_20043166_p17_81,2020.03.25.20043166-p17-81.png,COVID,1,test,/Users/samehissa/Downloads/COVID-CT-Dataset-master/Images-processed/CT_COVID/2020.03.25.20043166-p17-81.png,/Users/samehissa/Downloads/COVID-CT-Dataset-master/Images-processed/CT_COVID/2020.03.25.20043166-p17-81.png,original,,2020.03.25.20043166-p17-81.png,1,1,1,0,1,1,1,1,1,0.08987336,0.9101266,0,0.45726845,0.45216703,0.54156494,0.52571166,0.6148898,0.44297427,0.5175611,0.5756738,0.5779959,0.5841795,1,1,1,0,1,1,1,1
covid_2020_03_26_20041426_p11_119,2020.03.26.20041426-p11-119.png,COVID,1,test,/Users/samehissa/Downloads/COVID-CT-Dataset-master/Images-processed/CT_COVID/2020.03.26.20041426-p11-119.png,/Users/samehissa/Downloads/COVID-CT-Dataset-master/Images-processed/CT_COVID/2020.03.26.20041426-p11-119.png,original,,2020.03.26.20041426-p11-119.png,1,1,1,0,1,1,1,1,1,0.021952122,0.97804785,1,0.4290396,0.45989057,0.62909585,0.5709579,0.69179845,0.44640547,0.52886146,0.61700207,0.61625016,0.6277398,1,1,1,0,1,1,1,1
covid_2020_03_26_20041426_p11_120,2020.03.26.20041426-p11-120.png,COVID,1,test,/Users/samehissa/Downloads/COVID-CT-Dataset-master/Images-processed/CT_COVID/2020.03.26.20041426-p11-120.png,/Users/samehissa/Downloads/COVID-CT-Dataset-master/Images-processed/CT_COVID/2020.03.26.20041426-p11-120.png,original,,2020.03.26.20041426-p11-120.png,1,1,1,0,1,1,1,1,1,0.0019490551,0.9980509,1,0.41239384,0.46743447,0.6510212,0.6201169,0.7181415,0.47682345,0.52610517,0.643734,0.6322351,0.64984095,1,1,1,0,1,1,1,1
covid_2020_03_26_20041426_p11_121,2020.03.26.20041426-p11-121.png,COVID,1,test,/Users/samehissa/Downloads/COVID-CT-Dataset-master/Images-processed/CT_COVID/2020.03.26.20041426-p11-121.png,/Users/samehissa/Downloads/COVID-CT-Dataset-master/Images-processed/CT_COVID/2020.03.26.20041426-p11-121.png,original,,2020.03.26.20041426-p11-121.png,1,1,1,0,1,1,1,1,1,0.02456071,0.97543925,1,0.4385477,0.45707372,0.5993017,0.57196134,0.64457285,0.47359467,0.5081641,0.59327155,0.5803596,0.5917747,1,1,1,0,1,1,1,1
covid_2020_03_26_20041426_p11_122,2020.03.26.20041426-p11-122.png,COVID,1,test,/Users/samehissa/Downloads/COVID-CT-Dataset-master/Images-processed/CT_COVID/2020.03.26.20041426-p11-122.png,/Users/samehissa/Downloads/COVID-CT-Dataset-master/Images-processed/CT_COVID/2020.03.26.20041426-p11-122.png,original,,2020.03.26.20041426-p11-122.png,1,1,1,0,1,1,1,1,1,0.013075903,0.9869241,1,0.42654482,0.46152183,0.6220104,0.595488,0.67545104,0.4751556,0.51158106,0.61339945,0.600089,0.61516875,1,1,1,0,1,1,1,1
covid_2020_03_26_20041426_p11_123,2020.03.26.20041426-p11-123.png,COVID,1,test,/Users/samehissa/Downloads/COVID-CT-Dataset-master/Images-processed/CT_COVID/2020.03.26.20041426-p11-123.png,/Users/samehissa/Downloads/COVID-CT-Dataset-master/Images-processed/CT_COVID/2020.03.26.20041426-p11-123.png,original,,2020.03.26.20041426-p11-123.png,1,1,1,0,1,1,1,1,1,0.008700142,0.9912998,1,0.42709348,0.46197605,0.61802983,0.5964755,0.6725289,0.48187625,0.51488376,0.61223656,0.6026212,0.6157277,1,1,1,0,1,1,1,1
covid_2020_03_26_20041426_p11_124,2020.03.26.20041426-p11-124.png,COVID,1,test,/Users/samehissa/Downloads/COVID-CT-Dataset-master/Images-processed/CT_COVID/2020.03.26.20041426-p11-124.png,/Users/samehissa/Downloads/COVID-CT-Dataset-master/Images-processed/CT_COVID/2020.03.26.20041426-p11-124.png,original,,2020.03.26.20041426-p11-124.png,1,1,1,0,1,1,1,1,1,0.30032596,0.69967407,0,0.47657844,0.45456383,0.54567456,0.5083193,0.5876301,0.4331885,0.5298886,0.5661917,0.5586057,0.5453389,1,1,1,0,1,1,1,1
covid_2020_03_26_20041426_p11_125,2020.03.26.20041426-p11-125.png,COVID,1,test,/Users/samehissa/Downloads/COVID-CT-Dataset-master/Images-processed/CT_COVID/2020.03.26.20041426-p11-125.png,/Users/samehissa/Downloads/COVID-CT-Dataset-master/Images-processed/CT_COVID/2020.03.26.20041426-p11-125.png,original,,2020.03.26.20041426-p11-125.png,1,1,1,0,1,1,1,1,1,0.0029998273,0.99700016,1,0.41535094,0.46617478,0.6432093,0.61521167,0.7073294,0.479327,0.5248742,0.63968235,0.62833303,0.6395826,1,1,1,0,1,1,1,1
covid_2020_03_26_20041426_p11_126,2020.03.26.20041426-p11-126.png,COVID,1,test,/Users/samehissa/Downloads/COVID-CT-Dataset-master/Images-processed/CT_COVID/2020.03.26.20041426-p11-126.png,/Users/samehissa/Downloads/COVID-CT-Dataset-master/Images-processed/CT_COVID/2020.03.26.20041426-p11-126.png,original,,2020.03.26.20041426-p11-126.png,1,1,1,0,1,1,1,1,1,0.04006906,0.95993096,1,0.4430648,0.4566633,0.59815556,0.56045794,0.6438113,0.4763918,0.5104442,0.58494073,0.589681,0.59771603,1,1,1,0,1,1,1,1
covid_2020_03_26_20041426_p11_127,2020.03.26.20041426-p11-127.png,COVID,1,test,/Users/samehissa/Downloads/COVID-CT-Dataset-master/Images-processed/CT_COVID/2020.03.26.20041426-p11-127.png,/Users/samehissa/Downloads/COVID-CT-Dataset-master/Images-processed/CT_COVID/2020.03.26.20041426-p11-127.png,original,,2020.03.26.20041426-p11-127.png,1,1,1,0,1,1,1,1,1,0.017420989,0.982579,1,0.4375967,0.4582886,0.60992026,0.5701625,0.6458023,0.48115647,0.5046549,0.5926315,0.58226323,0.5995296,1,1,1,0,1,1,1,1
covid_2020_03_26_20041426_p11_128,2020.03.26.20041426-p11-128.png,COVID,1,test,/Users/samehissa/Downloads/COVID-CT-Dataset-master/Images-processed/CT_COVID/2020.03.26.20041426-p11-128.png,/Users/samehissa/Downloads/COVID-CT-Dataset-master/Images-processed/CT_COVID/2020.03.26.20041426-p11-128.png,original,,2020.03.26.20041426-p11-128.png,1,1,1,0,1,1,1,1,1,0.47356087,0.52643913,0,0.48447773,0.4511729,0.5251332,0.510341,0.61691886,0.3886863,0.56401026,0.6033977,0.6065463,0.5522667,1,1,1,0,1,1,1,1
covid_2020_03_26_20041426_p11_130,2020.03.26.20041426-p11-130.png,COVID,1,test,/Users/samehissa/Downloads/COVID-CT-Dataset-master/Images-processed/CT_COVID/2020.03.26.20041426-p11-130.png,/Users/samehissa/Downloads/COVID-CT-Dataset-master/Images-processed/CT_COVID/2020.03.26.20041426-p11-130.png,original,,2020.03.26.20041426-p11-130.png,1,1,1,0,1,1,1,1,1,0.03861407,0.96138597,1,0.4352485,0.4586725,0.6260075,0.5626517,0.6603863,0.47305304,0.506851,0.60206324,0.59562224,0.60760665,1,1,1,0,1,1,1,1
covid_2020_03_26_20041426_p11_131,2020.03.26.20041426-p11-131.png,COVID,1,test,/Users/samehissa/Downloads/COVID-CT-Dataset-master/Images-processed/CT_COVID/2020.03.26.20041426-p11-131.png,/Users/samehissa/Downloads/COVID-CT-Dataset-master/Images-processed/CT_COVID/2020.03.26.20041426-p11-131.png,original,,2020.03.26.20041426-p11-131.png,1,1,1,0,1,1,1,1,1,0.004392034,0.9956079,1,0.4210506,0.46436018,0.6339276,0.6027992,0.6952848,0.47688773,0.51770204,0.6241736,0.614876,0.6340364,1,1,1,0,1,1,1,1
covid_2020_03_26_20041426_p11_132,2020.03.26.20041426-p11-132.png,COVID,1,test,/Users/samehissa/Downloads/COVID-CT-Dataset-master/Images-processed/CT_COVID/2020.03.26.20041426-p11-132.png,/Users/samehissa/Downloads/COVID-CT-Dataset-master/Images-processed/CT_COVID/2020.03.26.20041426-p11-132.png,original,,2020.03.26.20041426-p11-132.png,1,1,1,0,1,1,1,1,1,0.005850565,0.99414945,1,0.4244879,0.46393263,0.6403673,0.58561736,0.6864913,0.4796066,0.5111922,0.6201534,0.6111524,0.63719714,1,1,1,0,1,1,1,1
covid_2020_03_26_20041426_p11_133,2020.03.26.20041426-p11-133.png,COVID,1,test,/Users/samehissa/Downloads/COVID-CT-Dataset-master/Images-processed/CT_COVID/2020.03.26.20041426-p11-133.png,/Users/samehissa/Downloads/COVID-CT-Dataset-master/Images-processed/CT_COVID/2020.03.26.20041426-p11-133.png,original,,2020.03.26.20041426-p11-133.png,1,1,1,0,1,1,1,1,1,0.009459684,0.9905404,1,0.4271368,0.4625471,0.6262934,0.58915937,0.6771901,0.4803085,0.5114386,0.6123091,0.6028449,0.6243857,1,1,1,0,1,1,1,1
covid_2020_03_30_20047985_p9_56_0,2020.03.30.20047985-p9-56%0.png,COVID,1,test,/Users/samehissa/Downloads/COVID-CT-Dataset-master/Images-processed/CT_COVID/2020.03.30.20047985-p9-56%0.png,/Users/samehissa/Downloads/COVID-CT-Dataset-master/Images-processed/CT_COVID/2020.03.30.20047985-p9-56%0.png,original,,2020.03.30.20047985-p9-56%0.png,1,0,1,1,1,1,1,1,0,0.7780126,0.22198738,0,0.4895843,0.4303955,0.5901307,0.48699412,0.6215343,0.3382944,0.6358281,0.6047277,0.62245405,0.50953704,1,0,1,0,1,1,1,1
covid_2020_03_30_20047985_p9_56_1,2020.03.30.20047985-p9-56%1.png,COVID,1,test,/Users/samehissa/Downloads/COVID-CT-Dataset-master/Images-processed/CT_COVID/2020.03.30.20047985-p9-56%1.png,/Users/samehissa/Downloads/COVID-CT-Dataset-master/Images-processed/CT_COVID/2020.03.30.20047985-p9-56%1.png,original,,2020.03.30.20047985-p9-56%1.png,1,1,1,1,1,1,1,1,0,0.99772614,0.0022738392,0,0.4731561,0.38414824,0.6209699,0.5268439,0.645285,0.2907018,0.78435546,0.6281659,0.6090297,0.47561282,1,1,1,0,1,1,1,0
covid_2020_03_30_20047985_p9_56_2,2020.03.30.20047985-p9-56%2.png,COVID,1,test,/Users/samehissa/Downloads/COVID-CT-Dataset-master/Images-processed/CT_COVID/2020.03.30.20047985-p9-56%2.png,/Users/samehissa/Downloads/COVID-CT-Dataset-master/Images-processed/CT_COVID/2020.03.30.20047985-p9-56%2.png,original,,2020.03.30.20047985-p9-56%2.png,1,1,1,0,1,1,1,1,0,0.9999596,4.041319e-05,0,0.47923237,0.34703445,0.65300745,0.5155186,0.6870336,0.22713481,0.8356373,0.67444277,0.64198846,0.4657021,1,1,1,0,1,1,1,0
covid_2020_03_30_20047985_p9_56_3,2020.03.30.20047985-p9-56%3.png,COVID,1,test,/Users/samehissa/Downloads/COVID-CT-Dataset-master/Images-processed/CT_COVID/2020.03.30.20047985-p9-56%3.png,/Users/samehissa/Downloads/COVID-CT-Dataset-master/Images-processed/CT_COVID/2020.03.30.20047985-p9-56%3.png,original,,2020.03.30.20047985-p9-56%3.png,1,0,1,0,1,1,1,1,0,0.99904865,0.000951294,0,0.48172718,0.3661101,0.6361951,0.5182728,0.6672141,0.23453636,0.80588007,0.6930578,0.64270806,0.4656595,1,1,1,0,1,1,1,0
covid_2019_novel_Coronavirus_severe_adult_respiratory_dist_2020_International_Jour_p3_89_0,2019-novel-Coronavirus-severe-adult-respiratory-dist_2020_International-Jour-p3-89%0.png,COVID,1,test,/Users/samehissa/Downloads/COVID-CT-Dataset-master/Images-processed/CT_COVID/2019-novel-Coronavirus-severe-adult-respiratory-dist_2020_International-Jour-p3-89%0.png,/Users/samehissa/Downloads/COVID-CT-Dataset-master/Images-processed/CT_COVID/2019-novel-Coronavirus-severe-adult-respiratory-dist_2020_International-Jour-p3-89%0.png,original,,2019-novel-Coronavirus-severe-adult-respiratory-dist_2020_International-Jour-p3-89%0.png,1,0,1,0,1,1,1,1,1,0.0014533638,0.99854666,1,0.4047633,0.47048926,0.6923053,0.6031516,0.75452113,0.46590307,0.52260095,0.6647812,0.6626296,0.6946095,1,1,1,0,1,1,1,1
covid_2019_novel_Coronavirus_severe_adult_respiratory_dist_2020_International_Jour_p3_89_1,2019-novel-Coronavirus-severe-adult-respiratory-dist_2020_International-Jour-p3-89%1.png,COVID,1,test,/Users/samehissa/Downloads/COVID-CT-Dataset-master/Images-processed/CT_COVID/2019-novel-Coronavirus-severe-adult-respiratory-dist_2020_International-Jour-p3-89%1.png,/Users/samehissa/Downloads/COVID-CT-Dataset-master/Images-processed/CT_COVID/2019-novel-Coronavirus-severe-adult-respiratory-dist_2020_International-Jour-p3-89%1.png,original,,2019-novel-Coronavirus-severe-adult-respiratory-dist_2020_International-Jour-p3-89%1.png,1,1,1,0,1,1,1,1,1,0.21435896,0.785641,1,0.4533195,0.4566142,0.6487917,0.51160055,0.68441164,0.3838267,0.5501526,0.6337469,0.6130395,0.5889812,1,1,1,0,1,1,1,1
covid_2019_novel_Coronavirus_severe_adult_respiratory_dist_2020_International_Jour_p3_91,2019-novel-Coronavirus-severe-adult-respiratory-dist_2020_International-Jour-p3-91.png,COVID,1,test,/Users/samehissa/Downloads/COVID-CT-Dataset-master/Images-processed/CT_COVID/2019-novel-Coronavirus-severe-adult-respiratory-dist_2020_International-Jour-p3-91.png,/Users/samehissa/Downloads/COVID-CT-Dataset-master/Images-processed/CT_COVID/2019-novel-Coronavirus-severe-adult-respiratory-dist_2020_International-Jour-p3-91.png,original,,2019-novel-Coronavirus-severe-adult-respiratory-dist_2020_International-Jour-p3-91.png,1,1,1,0,1,1,1,1,0,0.99922836,0.0007716656,0,0.48082194,0.38351864,0.6292896,0.5186672,0.64719564,0.28106508,0.781177,0.6449138,0.60364336,0.45622763,1,1,1,0,1,1,1,0
covid_bmj_m606_full_p4_22_0,bmj.m606.full-p4-22%0.png,COVID,1,test,/Users/samehissa/Downloads/COVID-CT-Dataset-master/Images-processed/CT_COVID/bmj.m606.full-p4-22%0.png,/Users/samehissa/Downloads/COVID-CT-Dataset-master/Images-processed/CT_COVID/bmj.m606.full-p4-22%0.png,original,,bmj.m606.full-p4-22%0.png,0,1,1,1,1,1,1,1,1,0.027115254,0.9728847,1,0.42591038,0.45698443,0.66483516,0.5671792,0.7027152,0.4486114,0.5271305,0.62332386,0.61589456,0.6252954,1,1,1,0,1,1,1,1
covid_bmj_m606_full_p4_22_1,bmj.m606.full-p4-22%1.png,COVID,1,test,/Users/samehissa/Downloads/COVID-CT-Dataset-master/Images-processed/CT_COVID/bmj.m606.full-p4-22%1.png,/Users/samehissa/Downloads/COVID-CT-Dataset-master/Images-processed/CT_COVID/bmj.m606.full-p4-22%1.png,original,,bmj.m606.full-p4-22%1.png,0,1,1,1,1,1,1,1,1,0.051304646,0.94869536,1,0.44010794,0.4549312,0.63680667,0.5450688,0.6650772,0.44871756,0.5311226,0.5885331,0.6010722,0.59455127,1,1,1,0,1,1,1,1
covid_bmj_m606_full_p4_22_2,bmj.m606.full-p4-22%2.png,COVID,1,test,/Users/samehissa/Downloads/COVID-CT-Dataset-master/Images-processed/CT_COVID/bmj.m606.full-p4-22%2.png,/Users/samehissa/Downloads/COVID-CT-Dataset-master/Images-processed/CT_COVID/bmj.m606.full-p4-22%2.png,original,,bmj.m606.full-p4-22%2.png,1,1,1,1,1,1,1,1,1,0.00640794,0.9935921,1,0.42151436,0.45875075,0.6833277,0.57081896,0.72514147,0.45111936,0.5212606,0.6385124,0.636218,0.6558766,1,1,1,0,1,1,1,1
covid_bmj_m606_full_p4_22_3,bmj.m606.full-p4-22%3.png,COVID,1,test,/Users/samehissa/Downloads/COVID-CT-Dataset-master/Images-processed/CT_COVID/bmj.m606.full-p4-22%3.png,/Users/samehissa/Downloads/COVID-CT-Dataset-master/Images-processed/CT_COVID/bmj.m606.full-p4-22%3.png,original,,bmj.m606.full-p4-22%3.png,1,1,1,1,1,1,1,1,1,0.010542089,0.98945785,1,0.43034887,0.4589386,0.6389028,0.57386017,0.70784295,0.4508,0.54027766,0.6099473,0.6278824,0.61588466,1,1,1,0,1,1,1,1
covid_bmj_m606_full_p4_22_4,bmj.m606.full-p4-22%4.png,COVID,1,test,/Users/samehissa/Downloads/COVID-CT-Dataset-master/Images-processed/CT_COVID/bmj.m606.full-p4-22%4.png,/Users/samehissa/Downloads/COVID-CT-Dataset-master/Images-processed/CT_COVID/bmj.m606.full-p4-22%4.png,original,,bmj.m606.full-p4-22%4.png,0,1,1,1,1,1,1,1,0,0.75227904,0.24772091,0,0.47712415,0.4158851,0.5775728,0.4893331,0.6328284,0.3087472,0.6052888,0.66064525,0.5962096,0.55400974,1,0,1,0,1,1,1,1
covid_bmj_m606_full_p4_22_5,bmj.m606.full-p4-22%5.png,COVID,1,test,/Users/samehissa/Downloads/COVID-CT-Dataset-master/Images-processed/CT_COVID/bmj.m606.full-p4-22%5.png,/Users/samehissa/Downloads/COVID-CT-Dataset-master/Images-processed/CT_COVID/bmj.m606.full-p4-22%5.png,original,,bmj.m606.full-p4-22%5.png,0,1,1,1,1,1,1,1,0,0.504644,0.495356,0,0.4810557,0.42223564,0.6192735,0.48844424,0.6545765,0.32714176,0.59780264,0.6342521,0.5985113,0.56792545,1,0,1,0,1,1,1,1
covid_bmj_m606_full_p4_22_6,bmj.m606.full-p4-22%6.png,COVID,1,test,/Users/samehissa/Downloads/COVID-CT-Dataset-master/Images-processed/CT_COVID/bmj.m606.full-p4-22%6.png,/Users/samehissa/Downloads/COVID-CT-Dataset-master/Images-processed/CT_COVID/bmj.m606.full-p4-22%6.png,original,,bmj.m606.full-p4-22%6.png,1,1,1,0,1,1,1,1,0,0.7509881,0.24901192,0,0.48765135,0.41645887,0.570896,0.4971822,0.6420771,0.30804706,0.63822514,0.6592251,0.60348135,0.51482683,1,0,1,0,1,1,1,1
covid_bmj_m606_full_p4_22_7,bmj.m606.full-p4-22%7.png,COVID,1,test,/Users/samehissa/Downloads/COVID-CT-Dataset-master/Images-processed/CT_COVID/bmj.m606.full-p4-22%7.png,/Users/samehissa/Downloads/COVID-CT-Dataset-master/Images-processed/CT_COVID/bmj.m606.full-p4-22%7.png,original,,bmj.m606.full-p4-22%7.png,1,0,1,1,1,1,1,1,0,0.99067605,0.009323996,0,0.47954953,0.38917714,0.62236756,0.5204505,0.6280497,0.2646588,0.75219566,0.6768398,0.6048661,0.45295858,1,1,1,0,1,1,1,0
covid_Comparison_of_different_samples_for_2019_novel_cor_2020_International_Journa_p2_21_0,Comparison-of-different-samples-for-2019-novel-cor_2020_International-Journa-p2-21%0.png,COVID,1,test,/Users/samehissa/Downloads/COVID-CT-Dataset-master/Images-processed/CT_COVID/Comparison-of-different-samples-for-2019-novel-cor_2020_International-Journa-p2-21%0.png,/Users/samehissa/Downloads/COVID-CT-Dataset-master/Images-processed/CT_COVID/Comparison-of-different-samples-for-2019-novel-cor_2020_International-Journa-p2-21%0.png,original,,Comparison-of-different-samples-for-2019-novel-cor_2020_International-Journa-p2-21%0.png,1,1,1,0,1,1,1,1,1,0.010270429,0.9897295,1,0.420655,0.46431848,0.64762086,0.58750296,0.7001584,0.47198015,0.5142262,0.63663495,0.6238106,0.63739276,1,1,1,0,1,1,1,1
covid_Comparison_of_different_samples_for_2019_novel_cor_2020_International_Journa_p2_21_1,Comparison-of-different-samples-for-2019-novel-cor_2020_International-Journa-p2-21%1.png,COVID,1,test,/Users/samehissa/Downloads/COVID-CT-Dataset-master/Images-processed/CT_COVID/Comparison-of-different-samples-for-2019-novel-cor_2020_International-Journa-p2-21%1.png,/Users/samehissa/Downloads/COVID-CT-Dataset-master/Images-processed/CT_COVID/Comparison-of-different-samples-for-2019-novel-cor_2020_International-Journa-p2-21%1.png,original,,Comparison-of-different-samples-for-2019-novel-cor_2020_International-Journa-p2-21%1.png,1,1,1,0,1,1,1,1,1,0.0005028455,0.9994972,1,0.40687966,0.4698929,0.6685674,0.60959405,0.7359247,0.47429934,0.52471167,0.6596731,0.65163517,0.67281157,1,1,1,0,1,1,1,1
covid_Comparison_of_different_samples_for_2019_novel_cor_2020_International_Journa_p2_21_2,Comparison-of-different-samples-for-2019-novel-cor_2020_International-Journa-p2-21%2.png,COVID,1,test,/Users/samehissa/Downloads/COVID-CT-Dataset-master/Images-processed/CT_COVID/Comparison-of-different-samples-for-2019-novel-cor_2020_International-Journa-p2-21%2.png,/Users/samehissa/Downloads/COVID-CT-Dataset-master/Images-processed/CT_COVID/Comparison-of-different-samples-for-2019-novel-cor_2020_International-Journa-p2-21%2.png,original,,Comparison-of-different-samples-for-2019-novel-cor_2020_International-Journa-p2-21%2.png,1,1,1,0,1,1,1,1,0,0.72226983,0.2777302,0,0.4902104,0.42932013,0.5978956,0.49056986,0.6546496,0.32344007,0.60351044,0.64077264,0.60131407,0.56590897,1,0,1,0,1,1,1,1
covid_Comparison_of_different_samples_for_2019_novel_cor_2020_International_Journa_p2_21_3,Comparison-of-different-samples-for-2019-novel-cor_2020_International-Journa-p2-21%3.png,COVID,1,test,/Users/samehissa/Downloads/COVID-CT-Dataset-master/Images-processed/CT_COVID/Comparison-of-different-samples-for-2019-novel-cor_2020_International-Journa-p2-21%3.png,/Users/samehissa/Downloads/COVID-CT-Dataset-master/Images-processed/CT_COVID/Comparison-of-different-samples-for-2019-novel-cor_2020_International-Journa-p2-21%3.png,original,,Comparison-of-different-samples-for-2019-novel-cor_2020_International-Journa-p2-21%3.png,1,1,1,0,1,1,1,1,1,0.080605805,0.9193942,1,0.4336929,0.46200866,0.67163,0.5262378,0.7878894,0.3367807,0.5939278,0.7019282,0.6979757,0.6507534,1,1,1,0,1,1,1,1
covid_Comparison_of_different_samples_for_2019_novel_cor_2020_International_Journa_p2_21_4,Comparison-of-different-samples-for-2019-novel-cor_2020_International-Journa-p2-21%4.png,COVID,1,test,/Users/samehissa/Downloads/COVID-CT-Dataset-master/Images-processed/CT_COVID/Comparison-of-different-samples-for-2019-novel-cor_2020_International-Journa-p2-21%4.png,/Users/samehissa/Downloads/COVID-CT-Dataset-master/Images-processed/CT_COVID/Comparison-of-different-samples-for-2019-novel-cor_2020_International-Journa-p2-21%4.png,original,,Comparison-of-different-samples-for-2019-novel-cor_2020_International-Journa-p2-21%4.png,1,0,1,0,1,1,1,1,1,0.029819032,0.970181,1,0.43173218,0.46047866,0.6238678,0.57514805,0.6662562,0.4742142,0.508343,0.6086015,0.59589696,0.6169641,1,1,1,0,1,1,1,1
covid_Comparison_of_different_samples_for_2019_novel_cor_2020_International_Journa_p2_21_5,Comparison-of-different-samples-for-2019-novel-cor_2020_International-Journa-p2-21%5.png,COVID,1,test,/Users/samehissa/Downloads/COVID-CT-Dataset-master/Images-processed/CT_COVID/Comparison-of-different-samples-for-2019-novel-cor_2020_International-Journa-p2-21%5.png,/Users/samehissa/Downloads/COVID-CT-Dataset-master/Images-processed/CT_COVID/Comparison-of-different-samples-for-2019-novel-cor_2020_International-Journa-p2-21%5.png,original,,Comparison-of-different-samples-for-2019-novel-cor_2020_International-Journa-p2-21%5.png,1,1,1,0,1,1,1,1,1,0.006541985,0.993458,1,0.41356587,0.4663426,0.6561108,0.61035156,0.7175772,0.46926397,0.5186448,0.64415836,0.6286568,0.6468593,1,1,1,0,1,1,1,1
covid_Comparison_of_different_samples_for_2019_novel_cor_2020_International_Journa_p2_21_6,Comparison-of-different-samples-for-2019-novel-cor_2020_International-Journa-p2-21%6.png,COVID,1,test,/Users/samehissa/Downloads/COVID-CT-Dataset-master/Images-processed/CT_COVID/Comparison-of-different-samples-for-2019-novel-cor_2020_International-Journa-p2-21%6.png,/Users/samehissa/Downloads/COVID-CT-Dataset-master/Images-processed/CT_COVID/Comparison-of-different-samples-for-2019-novel-cor_2020_International-Journa-p2-21%6.png,original,,Comparison-of-different-samples-for-2019-novel-cor_2020_International-Journa-p2-21%6.png,1,1,1,0,1,1,1,1,1,0.0022844786,0.9977156,1,0.40332732,0.46569365,0.7070393,0.5856401,0.80087095,0.40472004,0.55693233,0.6948276,0.6945741,0.70654184,1,1,1,0,1,1,1,1
covid_Comparison_of_different_samples_for_2019_novel_cor_2020_International_Journa_p2_21_7,Comparison-of-different-samples-for-2019-novel-cor_2020_International-Journa-p2-21%7.png,COVID,1,test,/Users/samehissa/Downloads/COVID-CT-Dataset-master/Images-processed/CT_COVID/Comparison-of-different-samples-for-2019-novel-cor_2020_International-Journa-p2-21%7.png,/Users/samehissa/Downloads/COVID-CT-Dataset-master/Images-processed/CT_COVID/Comparison-of-different-samples-for-2019-novel-cor_2020_International-Journa-p2-21%7.png,original,,Comparison-of-different-samples-for-2019-novel-cor_2020_International-Journa-p2-21%7.png,0,0,1,0,1,1,1,1,1,0.0201519,0.9798481,1,0.42502913,0.46206665,0.69739467,0.53793335,0.8064054,0.35168293,0.5785567,0.70684946,0.72011024,0.67362446,1,1,1,0,1,1,1,1
covid_Comparison_of_different_samples_for_2019_novel_cor_2020_International_Journa_p2_21_8,Comparison-of-different-samples-for-2019-novel-cor_2020_International-Journa-p2-21%8.png,COVID,1,test,/Users/samehissa/Downloads/COVID-CT-Dataset-master/Images-processed/CT_COVID/Comparison-of-different-samples-for-2019-novel-cor_2020_International-Journa-p2-21%8.png,/Users/samehissa/Downloads/COVID-CT-Dataset-master/Images-processed/CT_COVID/Comparison-of-different-samples-for-2019-novel-cor_2020_International-Journa-p2-21%8.png,original,,Comparison-of-different-samples-for-2019-novel-cor_2020_International-Journa-p2-21%8.png,1,0,1,0,1,1,1,1,1,0.00016114672,0.9998388,1,0.35253036,0.44915026,0.7743576,0.6534793,0.8539049,0.44915026,0.54509884,0.75371516,0.74852,0.78663033,1,1,1,0,1,1,1,1
covid_Comparison_of_different_samples_for_2019_novel_cor_2020_International_Journa_p2_21_9,Comparison-of-different-samples-for-2019-novel-cor_2020_International-Journa-p2-21%9.png,COVID,1,test,/Users/samehissa/Downloads/COVID-CT-Dataset-master/Images-processed/CT_COVID/Comparison-of-different-samples-for-2019-novel-cor_2020_International-Journa-p2-21%9.png,/Users/samehissa/Downloads/COVID-CT-Dataset-master/Images-processed/CT_COVID/Comparison-of-different-samples-for-2019-novel-cor_2020_International-Journa-p2-21%9.png,original,,Comparison-of-different-samples-for-2019-novel-cor_2020_International-Journa-p2-21%9.png,0,0,0,0,1,1,1,1,1,0.0016202388,0.9983797,1,0.37806284,0.46328968,0.7356758,0.63175565,0.8267542,0.44220093,0.54136056,0.7197188,0.72418314,0.74229676,1,1,1,0,1,1,1,1
covid_Comparison_of_different_samples_for_2019_novel_cor_2020_International_Journa_p2_21_10,Comparison-of-different-samples-for-2019-novel-cor_2020_International-Journa-p2-21%10.png,COVID,1,test,/Users/samehissa/Downloads/COVID-CT-Dataset-master/Images-processed/CT_COVID/Comparison-of-different-samples-for-2019-novel-cor_2020_International-Journa-p2-21%10.png,/Users/samehissa/Downloads/COVID-CT-Dataset-master/Images-processed/CT_COVID/Comparison-of-different-samples-for-2019-novel-cor_2020_International-Journa-p2-21%10.png,original,,Comparison-of-different-samples-for-2019-novel-cor_2020_International-Journa-p2-21%10.png,1,0,1,0,1,1,1,1,1,0.0037685132,0.9962315,1,0.40188035,0.470748,0.6777483,0.61863315,0.7487631,0.4714679,0.529252,0.6691718,0.6588671,0.6816647,1,1,1,0,1,1,1,1
covid_Comparison_of_different_samples_for_2019_novel_cor_2020_International_Journa_p2_21_11,Comparison-of-different-samples-for-2019-novel-cor_2020_International-Journa-p2-21%11.png,COVID,1,test,/Users/samehissa/Downloads/COVID-CT-Dataset-master/Images-processed/CT_COVID/Comparison-of-different-samples-for-2019-novel-cor_2020_International-Journa-p2-21%11.png,/Users/samehissa/Downloads/COVID-CT-Dataset-master/Images-processed/CT_COVID/Comparison-of-different-samples-for-2019-novel-cor_2020_International-Journa-p2-21%11.png,original,,Comparison-of-different-samples-for-2019-novel-cor_2020_International-Journa-p2-21%11.png,1,1,1,0,1,1,1,1,0,0.9731727,0.026827257,0,0.49020234,0.409424,0.5787976,0.49843588,0.59858054,0.3275807,0.67358595,0.5955781,0.60368055,0.47690055,1,0,1,0,1,1,1,0
covid_ehaa254_p0_63_2,ehaa254-p0-63%2.png,COVID,1,test,/Users/samehissa/Downloads/COVID-CT-Dataset-master/Images-processed/CT_COVID/ehaa254-p0-63%2.png,/Users/samehissa/Downloads/COVID-CT-Dataset-master/Images-processed/CT_COVID/ehaa254-p0-63%2.png,original,,ehaa254-p0-63%2.png,1,1,1,0,1,1,1,1,0,0.9999999,9.0057924e-08,0,0.46083757,0.29682335,0.7424977,0.5108476,0.7565168,0.14359066,0.92218846,0.7614143,0.7263297,0.46729085,1,1,1,0,1,1,1,0
covid_ehaa254_p0_63_3,ehaa254-p0-63%3.png,COVID,1,test,/Users/samehissa/Downloads/COVID-CT-Dataset-master/Images-processed/CT_COVID/ehaa254-p0-63%3.png,/Users/samehissa/Downloads/COVID-CT-Dataset-master/Images-processed/CT_COVID/ehaa254-p0-63%3.png,original,,ehaa254-p0-63%3.png,1,1,1,0,1,1,1,1,0,0.999828,0.00017197512,0,0.47942454,0.357944,0.6699975,0.5065558,0.6761358,0.22602046,0.82575905,0.69400084,0.6371006,0.43366686,1,1,1,0,1,1,1,0
covid_impact_of_covid19_infection_on_pregnancy_outcomes_and_the_risk_of_maternaltoneonatal_intrapartum_transmission_of_covid19_during_natural_birth_p8_41_1,impact_of_covid19_infection_on_pregnancy_outcomes_and_the_risk_of_maternaltoneonatal_intrapartum_transmission_of_covid19_during_natural_birth-p8-41%1.png,COVID,1,test,/Users/samehissa/Downloads/COVID-CT-Dataset-master/Images-processed/CT_COVID/impact_of_covid19_infection_on_pregnancy_outcomes_and_the_risk_of_maternaltoneonatal_intrapartum_transmission_of_covid19_during_natural_birth-p8-41%1.png,/Users/samehissa/Downloads/COVID-CT-Dataset-master/Images-processed/CT_COVID/impact_of_covid19_infection_on_pregnancy_outcomes_and_the_risk_of_maternaltoneonatal_intrapartum_transmission_of_covid19_during_natural_birth-p8-41%1.png,original,,impact_of_covid19_infection_on_pregnancy_outcomes_and_the_risk_of_maternaltoneonatal_intrapartum_transmission_of_covid19_during_natural_birth-p8-41%1.png,1,1,1,0,0,1,1,1,1,0.009367322,0.99063265,1,0.4101802,0.46583885,0.6809617,0.5785994,0.7812372,0.39734745,0.56787837,0.68735063,0.67755765,0.68723863,1,1,1,0,1,1,1,1
covid_impact_of_covid19_infection_on_pregnancy_outcomes_and_the_risk_of_maternaltoneonatal_intrapartum_transmission_of_covid19_during_natural_birth_p8_41_3,impact_of_covid19_infection_on_pregnancy_outcomes_and_the_risk_of_maternaltoneonatal_intrapartum_transmission_of_covid19_during_natural_birth-p8-41%3.png,COVID,1,test,/Users/samehissa/Downloads/COVID-CT-Dataset-master/Images-processed/CT_COVID/impact_of_covid19_infection_on_pregnancy_outcomes_and_the_risk_of_maternaltoneonatal_intrapartum_transmission_of_covid19_during_natural_birth-p8-41%3.png,/Users/samehissa/Downloads/COVID-CT-Dataset-master/Images-processed/CT_COVID/impact_of_covid19_infection_on_pregnancy_outcomes_and_the_risk_of_maternaltoneonatal_intrapartum_transmission_of_covid19_during_natural_birth-p8-41%3.png,original,,impact_of_covid19_infection_on_pregnancy_outcomes_and_the_risk_of_maternaltoneonatal_intrapartum_transmission_of_covid19_during_natural_birth-p8-41%3.png,1,1,1,0,1,1,1,1,1,0.0059458083,0.99405426,1,0.41591674,0.46667692,0.6468356,0.60492194,0.7126947,0.47540808,0.51910883,0.63691837,0.63044065,0.6519662,1,1,1,0,1,1,1,1
covid_impact_of_covid19_infection_on_pregnancy_outcomes_and_the_risk_of_maternaltoneonatal_intrapartum_transmission_of_covid19_during_natural_birth_p8_41_5,impact_of_covid19_infection_on_pregnancy_outcomes_and_the_risk_of_maternaltoneonatal_intrapartum_transmission_of_covid19_during_natural_birth-p8-41%5.png,COVID,1,test,/Users/samehissa/Downloads/COVID-CT-Dataset-master/Images-processed/CT_COVID/impact_of_covid19_infection_on_pregnancy_outcomes_and_the_risk_of_maternaltoneonatal_intrapartum_transmission_of_covid19_during_natural_birth-p8-41%5.png,/Users/samehissa/Downloads/COVID-CT-Dataset-master/Images-processed/CT_COVID/impact_of_covid19_infection_on_pregnancy_outcomes_and_the_risk_of_maternaltoneonatal_intrapartum_transmission_of_covid19_during_natural_birth-p8-41%5.png,original,,impact_of_covid19_infection_on_pregnancy_outcomes_and_the_risk_of_maternaltoneonatal_intrapartum_transmission_of_covid19_during_natural_birth-p8-41%5.png,1,1,1,0,1,1,1,1,1,1.2939662e-05,0.999987,1,0.3416992,0.45577112,0.7739853,0.6796423,0.8673436,0.45577112,0.5605381,0.7677801,0.767388,0.7936909,1,1,1,0,1,1,1,1
covid_kjr_21_e24_p2_8,kjr-21-e24-p2-8.png,COVID,1,test,/Users/samehissa/Downloads/COVID-CT-Dataset-master/Images-processed/CT_COVID/kjr-21-e24-p2-8.png,/Users/samehissa/Downloads/COVID-CT-Dataset-master/Images-processed/CT_COVID/kjr-21-e24-p2-8.png,original,,kjr-21-e24-p2-8.png,1,1,1,0,1,1,1,1,0,0.99994564,5.4414333e-05,0,0.4798931,0.35072088,0.6658909,0.5196189,0.6814728,0.2285378,0.836951,0.6897552,0.63581717,0.4674555,1,1,1,0,1,1,1,0
covid_kjr_21_e25_p1_6,kjr-21-e25-p1-6.png,COVID,1,test,/Users/samehissa/Downloads/COVID-CT-Dataset-master/Images-processed/CT_COVID/kjr-21-e25-p1-6.png,/Users/samehissa/Downloads/COVID-CT-Dataset-master/Images-processed/CT_COVID/kjr-21-e25-p1-6.png,original,,kjr-21-e25-p1-6.png,1,0,0,0,1,1,1,1,1,0.021668583,0.97833145,1,0.41761178,0.46339437,0.64458585,0.58872646,0.7488756,0.43185645,0.5399578,0.6433871,0.65953326,0.6489806,1,1,1,0,1,1,1,1
covid_kjr_21_e25_p1_8,kjr-21-e25-p1-8.png,COVID,1,test,/Users/samehissa/Downloads/COVID-CT-Dataset-master/Images-processed/CT_COVID/kjr-21-e25-p1-8.png,/Users/samehissa/Downloads/COVID-CT-Dataset-master/Images-processed/CT_COVID/kjr-21-e25-p1-8.png,original,,kjr-21-e25-p1-8.png,1,1,1,0,1,1,1,1,1,0.00030180468,0.9996983,1,0.38337502,0.45122492,0.7021184,0.6493426,0.77907133,0.47359198,0.5489658,0.7057239,0.6892358,0.69516504,1,1,1,0,1,1,1,1
covid_kjr_21_e25_p1_10,kjr-21-e25-p1-10.png,COVID,1,test,/Users/samehissa/Downloads/COVID-CT-Dataset-master/Images-processed/CT_COVID/kjr-21-e25-p1-10.png,/Users/samehissa/Downloads/COVID-CT-Dataset-master/Images-processed/CT_COVID/kjr-21-e25-p1-10.png,original,,kjr-21-e25-p1-10.png,1,1,1,0,1,1,1,1,1,0.0006224372,0.99937755,1,0.38983193,0.45535398,0.69141775,0.6439574,0.7667812,0.47433925,0.544646,0.6931998,0.677385,0.68489176,1,1,1,0,1,1,1,1
covid_kjr_21_e25_p1_12,kjr-21-e25-p1-12.png,COVID,1,test,/Users/samehissa/Downloads/COVID-CT-Dataset-master/Images-processed/CT_COVID/kjr-21-e25-p1-12.png,/Users/samehissa/Downloads/COVID-CT-Dataset-master/Images-processed/CT_COVID/kjr-21-e25-p1-12.png,original,,kjr-21-e25-p1-12.png,1,1,1,0,1,1,1,1,1,0.205218,0.79478204,0,0.45710772,0.45597625,0.56132126,0.51517373,0.69700265,0.39633867,0.56008184,0.63806623,0.6551625,0.59698844,1,1,1,0,1,1,1,1
covid_kjr_21_e25_p1_14,kjr-21-e25-p1-14.png,COVID,1,test,/Users/samehissa/Downloads/COVID-CT-Dataset-master/Images-processed/CT_COVID/kjr-21-e25-p1-14.png,/Users/samehissa/Downloads/COVID-CT-Dataset-master/Images-processed/CT_COVID/kjr-21-e25-p1-14.png,original,,kjr-21-e25-p1-14.png,0,0,0,0,1,0,0,0,0,0.9364794,0.06352056,0,0.48750314,0.42019567,0.6154555,0.48995227,0.6339549,0.3109568,0.6630896,0.6345494,0.6370043,0.52274173,1,0,1,0,1,1,1,1
covid_med_9780198814924_chapter_17_p10_515,med-9780198814924-chapter-17-p10-515.png,COVID,1,test,/Users/samehissa/Downloads/COVID-CT-Dataset-master/Images-processed/CT_COVID/med-9780198814924-chapter-17-p10-515.png,/Users/samehissa/Downloads/COVID-CT-Dataset-master/Images-processed/CT_COVID/med-9780198814924-chapter-17-p10-515.png,original,,med-9780198814924-chapter-17-p10-515.png,1,1,1,0,1,1,1,1,1,0.061312832,0.9386872,1,0.4351412,0.45049375,0.6481304,0.5617051,0.67001957,0.44448334,0.51708925,0.6041031,0.57317716,0.58173,1,1,1,0,1,1,1,1
covid_Ni2020_Article_CombinationOfWesternMedicineAn_p3_10_0,Ni2020_Article_CombinationOfWesternMedicineAn-p3-10%0.png,COVID,1,test,/Users/samehissa/Downloads/COVID-CT-Dataset-master/Images-processed/CT_COVID/Ni2020_Article_CombinationOfWesternMedicineAn-p3-10%0.png,/Users/samehissa/Downloads/COVID-CT-Dataset-master/Images-processed/CT_COVID/Ni2020_Article_CombinationOfWesternMedicineAn-p3-10%0.png,original,,Ni2020_Article_CombinationOfWesternMedicineAn-p3-10%0.png,1,1,1,0,1,1,1,1,1,0.0041109575,0.995889,1,0.4187119,0.46548605,0.6371656,0.6016976,0.70321846,0.47896513,0.5166566,0.6292289,0.626469,0.6432699,1,1,1,0,1,1,1,1
covid_Ni2020_Article_CombinationOfWesternMedicineAn_p3_10_1,Ni2020_Article_CombinationOfWesternMedicineAn-p3-10%1.png,COVID,1,test,/Users/samehissa/Downloads/COVID-CT-Dataset-master/Images-processed/CT_COVID/Ni2020_Article_CombinationOfWesternMedicineAn-p3-10%1.png,/Users/samehissa/Downloads/COVID-CT-Dataset-master/Images-processed/CT_COVID/Ni2020_Article_CombinationOfWesternMedicineAn-p3-10%1.png,original,,Ni2020_Article_CombinationOfWesternMedicineAn-p3-10%1.png,0,0,0,0,1,0,0,0,1,0.029263712,0.9707363,1,0.42687154,0.46183005,0.6340805,0.5861897,0.6896106,0.47109982,0.51515216,0.61536247,0.60899395,0.6260903,1,1,1,0,1,1,1,1
covid_Ni2020_Article_CombinationOfWesternMedicineAn_p4_13_0,Ni2020_Article_CombinationOfWesternMedicineAn-p4-13%0.png,COVID,1,test,/Users/samehissa/Downloads/COVID-CT-Dataset-master/Images-processed/CT_COVID/Ni2020_Article_CombinationOfWesternMedicineAn-p4-13%0.png,/Users/samehissa/Downloads/COVID-CT-Dataset-master/Images-processed/CT_COVID/Ni2020_Article_CombinationOfWesternMedicineAn-p4-13%0.png,original,,Ni2020_Article_CombinationOfWesternMedicineAn-p4-13%0.png,0,1,1,0,1,1,1,1,1,0.13465363,0.8653464,0,0.469277,0.450359,0.55367315,0.53103936,0.60665727,0.47131476,0.51577157,0.5538345,0.57976776,0.5554126,1,1,1,0,1,1,1,1
covid_Ni2020_Article_CombinationOfWesternMedicineAn_p4_13_1,Ni2020_Article_CombinationOfWesternMedicineAn-p4-13%1.png,COVID,1,test,/Users/samehissa/Downloads/COVID-CT-Dataset-master/Images-processed/CT_COVID/Ni2020_Article_CombinationOfWesternMedicineAn-p4-13%1.png,/Users/samehissa/Downloads/COVID-CT-Dataset-master/Images-processed/CT_COVID/Ni2020_Article_CombinationOfWesternMedicineAn-p4-13%1.png,original,,Ni2020_Article_CombinationOfWesternMedicineAn-p4-13%1.png,0,1,1,0,1,1,1,1,1,0.045366473,0.9546335,1,0.4387855,0.45724124,0.61163706,0.5618383,0.66087335,0.47201887,0.5127036,0.5926447,0.601847,0.59720945,1,1,1,0,1,1,1,1
covid_PIIS0140673620301549_0_0,PIIS0140673620301549_0%0.png,COVID,1,test,/Users/samehissa/Downloads/COVID-CT-Dataset-master/Images-processed/CT_COVID/PIIS0140673620301549_0%0.png,/Users/samehissa/Downloads/COVID-CT-Dataset-master/Images-processed/CT_COVID/PIIS0140673620301549_0%0.png,original,,PIIS0140673620301549_0%0.png,1,1,1,0,1,1,1,1,1,0.028241787,0.97175825,1,0.4242425,0.45919105,0.6703609,0.5687925,0.7166718,0.44349778,0.5233146,0.6328975,0.6230715,0.6298699,1,1,1,0,1,1,1,1
covid_PIIS0140673620301549_0_1,PIIS0140673620301549_0%1.png,COVID,1,test,/Users/samehissa/Downloads/COVID-CT-Dataset-master/Images-processed/CT_COVID/PIIS0140673620301549_0%1.png,/Users/samehissa/Downloads/COVID-CT-Dataset-master/Images-processed/CT_COVID/PIIS0140673620301549_0%1.png,original,,PIIS0140673620301549_0%1.png,1,1,1,0,1,1,1,1,1,0.46365508,0.5363449,0,0.48222584,0.45216545,0.5948233,0.47646573,0.6367061,0.3684569,0.5485179,0.60302114,0.6064787,0.5447325,1,0,1,0,1,1,1,1
covid_PIIS0140673620301549_1,PIIS0140673620301549_1.png,COVID,1,test,/Users/samehissa/Downloads/COVID-CT-Dataset-master/Images-processed/CT_COVID/PIIS0140673620301549_1.png,/Users/samehissa/Downloads/COVID-CT-Dataset-master/Images-processed/CT_COVID/PIIS0140673620301549_1.png,original,,PIIS0140673620301549_1.png,1,1,1,0,1,1,1,1,1,6.083555e-05,0.9999392,1,0.36358416,0.45966285,0.74038815,0.6709373,0.8293487,0.46306288,0.5539876,0.7306071,0.7217721,0.75116163,1,1,1,0,1,1,1,1
covid_PIIS0140673620301549_2,PIIS0140673620301549_2.png,COVID,1,test,/Users/samehissa/Downloads/COVID-CT-Dataset-master/Images-processed/CT_COVID/PIIS0140673620301549_2.png,/Users/samehissa/Downloads/COVID-CT-Dataset-master/Images-processed/CT_COVID/PIIS0140673620301549_2.png,original,,PIIS0140673620301549_2.png,0,1,1,0,1,1,1,1,1,0.0076434147,0.99235666,1,0.40589985,0.46830222,0.70076686,0.5906271,0.743215,0.46834037,0.515021,0.66351503,0.6541292,0.6951029,1,1,1,0,1,1,1,1
covid_PIIS0140673620302117_1,PIIS0140673620302117_1.png,COVID,1,test,/Users/samehissa/Downloads/COVID-CT-Dataset-master/Images-processed/CT_COVID/PIIS0140673620302117_1.png,/Users/samehissa/Downloads/COVID-CT-Dataset-master/Images-processed/CT_COVID/PIIS0140673620302117_1.png,original,,PIIS0140673620302117_1.png,1,1,1,1,1,1,1,1,1,0.0011481523,0.9988519,1,0.39635277,0.47071493,0.7025941,0.61847484,0.76392716,0.46595478,0.5284595,0.6777004,0.6638081,0.70286405,1,1,1,0,1,1,1,1
covid_PIIS0140673620302117_2,PIIS0140673620302117_2.png,COVID,1,test,/Users/samehissa/Downloads/COVID-CT-Dataset-master/Images-processed/CT_COVID/PIIS0140673620302117_2.png,/Users/samehissa/Downloads/COVID-CT-Dataset-master/Images-processed/CT_COVID/PIIS0140673620302117_2.png,original,,PIIS0140673620302117_2.png,0,1,1,0,1,1,1,1,0,0.9153718,0.08462816,0,0.49083468,0.42387635,0.57669246,0.49690053,0.5800219,0.3574656,0.64075977,0.5818625,0.57125336,0.46766615,1,0,1,0,1,1,1,0
covid_PIIS0140673620303603_0,PIIS0140673620303603%0.png,COVID,1,test,/Users/samehissa/Downloads/COVID-CT-Dataset-master/Images-processed/CT_COVID/PIIS0140673620303603%0.png,/Users/samehissa/Downloads/COVID-CT-Dataset-master/Images-processed/CT_COVID/PIIS0140673620303603%0.png,original,,PIIS0140673620303603%0.png,1,1,1,1,1,1,1,1,1,0.013239612,0.9867604,1,0.4255391,0.46357343,0.6395001,0.5835702,0.6832274,0.47990683,0.510227,0.6177264,0.6092709,0.63518846,1,1,1,0,1,1,1,1
covid_PIIS0140673620303603_1,PIIS0140673620303603%1.png,COVID,1,test,/Users/samehissa/Downloads/COVID-CT-Dataset-master/Images-processed/CT_COVID/PIIS0140673620303603%1.png,/Users/samehissa/Downloads/COVID-CT-Dataset-master/Images-processed/CT_COVID/PIIS0140673620303603%1.png,original,,PIIS0140673620303603%1.png,0,0,0,0,1,1,0,0,1,0.04368603,0.95631397,1,0.43963644,0.4572413,0.61015654,0.5634513,0.6381314,0.4799234,0.50362456,0.5922988,0.57736003,0.59341896,1,1,1,0,1,1,1,1
covid_PIIS0140673620303603_2,PIIS0140673620303603%2.png,COVID,1,test,/Users/samehissa/Downloads/COVID-CT-Dataset-master/Images-processed/CT_COVID/PIIS0140673620303603%2.png,/Users/samehissa/Downloads/COVID-CT-Dataset-master/Images-processed/CT_COVID/PIIS0140673620303603%2.png,original,,PIIS0140673620303603%2.png,0,0,0,0,1,1,0,0,0,0.92924577,0.07075421,0,0.4807483,0.41746214,0.5698809,0.5192517,0.5827961,0.3513174,0.65584254,0.5955679,0.54048365,0.4641131,1,1,1,0,1,1,1,0
covid_PIIS0140673620303603_3,PIIS0140673620303603%3.png,COVID,1,test,/Users/samehissa/Downloads/COVID-CT-Dataset-master/Images-processed/CT_COVID/PIIS0140673620303603%3.png,/Users/samehissa/Downloads/COVID-CT-Dataset-master/Images-processed/CT_COVID/PIIS0140673620303603%3.png,original,,PIIS0140673620303603%3.png,0,0,0,0,1,0,0,0,0,0.6916866,0.30831346,0,0.49462667,0.43558162,0.58016104,0.5003896,0.59058756,0.37848777,0.57142234,0.5807878,0.5656651,0.5165261,1,1,1,0,1,1,1,1
covid_PIIS0140673620303603_4,PIIS0140673620303603%4.png,COVID,1,test,/Users/samehissa/Downloads/COVID-CT-Dataset-master/Images-processed/CT_COVID/PIIS0140673620303603%4.png,/Users/samehissa/Downloads/COVID-CT-Dataset-master/Images-processed/CT_COVID/PIIS0140673620303603%4.png,original,,PIIS0140673620303603%4.png,0,1,1,0,1,1,1,1,1,0.005986042,0.99401397,1,0.41260064,0.4678826,0.6646337,0.6065676,0.7214026,0.4720784,0.5208042,0.64525133,0.6301242,0.66045904,1,1,1,0,1,1,1,1
covid_PIIS0140673620303603_5,PIIS0140673620303603%5.png,COVID,1,test,/Users/samehissa/Downloads/COVID-CT-Dataset-master/Images-processed/CT_COVID/PIIS0140673620303603%5.png,/Users/samehissa/Downloads/COVID-CT-Dataset-master/Images-processed/CT_COVID/PIIS0140673620303603%5.png,original,,PIIS0140673620303603%5.png,1,1,1,1,1,1,1,1,1,0.00042517978,0.99957484,1,0.38451505,0.4624683,0.7074724,0.6407559,0.78727466,0.46824285,0.53986716,0.69779074,0.68752605,0.7146182,1,1,1,0,1,1,1,1
covid_PIIS0140673620303603_6,PIIS0140673620303603%6.png,COVID,1,test,/Users/samehissa/Downloads/COVID-CT-Dataset-master/Images-processed/CT_COVID/PIIS0140673620303603%6.png,/Users/samehissa/Downloads/COVID-CT-Dataset-master/Images-processed/CT_COVID/PIIS0140673620303603%6.png,original,,PIIS0140673620303603%6.png,0,0,0,0,1,0,0,0,1,0.15718046,0.8428195,1,0.45130408,0.45414004,0.5856061,0.5541713,0.59957033,0.4903773,0.5023731,0.56196904,0.5563953,0.5752924,1,1,1,0,1,1,1,1
covid_PIIS0140673620303603_7,PIIS0140673620303603%7.png,COVID,1,test,/Users/samehissa/Downloads/COVID-CT-Dataset-master/Images-processed/CT_COVID/PIIS0140673620303603%7.png,/Users/samehissa/Downloads/COVID-CT-Dataset-master/Images-processed/CT_COVID/PIIS0140673620303603%7.png,original,,PIIS0140673620303603%7.png,0,0,0,0,1,0,0,0,1,0.0059625274,0.9940375,1,0.42100403,0.46530718,0.6539397,0.58742565,0.69550264,0.47707075,0.5127445,0.6276508,0.61493874,0.6476464,1,1,1,0,1,1,1,1
covid_PIIS0140673620303603_8,PIIS0140673620303603%8.png,COVID,1,test,/Users/samehissa/Downloads/COVID-CT-Dataset-master/Images-processed/CT_COVID/PIIS0140673620303603%8.png,/Users/samehissa/Downloads/COVID-CT-Dataset-master/Images-processed/CT_COVID/PIIS0140673620303603%8.png,original,,PIIS0140673620303603%8.png,1,1,1,1,1,1,1,1,1,0.026213055,0.97378695,1,0.4361631,0.45929027,0.6189045,0.5671393,0.6485923,0.4832012,0.50505626,0.59809047,0.5873283,0.60596204,1,1,1,0,1,1,1,1
covid_Recurrence_of_positive_SARS_CoV_2_RNA_in_C_2020_International_Journal_of_Inf_p1_21_0,Recurrence-of-positive-SARS-CoV-2-RNA-in-C_2020_International-Journal-of-Inf-p1-21%0.png,COVID,1,test,/Users/samehissa/Downloads/COVID-CT-Dataset-master/Images-processed/CT_COVID/Recurrence-of-positive-SARS-CoV-2-RNA-in-C_2020_International-Journal-of-Inf-p1-21%0.png,/Users/samehissa/Downloads/COVID-CT-Dataset-master/Images-processed/CT_COVID/Recurrence-of-positive-SARS-CoV-2-RNA-in-C_2020_International-Journal-of-Inf-p1-21%0.png,original,,Recurrence-of-positive-SARS-CoV-2-RNA-in-C_2020_International-Journal-of-Inf-p1-21%0.png,1,1,1,0,1,1,1,1,1,0.4433986,0.5566014,0,0.48883158,0.44621158,0.5995584,0.48119417,0.6500965,0.36068386,0.58659434,0.62145126,0.6127512,0.57284313,1,0,1,0,1,1,1,1
covid_Recurrence_of_positive_SARS_CoV_2_RNA_in_C_2020_International_Journal_of_Inf_p1_21_1,Recurrence-of-positive-SARS-CoV-2-RNA-in-C_2020_International-Journal-of-Inf-p1-21%1.png,COVID,1,test,/Users/samehissa/Downloads/COVID-CT-Dataset-master/Images-processed/CT_COVID/Recurrence-of-positive-SARS-CoV-2-RNA-in-C_2020_International-Journal-of-Inf-p1-21%1.png,/Users/samehissa/Downloads/COVID-CT-Dataset-master/Images-processed/CT_COVID/Recurrence-of-positive-SARS-CoV-2-RNA-in-C_2020_International-Journal-of-Inf-p1-21%1.png,original,,Recurrence-of-positive-SARS-CoV-2-RNA-in-C_2020_International-Journal-of-Inf-p1-21%1.png,1,1,1,0,1,1,1,1,1,0.00060513976,0.9993949,1,0.40510502,0.4710391,0.6822891,0.6065057,0.74601215,0.47127256,0.52234447,0.66182405,0.65631014,0.6880572,1,1,1,0,1,1,1,1
covid_Talaromyces_marneffei_infection_relapse_presenting_as_ost_2020_International_p1_12_0,Talaromyces-marneffei-infection-relapse-presenting-as-ost_2020_International-p1-12%0.png,COVID,1,test,/Users/samehissa/Downloads/COVID-CT-Dataset-master/Images-processed/CT_COVID/Talaromyces-marneffei-infection-relapse-presenting-as-ost_2020_International-p1-12%0.png,/Users/samehissa/Downloads/COVID-CT-Dataset-master/Images-processed/CT_COVID/Talaromyces-marneffei-infection-relapse-presenting-as-ost_2020_International-p1-12%0.png,original,,Talaromyces-marneffei-infection-relapse-presenting-as-ost_2020_International-p1-12%0.png,1,1,1,0,1,1,1,1,0,0.9987379,0.0012621068,0,0.48181015,0.39519274,0.62321204,0.51818985,0.6351019,0.3103821,0.7648304,0.6092716,0.60271,0.46753988,1,1,1,0,1,1,1,0
covid_Talaromyces_marneffei_infection_relapse_presenting_as_ost_2020_International_p1_12_1,Talaromyces-marneffei-infection-relapse-presenting-as-ost_2020_International-p1-12%1.png,COVID,1,test,/Users/samehissa/Downloads/COVID-CT-Dataset-master/Images-processed/CT_COVID/Talaromyces-marneffei-infection-relapse-presenting-as-ost_2020_International-p1-12%1.png,/Users/samehissa/Downloads/COVID-CT-Dataset-master/Images-processed/CT_COVID/Talaromyces-marneffei-infection-relapse-presenting-as-ost_2020_International-p1-12%1.png,original,,Talaromyces-marneffei-infection-relapse-presenting-as-ost_2020_International-p1-12%1.png,0,1,1,0,1,1,1,1,0,0.9686299,0.03137013,0,0.4750384,0.40398157,0.5947141,0.5249616,0.60780036,0.31530336,0.7102504,0.6278245,0.57317644,0.46220985,1,1,1,0,1,1,1,0
covid_Talaromyces_marneffei_infection_relapse_presenting_as_ost_2020_International_p1_12_2,Talaromyces-marneffei-infection-relapse-presenting-as-ost_2020_International-p1-12%2.png,COVID,1,test,/Users/samehissa/Downloads/COVID-CT-Dataset-master/Images-processed/CT_COVID/Talaromyces-marneffei-infection-relapse-presenting-as-ost_2020_International-p1-12%2.png,/Users/samehissa/Downloads/COVID-CT-Dataset-master/Images-processed/CT_COVID/Talaromyces-marneffei-infection-relapse-presenting-as-ost_2020_International-p1-12%2.png,original,,Talaromyces-marneffei-infection-relapse-presenting-as-ost_2020_International-p1-12%2.png,0,0,1,0,1,1,1,1,0,0.99977547,0.00022457541,0,0.465796,0.3573594,0.61630386,0.534204,0.6786328,0.25509557,0.8244226,0.6468171,0.62677157,0.48519725,1,1,1,0,1,1,1,0
covid_Talaromyces_marneffei_infection_relapse_presenting_as_ost_2020_International_p1_12_3,Talaromyces-marneffei-infection-relapse-presenting-as-ost_2020_International-p1-12%3.png,COVID,1,test,/Users/samehissa/Downloads/COVID-CT-Dataset-master/Images-processed/CT_COVID/Talaromyces-marneffei-infection-relapse-presenting-as-ost_2020_International-p1-12%3.png,/Users/samehissa/Downloads/COVID-CT-Dataset-master/Images-processed/CT_COVID/Talaromyces-marneffei-infection-relapse-presenting-as-ost_2020_International-p1-12%3.png,original,,Talaromyces-marneffei-infection-relapse-presenting-as-ost_2020_International-p1-12%3.png,0,0,0,0,1,1,0,0,0,0.9999099,9.016545e-05,0,0.48295647,0.3702671,0.6279121,0.51263756,0.66179264,0.26566896,0.79807866,0.6297329,0.61998546,0.48239458,1,1,1,0,1,1,1,0
covid_kjr_21_e24_p3_16,kjr-21-e24-p3-16.png,COVID,1,test,/Users/samehissa/Downloads/COVID-CT-Dataset-master/Images-processed/CT_COVID/kjr-21-e24-p3-16.png,/Users/samehissa/Downloads/COVID-CT-Dataset-master/Images-processed/CT_COVID/kjr-21-e24-p3-16.png,original,,kjr-21-e24-p3-16.png,1,1,1,0,1,1,1,1,1,0.009100246,0.9908998,1,0.41059095,0.46762902,0.67655087,0.6019746,0.723738,0.4710466,0.52165806,0.6509009,0.6313861,0.66814506,1,1,1,0,1,1,1,1
covid_kjr_21_e24_p5_29,kjr-21-e24-p5-29.png,COVID,1,test,/Users/samehissa/Downloads/COVID-CT-Dataset-master/Images-processed/CT_COVID/kjr-21-e24-p5-29.png,/Users/samehissa/Downloads/COVID-CT-Dataset-master/Images-processed/CT_COVID/kjr-21-e24-p5-29.png,original,,kjr-21-e24-p5-29.png,1,1,1,0,1,1,1,1,0,0.99438053,0.0056194398,0,0.48085856,0.40084556,0.6394483,0.51914144,0.63806015,0.29504913,0.77261126,0.6446719,0.6021242,0.43983772,1,1,1,0,1,1,1,0
covid_kjr_21_e24_p5_31,kjr-21-e24-p5-31.png,COVID,1,test,/Users/samehissa/Downloads/COVID-CT-Dataset-master/Images-processed/CT_COVID/kjr-21-e24-p5-31.png,/Users/samehissa/Downloads/COVID-CT-Dataset-master/Images-processed/CT_COVID/kjr-21-e24-p5-31.png,original,,kjr-21-e24-p5-31.png,1,1,1,0,1,1,1,1,0,0.97622335,0.023776663,0,0.48757938,0.420268,0.6316283,0.5031562,0.640241,0.31331515,0.70819956,0.6300991,0.6270524,0.48624694,1,1,1,0,1,1,1,0
noncovid_23,23.png,NonCOVID,0,val,/Users/samehissa/Downloads/COVID-CT-Dataset-master/Images-processed/CT_NonCOVID/23.png,/Users/samehissa/Downloads/COVID-CT-Dataset-master/Images-processed/CT_NonCOVID/23.png,original,,23.png,0,0,0,0,1,0,0,0,0,0.9999974,2.5717725e-06,0,0.47135857,0.33017087,0.6735822,0.5145597,0.72451854,0.19175804,0.8777562,0.7116583,0.6802751,0.4581196,1,1,1,0,1,1,1,0
noncovid_24,24.png,NonCOVID,0,val,/Users/samehissa/Downloads/COVID-CT-Dataset-master/Images-processed/CT_NonCOVID/24.png,/Users/samehissa/Downloads/COVID-CT-Dataset-master/Images-processed/CT_NonCOVID/24.png,original,,24.png,0,0,0,0,1,0,0,0,0,0.9995591,0.00044084803,0,0.4811952,0.37065324,0.6295346,0.5116944,0.6732141,0.2594623,0.8100253,0.64844644,0.6335998,0.46126634,1,1,1,0,1,1,1,0
noncovid_25,25.png,NonCOVID,0,val,/Users/samehissa/Downloads/COVID-CT-Dataset-master/Images-processed/CT_NonCOVID/25.png,/Users/samehissa/Downloads/COVID-CT-Dataset-master/Images-processed/CT_NonCOVID/25.png,original,,25.png,0,0,0,0,1,0,0,0,0,0.9999832,1.6779904e-05,0,0.4798661,0.35271168,0.6431421,0.5136338,0.69764304,0.23782878,0.8435639,0.65230435,0.6604571,0.48503414,1,1,1,0,1,1,1,0
noncovid_26,26.png,NonCOVID,0,val,/Users/samehissa/Downloads/COVID-CT-Dataset-master/Images-processed/CT_NonCOVID/26.png,/Users/samehissa/Downloads/COVID-CT-Dataset-master/Images-processed/CT_NonCOVID/26.png,original,,26.png,0,0,0,0,1,0,0,0,0,0.9999924,7.6240954e-06,0,0.47714564,0.34107053,0.65251493,0.51692104,0.71283466,0.21710943,0.8631971,0.6729899,0.6735518,0.4804638,1,1,1,0,1,1,1,0
noncovid_412,412.png,NonCOVID,0,val,/Users/samehissa/Downloads/COVID-CT-Dataset-master/Images-processed/CT_NonCOVID/412.png,/Users/samehissa/Downloads/COVID-CT-Dataset-master/Images-processed/CT_NonCOVID/412.png,original,,412.png,0,0,0,0,1,0,0,0,1,0.0008631858,0.99913687,1,0.3800658,0.46156293,0.71187246,0.63296384,0.79123414,0.46948364,0.5390111,0.7066116,0.7040115,0.7209639,1,1,1,0,1,1,1,1
noncovid_413,413.png,NonCOVID,0,val,/Users/samehissa/Downloads/COVID-CT-Dataset-master/Images-processed/CT_NonCOVID/413.png,/Users/samehissa/Downloads/COVID-CT-Dataset-master/Images-processed/CT_NonCOVID/413.png,original,,413.png,0,0,1,0,1,0,0,0,1,0.49182427,0.5081758,0,0.46436542,0.45441598,0.6274086,0.5050182,0.6672756,0.39551994,0.5583989,0.62876946,0.6207141,0.59046817,1,1,1,0,1,1,1,1
noncovid_414,414.png,NonCOVID,0,val,/Users/samehissa/Downloads/COVID-CT-Dataset-master/Images-processed/CT_NonCOVID/414.png,/Users/samehissa/Downloads/COVID-CT-Dataset-master/Images-processed/CT_NonCOVID/414.png,original,,414.png,0,0,1,0,1,0,1,0,0,0.99647456,0.0035253624,0,0.48286217,0.39934108,0.6253921,0.5040674,0.6282344,0.31012672,0.74510103,0.62068826,0.59782314,0.4522724,1,1,1,0,1,1,1,0
noncovid_486,486.png,NonCOVID,0,val,/Users/samehissa/Downloads/COVID-CT-Dataset-master/Images-processed/CT_NonCOVID/486.png,/Users/samehissa/Downloads/COVID-CT-Dataset-master/Images-processed/CT_NonCOVID/486.png,original,,486.png,1,1,1,0,1,1,1,1,0,0.99998677,1.3280084e-05,0,0.47456467,0.35666645,0.65041625,0.5254353,0.66029215,0.23839994,0.8086287,0.68529,0.60286325,0.44235837,1,1,1,0,1,1,1,0
noncovid_487,487.png,NonCOVID,0,val,/Users/samehissa/Downloads/COVID-CT-Dataset-master/Images-processed/CT_NonCOVID/487.png,/Users/samehissa/Downloads/COVID-CT-Dataset-master/Images-processed/CT_NonCOVID/487.png,original,,487.png,0,0,1,0,1,0,1,0,0,0.9864551,0.013544885,0,0.4721704,0.4184685,0.5905723,0.5278296,0.61536473,0.33339274,0.70401865,0.61659104,0.5795511,0.46071145,1,1,1,0,1,1,1,0
noncovid_709,709.png,NonCOVID,0,val,/Users/samehissa/Downloads/COVID-CT-Dataset-master/Images-processed/CT_NonCOVID/709.png,/Users/samehissa/Downloads/COVID-CT-Dataset-master/Images-processed/CT_NonCOVID/709.png,original,,709.png,1,1,1,0,0,1,1,1,0,0.9999995,4.2621983e-07,0,0.4650438,0.31109503,0.74331385,0.53473043,0.74193585,0.14893368,0.9174736,0.7883215,0.7000871,0.43220797,1,1,1,0,1,1,1,0
noncovid_753,753.png,NonCOVID,0,val,/Users/samehissa/Downloads/COVID-CT-Dataset-master/Images-processed/CT_NonCOVID/753.png,/Users/samehissa/Downloads/COVID-CT-Dataset-master/Images-processed/CT_NonCOVID/753.png,original,,753.png,1,1,1,0,1,1,1,1,1,0.06939786,0.9306022,1,0.43493763,0.45364082,0.6793129,0.5193588,0.7148709,0.33840823,0.5440792,0.6843725,0.62414205,0.57290345,1,1,1,0,1,1,1,1
noncovid_754,754.png,NonCOVID,0,val,/Users/samehissa/Downloads/COVID-CT-Dataset-master/Images-processed/CT_NonCOVID/754.png,/Users/samehissa/Downloads/COVID-CT-Dataset-master/Images-processed/CT_NonCOVID/754.png,original,,754.png,1,1,1,0,1,1,1,1,1,0.022295704,0.9777043,1,0.42084244,0.46056026,0.66778827,0.58380944,0.7163675,0.45336947,0.52254605,0.63433087,0.6193936,0.6352613,1,1,1,0,1,1,1,1
noncovid_887,887.png,NonCOVID,0,val,/Users/samehissa/Downloads/COVID-CT-Dataset-master/Images-processed/CT_NonCOVID/887.png,/Users/samehissa/Downloads/COVID-CT-Dataset-master/Images-processed/CT_NonCOVID/887.png,original,,887.png,1,1,1,0,1,1,1,1,1,0.0005715431,0.99942845,1,0.39192545,0.46643567,0.7021838,0.629809,0.77386945,0.46744162,0.5335643,0.684201,0.6720189,0.70641625,1,1,1,0,1,1,1,1
noncovid_889,889.png,NonCOVID,0,val,/Users/samehissa/Downloads/COVID-CT-Dataset-master/Images-processed/CT_NonCOVID/889.png,/Users/samehissa/Downloads/COVID-CT-Dataset-master/Images-processed/CT_NonCOVID/889.png,original,,889.png,1,1,1,0,1,1,1,1,1,0.48617598,0.513824,0,0.47099534,0.44826457,0.62683195,0.5040366,0.6371404,0.40214327,0.5608082,0.59113044,0.5834042,0.5550447,1,1,1,0,1,1,1,1
noncovid_890,890.png,NonCOVID,0,val,/Users/samehissa/Downloads/COVID-CT-Dataset-master/Images-processed/CT_NonCOVID/890.png,/Users/samehissa/Downloads/COVID-CT-Dataset-master/Images-processed/CT_NonCOVID/890.png,original,,890.png,1,1,1,0,1,1,1,1,1,0.44366434,0.5563356,0,0.45522186,0.4544532,0.63523054,0.51771647,0.6728978,0.39292964,0.5561192,0.6161982,0.607909,0.57059795,1,1,1,0,1,1,1,1
noncovid_1070,1070.png,NonCOVID,0,val,/Users/samehissa/Downloads/COVID-CT-Dataset-master/Images-processed/CT_NonCOVID/1070.png,/Users/samehissa/Downloads/COVID-CT-Dataset-master/Images-processed/CT_NonCOVID/1070.png,original,,1070.png,0,0,0,0,1,0,0,0,0,0.9999987,1.3156609e-06,0,0.47086275,0.3259695,0.66028905,0.52326584,0.70719457,0.19970523,0.86181384,0.69939536,0.6521125,0.47224984,1,1,1,0,1,1,1,0
noncovid_1071,1071.png,NonCOVID,0,val,/Users/samehissa/Downloads/COVID-CT-Dataset-master/Images-processed/CT_NonCOVID/1071.png,/Users/samehissa/Downloads/COVID-CT-Dataset-master/Images-processed/CT_NonCOVID/1071.png,original,,1071.png,0,0,0,0,1,0,0,0,0,0.9992618,0.0007381798,0,0.48250344,0.3738673,0.6191526,0.49482384,0.6321381,0.26964596,0.7479976,0.63810337,0.6279989,0.49241763,1,0,1,0,1,1,1,0
noncovid_1072,1072.png,NonCOVID,0,val,/Users/samehissa/Downloads/COVID-CT-Dataset-master/Images-processed/CT_NonCOVID/1072.png,/Users/samehissa/Downloads/COVID-CT-Dataset-master/Images-processed/CT_NonCOVID/1072.png,original,,1072.png,0,0,0,0,1,0,0,0,0,0.96808785,0.0319122,0,0.4829699,0.40071914,0.6162149,0.47080898,0.6336024,0.27982217,0.6611027,0.6652408,0.6478634,0.55410665,1,0,1,0,1,1,1,1
noncovid_1164,1164.png,NonCOVID,0,val,/Users/samehissa/Downloads/COVID-CT-Dataset-master/Images-processed/CT_NonCOVID/1164.png,/Users/samehissa/Downloads/COVID-CT-Dataset-master/Images-processed/CT_NonCOVID/1164.png,original,,1164.png,0,0,0,0,1,0,0,0,0,0.99930274,0.0006972293,0,0.48059326,0.37759063,0.6095802,0.51940674,0.6551115,0.26897746,0.78683764,0.6467109,0.62217253,0.472525,1,1,1,0,1,1,1,0
noncovid_1261,1261.png,NonCOVID,0,val,/Users/samehissa/Downloads/COVID-CT-Dataset-master/Images-processed/CT_NonCOVID/1261.png,/Users/samehissa/Downloads/COVID-CT-Dataset-master/Images-processed/CT_NonCOVID/1261.png,original,,1261.png,1,1,1,0,1,1,1,1,0,0.9953685,0.0046315514,0,0.4764117,0.4090342,0.59166986,0.5235883,0.6174195,0.33680484,0.735958,0.5909658,0.5821134,0.4797373,1,1,1,0,1,1,1,0
noncovid_1262,1262.png,NonCOVID,0,val,/Users/samehissa/Downloads/COVID-CT-Dataset-master/Images-processed/CT_NonCOVID/1262.png,/Users/samehissa/Downloads/COVID-CT-Dataset-master/Images-processed/CT_NonCOVID/1262.png,original,,1262.png,1,1,1,0,1,1,1,1,0,0.99999845,1.5960386e-06,0,0.46584982,0.31116194,0.70957357,0.51952916,0.73126054,0.16803673,0.90056115,0.7414869,0.6963783,0.4704264,1,1,1,0,1,1,1,0
noncovid_1263,1263.png,NonCOVID,0,val,/Users/samehissa/Downloads/COVID-CT-Dataset-master/Images-processed/CT_NonCOVID/1263.png,/Users/samehissa/Downloads/COVID-CT-Dataset-master/Images-processed/CT_NonCOVID/1263.png,original,,1263.png,1,1,1,0,1,1,1,1,0,0.9999083,9.166166e-05,0,0.47260106,0.36712962,0.6642148,0.52739894,0.6426118,0.25126845,0.8137315,0.6952727,0.6147351,0.44392654,1,1,1,0,1,1,1,0
noncovid_1264,1264.png,NonCOVID,0,val,/Users/samehissa/Downloads/COVID-CT-Dataset-master/Images-processed/CT_NonCOVID/1264.png,/Users/samehissa/Downloads/COVID-CT-Dataset-master/Images-processed/CT_NonCOVID/1264.png,original,,1264.png,1,1,1,0,1,1,1,1,0,0.9999889,1.1122043e-05,0,0.47439188,0.33510467,0.69803023,0.5256081,0.7101302,0.1900361,0.87774104,0.734575,0.66625524,0.44555497,1,1,1,0,1,1,1,0
noncovid_1297,1297.png,NonCOVID,0,val,/Users/samehissa/Downloads/COVID-CT-Dataset-master/Images-processed/CT_NonCOVID/1297.png,/Users/samehissa/Downloads/COVID-CT-Dataset-master/Images-processed/CT_NonCOVID/1297.png,original,,1297.png,0,0,1,0,1,0,1,0,0,0.6481055,0.35189447,0,0.49143305,0.4405801,0.5123784,0.5075207,0.58496016,0.39472964,0.58457094,0.5830429,0.5877088,0.54207,1,1,1,0,1,1,1,1
noncovid_1298,1298.png,NonCOVID,0,val,/Users/samehissa/Downloads/COVID-CT-Dataset-master/Images-processed/CT_NonCOVID/1298.png,/Users/samehissa/Downloads/COVID-CT-Dataset-master/Images-processed/CT_NonCOVID/1298.png,original,,1298.png,1,0,1,0,1,1,1,1,1,0.1397478,0.8602522,1,0.4477611,0.4558902,0.5799663,0.52375966,0.67392635,0.41012233,0.5344707,0.6250346,0.62086916,0.6001721,1,1,1,0,1,1,1,1
noncovid_1428,1428.png,NonCOVID,0,val,/Users/samehissa/Downloads/COVID-CT-Dataset-master/Images-processed/CT_NonCOVID/1428.png,/Users/samehissa/Downloads/COVID-CT-Dataset-master/Images-processed/CT_NonCOVID/1428.png,original,,1428.png,1,1,1,0,1,1,1,1,0,0.99999976,2.2683521e-07,0,0.46367952,0.298445,0.72168475,0.5151937,0.75652134,0.148676,0.9170278,0.7547022,0.7186291,0.46741948,1,1,1,0,1,1,1,0
noncovid_1876,1876.png,NonCOVID,0,val,/Users/samehissa/Downloads/COVID-CT-Dataset-master/Images-processed/CT_NonCOVID/1876.png,/Users/samehissa/Downloads/COVID-CT-Dataset-master/Images-processed/CT_NonCOVID/1876.png,original,,1876.png,1,0,1,0,1,1,1,1,0,0.9999881,1.1903945e-05,0,0.4801485,0.35157156,0.64350766,0.5198515,0.6889664,0.23664607,0.8370135,0.6619848,0.64402235,0.47438672,1,1,1,0,1,1,1,0
noncovid_1877,1877.png,NonCOVID,0,val,/Users/samehissa/Downloads/COVID-CT-Dataset-master/Images-processed/CT_NonCOVID/1877.png,/Users/samehissa/Downloads/COVID-CT-Dataset-master/Images-processed/CT_NonCOVID/1877.png,original,,1877.png,1,0,1,0,1,1,1,1,0,0.9999831,1.6872411e-05,0,0.4756502,0.36014307,0.6541445,0.5243498,0.6825785,0.2395041,0.8353701,0.67440313,0.6385002,0.45920137,1,1,1,0,1,1,1,0
noncovid_20,20.jpg,NonCOVID,0,val,/Users/samehissa/Downloads/COVID-CT-Dataset-master/Images-processed/CT_NonCOVID/20.jpg,/Users/samehissa/Downloads/COVID-CT-Dataset-master/Images-processed/CT_NonCOVID/20.jpg,original,,20.jpg,0,0,1,0,1,0,1,0,1,0.036501646,0.96349835,1,0.42700425,0.4601098,0.657171,0.5662285,0.68544793,0.45120648,0.5098281,0.61508083,0.60296285,0.61533964,1,1,1,0,1,1,1,1
noncovid_21_0,21%0.jpg,NonCOVID,0,val,/Users/samehissa/Downloads/COVID-CT-Dataset-master/Images-processed/CT_NonCOVID/21%0.jpg,/Users/samehissa/Downloads/COVID-CT-Dataset-master/Images-processed/CT_NonCOVID/21%0.jpg,original,,21%0.jpg,1,1,1,0,1,1,1,1,0,0.99538004,0.004619994,0,0.48378158,0.39367652,0.58301467,0.5162184,0.6202904,0.3108775,0.7296255,0.6063235,0.58613116,0.47775546,1,1,1,0,1,1,1,0
noncovid_21_1,21%1.jpg,NonCOVID,0,val,/Users/samehissa/Downloads/COVID-CT-Dataset-master/Images-processed/CT_NonCOVID/21%1.jpg,/Users/samehissa/Downloads/COVID-CT-Dataset-master/Images-processed/CT_NonCOVID/21%1.jpg,original,,21%1.jpg,1,1,1,0,1,1,1,1,0,0.9999621,3.785234e-05,0,0.4780118,0.3533033,0.6934287,0.5219882,0.69549954,0.21117038,0.862058,0.72261477,0.6575316,0.44375262,1,1,1,0,1,1,1,0
noncovid_22_0,22%0.jpg,NonCOVID,0,val,/Users/samehissa/Downloads/COVID-CT-Dataset-master/Images-processed/CT_NonCOVID/22%0.jpg,/Users/samehissa/Downloads/COVID-CT-Dataset-master/Images-processed/CT_NonCOVID/22%0.jpg,original,,22%0.jpg,1,1,1,0,1,1,1,1,0,0.8823939,0.117606126,0,0.4936189,0.42477793,0.5868371,0.48871014,0.59167504,0.34101894,0.6126519,0.60733926,0.5885612,0.49630338,1,0,1,0,1,1,1,0
noncovid_22_1,22%1.jpg,NonCOVID,0,val,/Users/samehissa/Downloads/COVID-CT-Dataset-master/Images-processed/CT_NonCOVID/22%1.jpg,/Users/samehissa/Downloads/COVID-CT-Dataset-master/Images-processed/CT_NonCOVID/22%1.jpg,original,,22%1.jpg,1,0,1,0,1,1,1,1,1,0.15180887,0.84819114,1,0.43953094,0.45664635,0.6523077,0.5309561,0.6599123,0.42502517,0.51124215,0.6010277,0.5939466,0.5846191,1,1,1,0,1,1,1,1
noncovid_25_0,25%0.jpg,NonCOVID,0,val,/Users/samehissa/Downloads/COVID-CT-Dataset-master/Images-processed/CT_NonCOVID/25%0.jpg,/Users/samehissa/Downloads/COVID-CT-Dataset-master/Images-processed/CT_NonCOVID/25%0.jpg,original,,25%0.jpg,1,1,1,0,1,1,1,1,0,0.9696648,0.03033519,0,0.48876914,0.41670027,0.56897604,0.49705663,0.62918764,0.32887137,0.6727069,0.59319305,0.6272119,0.52509546,1,0,1,0,1,1,1,1
noncovid_25_1,25%1.jpg,NonCOVID,0,val,/Users/samehissa/Downloads/COVID-CT-Dataset-master/Images-processed/CT_NonCOVID/25%1.jpg,/Users/samehissa/Downloads/COVID-CT-Dataset-master/Images-processed/CT_NonCOVID/25%1.jpg,original,,25%1.jpg,1,1,1,0,1,1,1,1,0,0.9836813,0.016318714,0,0.48582792,0.4129529,0.59551036,0.51348245,0.6380984,0.30851892,0.69087505,0.63710964,0.6315213,0.4942001,1,1,1,0,1,1,1,0
noncovid_25_2,25%2.jpg,NonCOVID,0,val,/Users/samehissa/Downloads/COVID-CT-Dataset-master/Images-processed/CT_NonCOVID/25%2.jpg,/Users/samehissa/Downloads/COVID-CT-Dataset-master/Images-processed/CT_NonCOVID/25%2.jpg,original,,25%2.jpg,1,1,1,0,1,1,1,1,1,0.015030326,0.9849696,1,0.40792122,0.46687177,0.697781,0.59763736,0.7624404,0.45192936,0.528131,0.66575116,0.6644477,0.6881686,1,1,1,0,1,1,1,1
noncovid_25_3,25%3.jpg,NonCOVID,0,val,/Users/samehissa/Downloads/COVID-CT-Dataset-master/Images-processed/CT_NonCOVID/25%3.jpg,/Users/samehissa/Downloads/COVID-CT-Dataset-master/Images-processed/CT_NonCOVID/25%3.jpg,original,,25%3.jpg,0,0,0,0,1,0,0,0,0,0.87395483,0.12604521,0,0.48442602,0.43147048,0.5610305,0.48982376,0.65563047,0.31933397,0.6101091,0.6577287,0.6235248,0.551371,1,0,1,0,1,1,1,1
noncovid_26_0,26%0.jpg,NonCOVID,0,val,/Users/samehissa/Downloads/COVID-CT-Dataset-master/Images-processed/CT_NonCOVID/26%0.jpg,/Users/samehissa/Downloads/COVID-CT-Dataset-master/Images-processed/CT_NonCOVID/26%0.jpg,original,,26%0.jpg,1,1,1,0,1,1,1,1,0,0.99982303,0.00017699203,0,0.48104814,0.36275244,0.6558398,0.51148975,0.68817353,0.2428626,0.8390844,0.66144997,0.66013193,0.4705412,1,1,1,0,1,1,1,0
noncovid_26_1,26%1.jpg,NonCOVID,0,val,/Users/samehissa/Downloads/COVID-CT-Dataset-master/Images-processed/CT_NonCOVID/26%1.jpg,/Users/samehissa/Downloads/COVID-CT-Dataset-master/Images-processed/CT_NonCOVID/26%1.jpg,original,,26%1.jpg,1,1,1,0,1,1,1,1,0,0.9999958,4.193881e-06,0,0.47037166,0.3275159,0.698769,0.51278657,0.7082648,0.188394,0.871901,0.72096103,0.66807896,0.4581946,1,1,1,0,1,1,1,0
noncovid_26_2,26%2.jpg,NonCOVID,0,val,/Users/samehissa/Downloads/COVID-CT-Dataset-master/Images-processed/CT_NonCOVID/26%2.jpg,/Users/samehissa/Downloads/COVID-CT-Dataset-master/Images-processed/CT_NonCOVID/26%2.jpg,original,,26%2.jpg,1,1,1,0,1,1,1,1,0,0.9997222,0.0002778566,0,0.4787405,0.36371088,0.6827696,0.5044507,0.6731503,0.22722422,0.8271964,0.6992225,0.6399106,0.4307946,1,1,1,0,1,1,1,0
noncovid_26_3,26%3.jpg,NonCOVID,0,val,/Users/samehissa/Downloads/COVID-CT-Dataset-master/Images-processed/CT_NonCOVID/26%3.jpg,/Users/samehissa/Downloads/COVID-CT-Dataset-master/Images-processed/CT_NonCOVID/26%3.jpg,original,,26%3.jpg,0,0,1,0,1,0,0,0,0,0.99221206,0.007787954,0,0.48879388,0.40295702,0.58498925,0.5106682,0.6009731,0.31949666,0.6969957,0.6157826,0.5925105,0.47364894,1,1,1,0,1,1,1,0
noncovid_27,27.jpg,NonCOVID,0,val,/Users/samehissa/Downloads/COVID-CT-Dataset-master/Images-processed/CT_NonCOVID/27.jpg,/Users/samehissa/Downloads/COVID-CT-Dataset-master/Images-processed/CT_NonCOVID/27.jpg,original,,27.jpg,1,1,1,0,1,1,1,1,0,0.9980095,0.001990509,0,0.4799224,0.39334846,0.6369127,0.5095318,0.6489713,0.2841648,0.77917033,0.645076,0.6128077,0.44289246,1,1,1,0,1,1,1,0
noncovid_28,28.jpg,NonCOVID,0,val,/Users/samehissa/Downloads/COVID-CT-Dataset-master/Images-processed/CT_NonCOVID/28.jpg,/Users/samehissa/Downloads/COVID-CT-Dataset-master/Images-processed/CT_NonCOVID/28.jpg,original,,28.jpg,0,0,0,0,1,0,0,0,0,0.9481207,0.0518793,0,0.474088,0.4055331,0.5455304,0.525912,0.5808933,0.33430055,0.67821085,0.6180169,0.5831739,0.5050068,1,1,1,0,1,1,1,1
noncovid_29_0,29%0.jpg,NonCOVID,0,val,/Users/samehissa/Downloads/COVID-CT-Dataset-master/Images-processed/CT_NonCOVID/29%0.jpg,/Users/samehissa/Downloads/COVID-CT-Dataset-master/Images-processed/CT_NonCOVID/29%0.jpg,original,,29%0.jpg,1,1,1,0,1,1,1,1,1,0.30795094,0.6920491,1,0.4475063,0.45739087,0.656324,0.51950145,0.71406287,0.38758084,0.5666899,0.6278679,0.6402196,0.6008043,1,1,1,0,1,1,1,1
noncovid_29_1,29%1.jpg,NonCOVID,0,val,/Users/samehissa/Downloads/COVID-CT-Dataset-master/Images-processed/CT_NonCOVID/29%1.jpg,/Users/samehissa/Downloads/COVID-CT-Dataset-master/Images-processed/CT_NonCOVID/29%1.jpg,original,,29%1.jpg,1,1,1,0,1,1,1,1,0,0.9188553,0.08114468,0,0.4838717,0.41423416,0.5938718,0.47131062,0.66280514,0.28276217,0.6376298,0.6725324,0.6440741,0.5590909,1,0,1,0,1,1,1,1
noncovid_29_2,29%2.jpg,NonCOVID,0,val,/Users/samehissa/Downloads/COVID-CT-Dataset-master/Images-processed/CT_NonCOVID/29%2.jpg,/Users/samehissa/Downloads/COVID-CT-Dataset-master/Images-processed/CT_NonCOVID/29%2.jpg,original,,29%2.jpg,1,1,1,0,1,1,1,1,0,0.94476306,0.055236887,0,0.49092567,0.41012323,0.5902126,0.50127244,0.5820653,0.32201475,0.6443518,0.6267833,0.59033877,0.5076593,1,1,1,0,1,1,1,1
noncovid_29_3,29%3.jpg,NonCOVID,0,val,/Users/samehissa/Downloads/COVID-CT-Dataset-master/Images-processed/CT_NonCOVID/29%3.jpg,/Users/samehissa/Downloads/COVID-CT-Dataset-master/Images-processed/CT_NonCOVID/29%3.jpg,original,,29%3.jpg,1,1,1,0,1,1,1,1,0,0.98374087,0.016259193,0,0.48679876,0.39859807,0.57877517,0.5118161,0.5737717,0.3213212,0.669916,0.60342574,0.56868106,0.49543017,1,1,1,0,1,1,1,0
noncovid_30_0,30%0.jpg,NonCOVID,0,val,/Users/samehissa/Downloads/COVID-CT-Dataset-master/Images-processed/CT_NonCOVID/30%0.jpg,/Users/samehissa/Downloads/COVID-CT-Dataset-master/Images-processed/CT_NonCOVID/30%0.jpg,original,,30%0.jpg,1,1,1,0,1,1,1,1,0,0.5044806,0.49551943,0,0.48432827,0.44584617,0.5457418,0.50562847,0.5586358,0.43084702,0.52550733,0.5565717,0.5414353,0.5171582,1,1,1,0,1,1,1,1
noncovid_30_1,30%1.jpg,NonCOVID,0,val,/Users/samehissa/Downloads/COVID-CT-Dataset-master/Images-processed/CT_NonCOVID/30%1.jpg,/Users/samehissa/Downloads/COVID-CT-Dataset-master/Images-processed/CT_NonCOVID/30%1.jpg,original,,30%1.jpg,1,1,1,0,1,1,1,1,1,0.046772797,0.95322716,1,0.43612695,0.45932198,0.6193331,0.54649067,0.6927217,0.44152868,0.5227156,0.61660707,0.62785685,0.6309608,1,1,1,0,1,1,1,1
noncovid_30_2,30%2.jpg,NonCOVID,0,val,/Users/samehissa/Downloads/COVID-CT-Dataset-master/Images-processed/CT_NonCOVID/30%2.jpg,/Users/samehissa/Downloads/COVID-CT-Dataset-master/Images-processed/CT_NonCOVID/30%2.jpg,original,,30%2.jpg,1,1,1,0,1,1,1,1,1,0.005188787,0.9948112,1,0.40589035,0.46658078,0.70468366,0.5959402,0.7641807,0.44382393,0.52708566,0.67252415,0.66191155,0.67906135,1,1,1,0,1,1,1,1
noncovid_30_3,30%3.jpg,NonCOVID,0,val,/Users/samehissa/Downloads/COVID-CT-Dataset-master/Images-processed/CT_NonCOVID/30%3.jpg,/Users/samehissa/Downloads/COVID-CT-Dataset-master/Images-processed/CT_NonCOVID/30%3.jpg,original,,30%3.jpg,1,1,1,0,1,1,1,1,0,0.72422457,0.27577537,0,0.49404806,0.46057063,0.54854566,0.49877313,0.53942937,0.40741432,0.5699963,0.5385561,0.53805375,0.47769234,1,0,1,0,1,1,1,0
noncovid_30_4,30%4.jpg,NonCOVID,0,val,/Users/samehissa/Downloads/COVID-CT-Dataset-master/Images-processed/CT_NonCOVID/30%4.jpg,/Users/samehissa/Downloads/COVID-CT-Dataset-master/Images-processed/CT_NonCOVID/30%4.jpg,original,,30%4.jpg,1,1,1,0,1,1,1,1,0,0.92260945,0.07739057,0,0.49482605,0.44244814,0.5627475,0.49042434,0.5729258,0.36947528,0.63026035,0.55755186,0.56631094,0.4844934,1,0,1,0,1,1,1,0
noncovid_30_5,30%5.jpg,NonCOVID,0,val,/Users/samehissa/Downloads/COVID-CT-Dataset-master/Images-processed/CT_NonCOVID/30%5.jpg,/Users/samehissa/Downloads/COVID-CT-Dataset-master/Images-processed/CT_NonCOVID/30%5.jpg,original,,30%5.jpg,1,1,1,0,1,1,1,1,0,0.98753786,0.012462165,0,0.4858264,0.43455893,0.5647095,0.50530773,0.609157,0.36109108,0.68977374,0.5654411,0.5701468,0.4839066,1,1,1,0,1,1,1,0
noncovid_31,31.jpg,NonCOVID,0,val,/Users/samehissa/Downloads/COVID-CT-Dataset-master/Images-processed/CT_NonCOVID/31.jpg,/Users/samehissa/Downloads/COVID-CT-Dataset-master/Images-processed/CT_NonCOVID/31.jpg,original,,31.jpg,1,1,1,0,1,1,1,1,0,0.9816613,0.018338662,0,0.48940265,0.41027158,0.59254557,0.5031351,0.6109598,0.31275183,0.662647,0.64365494,0.6058477,0.49921304,1,1,1,0,1,1,1,0
noncovid_32_0,32%0.jpg,NonCOVID,0,val,/Users/samehissa/Downloads/COVID-CT-Dataset-master/Images-processed/CT_NonCOVID/32%0.jpg,/Users/samehissa/Downloads/COVID-CT-Dataset-master/Images-processed/CT_NonCOVID/32%0.jpg,original,,32%0.jpg,1,1,1,0,1,1,1,1,1,0.11604271,0.88395727,0,0.45945972,0.45388877,0.6012783,0.5081431,0.669384,0.35352284,0.5506704,0.6363135,0.59734684,0.5555202,1,1,1,0,1,1,1,1
noncovid_32_1,32%1.jpg,NonCOVID,0,val,/Users/samehissa/Downloads/COVID-CT-Dataset-master/Images-processed/CT_NonCOVID/32%1.jpg,/Users/samehissa/Downloads/COVID-CT-Dataset-master/Images-processed/CT_NonCOVID/32%1.jpg,original,,32%1.jpg,0,0,0,0,1,0,0,0,0,0.9999112,8.885848e-05,0,0.4740243,0.3516984,0.6470847,0.5259757,0.68429774,0.23391797,0.8359083,0.6741518,0.6360705,0.46765122,1,1,1,0,1,1,1,0
noncovid_33_0,33%0.jpg,NonCOVID,0,val,/Users/samehissa/Downloads/COVID-CT-Dataset-master/Images-processed/CT_NonCOVID/33%0.jpg,/Users/samehissa/Downloads/COVID-CT-Dataset-master/Images-processed/CT_NonCOVID/33%0.jpg,original,,33%0.jpg,0,0,0,0,1,0,0,0,0,1.0,1.9749896e-11,0,0.42878193,0.21119453,0.7900977,0.5346359,0.8342428,0.06737367,0.9722891,0.8493202,0.79203653,0.48381618,1,1,1,0,1,1,1,0
noncovid_33_1,33%1.jpg,NonCOVID,0,val,/Users/samehissa/Downloads/COVID-CT-Dataset-master/Images-processed/CT_NonCOVID/33%1.jpg,/Users/samehissa/Downloads/COVID-CT-Dataset-master/Images-processed/CT_NonCOVID/33%1.jpg,original,,33%1.jpg,0,0,0,0,1,0,0,0,0,0.9999993,7.268962e-07,0,0.46770546,0.31148642,0.7045899,0.5281174,0.7418256,0.16566533,0.9066591,0.74218,0.6992838,0.46460894,1,1,1,0,1,1,1,0
noncovid_112,112.png,NonCOVID,0,test,/Users/samehissa/Downloads/COVID-CT-Dataset-master/Images-processed/CT_NonCOVID/112.png,/Users/samehissa/Downloads/COVID-CT-Dataset-master/Images-processed/CT_NonCOVID/112.png,original,,112.png,0,0,0,0,1,0,0,0,0,1.0,5.2270046e-09,0,0.45871574,0.27968884,0.724404,0.5263496,0.75867194,0.13254346,0.9241004,0.7697557,0.710488,0.4750083,1,1,1,0,1,1,1,0
noncovid_166,166.png,NonCOVID,0,test,/Users/samehissa/Downloads/COVID-CT-Dataset-master/Images-processed/CT_NonCOVID/166.png,/Users/samehissa/Downloads/COVID-CT-Dataset-master/Images-processed/CT_NonCOVID/166.png,original,,166.png,1,1,1,0,1,1,1,1,0,1.0,2.2260735e-08,0,0.46099633,0.28665623,0.7416718,0.52547497,0.74993896,0.12857424,0.92087865,0.7901618,0.70152515,0.43989313,1,1,1,0,1,1,1,0
noncovid_167,167.png,NonCOVID,0,test,/Users/samehissa/Downloads/COVID-CT-Dataset-master/Images-processed/CT_NonCOVID/167.png,/Users/samehissa/Downloads/COVID-CT-Dataset-master/Images-processed/CT_NonCOVID/167.png,original,,167.png,1,1,1,0,1,1,1,1,0,0.9999995,5.064112e-07,0,0.46758282,0.3157115,0.713913,0.50992966,0.72644454,0.16545579,0.89061177,0.74816424,0.6867595,0.44095,1,1,1,0,1,1,1,0
noncovid_176,176.png,NonCOVID,0,test,/Users/samehissa/Downloads/COVID-CT-Dataset-master/Images-processed/CT_NonCOVID/176.png,/Users/samehissa/Downloads/COVID-CT-Dataset-master/Images-processed/CT_NonCOVID/176.png,original,,176.png,1,1,1,0,1,1,1,1,0,0.99999475,5.2880846e-06,0,0.4724687,0.3301657,0.6874254,0.51889557,0.69785595,0.19396125,0.8604214,0.7186029,0.6487718,0.45030832,1,1,1,0,1,1,1,0
noncovid_177,177.png,NonCOVID,0,test,/Users/samehissa/Downloads/COVID-CT-Dataset-master/Images-processed/CT_NonCOVID/177.png,/Users/samehissa/Downloads/COVID-CT-Dataset-master/Images-processed/CT_NonCOVID/177.png,original,,177.png,1,1,1,0,1,1,1,1,0,0.9205154,0.07948464,0,0.4883411,0.414568,0.5652358,0.5093053,0.58365214,0.3452969,0.64471245,0.59911704,0.5577567,0.46920687,1,1,1,0,1,1,1,0
noncovid_452,452.png,NonCOVID,0,test,/Users/samehissa/Downloads/COVID-CT-Dataset-master/Images-processed/CT_NonCOVID/452.png,/Users/samehissa/Downloads/COVID-CT-Dataset-master/Images-processed/CT_NonCOVID/452.png,original,,452.png,1,1,1,0,1,1,1,1,1,0.09844174,0.9015582,1,0.43690202,0.45842844,0.6504018,0.5345439,0.686246,0.4130892,0.54892766,0.6291095,0.60901916,0.6157438,1,1,1,0,1,1,1,1
noncovid_583,583.png,NonCOVID,0,test,/Users/samehissa/Downloads/COVID-CT-Dataset-master/Images-processed/CT_NonCOVID/583.png,/Users/samehissa/Downloads/COVID-CT-Dataset-master/Images-processed/CT_NonCOVID/583.png,original,,583.png,1,1,1,0,0,1,1,1,0,1.0,2.7134327e-08,0,0.45268428,0.2761838,0.7386667,0.52894956,0.77498895,0.12148664,0.93545204,0.79316485,0.7283811,0.45454308,1,1,1,0,1,1,1,0
noncovid_584,584.png,NonCOVID,0,test,/Users/samehissa/Downloads/COVID-CT-Dataset-master/Images-processed/CT_NonCOVID/584.png,/Users/samehissa/Downloads/COVID-CT-Dataset-master/Images-processed/CT_NonCOVID/584.png,original,,584.png,1,1,1,0,1,1,1,1,0,0.9999176,8.238835e-05,0,0.47654498,0.3570353,0.6493991,0.523455,0.6760837,0.23978871,0.8264577,0.67251176,0.6295076,0.46234885,1,1,1,0,1,1,1,0
noncovid_590,590.png,NonCOVID,0,test,/Users/samehissa/Downloads/COVID-CT-Dataset-master/Images-processed/CT_NonCOVID/590.png,/Users/samehissa/Downloads/COVID-CT-Dataset-master/Images-processed/CT_NonCOVID/590.png,original,,590.png,0,0,0,0,1,0,0,0,0,0.9877884,0.012211687,0,0.4832239,0.39109603,0.57375485,0.5026852,0.6052336,0.2826397,0.69264877,0.63746816,0.62101907,0.508762,1,1,1,0,1,1,1,1
noncovid_591,591.png,NonCOVID,0,test,/Users/samehissa/Downloads/COVID-CT-Dataset-master/Images-processed/CT_NonCOVID/591.png,/Users/samehissa/Downloads/COVID-CT-Dataset-master/Images-processed/CT_NonCOVID/591.png,original,,591.png,0,0,0,0,1,0,0,0,0,0.9830126,0.016987363,0,0.48010612,0.39948565,0.57110924,0.5198939,0.6351664,0.29863107,0.7171519,0.6334568,0.61850363,0.48927042,1,1,1,0,1,1,1,0
noncovid_592,592.png,NonCOVID,0,test,/Users/samehissa/Downloads/COVID-CT-Dataset-master/Images-processed/CT_NonCOVID/592.png,/Users/samehissa/Downloads/COVID-CT-Dataset-master/Images-processed/CT_NonCOVID/592.png,original,,592.png,0,0,0,0,1,0,0,0,0,0.99999106,8.945384e-06,0,0.4734571,0.3363319,0.68114215,0.5212555,0.7023148,0.206156,0.8659765,0.6982235,0.6633017,0.47397935,1,1,1,0,1,1,1,0
noncovid_658,658.png,NonCOVID,0,test,/Users/samehissa/Downloads/COVID-CT-Dataset-master/Images-processed/CT_NonCOVID/658.png,/Users/samehissa/Downloads/COVID-CT-Dataset-master/Images-processed/CT_NonCOVID/658.png,original,,658.png,1,1,1,0,1,1,1,1,1,0.038804255,0.96119577,1,0.42182115,0.4618097,0.65143085,0.5902782,0.7202501,0.44852054,0.5466884,0.63104504,0.6264754,0.6222974,1,1,1,0,1,1,1,1
noncovid_660,660.png,NonCOVID,0,test,/Users/samehissa/Downloads/COVID-CT-Dataset-master/Images-processed/CT_NonCOVID/660.png,/Users/samehissa/Downloads/COVID-CT-Dataset-master/Images-processed/CT_NonCOVID/660.png,original,,660.png,0,0,1,0,1,0,1,0,1,0.49204472,0.5079553,0,0.49159682,0.4404869,0.5541441,0.4963765,0.5925883,0.36991778,0.5674965,0.6038905,0.56890184,0.53872055,1,0,1,0,1,1,1,1
noncovid_661,661.png,NonCOVID,0,test,/Users/samehissa/Downloads/COVID-CT-Dataset-master/Images-processed/CT_NonCOVID/661.png,/Users/samehissa/Downloads/COVID-CT-Dataset-master/Images-processed/CT_NonCOVID/661.png,original,,661.png,1,0,1,0,1,1,1,1,0,0.5396696,0.46033046,0,0.4872403,0.4414361,0.5724403,0.4908975,0.61898434,0.35086167,0.5697031,0.61048794,0.5876167,0.54842305,1,0,1,0,1,1,1,1
noncovid_662,662.png,NonCOVID,0,test,/Users/samehissa/Downloads/COVID-CT-Dataset-master/Images-processed/CT_NonCOVID/662.png,/Users/samehissa/Downloads/COVID-CT-Dataset-master/Images-processed/CT_NonCOVID/662.png,original,,662.png,1,0,1,0,1,1,1,1,1,0.48593727,0.5140627,0,0.4908664,0.44020972,0.5848381,0.48726487,0.61350435,0.36411223,0.5658401,0.6022437,0.58234376,0.52830964,1,0,1,0,1,1,1,1
noncovid_663,663.png,NonCOVID,0,test,/Users/samehissa/Downloads/COVID-CT-Dataset-master/Images-processed/CT_NonCOVID/663.png,/Users/samehissa/Downloads/COVID-CT-Dataset-master/Images-processed/CT_NonCOVID/663.png,original,,663.png,1,0,1,0,1,1,1,1,1,0.34381756,0.6561824,0,0.4751844,0.45178595,0.6022373,0.49231187,0.61923766,0.38947284,0.5481095,0.6006603,0.5853471,0.55708456,1,0,1,0,1,1,1,1
noncovid_848,848.png,NonCOVID,0,test,/Users/samehissa/Downloads/COVID-CT-Dataset-master/Images-processed/CT_NonCOVID/848.png,/Users/samehissa/Downloads/COVID-CT-Dataset-master/Images-processed/CT_NonCOVID/848.png,original,,848.png,1,1,1,0,1,1,1,1,0,1.0,1.414923e-10,0,0.44538164,0.23264809,0.78870577,0.52842337,0.82084835,0.08363144,0.9670803,0.82900757,0.79041934,0.48703557,1,1,1,0,1,1,1,0
noncovid_849,849.png,NonCOVID,0,test,/Users/samehissa/Downloads/COVID-CT-Dataset-master/Images-processed/CT_NonCOVID/849.png,/Users/samehissa/Downloads/COVID-CT-Dataset-master/Images-processed/CT_NonCOVID/849.png,original,,849.png,1,1,1,0,1,1,1,1,0,1.0,7.185713e-09,0,0.45458028,0.2626992,0.7550342,0.52577394,0.7971757,0.11000233,0.951052,0.7969265,0.76293015,0.4785574,1,1,1,0,1,1,1,0
noncovid_969,969.png,NonCOVID,0,test,/Users/samehissa/Downloads/COVID-CT-Dataset-master/Images-processed/CT_NonCOVID/969.png,/Users/samehissa/Downloads/COVID-CT-Dataset-master/Images-processed/CT_NonCOVID/969.png,original,,969.png,1,1,1,0,1,1,1,1,0,0.99565566,0.0043443013,0,0.47824538,0.40823492,0.61768955,0.5217546,0.61040956,0.32349452,0.7233624,0.6231471,0.5771336,0.4595288,1,1,1,0,1,1,1,0
noncovid_996,996.png,NonCOVID,0,test,/Users/samehissa/Downloads/COVID-CT-Dataset-master/Images-processed/CT_NonCOVID/996.png,/Users/samehissa/Downloads/COVID-CT-Dataset-master/Images-processed/CT_NonCOVID/996.png,original,,996.png,0,0,0,0,1,0,0,0,0,0.99810636,0.0018936403,0,0.47369564,0.3678604,0.6144006,0.49645722,0.60786134,0.23751186,0.727581,0.6831502,0.63167405,0.49654362,1,0,1,0,1,1,1,0
noncovid_997,997.png,NonCOVID,0,test,/Users/samehissa/Downloads/COVID-CT-Dataset-master/Images-processed/CT_NonCOVID/997.png,/Users/samehissa/Downloads/COVID-CT-Dataset-master/Images-processed/CT_NonCOVID/997.png,original,,997.png,0,0,0,0,1,0,0,0,0,0.99996424,3.5814377e-05,0,0.47592315,0.34462795,0.64874536,0.5008269,0.68028945,0.2291495,0.8230408,0.66361076,0.6583363,0.48892623,1,1,1,0,1,1,1,0
noncovid_1046,1046.png,NonCOVID,0,test,/Users/samehissa/Downloads/COVID-CT-Dataset-master/Images-processed/CT_NonCOVID/1046.png,/Users/samehissa/Downloads/COVID-CT-Dataset-master/Images-processed/CT_NonCOVID/1046.png,original,,1046.png,0,0,0,0,1,0,0,0,0,0.99827445,0.0017255938,0,0.48293605,0.375321,0.58673066,0.5107722,0.61655897,0.2751711,0.7340824,0.6351912,0.5979601,0.4935086,1,1,1,0,1,1,1,0
noncovid_1047,1047.png,NonCOVID,0,test,/Users/samehissa/Downloads/COVID-CT-Dataset-master/Images-processed/CT_NonCOVID/1047.png,/Users/samehissa/Downloads/COVID-CT-Dataset-master/Images-processed/CT_NonCOVID/1047.png,original,,1047.png,0,0,0,0,1,0,0,0,0,0.99931777,0.00068223756,0,0.4861477,0.39437443,0.6091604,0.50921816,0.6303553,0.30346414,0.7445182,0.60562557,0.5876389,0.47391304,1,1,1,0,1,1,1,0
noncovid_1048,1048.png,NonCOVID,0,test,/Users/samehissa/Downloads/COVID-CT-Dataset-master/Images-processed/CT_NonCOVID/1048.png,/Users/samehissa/Downloads/COVID-CT-Dataset-master/Images-processed/CT_NonCOVID/1048.png,original,,1048.png,0,0,0,0,1,0,0,0,0,0.999759,0.00024101441,0,0.48308396,0.37086117,0.6416866,0.5074488,0.64226055,0.25876486,0.77741027,0.6567358,0.62086123,0.46684286,1,1,1,0,1,1,1,0
noncovid_1049,1049.png,NonCOVID,0,test,/Users/samehissa/Downloads/COVID-CT-Dataset-master/Images-processed/CT_NonCOVID/1049.png,/Users/samehissa/Downloads/COVID-CT-Dataset-master/Images-processed/CT_NonCOVID/1049.png,original,,1049.png,0,0,0,0,1,0,0,0,0,0.9994874,0.00051256997,0,0.48510587,0.3770393,0.60931253,0.5064756,0.6277729,0.28081992,0.74935716,0.6229607,0.59642357,0.48519987,1,1,1,0,1,1,1,0
noncovid_1050,1050.png,NonCOVID,0,test,/Users/samehissa/Downloads/COVID-CT-Dataset-master/Images-processed/CT_NonCOVID/1050.png,/Users/samehissa/Downloads/COVID-CT-Dataset-master/Images-processed/CT_NonCOVID/1050.png,original,,1050.png,0,0,0,0,1,0,0,0,0,0.98901117,0.010988761,0,0.48120576,0.3854497,0.5878693,0.5026579,0.59414697,0.27539885,0.6890567,0.6548775,0.60815424,0.5120536,1,1,1,0,1,1,1,1
noncovid_1078,1078.png,NonCOVID,0,test,/Users/samehissa/Downloads/COVID-CT-Dataset-master/Images-processed/CT_NonCOVID/1078.png,/Users/samehissa/Downloads/COVID-CT-Dataset-master/Images-processed/CT_NonCOVID/1078.png,original,,1078.png,0,0,0,0,1,0,0,0,0,0.9974178,0.0025822304,0,0.48419625,0.38096905,0.5968188,0.49630326,0.5981055,0.28040096,0.70359397,0.62806326,0.6094577,0.49686775,1,0,1,0,1,1,1,0
noncovid_1079,1079.png,NonCOVID,0,test,/Users/samehissa/Downloads/COVID-CT-Dataset-master/Images-processed/CT_NonCOVID/1079.png,/Users/samehissa/Downloads/COVID-CT-Dataset-master/Images-processed/CT_NonCOVID/1079.png,original,,1079.png,0,0,0,0,1,0,0,0,0,0.99649495,0.0035051121,0,0.48707092,0.37951705,0.6045019,0.49489075,0.6173006,0.28022337,0.722742,0.62415254,0.6210093,0.4885289,1,0,1,0,1,1,1,0
noncovid_1098,1098.png,NonCOVID,0,test,/Users/samehissa/Downloads/COVID-CT-Dataset-master/Images-processed/CT_NonCOVID/1098.png,/Users/samehissa/Downloads/COVID-CT-Dataset-master/Images-processed/CT_NonCOVID/1098.png,original,,1098.png,0,0,0,0,1,0,0,0,0,0.999881,0.00011890651,0,0.48370782,0.3850906,0.62051487,0.50535697,0.6504504,0.28285432,0.77440643,0.6149094,0.6110745,0.4747044,1,1,1,0,1,1,1,0
noncovid_1210,1210.png,NonCOVID,0,test,/Users/samehissa/Downloads/COVID-CT-Dataset-master/Images-processed/CT_NonCOVID/1210.png,/Users/samehissa/Downloads/COVID-CT-Dataset-master/Images-processed/CT_NonCOVID/1210.png,original,,1210.png,0,0,0,0,1,0,0,0,0,0.99583286,0.004167194,0,0.4839135,0.4048381,0.6070725,0.5047392,0.62946844,0.31930006,0.7405277,0.5951619,0.61229444,0.47433007,1,1,1,0,1,1,1,0
noncovid_1211,1211.png,NonCOVID,0,test,/Users/samehissa/Downloads/COVID-CT-Dataset-master/Images-processed/CT_NonCOVID/1211.png,/Users/samehissa/Downloads/COVID-CT-Dataset-master/Images-processed/CT_NonCOVID/1211.png,original,,1211.png,0,0,0,0,1,0,0,0,0,0.7238717,0.27612832,0,0.48753765,0.4330094,0.5226157,0.502602,0.5994952,0.375778,0.6101779,0.5669906,0.6013159,0.5141408,1,1,1,0,1,1,1,1
noncovid_1212,1212.png,NonCOVID,0,test,/Users/samehissa/Downloads/COVID-CT-Dataset-master/Images-processed/CT_NonCOVID/1212.png,/Users/samehissa/Downloads/COVID-CT-Dataset-master/Images-processed/CT_NonCOVID/1212.png,original,,1212.png,0,0,0,0,1,0,0,0,0,0.998825,0.0011749313,0,0.48258233,0.39360318,0.6184098,0.51741767,0.63392115,0.3073118,0.7585321,0.61353344,0.5949956,0.4641702,1,1,1,0,1,1,1,0
noncovid_1213,1213.png,NonCOVID,0,test,/Users/samehissa/Downloads/COVID-CT-Dataset-master/Images-processed/CT_NonCOVID/1213.png,/Users/samehissa/Downloads/COVID-CT-Dataset-master/Images-processed/CT_NonCOVID/1213.png,original,,1213.png,0,0,0,0,1,0,0,0,1,0.4377605,0.56223947,0,0.49364656,0.44077373,0.5397476,0.5049111,0.61305094,0.38921508,0.58896184,0.57452893,0.59279317,0.5339117,1,1,1,0,1,1,1,1
noncovid_1214,1214.png,NonCOVID,0,test,/Users/samehissa/Downloads/COVID-CT-Dataset-master/Images-processed/CT_NonCOVID/1214.png,/Users/samehissa/Downloads/COVID-CT-Dataset-master/Images-processed/CT_NonCOVID/1214.png,original,,1214.png,0,0,0,0,1,0,0,0,1,0.18160488,0.81839514,0,0.47120625,0.45340994,0.5755315,0.522885,0.59487545,0.4432099,0.5171084,0.5598716,0.54888576,0.5413881,1,1,1,0,1,1,1,1
noncovid_1215,1215.png,NonCOVID,0,test,/Users/samehissa/Downloads/COVID-CT-Dataset-master/Images-processed/CT_NonCOVID/1215.png,/Users/samehissa/Downloads/COVID-CT-Dataset-master/Images-processed/CT_NonCOVID/1215.png,original,,1215.png,0,0,0,0,1,0,0,0,0,0.7944149,0.20558515,0,0.48782045,0.44350082,0.540996,0.51217955,0.5611294,0.40205488,0.59134054,0.5564992,0.55674434,0.48727202,1,1,1,0,1,1,1,0
noncovid_1216,1216.png,NonCOVID,0,test,/Users/samehissa/Downloads/COVID-CT-Dataset-master/Images-processed/CT_NonCOVID/1216.png,/Users/samehissa/Downloads/COVID-CT-Dataset-master/Images-processed/CT_NonCOVID/1216.png,original,,1216.png,0,0,0,0,1,0,0,0,0,0.94160515,0.058394793,0,0.4874423,0.44876325,0.5615255,0.5125577,0.5953431,0.38905767,0.6673177,0.55123675,0.56125605,0.46293473,1,1,1,0,1,1,1,0
noncovid_1217,1217.png,NonCOVID,0,test,/Users/samehissa/Downloads/COVID-CT-Dataset-master/Images-processed/CT_NonCOVID/1217.png,/Users/samehissa/Downloads/COVID-CT-Dataset-master/Images-processed/CT_NonCOVID/1217.png,original,,1217.png,0,0,0,0,1,0,0,0,0,0.7936425,0.2063574,0,0.48953027,0.45116717,0.55344176,0.51046973,0.577428,0.39895648,0.6112491,0.54883283,0.55000037,0.47832263,1,1,1,0,1,1,1,0
noncovid_1218,1218.png,NonCOVID,0,test,/Users/samehissa/Downloads/COVID-CT-Dataset-master/Images-processed/CT_NonCOVID/1218.png,/Users/samehissa/Downloads/COVID-CT-Dataset-master/Images-processed/CT_NonCOVID/1218.png,original,,1218.png,0,0,0,0,1,0,0,0,1,0.09199572,0.9080042,0,0.4544629,0.4537981,0.60055953,0.5347927,0.6474737,0.4458253,0.5280485,0.5761747,0.6022061,0.5789708,1,1,1,0,1,1,1,1
noncovid_1238,1238.png,NonCOVID,0,test,/Users/samehissa/Downloads/COVID-CT-Dataset-master/Images-processed/CT_NonCOVID/1238.png,/Users/samehissa/Downloads/COVID-CT-Dataset-master/Images-processed/CT_NonCOVID/1238.png,original,,1238.png,0,0,0,0,1,0,0,0,0,0.9999982,1.8130779e-06,0,0.46971363,0.32459155,0.697762,0.51898,0.7216492,0.17772743,0.8849128,0.732228,0.6788557,0.44570687,1,1,1,0,1,1,1,0
noncovid_1497,1497.png,NonCOVID,0,test,/Users/samehissa/Downloads/COVID-CT-Dataset-master/Images-processed/CT_NonCOVID/1497.png,/Users/samehissa/Downloads/COVID-CT-Dataset-master/Images-processed/CT_NonCOVID/1497.png,original,,1497.png,1,1,1,0,1,1,1,1,0,1.0,2.68693e-08,0,0.45737207,0.2810309,0.73868144,0.5347923,0.77282107,0.13086438,0.9376206,0.77778435,0.73362476,0.4819359,1,1,1,0,1,1,1,0
noncovid_1498,1498.png,NonCOVID,0,test,/Users/samehissa/Downloads/COVID-CT-Dataset-master/Images-processed/CT_NonCOVID/1498.png,/Users/samehissa/Downloads/COVID-CT-Dataset-master/Images-processed/CT_NonCOVID/1498.png,original,,1498.png,1,1,1,0,1,1,1,1,0,1.0,1.5022803e-08,0,0.45544854,0.2702361,0.7517788,0.5204053,0.77641094,0.11991529,0.93835264,0.78889495,0.73722154,0.47725153,1,1,1,0,1,1,1,0
noncovid_1499,1499.png,NonCOVID,0,test,/Users/samehissa/Downloads/COVID-CT-Dataset-master/Images-processed/CT_NonCOVID/1499.png,/Users/samehissa/Downloads/COVID-CT-Dataset-master/Images-processed/CT_NonCOVID/1499.png,original,,1499.png,0,1,1,0,1,1,1,1,0,0.99999976,2.0075608e-07,0,0.46101567,0.3029359,0.7172068,0.52974695,0.7415238,0.16163033,0.91325593,0.7389694,0.7045038,0.48879653,1,1,1,0,1,1,1,0
noncovid_1500,1500.png,NonCOVID,0,test,/Users/samehissa/Downloads/COVID-CT-Dataset-master/Images-processed/CT_NonCOVID/1500.png,/Users/samehissa/Downloads/COVID-CT-Dataset-master/Images-processed/CT_NonCOVID/1500.png,original,,1500.png,0,1,1,0,1,1,1,1,0,0.9025454,0.09745459,0,0.4863994,0.42703852,0.60639924,0.5136006,0.6313185,0.32181758,0.68355936,0.6360641,0.6375394,0.5435991,1,1,1,0,1,1,1,1
noncovid_1501,1501.png,NonCOVID,0,test,/Users/samehissa/Downloads/COVID-CT-Dataset-master/Images-processed/CT_NonCOVID/1501.png,/Users/samehissa/Downloads/COVID-CT-Dataset-master/Images-processed/CT_NonCOVID/1501.png,original,,1501.png,0,1,1,0,1,1,1,1,0,0.99998343,1.6549942e-05,0,0.46026868,0.34086505,0.6945935,0.5397313,0.70608824,0.19998088,0.8802402,0.725776,0.6632975,0.45502353,1,1,1,0,1,1,1,0
noncovid_1814,1814.png,NonCOVID,0,test,/Users/samehissa/Downloads/COVID-CT-Dataset-master/Images-processed/CT_NonCOVID/1814.png,/Users/samehissa/Downloads/COVID-CT-Dataset-master/Images-processed/CT_NonCOVID/1814.png,original,,1814.png,1,1,1,0,1,1,1,1,0,0.9999957,4.2362085e-06,0,0.460126,0.29738352,0.7188283,0.5135448,0.7411285,0.14650938,0.9044181,0.7634878,0.69515646,0.4496322,1,1,1,0,1,1,1,0
noncovid_1857,1857.png,NonCOVID,0,test,/Users/samehissa/Downloads/COVID-CT-Dataset-master/Images-processed/CT_NonCOVID/1857.png,/Users/samehissa/Downloads/COVID-CT-Dataset-master/Images-processed/CT_NonCOVID/1857.png,original,,1857.png,1,1,1,0,1,1,1,1,1,0.3880957,0.61190426,1,0.4540592,0.45610487,0.63528126,0.51911885,0.68900627,0.3976509,0.5558434,0.62642884,0.6192927,0.5927217,1,1,1,0,1,1,1,1
noncovid_1858,1858.png,NonCOVID,0,test,/Users/samehissa/Downloads/COVID-CT-Dataset-master/Images-processed/CT_NonCOVID/1858.png,/Users/samehissa/Downloads/COVID-CT-Dataset-master/Images-processed/CT_NonCOVID/1858.png,original,,1858.png,1,1,1,0,1,1,1,1,0,0.98207664,0.01792331,0,0.48164594,0.40842065,0.646076,0.51835406,0.6257243,0.30243862,0.7135894,0.65541327,0.60290664,0.5036935,1,1,1,0,1,1,1,1
noncovid_1859,1859.png,NonCOVID,0,test,/Users/samehissa/Downloads/COVID-CT-Dataset-master/Images-processed/CT_NonCOVID/1859.png,/Users/samehissa/Downloads/COVID-CT-Dataset-master/Images-processed/CT_NonCOVID/1859.png,original,,1859.png,1,1,1,0,1,1,1,1,0,0.89134866,0.10865132,0,0.48749697,0.40923145,0.58872056,0.5012073,0.609212,0.31178543,0.67604333,0.62348086,0.6121365,0.48601335,1,1,1,0,1,1,1,0
noncovid_1919,1919.png,NonCOVID,0,test,/Users/samehissa/Downloads/COVID-CT-Dataset-master/Images-processed/CT_NonCOVID/1919.png,/Users/samehissa/Downloads/COVID-CT-Dataset-master/Images-processed/CT_NonCOVID/1919.png,original,,1919.png,1,1,1,0,1,1,1,1,1,0.17600496,0.823995,0,0.46783844,0.45252275,0.59891516,0.51676774,0.6519062,0.41056088,0.55545664,0.59787285,0.5915646,0.5639214,1,1,1,0,1,1,1,1
noncovid_2108,2108.png,NonCOVID,0,test,/Users/samehissa/Downloads/COVID-CT-Dataset-master/Images-processed/CT_NonCOVID/2108.png,/Users/samehissa/Downloads/COVID-CT-Dataset-master/Images-processed/CT_NonCOVID/2108.png,original,,2108.png,0,0,0,0,1,0,0,0,0,0.79613477,0.20386524,0,0.49094152,0.4201648,0.59310174,0.49752656,0.6169002,0.34194735,0.626904,0.62111205,0.5921993,0.52385205,1,0,1,0,1,1,1,1
noncovid_2237,2237.png,NonCOVID,0,test,/Users/samehissa/Downloads/COVID-CT-Dataset-master/Images-processed/CT_NonCOVID/2237.png,/Users/samehissa/Downloads/COVID-CT-Dataset-master/Images-processed/CT_NonCOVID/2237.png,original,,2237.png,1,1,1,0,1,1,1,1,1,0.0025828,0.9974172,1,0.40708908,0.46753863,0.68790805,0.602014,0.7835001,0.42927927,0.5563364,0.67181104,0.6793803,0.6871014,1,1,1,0,1,1,1,1
noncovid_2341,2341.png,NonCOVID,0,test,/Users/samehissa/Downloads/COVID-CT-Dataset-master/Images-processed/CT_NonCOVID/2341.png,/Users/samehissa/Downloads/COVID-CT-Dataset-master/Images-processed/CT_NonCOVID/2341.png,original,,2341.png,0,0,1,0,1,0,1,0,0,0.9999989,1.0175371e-06,0,0.46577692,0.3136828,0.7210748,0.5243355,0.7334089,0.16363388,0.9033519,0.7539891,0.6934195,0.45704213,1,1,1,0,1,1,1,0
noncovid_0,0.jpg,NonCOVID,0,test,/Users/samehissa/Downloads/COVID-CT-Dataset-master/Images-processed/CT_NonCOVID/0.jpg,/Users/samehissa/Downloads/COVID-CT-Dataset-master/Images-processed/CT_NonCOVID/0.jpg,original,,0.jpg,0,0,0,0,1,0,0,0,0,0.9999999,1.50373e-07,0,0.4648681,0.29668504,0.72328573,0.5062313,0.75401837,0.14744876,0.91318077,0.7530911,0.71728057,0.4618426,1,1,1,0,1,1,1,0
noncovid_1_0,1%0.jpg,NonCOVID,0,test,/Users/samehissa/Downloads/COVID-CT-Dataset-master/Images-processed/CT_NonCOVID/1%0.jpg,/Users/samehissa/Downloads/COVID-CT-Dataset-master/Images-processed/CT_NonCOVID/1%0.jpg,original,,1%0.jpg,0,0,0,0,1,0,0,0,0,0.7987745,0.20122549,0,0.49215034,0.4242414,0.5530934,0.50381005,0.5791437,0.35988882,0.6119049,0.59666413,0.57277435,0.49252713,1,1,1,0,1,1,1,0
noncovid_1_1,1%1.jpg,NonCOVID,0,test,/Users/samehissa/Downloads/COVID-CT-Dataset-master/Images-processed/CT_NonCOVID/1%1.jpg,/Users/samehissa/Downloads/COVID-CT-Dataset-master/Images-processed/CT_NonCOVID/1%1.jpg,original,,1%1.jpg,0,0,0,0,1,0,0,0,0,0.97558504,0.02441497,0,0.4868736,0.4298941,0.57176507,0.5073168,0.60085297,0.3494788,0.68425626,0.5701059,0.57613045,0.46827856,1,1,1,0,1,1,1,0
noncovid_1_2,1%2.jpg,NonCOVID,0,test,/Users/samehissa/Downloads/COVID-CT-Dataset-master/Images-processed/CT_NonCOVID/1%2.jpg,/Users/samehissa/Downloads/COVID-CT-Dataset-master/Images-processed/CT_NonCOVID/1%2.jpg,original,,1%2.jpg,0,0,0,0,1,0,0,0,0,0.972912,0.027087959,0,0.48275983,0.44608438,0.5689596,0.51724017,0.6065638,0.36748597,0.69840974,0.5539156,0.573427,0.48044643,1,1,1,0,1,1,1,0
noncovid_10_0,10%0.jpg,NonCOVID,0,test,/Users/samehissa/Downloads/COVID-CT-Dataset-master/Images-processed/CT_NonCOVID/10%0.jpg,/Users/samehissa/Downloads/COVID-CT-Dataset-master/Images-processed/CT_NonCOVID/10%0.jpg,original,,10%0.jpg,0,0,0,0,1,0,0,0,0,0.6406784,0.3593216,0,0.49455908,0.45280126,0.54811954,0.50465876,0.5664799,0.43128923,0.55221546,0.5389462,0.5484604,0.50316006,1,1,1,0,1,1,1,1
noncovid_10_1,10%1.jpg,NonCOVID,0,test,/Users/samehissa/Downloads/COVID-CT-Dataset-master/Images-processed/CT_NonCOVID/10%1.jpg,/Users/samehissa/Downloads/COVID-CT-Dataset-master/Images-processed/CT_NonCOVID/10%1.jpg,original,,10%1.jpg,0,0,0,0,1,0,0,0,0,0.9986614,0.0013385676,0,0.48457637,0.4023788,0.61435986,0.5140414,0.6257514,0.32344726,0.7441178,0.5976212,0.59259063,0.46466023,1,1,1,0,1,1,1,0
noncovid_10_2,10%2.jpg,NonCOVID,0,test,/Users/samehissa/Downloads/COVID-CT-Dataset-master/Images-processed/CT_NonCOVID/10%2.jpg,/Users/samehissa/Downloads/COVID-CT-Dataset-master/Images-processed/CT_NonCOVID/10%2.jpg,original,,10%2.jpg,0,0,0,0,1,0,0,0,0,0.9790101,0.020989932,0,0.47184885,0.41714668,0.58266556,0.52815115,0.5960397,0.3509088,0.6917326,0.59992653,0.5601096,0.45955184,1,1,1,0,1,1,1,0
noncovid_11_0,11%0.jpg,NonCOVID,0,test,/Users/samehissa/Downloads/COVID-CT-Dataset-master/Images-processed/CT_NonCOVID/11%0.jpg,/Users/samehissa/Downloads/COVID-CT-Dataset-master/Images-processed/CT_NonCOVID/11%0.jpg,original,,11%0.jpg,0,0,0,0,1,0,0,0,0,0.95230067,0.047699384,0,0.48753545,0.45738602,0.5576906,0.507077,0.5916707,0.3976314,0.66228825,0.5274795,0.5593684,0.4758613,1,1,1,0,1,1,1,0
noncovid_11_1,11%1.jpg,NonCOVID,0,test,/Users/samehissa/Downloads/COVID-CT-Dataset-master/Images-processed/CT_NonCOVID/11%1.jpg,/Users/samehissa/Downloads/COVID-CT-Dataset-master/Images-processed/CT_NonCOVID/11%1.jpg,original,,11%1.jpg,0,0,0,0,1,0,0,0,0,0.6769097,0.3230903,0,0.49252507,0.45599523,0.5429228,0.49250135,0.5752693,0.40312156,0.5708771,0.54230136,0.55886984,0.5201199,1,0,1,0,1,1,1,1
noncovid_11_2,11%2.jpg,NonCOVID,0,test,/Users/samehissa/Downloads/COVID-CT-Dataset-master/Images-processed/CT_NonCOVID/11%2.jpg,/Users/samehissa/Downloads/COVID-CT-Dataset-master/Images-processed/CT_NonCOVID/11%2.jpg,original,,11%2.jpg,0,0,0,0,1,0,0,0,1,0.055692233,0.9443078,1,0.4462846,0.4558824,0.5984835,0.55526525,0.6133946,0.489296,0.499151,0.5723637,0.56600976,0.5857126,1,1,1,0,0,1,1,1
noncovid_12,12.jpg,NonCOVID,0,test,/Users/samehissa/Downloads/COVID-CT-Dataset-master/Images-processed/CT_NonCOVID/12.jpg,/Users/samehissa/Downloads/COVID-CT-Dataset-master/Images-processed/CT_NonCOVID/12.jpg,original,,12.jpg,1,1,1,0,1,1,1,1,1,0.017688412,0.9823116,1,0.41524523,0.4509749,0.7092822,0.5727402,0.76594067,0.41169336,0.5490965,0.6549088,0.6452276,0.64228195,1,1,1,0,1,1,1,1
noncovid_13,13.jpg,NonCOVID,0,test,/Users/samehissa/Downloads/COVID-CT-Dataset-master/Images-processed/CT_NonCOVID/13.jpg,/Users/samehissa/Downloads/COVID-CT-Dataset-master/Images-processed/CT_NonCOVID/13.jpg,original,,13.jpg,1,1,1,0,0,1,1,1,0,0.9986498,0.0013501889,0,0.47063273,0.38405398,0.6027675,0.52936727,0.65149826,0.27535573,0.77721274,0.6554822,0.59768593,0.4592547,1,1,1,0,1,1,1,0
noncovid_14_0,14%0.jpg,NonCOVID,0,test,/Users/samehissa/Downloads/COVID-CT-Dataset-master/Images-processed/CT_NonCOVID/14%0.jpg,/Users/samehissa/Downloads/COVID-CT-Dataset-master/Images-processed/CT_NonCOVID/14%0.jpg,original,,14%0.jpg,1,1,1,0,1,1,1,1,0,0.99999416,5.8217847e-06,0,0.46991074,0.32149738,0.70587415,0.5292814,0.71760863,0.16951081,0.88672346,0.75553674,0.66613656,0.4294177,1,1,1,0,1,1,1,0
noncovid_14_1,14%1.jpg,NonCOVID,0,test,/Users/samehissa/Downloads/COVID-CT-Dataset-master/Images-processed/CT_NonCOVID/14%1.jpg,/Users/samehissa/Downloads/COVID-CT-Dataset-master/Images-processed/CT_NonCOVID/14%1.jpg,original,,14%1.jpg,0,0,0,0,1,0,0,0,0,0.9933141,0.0066859666,0,0.48312402,0.38699085,0.593877,0.47355863,0.58580124,0.28127304,0.6631171,0.6314106,0.62790966,0.5233345,1,0,1,0,1,1,1,1
noncovid_14_2,14%2.jpg,NonCOVID,0,test,/Users/samehissa/Downloads/COVID-CT-Dataset-master/Images-processed/CT_NonCOVID/14%2.jpg,/Users/samehissa/Downloads/COVID-CT-Dataset-master/Images-processed/CT_NonCOVID/14%2.jpg,original,,14%2.jpg,1,1,1,0,1,1,1,1,1,0.0015852381,0.99841475,1,0.38105285,0.46653047,0.7278015,0.6282813,0.7970703,0.460248,0.536097,0.71019745,0.69589025,0.726861,1,1,1,0,1,1,1,1
noncovid_14_3,14%3.jpg,NonCOVID,0,test,/Users/samehissa/Downloads/COVID-CT-Dataset-master/Images-processed/CT_NonCOVID/14%3.jpg,/Users/samehissa/Downloads/COVID-CT-Dataset-master/Images-processed/CT_NonCOVID/14%3.jpg,original,,14%3.jpg,1,1,1,0,1,1,1,1,0,0.99997735,2.268786e-05,0,0.47109982,0.33547106,0.68676233,0.50879866,0.69610924,0.19763863,0.8544991,0.709512,0.65522885,0.4489923,1,1,1,0,1,1,1,0
noncovid_15_0,15%0.jpg,NonCOVID,0,test,/Users/samehissa/Downloads/COVID-CT-Dataset-master/Images-processed/CT_NonCOVID/15%0.jpg,/Users/samehissa/Downloads/COVID-CT-Dataset-master/Images-processed/CT_NonCOVID/15%0.jpg,original,,15%0.jpg,0,0,0,0,1,0,0,0,0,0.89695716,0.10304282,0,0.49243605,0.43436572,0.5931244,0.46057245,0.60808855,0.3371872,0.57695735,0.61484057,0.6085562,0.5414299,1,0,1,0,1,1,1,1
noncovid_15_1,15%1.jpg,NonCOVID,0,test,/Users/samehissa/Downloads/COVID-CT-Dataset-master/Images-processed/CT_NonCOVID/15%1.jpg,/Users/samehissa/Downloads/COVID-CT-Dataset-master/Images-processed/CT_NonCOVID/15%1.jpg,original,,15%1.jpg,0,0,1,1,1,0,1,0,0,0.99917644,0.000823541,0,0.47768277,0.36712334,0.63646233,0.52102375,0.6452715,0.22716373,0.78124774,0.70954657,0.6344522,0.47493824,1,1,1,0,1,1,1,0
noncovid_15_2,15%2.jpg,NonCOVID,0,test,/Users/samehissa/Downloads/COVID-CT-Dataset-master/Images-processed/CT_NonCOVID/15%2.jpg,/Users/samehissa/Downloads/COVID-CT-Dataset-master/Images-processed/CT_NonCOVID/15%2.jpg,original,,15%2.jpg,0,0,0,0,1,0,0,0,0,0.99998903,1.0990404e-05,0,0.47734082,0.35373735,0.6686688,0.51716524,0.6986304,0.22686496,0.85585284,0.6763454,0.66699654,0.47017264,1,1,1,0,1,1,1,0
noncovid_15_3,15%3.jpg,NonCOVID,0,test,/Users/samehissa/Downloads/COVID-CT-Dataset-master/Images-processed/CT_NonCOVID/15%3.jpg,/Users/samehissa/Downloads/COVID-CT-Dataset-master/Images-processed/CT_NonCOVID/15%3.jpg,original,,15%3.jpg,0,0,0,0,1,0,0,0,1,0.04176804,0.958232,1,0.41922942,0.46266323,0.67600423,0.5807095,0.7217038,0.44685364,0.5203034,0.64262676,0.62169355,0.63934183,1,1,1,0,1,1,1,1
noncovid_16,16.jpg,NonCOVID,0,test,/Users/samehissa/Downloads/COVID-CT-Dataset-master/Images-processed/CT_NonCOVID/16.jpg,/Users/samehissa/Downloads/COVID-CT-Dataset-master/Images-processed/CT_NonCOVID/16.jpg,original,,16.jpg,1,0,1,0,0,1,1,1,1,0.2786678,0.72133213,0,0.45791444,0.4486918,0.62145966,0.49330628,0.74695295,0.29902676,0.5958273,0.68070817,0.6685137,0.60241896,1,0,1,0,1,1,1,1
noncovid_17_0,17%0.jpg,NonCOVID,0,test,/Users/samehissa/Downloads/COVID-CT-Dataset-master/Images-processed/CT_NonCOVID/17%0.jpg,/Users/samehissa/Downloads/COVID-CT-Dataset-master/Images-processed/CT_NonCOVID/17%0.jpg,original,,17%0.jpg,1,1,1,0,1,1,1,1,0,0.99918956,0.00081040815,0,0.48062044,0.37922436,0.6155577,0.51937956,0.6745902,0.2576232,0.79474854,0.66400886,0.65141064,0.47772714,1,1,1,0,1,1,1,0
noncovid_17_1,17%1.jpg,NonCOVID,0,test,/Users/samehissa/Downloads/COVID-CT-Dataset-master/Images-processed/CT_NonCOVID/17%1.jpg,/Users/samehissa/Downloads/COVID-CT-Dataset-master/Images-processed/CT_NonCOVID/17%1.jpg,original,,17%1.jpg,1,1,1,0,1,1,1,1,0,0.9910711,0.008928963,0,0.48487428,0.39673516,0.5941174,0.5119802,0.62085307,0.3150424,0.72854877,0.60608184,0.5913526,0.47349244,1,1,1,0,1,1,1,0
noncovid_18_0,18%0.jpg,NonCOVID,0,test,/Users/samehissa/Downloads/COVID-CT-Dataset-master/Images-processed/CT_NonCOVID/18%0.jpg,/Users/samehissa/Downloads/COVID-CT-Dataset-master/Images-processed/CT_NonCOVID/18%0.jpg,original,,18%0.jpg,1,1,1,0,1,1,1,1,0,0.90595394,0.094046116,0,0.48487377,0.41413915,0.5645155,0.5151262,0.62615556,0.3228613,0.6566095,0.6452002,0.5948638,0.5139387,1,1,1,0,1,1,1,1
noncovid_18_1,18%1.jpg,NonCOVID,0,test,/Users/samehissa/Downloads/COVID-CT-Dataset-master/Images-processed/CT_NonCOVID/18%1.jpg,/Users/samehissa/Downloads/COVID-CT-Dataset-master/Images-processed/CT_NonCOVID/18%1.jpg,original,,18%1.jpg,1,1,1,0,1,1,1,1,0,0.93404734,0.06595262,0,0.4700814,0.4165765,0.61070395,0.53091514,0.56954527,0.3292577,0.66253597,0.6292089,0.5487505,0.48365727,1,1,1,0,1,1,1,0
noncovid_18_2,18%2.jpg,NonCOVID,0,test,/Users/samehissa/Downloads/COVID-CT-Dataset-master/Images-processed/CT_NonCOVID/18%2.jpg,/Users/samehissa/Downloads/COVID-CT-Dataset-master/Images-processed/CT_NonCOVID/18%2.jpg,original,,18%2.jpg,1,1,1,0,1,1,1,1,0,0.99878424,0.0012157081,0,0.48358244,0.37780517,0.6386162,0.51640856,0.65697867,0.27361396,0.80417,0.64458436,0.6292891,0.46711415,1,1,1,0,1,1,1,0
noncovid_18_3,18%3.jpg,NonCOVID,0,test,/Users/samehissa/Downloads/COVID-CT-Dataset-master/Images-processed/CT_NonCOVID/18%3.jpg,/Users/samehissa/Downloads/COVID-CT-Dataset-master/Images-processed/CT_NonCOVID/18%3.jpg,original,,18%3.jpg,1,1,1,0,1,1,1,1,0,0.9092975,0.09070247,0,0.47544262,0.37743872,0.59891105,0.5065031,0.6259164,0.23586191,0.6900802,0.72230315,0.63102156,0.561155,1,1,1,0,1,1,1,1
noncovid_19_0,19%0.jpg,NonCOVID,0,test,/Users/samehissa/Downloads/COVID-CT-Dataset-master/Images-processed/CT_NonCOVID/19%0.jpg,/Users/samehissa/Downloads/COVID-CT-Dataset-master/Images-processed/CT_NonCOVID/19%0.jpg,original,,19%0.jpg,0,0,0,0,1,0,0,0,0,0.75582606,0.24417393,0,0.49340022,0.41998237,0.5869221,0.48514795,0.6250501,0.31663087,0.6165518,0.64455986,0.6022151,0.5426282,1,0,1,0,1,1,1,1
noncovid_19_1,19%1.jpg,NonCOVID,0,test,/Users/samehissa/Downloads/COVID-CT-Dataset-master/Images-processed/CT_NonCOVID/19%1.jpg,/Users/samehissa/Downloads/COVID-CT-Dataset-master/Images-processed/CT_NonCOVID/19%1.jpg,original,,19%1.jpg,0,0,0,0,1,0,0,0,0,0.92144877,0.078551255,0,0.48786962,0.4278903,0.5958669,0.48748678,0.65160155,0.3164403,0.6217861,0.63907254,0.62578666,0.5480525,1,0,1,0,1,1,1,1
noncovid_2_0,2%0.jpg,NonCOVID,0,test,/Users/samehissa/Downloads/COVID-CT-Dataset-master/Images-processed/CT_NonCOVID/2%0.jpg,/Users/samehissa/Downloads/COVID-CT-Dataset-master/Images-processed/CT_NonCOVID/2%0.jpg,original,,2%0.jpg,1,1,1,0,1,1,1,1,0,0.79629064,0.2037094,0,0.4870916,0.432133,0.5779599,0.49699572,0.6522926,0.33683744,0.5945939,0.62326914,0.6156507,0.5598661,1,0,1,0,1,1,1,1
noncovid_2_1,2%1.jpg,NonCOVID,0,test,/Users/samehissa/Downloads/COVID-CT-Dataset-master/Images-processed/CT_NonCOVID/2%1.jpg,/Users/samehissa/Downloads/COVID-CT-Dataset-master/Images-processed/CT_NonCOVID/2%1.jpg,original,,2%1.jpg,1,1,1,0,1,1,1,1,0,0.9261858,0.07381419,0,0.4927389,0.42284212,0.5816194,0.49678934,0.60984856,0.3271821,0.63149816,0.6400634,0.58946174,0.50923157,1,0,1,0,1,1,1,1
noncovid_2_2,2%2.jpg,NonCOVID,0,test,/Users/samehissa/Downloads/COVID-CT-Dataset-master/Images-processed/CT_NonCOVID/2%2.jpg,/Users/samehissa/Downloads/COVID-CT-Dataset-master/Images-processed/CT_NonCOVID/2%2.jpg,original,,2%2.jpg,1,1,1,0,1,1,1,1,1,0.041782975,0.95821697,1,0.41791695,0.45658004,0.68908584,0.57568014,0.7604788,0.4142786,0.5642579,0.6526046,0.6545081,0.650653,1,1,1,0,1,1,1,1
noncovid_2_3,2%3.jpg,NonCOVID,0,test,/Users/samehissa/Downloads/COVID-CT-Dataset-master/Images-processed/CT_NonCOVID/2%3.jpg,/Users/samehissa/Downloads/COVID-CT-Dataset-master/Images-processed/CT_NonCOVID/2%3.jpg,original,,2%3.jpg,1,1,1,0,1,1,1,1,0,0.7629758,0.2370242,0,0.48243585,0.42398843,0.5640102,0.49959335,0.6642343,0.33170772,0.62718046,0.6345299,0.63295144,0.5447522,1,0,1,0,1,1,1,1
noncovid_3,3.jpg,NonCOVID,0,test,/Users/samehissa/Downloads/COVID-CT-Dataset-master/Images-processed/CT_NonCOVID/3.jpg,/Users/samehissa/Downloads/COVID-CT-Dataset-master/Images-processed/CT_NonCOVID/3.jpg,original,,3.jpg,0,0,0,0,1,0,0,0,1,0.0051418035,0.99485815,1,0.4073987,0.4689412,0.666471,0.61617124,0.74330574,0.46625525,0.52311206,0.6581584,0.65235645,0.66875434,1,1,1,0,1,1,1,1
noncovid_4_1,4%1.jpg,NonCOVID,0,test,/Users/samehissa/Downloads/COVID-CT-Dataset-master/Images-processed/CT_NonCOVID/4%1.jpg,/Users/samehissa/Downloads/COVID-CT-Dataset-master/Images-processed/CT_NonCOVID/4%1.jpg,original,,4%1.jpg,0,0,0,0,1,0,0,0,0,0.91120106,0.08879892,0,0.4815626,0.40473354,0.5789868,0.502899,0.6079324,0.31484526,0.67410725,0.617822,0.5970158,0.48486117,1,1,1,0,1,1,1,0
noncovid_4_3,4%3.jpg,NonCOVID,0,test,/Users/samehissa/Downloads/COVID-CT-Dataset-master/Images-processed/CT_NonCOVID/4%3.jpg,/Users/samehissa/Downloads/COVID-CT-Dataset-master/Images-processed/CT_NonCOVID/4%3.jpg,original,,4%3.jpg,0,0,0,0,1,0,0,0,0,0.6733163,0.3266837,0,0.48987782,0.43946564,0.556173,0.49003842,0.58116573,0.38742256,0.5721174,0.5830955,0.5715853,0.5519178,1,0,1,0,1,1,1,1
noncovid_4_5,4%5.jpg,NonCOVID,0,test,/Users/samehissa/Downloads/COVID-CT-Dataset-master/Images-processed/CT_NonCOVID/4%5.jpg,/Users/samehissa/Downloads/COVID-CT-Dataset-master/Images-processed/CT_NonCOVID/4%5.jpg,original,,4%5.jpg,0,0,0,0,1,0,0,0,0,0.9398775,0.06012248,0,0.49013823,0.4227472,0.5664834,0.48090893,0.60071045,0.34234405,0.60139567,0.6021855,0.6136149,0.53589314,1,0,1,0,1,1,1,1
noncovid_4_7,4%7.jpg,NonCOVID,0,test,/Users/samehissa/Downloads/COVID-CT-Dataset-master/Images-processed/CT_NonCOVID/4%7.jpg,/Users/samehissa/Downloads/COVID-CT-Dataset-master/Images-processed/CT_NonCOVID/4%7.jpg,original,,4%7.jpg,0,0,0,0,1,0,0,0,1,0.30009145,0.6999085,0,0.45323315,0.45180926,0.5968977,0.5261416,0.60631585,0.42779306,0.518977,0.5969931,0.574876,0.5501849,1,1,1,0,1,1,1,1
noncovid_5_0,5%0.jpg,NonCOVID,0,test,/Users/samehissa/Downloads/COVID-CT-Dataset-master/Images-processed/CT_NonCOVID/5%0.jpg,/Users/samehissa/Downloads/COVID-CT-Dataset-master/Images-processed/CT_NonCOVID/5%0.jpg,original,,5%0.jpg,0,0,0,0,1,0,0,0,1,0.056456167,0.94354385,1,0.45019206,0.45292747,0.55235445,0.5228372,0.6486007,0.37474418,0.55336845,0.633943,0.5857398,0.578363,1,1,1,0,1,1,1,1
noncovid_5_1,5%1.jpg,NonCOVID,0,test,/Users/samehissa/Downloads/COVID-CT-Dataset-master/Images-processed/CT_NonCOVID/5%1.jpg,/Users/samehissa/Downloads/COVID-CT-Dataset-master/Images-processed/CT_NonCOVID/5%1.jpg,original,,5%1.jpg,0,0,0,0,1,0,0,0,1,0.026540564,0.9734595,1,0.41669583,0.4630451,0.6580339,0.5852416,0.7240139,0.425459,0.5381024,0.6564724,0.6336239,0.65003204,1,1,1,0,1,1,1,1
noncovid_5_2,5%2.jpg,NonCOVID,0,test,/Users/samehissa/Downloads/COVID-CT-Dataset-master/Images-processed/CT_NonCOVID/5%2.jpg,/Users/samehissa/Downloads/COVID-CT-Dataset-master/Images-processed/CT_NonCOVID/5%2.jpg,original,,5%2.jpg,0,0,0,0,1,0,0,0,1,0.06795793,0.93204206,1,0.43361884,0.45681295,0.64197606,0.5497139,0.66587627,0.45156956,0.52693105,0.60676485,0.6003753,0.6048487,1,1,1,0,1,1,1,1
noncovid_5_3,5%3.jpg,NonCOVID,0,test,/Users/samehissa/Downloads/COVID-CT-Dataset-master/Images-processed/CT_NonCOVID/5%3.jpg,/Users/samehissa/Downloads/COVID-CT-Dataset-master/Images-processed/CT_NonCOVID/5%3.jpg,original,,5%3.jpg,1,0,1,0,1,1,1,1,1,0.15848635,0.8415137,0,0.457637,0.4534466,0.6077669,0.51584977,0.6344656,0.41443926,0.5490375,0.58544,0.5938708,0.57938796,1,1,1,0,1,1,1,1
noncovid_5_4,5%4.jpg,NonCOVID,0,test,/Users/samehissa/Downloads/COVID-CT-Dataset-master/Images-processed/CT_NonCOVID/5%4.jpg,/Users/samehissa/Downloads/COVID-CT-Dataset-master/Images-processed/CT_NonCOVID/5%4.jpg,original,,5%4.jpg,1,1,1,0,1,1,1,1,0,0.69023263,0.3097673,0,0.4874747,0.42875195,0.5962454,0.49025252,0.6461754,0.33862793,0.5996123,0.6347178,0.618071,0.5786241,1,0,1,0,1,1,1,1
noncovid_5_5,5%5.jpg,NonCOVID,0,test,/Users/samehissa/Downloads/COVID-CT-Dataset-master/Images-processed/CT_NonCOVID/5%5.jpg,/Users/samehissa/Downloads/COVID-CT-Dataset-master/Images-processed/CT_NonCOVID/5%5.jpg,original,,5%5.jpg,1,1,1,0,1,1,1,1,1,0.06706691,0.9329331,1,0.42454064,0.4609734,0.6944209,0.5371663,0.7342917,0.38763022,0.55229944,0.648877,0.6616468,0.62787855,1,1,1,0,1,1,1,1
noncovid_5_6,5%6.jpg,NonCOVID,0,test,/Users/samehissa/Downloads/COVID-CT-Dataset-master/Images-processed/CT_NonCOVID/5%6.jpg,/Users/samehissa/Downloads/COVID-CT-Dataset-master/Images-processed/CT_NonCOVID/5%6.jpg,original,,5%6.jpg,1,1,1,0,1,1,1,1,1,0.14891164,0.8510884,1,0.44371465,0.45603636,0.6414286,0.52388954,0.69120497,0.3759427,0.59538645,0.6467386,0.6302312,0.60153925,1,1,1,0,1,1,1,1
noncovid_5_7,5%7.jpg,NonCOVID,0,test,/Users/samehissa/Downloads/COVID-CT-Dataset-master/Images-processed/CT_NonCOVID/5%7.jpg,/Users/samehissa/Downloads/COVID-CT-Dataset-master/Images-processed/CT_NonCOVID/5%7.jpg,original,,5%7.jpg,0,0,1,0,1,0,1,0,1,0.1067161,0.89328396,1,0.44093668,0.45701984,0.6170726,0.53636634,0.6589953,0.42573494,0.5534601,0.6119896,0.5987766,0.6197455,1,1,1,0,1,1,1,1
noncovid_6_0,6%0.jpg,NonCOVID,0,test,/Users/samehissa/Downloads/COVID-CT-Dataset-master/Images-processed/CT_NonCOVID/6%0.jpg,/Users/samehissa/Downloads/COVID-CT-Dataset-master/Images-processed/CT_NonCOVID/6%0.jpg,original,,6%0.jpg,0,0,0,0,1,0,0,0,1,5.1356437e-05,0.9999486,1,0.36052346,0.45719776,0.7532259,0.65685385,0.83822274,0.45719776,0.54807436,0.7370655,0.7319096,0.76840526,1,1,1,0,1,1,1,1
noncovid_6_1,6%1.jpg,NonCOVID,0,test,/Users/samehissa/Downloads/COVID-CT-Dataset-master/Images-processed/CT_NonCOVID/6%1.jpg,/Users/samehissa/Downloads/COVID-CT-Dataset-master/Images-processed/CT_NonCOVID/6%1.jpg,original,,6%1.jpg,0,0,0,0,1,0,0,0,1,0.0002855803,0.99971443,1,0.37602514,0.46407896,0.7498961,0.62914664,0.83428377,0.44616696,0.543177,0.71883225,0.7293998,0.75964034,1,1,1,0,1,1,1,1
noncovid_6_2,6%2.jpg,NonCOVID,0,test,/Users/samehissa/Downloads/COVID-CT-Dataset-master/Images-processed/CT_NonCOVID/6%2.jpg,/Users/samehissa/Downloads/COVID-CT-Dataset-master/Images-processed/CT_NonCOVID/6%2.jpg,original,,6%2.jpg,1,1,1,0,1,1,1,1,1,0.015034295,0.9849657,1,0.41883403,0.4547552,0.7082589,0.55068994,0.7956346,0.40189663,0.5660489,0.6797553,0.7169652,0.68043095,1,1,1,0,1,1,1,1
noncovid_6_3,6%3.jpg,NonCOVID,0,test,/Users/samehissa/Downloads/COVID-CT-Dataset-master/Images-processed/CT_NonCOVID/6%3.jpg,/Users/samehissa/Downloads/COVID-CT-Dataset-master/Images-processed/CT_NonCOVID/6%3.jpg,original,,6%3.jpg,0,0,0,0,1,0,0,0,1,0.00085160614,0.99914837,1,0.39292783,0.46052673,0.74340415,0.5830543,0.83196867,0.3973556,0.5501222,0.7186428,0.72638714,0.7366727,1,1,1,0,1,1,1,1
noncovid_7,7.jpg,NonCOVID,0,test,/Users/samehissa/Downloads/COVID-CT-Dataset-master/Images-processed/CT_NonCOVID/7.jpg,/Users/samehissa/Downloads/COVID-CT-Dataset-master/Images-processed/CT_NonCOVID/7.jpg,original,,7.jpg,0,0,0,0,1,0,1,0,0,0.9999924,7.6674805e-06,0,0.47407603,0.33022857,0.67272455,0.52592397,0.72231114,0.19333604,0.87963283,0.7132373,0.6757308,0.4578833,1,1,1,0,1,1,1,0
noncovid_8,8.jpg,NonCOVID,0,test,/Users/samehissa/Downloads/COVID-CT-Dataset-master/Images-processed/CT_NonCOVID/8.jpg,/Users/samehissa/Downloads/COVID-CT-Dataset-master/Images-processed/CT_NonCOVID/8.jpg,original,,8.jpg,1,1,1,0,0,1,1,1,1,0.08566994,0.91433007,1,0.4302476,0.45626137,0.66653275,0.555332,0.6948851,0.45172065,0.5214273,0.61940986,0.61666995,0.63006485,1,1,1,0,1,1,1,1
noncovid_9,9.jpg,NonCOVID,0,test,/Users/samehissa/Downloads/COVID-CT-Dataset-master/Images-processed/CT_NonCOVID/9.jpg,/Users/samehissa/Downloads/COVID-CT-Dataset-master/Images-processed/CT_NonCOVID/9.jpg,original,,9.jpg,0,0,0,0,1,0,0,0,0,0.9379655,0.062034562,0,0.49225292,0.45560727,0.55814093,0.50077033,0.56014687,0.41260165,0.604986,0.5435102,0.5368916,0.46960944,1,1,1,0,1,1,1,0
