concept_score_bilateral_involvement,shannon_entropy,concept_score_multilobar_distribution,concept_score_crazy_paving_pattern,concept_score_absence_of_lobar_consolidation,concept_score_localized_or_diffuse_presentation,concept_score_ground_glass_appearance,med_task_prob_covid,coef_of_var,mean_abs_dev,entropy,med_neural_prob_covid,label
0.6616187,5.616774794978603,0.82091856,0.46377796,0.5503603,0.7245854,0.7449951,0.9999491,1.3858979787535934,0.3286230652994106,3.893251613107583,0.46096155,1
0.6581097,5.589701673901015,0.80227554,0.4661141,0.5474149,0.70855975,0.72536993,0.99973375,1.4297935676624862,0.2947684210034822,3.874485955563695,0.45979664,1
0.6632518,5.59291365951586,0.82493323,0.46671897,0.55485904,0.73617953,0.74574596,0.99996376,1.4439963499303323,0.2755530760150577,3.876712334336623,0.4565551,1
0.6563231,5.683440696892982,0.8073859,0.46706787,0.5495526,0.7184491,0.72939765,0.99968183,1.4464933030344016,0.284491546693971,3.9394608950590193,0.45802835,1
0.65456134,5.471160476017635,0.8118608,0.46640068,0.5460903,0.716652,0.73397803,0.9999713,1.547859025909078,0.2671896304231325,3.7923194584706312,0.4609862,1
0.6539971,5.782904504409654,0.8155981,0.46306306,0.544837,0.71631753,0.74116135,0.99994266,1.338030648475696,0.2788932979608773,4.008403952806958,0.46400124,1
0.54569143,5.550216878044735,0.761154,0.3728298,0.56296194,0.67540514,0.6468391,0.9923504,1.4797180998903117,0.3769470919547757,3.847117180640928,0.46261108,1
0.5567258,5.466410291709841,0.7598568,0.39027572,0.5730763,0.6605169,0.62360543,0.9884404,1.535110353705751,0.3470020095919608,3.789026881610543,0.46008807,1
0.67808855,5.315649572724853,0.83889836,0.46360224,0.5584719,0.7409643,0.75805527,0.9999902,1.6652361059583096,0.2800948108688317,3.6845275143069074,0.45715037,1
0.6384353,5.697780417907852,0.7701236,0.46913907,0.5356087,0.6763526,0.69188565,0.99976224,1.344239893408581,0.4019904558158487,3.949400432250493,0.4643913,1
0.6448748,5.669320177745629,0.79415166,0.4677599,0.5400422,0.70047027,0.7177039,0.9996251,1.3968800699113593,0.3190400432740716,3.9296732970239896,0.462312,1
0.6449603,5.606461966339987,0.8001455,0.46762574,0.5466323,0.71646726,0.7246214,0.9998952,1.4505122673759578,0.3672551138495237,3.886103305013126,0.45870084,1
0.6663207,5.533133020968505,0.83131564,0.46149397,0.5514188,0.730515,0.7546644,0.9999429,1.5260465774973508,0.2331514559036804,3.8352755532754506,0.46149397,1
0.6161863,5.56321083527456,0.7664112,0.4619688,0.5316529,0.674381,0.6973689,0.9989041,1.44544687138126,0.3255837466615503,3.856123905459099,0.46834707,1
0.69376016,5.613173760986509,0.8568622,0.46251613,0.5658832,0.75619555,0.77588105,0.9999951,1.44442878600763,0.3076809199894796,3.890755566548863,0.45497862,1
0.70629644,5.616432944662131,0.8814602,0.45702833,0.57673603,0.7860093,0.80236924,0.9999982,1.4492817568404566,0.2719846057534596,3.893014660524547,0.45178124,1
0.6916254,5.657931478025356,0.86008906,0.4619458,0.56616116,0.76147234,0.7782897,0.9999964,1.377153919371502,0.3147726496072209,3.921779251922639,0.45432436,1
0.6312161,5.616927543315782,0.7792632,0.4653206,0.53468853,0.69015217,0.71337706,0.99964046,1.4358889524353784,0.2759752848439802,3.893357490186833,0.46581215,1
0.6532716,5.363438714853675,0.80071145,0.46814883,0.5461478,0.7093929,0.72325593,0.99992275,1.6307895060583453,0.2818111527816,3.7176524234348793,0.45949757,1
0.6248575,5.700994097328181,0.7822517,0.45134598,0.53529346,0.6752657,0.69414705,0.9968453,1.3586107104015217,0.3396492286888133,3.9516279850799183,0.46675247,1
0.5716505,5.540618478906021,0.7651532,0.39756444,0.5378777,0.69247186,0.66377544,0.99345714,1.5072168088790032,0.3203757143965049,3.840464077340042,0.4608953,1
0.61993355,5.390487149568579,0.78148144,0.44619855,0.5343543,0.68025213,0.68486965,0.9990018,1.604993092932282,0.2775583239945263,3.736400969696076,0.4698796,1
0.61071175,5.233402267907577,0.75225997,0.46783495,0.52761006,0.6737259,0.6941767,0.998814,1.7757381038494102,0.1984332575516418,3.62751802686416,0.4695875,1
0.6199555,5.679980285227087,0.727722,0.4768209,0.5296775,0.6573162,0.6568775,0.9950831,1.4053371145034892,0.2128233568155337,3.937062320469228,0.46878943,1
0.61319184,5.610096501114839,0.78482056,0.43271065,0.5219604,0.69133127,0.70771474,0.99660206,1.4720743543697832,0.2058174359790427,3.888622572544965,0.45995966,1
0.6027002,5.567654163230383,0.7302838,0.47323376,0.52076626,0.6521306,0.6718804,0.99843174,1.4799495761569077,0.2911179169462201,3.859203785703981,0.46908712,1
0.5847021,5.560411041636629,0.71277887,0.47669697,0.51600266,0.64669013,0.6637396,0.9908194,1.4802272555769704,0.2909136132471985,3.854183236392817,0.467518,1
0.65207314,5.396130319829876,0.8617059,0.44952932,0.5415766,0.75905246,0.800655,0.99999547,1.626505211448815,0.2850249010450625,3.740312517252113,0.44952932,1
0.60543674,5.754909261860124,0.74297905,0.46914724,0.5269488,0.6699708,0.6807063,0.99624854,1.322311312739022,0.2587318607492079,3.98899912936466,0.468839,1
0.6162435,5.590512535623571,0.784972,0.46405068,0.5300498,0.6964431,0.72710204,0.99986696,1.4155507538131291,0.2541948071675506,3.875048002080507,0.46878245,1
0.63966715,5.602426272870921,0.80855393,0.4620681,0.53970045,0.7120614,0.742067,0.9999198,1.445489447016186,0.2443874431642143,3.88330597546344,0.46786845,1
0.63746315,5.467459645718906,0.7892663,0.4660064,0.5378337,0.6969503,0.7207004,0.99975806,1.539771184576211,0.2157189579023679,3.789754238383336,0.4655126,1
0.61907196,5.472158083217433,0.780831,0.46222234,0.5311525,0.6832382,0.71422964,0.99965906,1.5773627683807787,0.2902633259451477,3.7930109470884776,0.46966407,1
0.6497972,5.620062958853088,0.7818583,0.46961915,0.5420705,0.69151235,0.7053511,0.9996859,1.414936404848352,0.2565359067464214,3.8955307946264015,0.45986545,1
0.647218,5.682756209317976,0.7981237,0.46689764,0.5399262,0.70080644,0.7233241,0.99990666,1.3680155174431214,0.3557052067903896,3.938986444426277,0.46386346,1
0.667745,5.468663439926571,0.82455266,0.4664683,0.5496034,0.72514665,0.7431591,0.99997044,1.5551363304067154,0.2932313017936394,3.7905886449443535,0.45928594,1
0.6348376,5.581307709301317,0.794656,0.46413484,0.5359528,0.69940794,0.726729,0.9998746,1.4707223497773865,0.3100373431148,3.868667702667693,0.46756855,1
0.6602579,5.758823358424879,0.82068926,0.46550187,0.5513473,0.72821456,0.74386877,0.99997413,1.3426591325079755,0.3182299942793634,3.9917121743629593,0.45938858,1
0.68741244,5.683263571719779,0.8429291,0.45493862,0.5630272,0.73286164,0.7463972,0.9997433,1.3288209227213847,0.3865782063562619,3.939338121244608,0.4534067,1
0.6455925,5.473256329502464,0.7990029,0.46504024,0.54264253,0.70657593,0.7269193,0.9996088,1.5476152695916456,0.4729035522053664,3.793772193404506,0.46319634,1
0.69096476,5.598723980494103,0.8660895,0.45807022,0.56845814,0.76994336,0.7889014,0.9999949,1.474644658052339,0.4180427284853749,3.880739741940841,0.45604002,1
0.6058476,5.452626821798891,0.810859,0.41581342,0.5514079,0.69356036,0.69067997,0.99271375,1.5792487375857256,0.4467714235943276,3.7794729083034353,0.45478296,1
0.6235363,5.642969448366419,0.7697598,0.46648648,0.53081894,0.68074936,0.7050437,0.99894696,1.4219851538044588,0.3543543570317382,3.911408363249091,0.46918106,1
0.6483901,5.767105392404995,0.80856156,0.4631614,0.5435407,0.712741,0.7367068,0.99982053,1.3530573172723168,0.4433479237891333,3.997452842865577,0.4643489,1
0.6658745,5.630338537203881,0.8250629,0.4638077,0.5531423,0.7299766,0.74685466,0.999915,1.438101080318496,0.3800321792258216,3.9026532827888767,0.4590259,1
0.6749332,5.785159153961045,0.814262,0.46484873,0.55541813,0.72054595,0.7327494,0.99988306,1.297938801064573,0.4678016112648038,4.009966756786655,0.45561096,1
0.5988582,5.759185432997817,0.7459387,0.45334074,0.5241843,0.6582894,0.66303664,0.99131376,1.2920497425231725,0.4103801260688016,3.991963145332344,0.4665082,1
0.61832064,5.62044603325064,0.763084,0.46810332,0.5335414,0.6900826,0.69325036,0.99843055,1.4322300231075336,0.2810813888391976,3.895796321565009,0.46645862,1
0.6420958,5.518785997305713,0.7974563,0.46466312,0.54033214,0.70381325,0.72801524,0.99987257,1.5428922326278995,0.3424905730744285,3.825330954274158,0.46506396,1
0.5756663,5.581233022676045,0.6922996,0.46016872,0.51412433,0.62352884,0.62981546,0.98287535,1.5007443526831512,0.4109076009410728,3.868615933843961,0.46172908,1
0.6857424,5.670585605149235,0.8622639,0.45741755,0.5620442,0.760064,0.7864764,0.9999951,1.4036032161233687,0.2923548324996261,3.930550424461003,0.45741755,1
0.68377733,5.654298483152846,0.86814624,0.45561498,0.5635047,0.7680461,0.7947489,0.9999881,1.4229995160039268,0.3986705725404249,3.9192610517697695,0.45561498,1
0.6827182,5.537938278074018,0.8798081,0.45100838,0.56064487,0.77825195,0.8123978,0.9999987,1.4752016525384974,0.3721405910434896,3.8386063036900016,0.45100838,1
0.6157408,5.507540011547487,0.77407235,0.44888362,0.52441424,0.6969491,0.70654273,0.9978619,1.4991933680457432,0.3207148488788789,3.817535830953228,0.4632891,1
0.6680488,5.582804863533389,0.8415097,0.45940542,0.553433,0.74032724,0.7674103,0.99996233,1.4697940194584755,0.3827817710047156,3.869705450902519,0.45940542,1
0.6633362,5.681924962805552,0.82919765,0.4591427,0.55162334,0.7226473,0.74670595,0.99968743,1.3384803268570171,0.3570366516169088,3.93841026824984,0.46116966,1
0.6638016,5.670150434157156,0.8485088,0.45640653,0.55522233,0.7532393,0.7802145,0.9999807,1.395241479557159,0.3688796513297347,3.9302487869147806,0.45640653,1
0.6658757,5.739691914511146,0.83582157,0.459783,0.55554026,0.74102885,0.76201326,0.99991655,1.3211762772078948,0.3380469311634897,3.978451267954114,0.459783,1
0.54616064,5.698598405397899,0.7956115,0.38561866,0.56286824,0.69241047,0.680751,0.9892322,1.3560574357094088,0.2263083545167319,3.949967417972953,0.45662785,1
0.6179455,5.692813065644769,0.80946267,0.46352693,0.5279006,0.7142919,0.7504936,0.9999734,1.352239563861649,0.3480975682871303,3.9459573260344896,0.46352693,1
0.576525,5.6480465949724366,0.6941579,0.46779937,0.5148712,0.6313673,0.6304761,0.9883327,1.3908985339187088,0.2279640894357726,3.9149275731043423,0.46279642,1
0.618291,5.293638490654294,0.76147854,0.46639794,0.52830076,0.67613316,0.7003369,0.99843806,1.7641999415759668,0.292745851851123,3.669270594828628,0.47094575,1
0.5923102,5.760228190024694,0.7045299,0.47737804,0.516658,0.6366113,0.6490025,0.9968335,1.3399343796032397,0.3465043481106136,3.992685929425533,0.4659702,1
0.61115533,5.381857885694182,0.7549408,0.45894098,0.53019285,0.6556023,0.66796875,0.9983942,1.6462145901488003,0.3694785276450147,3.730419619771229,0.4674388,1
0.62644315,5.750404903243307,0.7911537,0.4527997,0.54295444,0.67616236,0.70098937,0.99752337,1.3423036409399232,0.28994674459409,3.985876945889181,0.46806216,1
0.6583039,5.437304562678055,0.82832116,0.46113467,0.5480392,0.7281493,0.7554574,0.9999782,1.5870015485901936,0.2771871778421086,3.76885232759402,0.46123558,1
0.6895074,5.708752436932944,0.8567955,0.45833698,0.565013,0.75719315,0.7786506,0.99998677,1.385933030724211,0.3154583437599285,3.9570056563027856,0.45717624,1
0.6715789,5.6297953248115,0.86738807,0.45068857,0.5557004,0.76625705,0.80066186,0.9999832,1.386482723296706,0.2387644066066059,3.902276756650653,0.45068857,1
0.6590438,5.692390257573641,0.8280694,0.45066005,0.55004907,0.71705115,0.7299633,0.99989843,1.40261325196256,0.3337525136425938,3.945664257812069,0.45886073,1
0.67524624,5.431781018017084,0.8369801,0.45769638,0.5577326,0.73412085,0.7538143,0.99992716,1.6101187485543476,0.2497244580925297,3.76502369818557,0.45814684,1
0.6503766,5.702091910259593,0.7886488,0.46920383,0.5409202,0.693688,0.7105615,0.99957806,1.3660414675181949,0.3450891785505519,3.952388931018109,0.46109098,1
0.64697105,5.847292099484623,0.80496067,0.46166205,0.5424325,0.7129311,0.736806,0.9998858,1.2981853503628729,0.4357008142244467,4.053034032796209,0.46362525,1
0.67161435,5.591942881338625,0.82570565,0.46480092,0.55285573,0.72598094,0.7454052,0.9999789,1.4805237918256546,0.3379438709292799,3.876039442180124,0.45908955,1
0.7092697,5.578994742840317,0.89626646,0.45037615,0.57586205,0.7956188,0.8240081,0.9999987,1.4746723419883132,0.2457168974847263,3.8670644764865214,0.45037615,1
0.67383325,5.590856443671619,0.8323032,0.4634986,0.5560936,0.735152,0.7531077,0.99997044,1.4936445104322529,0.3414468511764426,3.875286380974385,0.45825705,1
0.61885715,5.58351504512412,0.78148466,0.46098158,0.5404136,0.6646963,0.6890684,0.998694,1.480365489225094,0.2441074289289417,3.870197711269818,0.46946692,1
0.6683091,5.460856136845818,0.8254596,0.4630055,0.55343276,0.7287563,0.7491624,0.9999622,1.5932437269407238,0.258535789977941,3.785177034826152,0.45986354,1
0.6249005,5.363548268343188,0.785576,0.45259023,0.53014857,0.70001835,0.71602607,0.99925727,1.6688635414379092,0.2548973420083484,3.717728360127256,0.4653977,1
0.60174626,5.645510196704475,0.7405685,0.46099895,0.51937616,0.66038734,0.67631423,0.99696666,1.3782975624766094,0.3139165704083098,3.913169475796128,0.46903488,1
0.67769694,5.613099750871697,0.8123788,0.46647632,0.5553339,0.7173873,0.7282449,0.99992955,1.4682343335981678,0.3117595623189118,3.890704266646448,0.45471832,1
0.67053014,5.393181380971598,0.8720538,0.451057,0.55199957,0.76834965,0.805396,0.99999845,1.629887562649354,0.3961954573037474,3.7382684685968535,0.451057,1
0.65874153,5.553900845038868,0.8092999,0.4656461,0.5470838,0.7126865,0.7326327,0.9999386,1.4678502909305884,0.3245041852701433,3.849670711976187,0.46110243,1
0.60834575,5.664512353251794,0.7724597,0.46161947,0.5240584,0.6886113,0.7228531,0.9994825,1.394490828209505,0.278716915654968,3.926340767031461,0.46632206,1
0.68586355,5.5670070072091855,0.85340667,0.4594885,0.56275624,0.7529523,0.7753894,0.9999852,1.4716502159108151,0.3525460517121246,3.8587552113325048,0.45813683,1
0.63619524,5.355543148438771,0.8164933,0.43724945,0.5483973,0.71734256,0.72610927,0.99951005,1.6372926177788203,0.3511284532614809,3.712179633835465,0.46312457,1
0.67439,5.6052165734844905,0.8177795,0.46765593,0.5521897,0.71887636,0.73450226,0.9999585,1.4366369555631435,0.3425815758646422,3.8852400644666494,0.457362,1
0.66340864,5.716300243248432,0.84615874,0.45851055,0.54915273,0.74588674,0.77269304,0.999974,1.3660382843667311,0.2679547736956351,3.962237396969778,0.45851055,1
0.7053216,5.691911661664475,0.8569766,0.4631135,0.56762767,0.75378555,0.7694488,0.99999106,1.3252250058023471,0.3738613354236122,3.945332520407003,0.45258105,1
0.6421,5.576817561747115,0.75373816,0.4743137,0.5340591,0.6660738,0.675815,0.99951947,1.452271621586772,0.3498678385924449,3.865555369550199,0.4659409,1
0.67592674,5.678844291698951,0.8285671,0.4534909,0.5518374,0.72983116,0.73412764,0.9999455,1.4267763744989133,0.2435858380159175,3.936274909758066,0.45724753,1
0.6187187,5.319915020965139,0.7506508,0.4697991,0.5280428,0.66733915,0.6876824,0.99862814,1.7073393702805764,0.2106117162569347,3.687484097728488,0.47128445,1
0.6466217,5.589427172454135,0.8050063,0.46638513,0.54505825,0.7154536,0.7316655,0.99990094,1.475408301452158,0.2944239687858498,3.8742956856597286,0.46161145,1
0.50561094,5.666987438326877,0.6720166,0.39125484,0.53559715,0.6118019,0.5852406,0.8497774,1.3389823145073552,0.2663119682729302,3.9280563652729,0.45588607,1
0.617954,5.577199859974892,0.76093715,0.45144343,0.5244157,0.68172365,0.69062495,0.9943335,1.4341908417965858,0.2660488866422383,3.865820358488916,0.46544898,1
0.6091188,5.704650363963934,0.76954424,0.44075593,0.52734774,0.6868079,0.67630804,0.99757344,1.3284020785658568,0.346940826691025,3.954162315989865,0.4649442,1
0.6200771,5.588617861680127,0.72931653,0.4749662,0.5279958,0.6537073,0.6614843,0.9967759,1.4865917347175084,0.3163924285267967,3.8737347141785294,0.4689709,1
0.6846052,5.624460802335143,0.8852718,0.45260292,0.56699175,0.7908489,0.81557786,0.99999917,1.4519301250936978,0.4199378812506893,3.89857914743653,0.45260292,1
0.6520289,5.47799967923582,0.8397936,0.45533004,0.54662246,0.74173844,0.7748882,0.9999887,1.5551824755230217,0.3299270292311149,3.797060032898593,0.45533004,1
0.6513339,5.599273205208322,0.8159203,0.4624551,0.54375017,0.716828,0.7431998,0.99991703,1.4530252868525542,0.3314711750556398,3.881120435502996,0.46485412,1
0.62860423,5.490110415002892,0.8017969,0.45957127,0.5364203,0.703407,0.729987,0.99955887,1.5420004020471014,0.2496516788993403,3.805454555250044,0.46813947,1
0.70159465,5.720093406598883,0.8932793,0.45236453,0.57597333,0.79791164,0.8209842,0.99999833,1.3844511296718065,0.2864635757578071,3.964866617451549,0.45236453,1
0.63878256,5.566866119817513,0.8199494,0.46348107,0.5439136,0.730606,0.7503513,0.9999647,1.4829382706575895,0.3203740410722275,3.858657555634191,0.46337095,1
0.6332739,5.685621522963106,0.7720409,0.45792574,0.5277946,0.68656737,0.68675077,0.99840134,1.3809072056401452,0.4970266853204919,3.940972528500817,0.47216478,1
0.6483459,5.64098650597302,0.8050982,0.4641407,0.5438549,0.71074814,0.73245955,0.9998361,1.4193916737359786,0.4152228083444242,3.910033892319895,0.4633602,1
0.6565686,5.380461226785799,0.7927677,0.4706154,0.5470789,0.7042835,0.7110911,0.99967504,1.6415265524423908,0.4779926901194358,3.72945152958668,0.45646048,1
0.66201675,5.523740340290055,0.81346935,0.4664561,0.54987895,0.71905917,0.7343658,0.99992836,1.509869862590581,0.5623676984396297,3.828765043145282,0.4589367,1
0.65099233,5.454107101186335,0.77588457,0.47240368,0.5429567,0.69011515,0.69545066,0.9993074,1.5715799669002084,0.5247891332918471,3.780498959787282,0.4570433,1
0.60764855,5.580490291470699,0.73636407,0.471924,0.5222615,0.65547675,0.6775675,0.99851614,1.4346281667684415,0.246624590659394,3.868101111803063,0.47003534,1
0.63381773,5.598301274050459,0.779816,0.4674367,0.5360388,0.6901893,0.70997626,0.999553,1.4417909084169742,0.2501027365394748,3.880446744161224,0.46453056,1
0.67912525,5.576158075119888,0.8365571,0.46123123,0.5589428,0.7389809,0.75775856,0.99998724,1.5105264592746064,0.3714482637305991,3.8650982482539193,0.457441,1
0.6334645,5.672471239158195,0.77399266,0.46781343,0.5349573,0.6844443,0.7044907,0.99926335,1.3811227086257276,0.3628446788486599,3.931857446357881,0.4650427,1
0.6510648,5.555760888520534,0.7964261,0.4658262,0.5442807,0.7042025,0.7226469,0.9998161,1.4456462443264646,0.3204219739350264,3.850959995871225,0.46135187,1
0.6429606,5.743089769055333,0.8052239,0.4629725,0.5410738,0.7097439,0.73613906,0.9997782,1.3480350856168315,0.412643613722139,3.980806481251369,0.46602818,1
0.60231453,5.633448682101883,0.7394181,0.4695605,0.5204366,0.66023594,0.68668264,0.9988055,1.4139049021858223,0.2874161078948987,3.904809070956058,0.46952623,1
0.67182666,5.501917974528846,0.8413015,0.46076944,0.5553944,0.7414121,0.7663952,0.9999577,1.510494160703607,0.2965963619473939,3.813638931844753,0.46076944,1
0.588343,5.548149170953141,0.7470412,0.4383107,0.5149755,0.6806579,0.67057216,0.9899149,1.476206691089449,0.3815482920642807,3.845683955300166,0.46384314,1
0.6366147,5.71783249699376,0.7815454,0.46966398,0.54025316,0.69581723,0.71307474,0.9993954,1.313415208097,0.38538785730384,3.963299474333256,0.46172765,1
0.681676,5.702961110396583,0.8518526,0.45975092,0.5596543,0.75004673,0.7743462,0.99996006,1.3604763591028928,0.3431317588519391,3.952991414642404,0.45904204,1
0.6716703,5.740319804834207,0.80821216,0.46258086,0.55129427,0.72034657,0.7181587,0.99949276,1.3218641116536087,0.3916019313699053,3.978886488361245,0.45427576,1
0.5682683,5.632303785639765,0.7443237,0.42811522,0.5350194,0.6455473,0.64724576,0.9727684,1.4514029124322607,0.505244686954029,3.9040154892013086,0.45185712,1
0.60808176,5.632960337503048,0.73239535,0.4707074,0.5227048,0.6547933,0.6748859,0.99883646,1.414584610108078,0.3096786367023014,3.904470576274236,0.46906844,1
0.65275776,5.836330500239969,0.80131066,0.46602726,0.54595464,0.7095119,0.7263777,0.9997873,1.2619640842903128,0.2831972788485473,4.045436031185347,0.46074313,1
0.6247662,5.626596344618802,0.7586649,0.4698241,0.53122944,0.67376745,0.6925456,0.99947804,1.4279537153572608,0.320397162157974,3.900059392549415,0.46877056,1
0.57904655,5.621624217413634,0.824305,0.3807574,0.5940767,0.6911599,0.67528665,0.9955514,1.4240507762293515,0.3271871442887004,3.896612976595769,0.4587103,1
0.5941269,5.575106229940538,0.709601,0.4767028,0.51583165,0.6359447,0.6563129,0.99676275,1.4791973474059414,0.321929824394374,3.8643691647334686,0.46642873,1
0.6635712,5.718543849970571,0.81703734,0.4636944,0.5515031,0.7221547,0.7398525,0.9997979,1.3495046229424137,0.3318428941229285,3.963792546643514,0.4594532,1
0.6658028,5.621442237446248,0.786525,0.46936235,0.5484305,0.69640714,0.70388836,0.99949193,1.4341044987616005,0.3808402061140441,3.896486837694456,0.4553877,1
0.64148784,5.683933366846107,0.80437243,0.4510066,0.5399373,0.70112807,0.71841526,0.9996847,1.397681343481751,0.2783556845229213,3.9398023878479744,0.46433926,1
0.68669367,5.846941767184914,0.85909814,0.45888114,0.5625509,0.75740385,0.78202,0.9999962,1.2669194337717655,0.3170788272191203,4.052791200950407,0.45826155,1
0.6689045,5.6980239884425865,0.8264311,0.4647843,0.55348843,0.7296188,0.74715525,0.99994326,1.3543779246180407,0.3373945967034615,3.949569262479912,0.45876652,1
0.6720221,5.614512014039477,0.8194478,0.46611705,0.55321795,0.7219389,0.7373901,0.99993443,1.44862191750875,0.2583100824123221,3.891683172879404,0.45740667,1
0.6680268,5.585584142458938,0.83101946,0.46186367,0.5554034,0.73616993,0.7539419,0.9999529,1.4711261663410724,0.3928534039196165,3.871631900253752,0.45897284,1
0.6687365,5.546766892407307,0.8329157,0.46120876,0.5532659,0.7328972,0.75621563,0.9999474,1.4586169485512317,0.4347708702675845,3.844725832823373,0.46114203,1
0.64801663,5.64624569452787,0.86211216,0.44287467,0.5447962,0.7536858,0.7942426,0.99991167,1.4309111551777354,0.3794243938611998,3.9136792840387216,0.44287467,1
0.6514495,5.68951962380061,0.8443523,0.4227013,0.56434286,0.7375157,0.7370236,0.999764,1.4359185688571567,0.3985607923768839,3.943674486105872,0.4581445,1
0.68338233,5.710768703420049,0.8682953,0.4541021,0.56265306,0.76768935,0.7968945,0.9999672,1.379729103365858,0.3208104427506555,3.958403225733581,0.4541021,1
0.68256694,5.662400512476589,0.8412645,0.46000263,0.56051,0.74416435,0.7629589,0.9999391,1.4030857991190646,0.4523097415845427,3.924876950552336,0.45662954,1
0.67969686,5.663880290647875,0.8647703,0.454126,0.560716,0.7639287,0.7934973,0.99998534,1.402926881876419,0.3480885132603362,3.925902654619617,0.454126,1
0.6509508,5.63186242320179,0.7895166,0.46444374,0.5434445,0.7005275,0.715855,0.99938667,1.4198366244500824,0.5520201953659125,3.90370956007182,0.45956257,1
0.69954336,5.686735389111147,0.8929441,0.44921198,0.57361597,0.7963523,0.8249586,0.999998,1.4179486217015445,0.424270201876368,3.9417446016808544,0.44811133,1
0.73449665,5.684809429172631,0.89499056,0.4539622,0.5878522,0.79653686,0.8129722,0.9999939,1.4057664528517355,0.441101899595651,3.9404096279796,0.44695744,1
0.5007331,5.694238540045536,0.7248949,0.29470536,0.5851491,0.7045626,0.60565126,0.80085266,1.390026745965447,0.3985973697908775,3.946945389596341,0.45503744,1
0.50704557,5.684470188227475,0.7165553,0.3566406,0.5641029,0.63905895,0.6059522,0.90800196,1.3601057739486833,0.3003575914360112,3.940174484074936,0.45832947,1
0.682034,5.647092562192995,0.8596488,0.4473198,0.55654687,0.7618314,0.77510804,0.9998956,1.404894546856294,0.3613079404015025,3.914266287973112,0.4473198,1
0.56421494,5.571146887033355,0.7308417,0.42163056,0.5495572,0.6299167,0.63889664,0.9586741,1.4634265798000277,0.2919702169194806,3.861624757360485,0.44956902,1
0.5129059,5.735001856118362,0.704479,0.34196982,0.5432544,0.6549634,0.59734935,0.974342,1.3299938358848953,0.2520604142370075,3.975200367202495,0.45836997,1
0.6235495,5.67072146020825,0.77020305,0.46744776,0.533759,0.6877757,0.70711255,0.99939406,1.3907800492218598,0.3272383688663467,3.9306445920121234,0.466241,1
0.61684376,5.630348854541069,0.75632834,0.46805766,0.52745384,0.6710055,0.69453466,0.9995103,1.4084912730953696,0.2809403251053481,3.9026604342220574,0.47169262,1
0.6693212,5.642487272361162,0.8345902,0.4632302,0.5572863,0.7421712,0.756504,0.9999311,1.417553282153942,0.306027456860761,3.911074144310514,0.457496,1
0.6574612,5.635861444146133,0.8263827,0.4640104,0.5534721,0.7381227,0.7508611,0.99992573,1.4208200902598254,0.3491871780213387,3.906481470164393,0.45875266,1
0.66437346,5.629391261128326,0.8486819,0.4597367,0.5564746,0.75480026,0.77661556,0.9999949,1.4458204095476206,0.3172446352400584,3.901996681047892,0.4597367,1
0.5246733,5.716068139507918,0.68155265,0.41243017,0.5360006,0.6013111,0.5887249,0.63130575,1.3405740416067575,0.3136032236895971,3.9620765149164447,0.45517012,1
0.63798547,5.711440070933967,0.7907681,0.46477574,0.5381787,0.69879985,0.7225291,0.9997683,1.3458371207456392,0.2675676553667472,3.9588685822329728,0.465202,1
0.59672606,5.623832291044627,0.73000413,0.47147587,0.5182598,0.6545763,0.68016326,0.99852234,1.4168330888120697,0.2607702242712548,3.89814349660756,0.46790546,1
0.6580013,5.86381054109917,0.8265005,0.46156678,0.54866076,0.72811466,0.75464064,0.9999515,1.2456937078003358,0.3443850004238129,4.064483744028576,0.46201712,1
0.6290831,5.826616235477644,0.7803126,0.46651718,0.53342813,0.6889078,0.7142801,0.999818,1.270459490820646,0.2674561441349397,4.038702615954131,0.46724197,1
0.59968936,5.651536248504501,0.70748484,0.47784635,0.52360207,0.6485893,0.64520615,0.9961414,1.4046772523558868,0.4511928008797667,3.917346416611224,0.46661943,1
0.61767834,5.81142110636085,0.73065794,0.47576562,0.52941686,0.66032046,0.6615967,0.99756324,1.324299901205918,0.4563715387137108,4.02817015504858,0.46928886,1
0.61950034,5.571208592208586,0.77966815,0.46474046,0.5312893,0.692077,0.71966857,0.9998803,1.4711289294203815,0.2699843529699137,3.861667528128722,0.4695073,1
0.67078584,5.569314373931276,0.84623104,0.4604826,0.5576791,0.7500087,0.77233946,0.99999094,1.4546398657212276,0.2672639682496083,3.86035455607044,0.4604826,1
0.6464599,5.503227830928465,0.80291027,0.46694994,0.5452347,0.7144732,0.7288763,0.9998909,1.5127361002513846,0.2758310111090623,3.814546855115087,0.4608698,1
0.6647053,5.5924359543978746,0.82511145,0.4627212,0.5531061,0.7301272,0.7488609,0.9998753,1.4583098151505862,0.2198045614597958,3.876381214380953,0.45976081,1
0.63424885,5.421459764973961,0.80195946,0.46270335,0.53840715,0.7095875,0.7373934,0.9998661,1.6048449518039156,0.2203789076299926,3.757869550738883,0.46744958,1
0.62934774,5.511678978271242,0.7856485,0.46602136,0.53563434,0.6965207,0.717828,0.99970144,1.5387742034694627,0.2311400395838063,3.8204047440682296,0.46586627,1
0.59762454,5.614277444794007,0.7324088,0.46952438,0.51853555,0.65651816,0.68277025,0.9964038,1.4075618034742574,0.2378618882655701,3.8915205818682583,0.46751884,1
0.6247023,5.694068259683602,0.77537054,0.46555462,0.5316825,0.68588185,0.7118523,0.9994199,1.385423592014797,0.3633755298365031,3.946827360243563,0.4683175,1
0.6359909,5.6883048777907055,0.7981325,0.46394357,0.54153836,0.71129435,0.7308929,0.9993332,1.360047234270671,0.2729091045712266,3.942832488334012,0.46435332,1
0.599048,5.460241493122302,0.73151743,0.46173224,0.5173393,0.6598099,0.6751325,0.9931443,1.5314391353266807,0.3150459990574745,3.7847509962621495,0.46497864,1
0.6583552,5.450051353831001,0.82927144,0.45979014,0.5495442,0.7326802,0.758342,0.99991345,1.551232621748138,0.29743674175905,3.7776877299428713,0.4598583,1
0.63015205,5.488467143464453,0.78683925,0.4666919,0.5368212,0.6995114,0.7190723,0.9998491,1.5153312624930395,0.3284659666617244,3.80431552621628,0.46513456,1
0.5306608,5.311579495181746,0.6752435,0.41371557,0.5246663,0.62695694,0.5960723,0.8975424,1.6562846547923604,0.356137254281748,3.681706351533242,0.45714834,1
0.580836,5.405854236030473,0.6823459,0.46901923,0.5111221,0.6171598,0.6236523,0.98279107,1.6486802635225546,0.3397101876166744,3.7470526223505582,0.46157283,1
0.6147877,5.501860347291628,0.7498485,0.46152788,0.52478987,0.67206424,0.68375605,0.993028,1.567676435651488,0.1981721147349162,3.8135989876877527,0.46839908,1
0.5389627,5.543358571704887,0.7539803,0.37117434,0.5582682,0.67283785,0.63225406,0.9748507,1.5045481215718115,0.2369523784605576,3.842363364938047,0.46103728,1
0.6802131,5.606700536442087,0.80629903,0.46814448,0.55551994,0.7135352,0.7197996,0.9997985,1.4485350828598909,0.4068079886592386,3.886268669206764,0.45289877,1
0.6117821,5.651098463090559,0.726592,0.47071,0.52395195,0.651535,0.6660244,0.99653184,1.4150750381520587,0.2317626308727085,3.9170429668858606,0.46728703,1
0.6436326,5.42290641774425,0.8140029,0.4627022,0.54402167,0.7213362,0.742912,0.99989796,1.599206087542545,0.3401539296094142,3.758872294027859,0.46439034,1
0.60326993,5.440171448988677,0.7607005,0.45266283,0.52457696,0.6716129,0.6839823,0.99087286,1.6287790898876195,0.2332013555622154,3.7708395017572127,0.46950677,1
0.6158726,5.5517580381515,0.74323744,0.46234998,0.52345914,0.6662304,0.67297846,0.99679035,1.5691882137860758,0.1762537321905029,3.848185431423725,0.46884707,1
0.6474011,5.602556624787076,0.7922646,0.46703205,0.54154474,0.6987163,0.71789354,0.999752,1.4296775963747632,0.3040968787593101,3.883396328526605,0.4623563,1
0.6132347,5.488223591040443,0.7256634,0.47587442,0.5268073,0.6549975,0.6590053,0.9969658,1.5489440744652263,0.2911514439865641,3.804146708540261,0.4685931,1
0.6170797,5.595612708269211,0.7525632,0.47308174,0.53069335,0.6765024,0.6841868,0.9993838,1.4353818964148646,0.2683187104790931,3.878583172370204,0.46930665,1
0.62138355,5.673719952323826,0.7440245,0.46786845,0.52722,0.6641864,0.6736884,0.99686795,1.3797635620540565,0.2774214811988713,3.932722988367965,0.47020864,1
0.54166454,5.643041894801247,0.7715648,0.37118348,0.55614126,0.68736994,0.64276856,0.9889437,1.3997988870194988,0.3160533422736193,3.911458579291134,0.45833546,1
0.6232263,5.707337473127859,0.75120807,0.46917915,0.5299485,0.6690911,0.68655527,0.9992955,1.401443339850191,0.3154997450765222,3.956024878130698,0.47005153,1
0.6250613,5.764240487226919,0.7364853,0.47002053,0.5269617,0.65768975,0.66249573,0.99799806,1.3005410618754931,0.2819671273973654,3.995467041918823,0.46905175,1
0.6229727,5.562696758235763,0.7580321,0.47186163,0.5311744,0.676056,0.6889382,0.99951506,1.4798589897364602,0.2653035249594495,3.855767574409065,0.46882558,1
0.60309434,5.61052905129776,0.73244274,0.45722458,0.5188923,0.65549034,0.6557402,0.99304235,1.434561131228535,0.3700774510783731,3.888922393484707,0.46659052,1
0.7055388,5.700426793507222,0.90325135,0.44854298,0.57792574,0.807568,0.83584183,0.9999999,1.3730498306856571,0.3467060063483131,3.951234760035901,0.44722724,1
0.5039443,5.788147308150609,0.65196735,0.37867442,0.5385076,0.638067,0.5911409,0.9008645,1.271217887584992,0.2902159254876437,4.01203798743823,0.45428458,1
0.6359677,5.667242005952585,0.7907217,0.46553695,0.5391384,0.70169723,0.7218549,0.9993849,1.3755483724335793,0.3152270757244082,3.928232818104922,0.46455133,1
0.49698296,5.502717518040801,0.7078136,0.19550936,0.85950625,0.70709926,0.44747195,6.48876e-06,1.544782161009185,0.2171041042266779,3.814193133175801,0.33444408,0
0.49148345,5.440154123139967,0.6094461,0.28968665,0.7143761,0.62715685,0.46359864,0.0021731323,1.601433840104648,0.2974111356786579,3.770827492394029,0.38715255,0
0.5319442,5.294187605820054,0.79046804,0.09921191,0.9519204,0.82406276,0.44425943,2.2742856e-09,1.7541917086397236,0.2329328842306495,3.669651212457577,0.26065445,0
0.51754546,5.549735078287819,0.77975035,0.10987844,0.94170874,0.8229599,0.42361924,1.895301e-07,1.468625400578628,0.2860322602980432,3.846783222497829,0.27493012,0
0.5228495,5.64431603149023,0.8108869,0.08314679,0.9614802,0.8384213,0.4589587,4.7363646e-10,1.426409818289386,0.2586214289949566,3.912341743544751,0.23655352,0
0.49482372,5.688057278524829,0.6533377,0.22331254,0.7983249,0.69508725,0.43231985,2.054596e-05,1.3671975729426082,0.3081943870490704,3.942660865600959,0.3532945,0
0.5464316,5.564341454007565,0.65766716,0.26190493,0.8181754,0.6754856,0.45446315,0.00020538882,1.5092515459478322,0.2203382193770267,3.85690759064617,0.37580338,0
0.5396551,5.466039960547722,0.7319112,0.15687515,0.9120584,0.7824361,0.43650618,1.0748073e-06,1.5198089593184323,0.241517154273879,3.7887701876096473,0.3169767,0
0.50420034,5.524979018303215,0.678922,0.2515056,0.81228447,0.6322795,0.487284,4.603946e-05,1.5222944807489314,0.2826550521708668,3.829623629317728,0.36772048,0
0.5067714,5.435617227320559,0.71871287,0.1844216,0.87240964,0.7056184,0.47016966,9.736494e-07,1.5952576099033535,0.2908398899820668,3.7676827558483112,0.31907538,0
0.5105938,5.5195987997332985,0.73812765,0.15591,0.90294254,0.7478463,0.45800424,3.260299e-07,1.4619475989801876,0.3309629036075421,3.825894345985193,0.30479172,0
0.49489403,5.418151636501001,0.6444723,0.28912514,0.7584538,0.61476755,0.4665014,0.0005815677,1.6000871730794488,0.3189166353815267,3.755576530814922,0.38523245,0
0.4936839,5.617935042981879,0.6513234,0.27741182,0.7694845,0.6113112,0.47710007,0.00014670967,1.4406728962281292,0.3251143941597547,3.8940558357398025,0.3886888,0
0.4914975,5.520496884386802,0.6339415,0.3069747,0.7385314,0.6013372,0.46185166,0.0009184639,1.5349665087981972,0.3160713336729372,3.826516850830673,0.3986628,0
0.49943438,5.635974083105301,0.64858705,0.2722787,0.77288646,0.6272557,0.46295533,0.00014801168,1.4299336074395088,0.3288763244163988,3.906559545541361,0.37274432,0
0.49035138,5.571966287184589,0.6415788,0.28678796,0.75355345,0.6178446,0.45789686,0.00042913892,1.4931561279227878,0.3268917381492429,3.862192722265063,0.38215542,0
0.5176769,5.511142427095219,0.71266997,0.19772844,0.8724284,0.7123817,0.45951223,4.533325e-06,1.5610393994793383,0.1949535778646236,3.820032835133345,0.3360078,0
0.49899417,5.316922751737256,0.70332336,0.19658236,0.8559897,0.7065058,0.44299278,4.1825137e-06,1.6843095766699314,0.2964121167424309,3.685410014749704,0.33677757,0
0.51620364,5.5560369162099725,0.67735,0.22703984,0.8323197,0.6883224,0.44440955,3.701398e-05,1.5254324187084547,0.3819024882018311,3.8511513236859134,0.35553688,0
0.51136446,5.773816717789196,0.5934392,0.3536824,0.6368285,0.5961548,0.5103339,0.07125086,1.2989651940268023,0.2936244627821907,4.0021047791334565,0.41935885,0
0.5255735,5.345039771899113,0.71637946,0.20163143,0.8713333,0.6913183,0.48010567,4.3743744e-06,1.6307340307263989,0.258893145677348,3.7048992480006415,0.3278921,0
0.51162905,5.642968343858355,0.6262736,0.27902502,0.7351877,0.67014724,0.45913622,0.0050730864,1.4649097246022011,0.3977996459907444,3.911407597662441,0.40103033,0
0.49655032,5.802570629976234,0.7347773,0.16735838,0.8944693,0.74025303,0.44447637,1.5697068e-06,1.3037600208300697,0.2870385129261876,4.02203547229597,0.32138807,0
0.5165625,5.525619294062602,0.71715724,0.19760032,0.86851954,0.6954103,0.4703995,1.33329e-06,1.4944229701591412,0.3941371648438689,3.830067434655125,0.32730877,0
0.5252546,5.550030661080829,0.75207144,0.13374315,0.91963875,0.7807626,0.44782025,2.204003e-08,1.4580611425009111,0.2358754906422291,3.8469881048774255,0.28822386,0
0.5129093,5.62072495450856,0.62811285,0.3086255,0.74735194,0.6122609,0.46141836,0.0013306937,1.4129807184589862,0.2479560829315232,3.895989655048535,0.3941247,0
0.5318645,5.807387873870486,0.7227566,0.16826499,0.8958522,0.75423473,0.4490381,8.2881246e-07,1.2788430776589703,0.3145185396030001,4.025374531319342,0.31539315,0
0.5021382,5.721900204248392,0.61511344,0.29018298,0.7239721,0.64954376,0.4565053,0.004983906,1.324147164873787,0.1627099991928275,3.9661189941481463,0.3998102,0
0.51449597,5.509043552213964,0.8223087,0.070785865,0.96574926,0.84847724,0.46407214,1.1604747e-10,1.5413048702541454,0.2976874134345166,3.818578005927055,0.2187863,0
0.50357294,5.529288692185856,0.74340147,0.1388338,0.9083602,0.7756676,0.437777,5.0164965e-07,1.5141791687495592,0.2036665450755208,3.832610867618612,0.2955605,0
0.5266646,5.475637011408002,0.674882,0.23616894,0.822722,0.6609079,0.47725794,1.5017872e-05,1.5525203689362066,0.2422171885161788,3.795422356355141,0.3473251,0
0.5124007,5.6411939690190165,0.74867195,0.14135487,0.9138161,0.7701956,0.45216838,1.2805599e-07,1.4129370482531305,0.2576910936081731,3.910177694745298,0.29328552,0
0.5110111,5.554468393739045,0.75095344,0.13376662,0.91730946,0.7845721,0.4448493,7.93866e-08,1.5175586130019454,0.2556592736709717,3.8500641067575456,0.2878397,0
0.5432007,5.63456451417046,0.8082926,0.0906309,0.9626639,0.8381479,0.46156663,4.7450904e-10,1.398493466998789,0.22379439469114,3.9055825068083703,0.24526513,0
0.518957,5.553523094274748,0.7717342,0.12045195,0.93385464,0.7891475,0.46254012,1.6507535e-08,1.4682712911992497,0.3043948202725914,3.849408875099083,0.272707,0
0.5344753,5.587696562196973,0.75646716,0.13808887,0.9266058,0.784949,0.45183298,1.14341894e-07,1.454276924676808,0.3385571005910606,3.873096118039329,0.2934577,0
0.5016282,5.434225470982439,0.68926775,0.23638949,0.82222974,0.6314905,0.49675158,6.029992e-06,1.610796795801543,0.275448149238116,3.766718063866516,0.36850947,0
0.5213305,5.496721528247937,0.69761044,0.21927252,0.8508861,0.6646184,0.4936802,1.8127062e-06,1.5223245549467617,0.3306112086802386,3.810037029756211,0.33567291,0
0.5060161,5.470262666997805,0.6940341,0.20968723,0.83982694,0.6709248,0.4814214,2.2601776e-06,1.531164361642583,0.2700015923287537,3.791697144679856,0.33479583,0
0.5054979,5.589856220805972,0.7407034,0.16465466,0.8947485,0.7259027,0.47228935,5.9639376e-07,1.502280827359138,0.2259967560239602,3.8745930793151295,0.30460522,0
0.52674663,5.456337977889084,0.7736058,0.11796399,0.93182963,0.7824907,0.47268435,4.860502e-09,1.6207562019695696,0.2472597662086855,3.782045285683971,0.26604086,0
0.52114874,5.657517441640785,0.62536746,0.29084435,0.73788553,0.6318003,0.5003754,0.0035740698,1.3702465776474375,0.3191486761990063,3.921492263770024,0.38447237,0
0.5163912,5.773162791698224,0.6673928,0.25805953,0.8120691,0.66789705,0.45353806,0.00043299867,1.3002302663452288,0.2840464695833162,4.001651512107205,0.3761769,0
0.5139979,5.67325904165585,0.6423797,0.25134525,0.7635996,0.65927505,0.5428618,0.0074549075,1.3436097281306385,0.3454013356324594,3.93240350943797,0.36659908,0
0.5195611,5.62841477470616,0.75039,0.1455863,0.91725934,0.7647524,0.45722738,6.977559e-08,1.401231012165504,0.2614877886743159,3.9013198322375127,0.2979036,0
0.5219202,5.2232406063020616,0.76055235,0.14328188,0.9201928,0.7548244,0.47580487,1.7553077e-07,1.7389818845762437,0.1531964139084038,3.620474499772493,0.2891263,0
0.5299785,5.520112396173055,0.866154,0.045434736,0.9840943,0.88697934,0.48609006,3.902983e-13,1.4865515309215305,0.2206694951636336,3.826250343909356,0.17577651,0
0.51230377,5.690579552527778,0.63501716,0.31308237,0.74813664,0.5964507,0.46758857,0.0014295302,1.3697726590387669,0.354813295633221,3.9444091727147033,0.4035493,0
0.5126648,5.450256462034727,0.72011495,0.1847235,0.8750341,0.70792,0.46785915,1.0754655e-06,1.531994522602519,0.3099521711382067,3.777829900115992,0.32065067,0
0.4860912,5.642108706674405,0.6852005,0.23596868,0.8186867,0.6598146,0.45902064,0.0003217867,1.4460324827733932,0.3093263746541197,3.9108117425720814,0.3607853,0
0.4864992,5.424670863874534,0.64884263,0.31248385,0.616928,0.6354591,0.55300415,0.28299028,1.6486294960292975,0.1975169247073154,3.760095314888316,0.41631243,0
0.5108002,5.562276546331962,0.63657284,0.31016484,0.75114536,0.60014385,0.46664098,0.0022841282,1.4529074209166577,0.2194450806141503,3.855476305712709,0.39985615,0
0.49436477,5.1838721203138025,0.65642625,0.27762848,0.7708457,0.6045617,0.4859789,0.000111038535,1.8031758413096424,0.1769680999634602,3.593186344706817,0.3954383,0
0.49971518,5.243163051955126,0.64235234,0.29868942,0.75309867,0.59291255,0.48450974,0.00036350518,1.722217420576491,0.1877546802935512,3.634283686806773,0.40708745,0
0.49111462,5.408028239607372,0.66326416,0.26259395,0.7824818,0.6170957,0.48687473,6.6050634e-05,1.6097764171415965,0.1695277940964246,3.7485595268004137,0.3829043,0
0.50108755,5.345558405625893,0.6430439,0.27589977,0.7537097,0.60794795,0.5093144,0.0017085699,1.665622164588955,0.1863446561592354,3.705258737506103,0.39205205,0
0.49434236,5.526515859182609,0.6671715,0.2626538,0.7944097,0.6247545,0.47735733,8.922477e-05,1.5120500863671889,0.3230714051373979,3.8306888862402495,0.3752455,0
0.5114364,5.248034676847728,0.6736399,0.2491045,0.81046814,0.64131796,0.47321755,1.8371009e-05,1.7516153060557391,0.2786341880059808,3.637660439865825,0.35868204,0
0.514114,5.386703056437355,0.6920525,0.22382231,0.84078443,0.6658074,0.48048848,3.4202205e-06,1.62791120055518,0.2144226315349442,3.733778036211192,0.34075904,0
0.5100718,5.52396549840474,0.57055813,0.40495685,0.6112328,0.5469063,0.47497794,0.07236518,1.537742401301919,0.3154499452767823,3.828921110857658,0.4530937,0
0.521926,5.55119515690534,0.6039982,0.35576257,0.67168117,0.58224845,0.47890493,0.037690144,1.48860891807394,0.2990160855624708,3.847795271874959,0.42096263,0
0.5165873,5.34659992027966,0.71044993,0.18054302,0.870152,0.72094095,0.4617074,4.994414e-07,1.7229075431902967,0.2915879409615627,3.705980660451874,0.3170324,0
0.5327912,5.24721189678986,0.6404538,0.28868765,0.7627144,0.6644629,0.44654277,0.0047595073,1.7673594027967996,0.3252997141737523,3.6370901321884936,0.39920098,0
0.481835,5.789327050310427,0.6868635,0.32453987,0.5973905,0.6470879,0.58727205,0.7379636,1.2814593911394272,0.2826901929693122,4.012855722390096,0.4416785,0
0.52484065,5.691325669320736,0.72417843,0.18452954,0.8926588,0.73404515,0.45414394,3.330348e-05,1.3580775931216154,0.2645569029125454,3.94492634146611,0.3340611,0
0.52334034,5.421891458605813,0.82265717,0.0645166,0.9688381,0.8699257,0.43757543,4.385351e-11,1.6039597451447678,0.3062635257933834,3.758168777962668,0.21690877,0
0.5185417,5.690973501007513,0.65669656,0.24147223,0.8046365,0.68814844,0.43874988,0.00032038472,1.387684362295086,0.266457475882305,3.94468223699272,0.36285642,0
0.5058582,5.834619921390061,0.68710446,0.23853551,0.83199453,0.65684426,0.46944252,1.9901137e-05,1.2805740982735287,0.2820471068635015,4.0442503482784105,0.35691652,0
0.52100265,5.669316629388311,0.689536,0.21086815,0.84599304,0.70692533,0.44538555,1.01224e-05,1.388576108866559,0.3289356270428243,3.929670837490119,0.34183836,0
0.5409115,5.695917715321755,0.7421171,0.1416864,0.91746616,0.77667415,0.46339,1.341744e-07,1.38440448345393,0.3413848448371936,3.948109305204719,0.2896443,0
0.548455,5.681975610790852,0.651475,0.27705655,0.7930981,0.66287714,0.46378672,0.004001861,1.380002936766006,0.3170927124465379,3.938445374758051,0.3847888,0
0.51675224,5.573904955863796,0.66932976,0.24942699,0.7989483,0.6844855,0.45792654,0.002555894,1.4490979833531463,0.308074926831523,3.863536504994095,0.37947124,0
0.5263571,5.745805805733278,0.76227224,0.120154604,0.93164635,0.8044426,0.43728584,4.0125727e-08,1.341658102197813,0.3023470955996004,3.982689094416987,0.28030604,0
0.54953694,5.630263213850601,0.79466003,0.099962875,0.95403594,0.8159411,0.47732472,5.40185e-10,1.3661368264457767,0.2960063974842342,3.90260107261892,0.24929242,0
0.5354735,5.804219199071251,0.6304128,0.23953539,0.77786034,0.71662104,0.45297265,0.0013114405,1.2970681252848222,0.2619865221788586,4.023178173316141,0.37137055,0
0.49553555,5.437886734360471,0.65497786,0.2534226,0.78216714,0.6446118,0.46872804,0.00015605555,1.5280072037554775,0.3161743329972069,3.769255858254288,0.36289927,0
0.52735674,5.2983301963615705,0.71215975,0.18519902,0.870377,0.7108144,0.4661033,8.9385964e-07,1.661094157927092,0.2422254606149181,3.672522637411643,0.3207889,0
0.5154512,5.568818006310658,0.69727445,0.21305016,0.8518022,0.70315456,0.44580352,2.8417142e-05,1.4849729023086895,0.2132546496559086,3.860010500253688,0.34812355,0
0.53660613,5.629837746051448,0.7618346,0.11939287,0.93209964,0.803922,0.45016998,1.6448448e-08,1.4082206324117374,0.2128900635412378,3.902306160813517,0.2731713,0
0.5296015,5.517397907476352,0.7369513,0.14663583,0.90985554,0.77677214,0.44888967,3.8674236e-07,1.4964640365662525,0.2175695568547553,3.8243688037225736,0.29641622,0
0.52481544,5.5980054841239895,0.6858517,0.2159012,0.8461635,0.70724416,0.44760528,2.339364e-05,1.404498995060991,0.2440660269018053,3.880241718207653,0.3478023,0
0.515688,5.490785281701109,0.7009336,0.21959394,0.85319257,0.6983649,0.45991668,3.8615082e-05,1.5670445993569988,0.2913200905859412,3.805922337199169,0.35146636,0
0.506959,5.444954143156124,0.65408576,0.27594778,0.7725593,0.6095247,0.4828589,0.00036605506,1.5921669111205283,0.3024895287530853,3.774154612734861,0.39047527,0
0.5317557,5.507174461021165,0.7160621,0.19311906,0.8806794,0.7158419,0.47114164,3.991276e-06,1.4999526490314052,0.2483766703863921,3.8172824506365552,0.3275301,0
0.5241473,5.443652200681598,0.70279133,0.22050397,0.85393304,0.6648855,0.49365348,7.2189573e-06,1.5655901833995027,0.303913882601023,3.7732521749793895,0.33514938,0
0.53336173,5.440542349791453,0.6836207,0.22118086,0.8450206,0.6960474,0.46083742,1.3042045e-05,1.615644522565562,0.2973205939355239,3.7710965906029257,0.3450375,0
0.5231101,5.562028186151997,0.66452235,0.25659403,0.80930376,0.6627041,0.4567869,0.00035840756,1.4371273699459983,0.3437655023371917,3.855304155554201,0.36918056,0
0.5418097,5.557053744855649,0.8099121,0.0864285,0.96377367,0.83911556,0.46933845,1.236823e-10,1.450235121623759,0.2861975804745498,3.8518561355947782,0.2371432,0
0.5389332,5.573973112952031,0.73892826,0.16192651,0.9141593,0.76448774,0.4521097,9.065007e-08,1.4515014696518551,0.3188135838319113,3.863583747887642,0.3167638,0
0.5061538,5.384191586816158,0.65598536,0.24042608,0.7960191,0.69917613,0.45057312,0.00039132548,1.62918036475709,0.2782157315135691,3.732037218124196,0.37923968,0
0.5238344,5.730090250596604,0.6731998,0.39702803,0.5465207,0.6389262,0.56484294,0.8857077,1.3837285896976284,0.3124485056189314,3.971795901683066,0.45431542,0
0.53529364,5.579379269587653,0.6570845,0.2562566,0.81445295,0.68154,0.44056678,0.00031701455,1.4154299223816598,0.2845153080106684,3.867331010117288,0.37644896,0
0.49942344,5.604515936983021,0.70919245,0.18874682,0.86574095,0.708507,0.46219337,2.6535763e-06,1.4151884131996728,0.2344754916793903,3.884754420251061,0.32469398,0
0.49431765,5.462028229332629,0.7314364,0.16742927,0.8864748,0.7223099,0.4683724,2.6035002e-06,1.5646136074382824,0.2540802207382313,3.7859894674287418,0.30882072,0
0.5048992,5.459921856081905,0.6467365,0.28204858,0.7686531,0.6156955,0.4705253,7.793938e-05,1.583752118729916,0.2063028902567794,3.784529440748796,0.38430452,0
0.5137596,5.3406465079374135,0.5976288,0.35637927,0.70336515,0.59126735,0.47131544,0.007278685,1.690264420050978,0.258610636063338,3.7018540694721342,0.4094857,0
0.51182556,5.620223159718694,0.59086305,0.3226591,0.6919936,0.61919093,0.47918314,0.0069272853,1.385627431920253,0.2731840750908532,3.8956418374047184,0.40496156,0
0.5326303,5.696337616551334,0.7663186,0.123750225,0.93582815,0.8007347,0.45296684,1.6102456e-08,1.3533613162173412,0.2821352349537847,3.948400358558115,0.27981365,0
0.5221936,5.683508730016859,0.72244143,0.18022212,0.8881154,0.7358396,0.45031503,3.070124e-06,1.3744745325407013,0.3299829180862161,3.93950805202702,0.32628053,0
0.5278719,5.630412229850387,0.7746097,0.12231863,0.93728,0.79192185,0.4649393,1.2613676e-08,1.4509372376197829,0.3380957747374395,3.902704362639029,0.274226,0
0.5366664,5.639564247173281,0.78888893,0.09844037,0.9498496,0.8300181,0.44385347,2.6156703e-09,1.4105958217029395,0.2484413080048853,3.9090480576428286,0.2549406,0
0.5383747,5.631730184593167,0.7263765,0.18397859,0.895785,0.7402456,0.45141152,5.0848084e-06,1.4512049474694315,0.2607898329274576,3.903617899253093,0.3319828,0
0.5282303,5.289134912852411,0.69840974,0.20285569,0.86994255,0.72604823,0.44209227,7.777745e-06,1.705950223809572,0.2377680529943973,3.6661489525728186,0.34703547,0
0.52964294,5.483255157281753,0.6193531,0.31505436,0.71257496,0.6283589,0.4849462,0.042774938,1.5591123381747136,0.2461869049502638,3.800702852688626,0.40873697,0
0.5224718,5.480034938883756,0.75620013,0.15454583,0.914234,0.7287429,0.49987724,5.508156e-08,1.5774211944211514,0.2586957619678287,3.798470767385268,0.2920636,0
0.5179868,5.328562715119976,0.7409203,0.15892127,0.90252656,0.7416277,0.46626878,2.972684e-07,1.638002717403093,0.2607576455793605,3.693478222550256,0.30388668,0
0.5142158,5.415112084760616,0.76708794,0.15226698,0.92129576,0.72899425,0.49540994,8.278884e-08,1.5883120585479689,0.3222437670955571,3.753469674095908,0.29462543,0
0.517992,5.567721427793916,0.7274575,0.17543244,0.89207643,0.72766966,0.4720634,1.0425558e-06,1.4576754254611763,0.2907544017432428,3.8592504099465454,0.31617868,0
0.51315945,5.679340815271388,0.63164616,0.29628527,0.75299287,0.63182247,0.45313552,0.0057732933,1.34098412546844,0.3252587492697785,3.9366190736723823,0.3900708,0
0.51735675,5.60208215409641,0.7745696,0.107817866,0.93723536,0.8043797,0.45957723,1.055292e-08,1.4077517381653697,0.2958572606126779,3.88306745050511,0.26002875,0
0.5337415,5.597365441939281,0.6896998,0.19356285,0.85982877,0.7274371,0.44959074,2.002109e-06,1.4464138489208287,0.3049237119456052,3.879798074771883,0.32984138,0
0.5288894,5.699736671902036,0.69330335,0.22360212,0.8503124,0.6872832,0.46633336,2.3721297e-05,1.3729918925519626,0.2659023169403554,3.950756404191022,0.34727585,0
0.5277183,5.668363394059414,0.80103767,0.09027165,0.9574593,0.83811694,0.4444403,1.5962396e-09,1.3930211384618711,0.2332829266003955,3.929010105109485,0.24821886,0
0.5357985,5.701552177821533,0.71870977,0.17603227,0.8955845,0.7478875,0.45474583,1.2361343e-06,1.365792070298956,0.216764124785044,3.952014817000411,0.32281524,0
0.5368893,5.725711777870504,0.7442291,0.14598742,0.914624,0.7693994,0.45816356,4.0878686e-07,1.3357302647874658,0.1874662827010524,3.96876097565781,0.2952922,0
0.5157373,5.630411919345125,0.631625,0.26615235,0.75080514,0.6679784,0.46275955,0.002540734,1.4312176795574247,0.1777126417805448,3.902704147413183,0.38206568,0
0.52093905,5.661095101508245,0.6404385,0.28859404,0.7718962,0.64478385,0.45346758,0.0015166693,1.4228614405555464,0.3025024258480471,3.923972108620157,0.39112136,0
0.50568384,5.578715316400907,0.64212257,0.3592944,0.5822137,0.63908654,0.5572111,0.32154074,1.485545270432913,0.3129340152724253,3.86687079283787,0.44563162,0
0.5141507,5.775128487137138,0.6932555,0.23456682,0.8385034,0.6599217,0.4778623,2.6306789e-05,1.315431479836055,0.3036072826085956,4.003014028358527,0.35024673,0
0.53766775,5.428051093045062,0.64920646,0.26332128,0.79867166,0.6811681,0.46043965,0.00088053197,1.5722838101890857,0.3786464175732362,3.7624383112075135,0.38057318,0
0.5409382,5.478150530845044,0.7177257,0.18392892,0.8912285,0.7389682,0.45736587,2.0207506e-06,1.556330768488274,0.2141108231268731,3.797164595266208,0.327118,0
0.5250178,5.403460803894872,0.74935246,0.13341495,0.9183686,0.77858466,0.4568432,8.40791e-08,1.6610978427728935,0.2805572052043956,3.7453936216139057,0.28542015,0
0.52314365,5.502964967252762,0.6656795,0.24618043,0.8198979,0.657433,0.48104578,1.45921595e-05,1.5974280965728482,0.2621463602542917,3.8143646518994023,0.3533166,0
0.513695,5.677811619097408,0.6753807,0.23822764,0.82080555,0.6693881,0.4669582,3.0575447e-05,1.4146522955525975,0.2709608499283149,3.935559115655866,0.35337445,0
0.5206177,5.4268780641976,0.76029444,0.12659808,0.92642105,0.76828307,0.49169096,4.675984e-09,1.6339459330077863,0.2226751413393231,3.76162522956918,0.27114293,0
0.5223965,5.537748017738124,0.7100337,0.19238366,0.87911654,0.7180945,0.46912825,1.0305827e-06,1.5054399533421072,0.250697225811848,3.8384744252746055,0.32978278,0
0.5216484,5.622539063812043,0.6348772,0.3169726,0.75024235,0.5772709,0.5048847,0.003892226,1.382006912220376,0.258035424670993,3.897247099797471,0.42272907,0
0.53167653,5.545816868172644,0.7157414,0.21348944,0.87227964,0.68801004,0.47073254,1.0599422e-05,1.5143336016528215,0.2623363408490604,3.844067326203653,0.34221864,0
0.518078,5.407553575699957,0.7086275,0.23853421,0.86500335,0.65348375,0.4936716,3.8230424e-05,1.6177897966272632,0.2426225065916014,3.748230514851275,0.35742176,0
0.52489394,5.68959997665023,0.6597536,0.24966618,0.8099887,0.6764934,0.45471367,6.716202e-05,1.3768192506030632,0.2438645558327152,3.943730182457037,0.36486965,0
0.5220933,5.627528488193702,0.7296197,0.16081755,0.90365934,0.7462413,0.4780719,1.6526003e-07,1.4224385203140613,0.2524310144864898,3.900705505240235,0.30152932,0
0.52275795,5.61433034728808,0.7366725,0.16180687,0.90338486,0.76566225,0.43783674,2.9065056e-06,1.455184183700735,0.2354684055393647,3.8915572510828698,0.31877658,0
0.5136088,5.4183468244125965,0.67692626,0.20705913,0.83494276,0.7007489,0.46047482,5.690483e-06,1.6134700042076042,0.2391999323994014,3.755711824765523,0.3335159,0
0.51824635,5.583479712912233,0.6825566,0.21600083,0.8426723,0.69986916,0.4534963,1.0969807e-05,1.4143117275921882,0.2679536774248845,3.870173220846767,0.3457918,0
0.5113782,5.568104947548161,0.72314966,0.15622693,0.8897098,0.7562968,0.44757107,2.3365573e-07,1.4947620726086872,0.2497395794214298,3.859516245582889,0.30380446,0
0.5241024,5.36964029604558,0.65235984,0.25401393,0.7956518,0.6639279,0.46345255,2.9408022e-05,1.638425360102309,0.230575064665345,3.721951031953061,0.35940027,0
0.53604364,5.6598730961481305,0.7175477,0.16829719,0.891201,0.7494979,0.45843065,2.4377584e-07,1.4184803324762452,0.2650841528293313,3.923125079050164,0.31084612,0
0.506739,5.380392978766714,0.6050264,0.2868521,0.7231852,0.6584005,0.450992,0.0017053417,1.602109273409281,0.3035385643770496,3.7294042236646745,0.39518505,0
0.50765157,5.496578387341065,0.6376852,0.26048067,0.77570117,0.67671394,0.44248557,0.0008621287,1.5216592792017667,0.2905821796194914,3.809937812040189,0.38284567,0
0.52191514,5.580018369568737,0.7277285,0.16646802,0.89675456,0.7486961,0.45215258,7.259568e-07,1.4129105964122757,0.297429058562102,3.867774000467272,0.313615,0
0.51542157,5.869621478925905,0.69506794,0.37111863,0.54675424,0.6371133,0.5673383,0.76444113,1.2547814138494933,0.3042819672272117,4.068511579199586,0.45512474,0
0.5003785,5.584513136871273,0.6008783,0.32761398,0.66479415,0.61507714,0.4825963,0.04869309,1.4666846706433805,0.3653951744885262,3.8708895357502975,0.41399923,0
0.50291127,5.46563882088008,0.6714883,0.24970013,0.808836,0.64313847,0.47000492,3.1820906e-05,1.5600391377290892,0.3664645668875437,3.78849213878001,0.3590903,0
0.5083688,5.496354495574728,0.6310559,0.30798212,0.74743366,0.6058006,0.46629822,0.0011106711,1.5395995777814635,0.3535334689440788,3.8097826220936017,0.39419937,0
0.52346396,5.72647388616406,0.66712326,0.2465437,0.79833335,0.65727305,0.5068774,0.00046895235,1.3185731441331554,0.4504668304571169,3.96928922887277,0.36601672,0
0.5256156,5.66502335666873,0.7274724,0.17270571,0.89184284,0.7367899,0.4583512,1.246155e-06,1.3875973652799718,0.3164526913319605,3.926694967609167,0.31500328,0
0.5117499,5.6510117655096685,0.6889007,0.21216956,0.84735197,0.7096567,0.44032598,0.000109189095,1.4120969758310349,0.2888827501714104,3.916982872702105,0.3502107,0
0.5122169,5.632688170584714,0.62708783,0.29749218,0.7282928,0.64399135,0.47024992,0.032770496,1.4393177053101052,0.3076610296457147,3.904281924542149,0.40336874,0
0.51287943,5.754059174618327,0.5918347,0.36987606,0.6811686,0.5661284,0.45583066,0.01062967,1.3715413923955608,0.3185476424063722,3.988409893789778,0.43387163,0
0.51762486,5.723657978873149,0.64941525,0.28518066,0.7825204,0.6176139,0.4879478,0.00010298539,1.3443228230413171,0.2805513896400669,3.967337390673357,0.3823861,0
0.51701266,5.760857279230862,0.6949496,0.20080161,0.8565409,0.7112657,0.45402098,5.057822e-06,1.3498784562986852,0.2626895788580441,3.9931219808351086,0.33419323,0
0.5139642,5.688552740563463,0.66811377,0.23379189,0.80827487,0.68479264,0.45110103,0.0002616145,1.3638868918073546,0.2714421531901507,3.9430042937161134,0.36015147,0
0.53115356,5.607465722822923,0.64063656,0.26332816,0.7568852,0.666717,0.47677043,0.0057913684,1.4510747615464967,0.3141220970280187,3.886799055989244,0.3817089,0
0.5286172,5.628933236834747,0.7323609,0.15545997,0.9083109,0.7691348,0.44901904,7.958261e-07,1.4188782272043008,0.2542600521314853,3.901679202800171,0.3060092,0
0.5053668,5.449983516426439,0.74467385,0.1598312,0.9063373,0.72206753,0.49382922,1.0890963e-07,1.6049783416873504,0.3257929194260214,3.777640708637161,0.2981189,0
0.5127368,5.5220783665374285,0.69159114,0.21451543,0.8481468,0.6980025,0.45818385,9.273797e-06,1.5134178457006386,0.258408944925975,3.827613050724485,0.3462553,0
0.5288043,5.56389539549098,0.79534876,0.099424176,0.9517708,0.8083956,0.48177338,4.794252e-10,1.4901437283721295,0.3469664509079848,3.8565984064430334,0.24793269,0
0.52473974,5.62423762876541,0.7290115,0.17082246,0.89836556,0.742423,0.4601826,3.0851731e-07,1.4242851190017811,0.3198722759169641,3.898424455305896,0.31713653,0
0.52651614,5.678462324492029,0.78438145,0.10423706,0.94812584,0.8134676,0.46265924,4.259376e-09,1.3515475423574843,0.3220258301570879,3.9360101502655223,0.25891522,0
0.49718237,5.520199456759331,0.6035043,0.28738078,0.6833594,0.64226156,0.5223883,0.010028537,1.5020563438033243,0.2542189477447323,3.826310689709272,0.3852627,0
0.5157061,5.754181663211417,0.57731956,0.33362976,0.66114455,0.6045026,0.4736883,0.019193945,1.295998948383381,0.3263327217687219,3.9884947964127297,0.40627715,0
0.52103436,5.60291010623342,0.6488153,0.25907996,0.7904224,0.66742325,0.44832927,0.0008372667,1.4652577391596058,0.3136412671333346,3.883641343194518,0.36998907,0
0.509146,5.301582743201292,0.7854908,0.10220976,0.9460521,0.81231725,0.45483425,3.9115466e-09,1.6458916524229104,0.217897384527987,3.674777131083236,0.25962567,0
0.51228017,5.526774550186882,0.71971637,0.15946406,0.88092905,0.74993473,0.4369292,4.7419513e-07,1.5231428652529582,0.2397287607923317,3.830868197180496,0.30930808,0
0.53001267,5.397871850221474,0.76372117,0.14577189,0.92234737,0.75346786,0.48309365,1.042429e-07,1.6128478545709737,0.1977248610626247,3.741519654132909,0.28853136,0
0.5244209,5.596496043310349,0.6451912,0.29994988,0.77627903,0.6409182,0.45442453,0.0031813146,1.4701030319610395,0.3140905250155867,3.8791954535634567,0.39654493,0
0.5283409,5.530680006835672,0.7336277,0.17260286,0.8998361,0.7460025,0.46020755,1.7233049e-06,1.5242498602268792,0.3259272384082123,3.833575253445404,0.32021925,0
0.5179267,5.664584494337638,0.69249415,0.22140105,0.84382343,0.68504554,0.4578127,6.4123444e-05,1.3908963452134082,0.3575096330565657,3.926390771421716,0.34672534,0
0.50652575,5.359782157365935,0.70467776,0.17966111,0.8627021,0.7256731,0.44604743,1.1724821e-06,1.6194695578863536,0.3358554354672378,3.7151178909216975,0.32228598,0
0.5250155,5.625799975603012,0.7726114,0.13021414,0.93451476,0.7637032,0.500122,7.2382043e-09,1.4667812863537324,0.3868649384374976,3.899507391611436,0.27316478,0
0.51821196,5.754674194017732,0.66335976,0.25012204,0.8066035,0.66159415,0.4748972,0.00010760619,1.361393046730512,0.2589572646138549,3.9888361927524656,0.35421956,0
0.51429975,5.57070303980387,0.64947706,0.2885153,0.775418,0.6226912,0.46819726,0.0006157509,1.4994068303761543,0.3650725204743139,3.861317105904768,0.38204315,0
0.5024172,5.442955234706386,0.65703416,0.23490927,0.75343865,0.682146,0.51032215,0.0011139899,1.5742386519425815,0.2595633050045762,3.772769074978725,0.3706306,0
0.50661445,5.445757133314197,0.6232171,0.29967657,0.70835835,0.6297722,0.47175205,0.0052357134,1.585245974017479,0.5010574532101373,3.7747112030989447,0.39976543,0
0.5008772,5.5009863659853,0.6013386,0.30353943,0.6585209,0.64829606,0.5043881,0.011527694,1.5441296834794462,0.3340509843483232,3.812993190009408,0.4047006,0
0.48712704,5.485906327511564,0.6164989,0.3264516,0.5824642,0.6294668,0.5337494,0.13118696,1.5835946584125686,0.3797411832451871,3.8025405038586015,0.42251706,0
0.49531528,5.563762134062255,0.63408935,0.35413802,0.56466764,0.61891073,0.5322325,0.29659945,1.5012006305379992,0.3191123215783022,3.856506036659435,0.4412215,0
0.51962245,5.565954963876729,0.67253494,0.23186852,0.81169856,0.6899201,0.47109434,0.00028542784,1.4970893747513334,0.4290903298347075,3.8580259904627847,0.3634951,0
0.49488735,5.540518119461524,0.63458717,0.26285553,0.7055024,0.68224746,0.52828276,0.014250819,1.4971067861865308,0.3270584990497127,3.840394513474045,0.38516593,0
0.51176184,5.669204664283322,0.6950105,0.22009023,0.8451928,0.68185806,0.46736068,2.5980908e-05,1.3935456294793314,0.2850775598708424,3.929593229193276,0.34489462,0
0.5214557,5.38850026421899,0.70618564,0.16947706,0.88282263,0.75853455,0.4365123,2.4978806e-06,1.6974022213194628,0.2313090829550219,3.735023765717914,0.31811297,0
0.5091316,5.831888106133031,0.6769139,0.2299833,0.832113,0.7073977,0.42529577,0.00023157777,1.2759979159193906,0.2715715003478749,4.042356798235188,0.36939248,0
0.50965816,5.749162203837233,0.59930694,0.27220386,0.70610946,0.6710038,0.47064272,0.003678278,1.3027061064104162,0.2859306000639208,3.9850155722995786,0.38738778,0
0.51707214,5.692859742844957,0.64637285,0.28780404,0.7879021,0.65770847,0.44120795,0.001151439,1.3555166812590045,0.2883651402023304,3.9459896802041934,0.3955059,0
0.5392865,5.492725672676811,0.7042101,0.20400299,0.87490183,0.70665026,0.48325795,8.8061215e-06,1.5058392501848687,0.2524083662397061,3.80726731373316,0.33117718,0
0.50972575,5.518809288170273,0.6251816,0.2637946,0.7417579,0.67352986,0.4624318,0.0014156624,1.4717686097785934,0.2516839827620458,3.825347098271263,0.3816396,0
0.53490573,5.5134527847144135,0.78302383,0.11373946,0.9439556,0.8057888,0.45662686,9.23812e-09,1.5605167537873628,0.3634339520849607,3.8216342530031726,0.26856244,0
0.5234746,5.63391876393319,0.65656286,0.2696094,0.7959428,0.6671752,0.44848102,0.00051307934,1.4321839495446391,0.4482404511309141,3.9051349068520618,0.3823546,0
0.518029,5.55255055190765,0.70968676,0.20339625,0.8630952,0.6954126,0.47105476,1.5331456e-05,1.4735223103891852,0.4371407798785185,3.8487347600993536,0.3311902,0
0.514899,5.709611084174073,0.6852947,0.24765088,0.8296915,0.6827788,0.44969842,0.00054888555,1.375209233623083,0.2971505561927188,3.95760082521707,0.37234762,0
0.48765492,5.503220940114187,0.606715,0.2569517,0.70673144,0.6697025,0.4938805,0.0027257046,1.547672837832414,0.282231487486797,3.8145420787666007,0.3784333,0
0.4871074,5.583621181666047,0.6562553,0.36304426,0.5750492,0.6190531,0.5829456,0.48063987,1.479206824653218,0.342119130111314,3.8702712795146086,0.45192468,0
0.5234206,5.497155582424036,0.70914406,0.21531714,0.8661831,0.68374586,0.47937006,2.497947e-05,1.536692862915732,0.2611757483265364,3.810337893184584,0.34180695,0
0.5388225,5.727645141374964,0.72193617,0.17268454,0.8971515,0.7573118,0.4460103,5.5049804e-06,1.3614151775573384,0.2169448505484297,3.970101081119925,0.32259557,0
0.52410865,5.880567568886366,0.6534674,0.26277804,0.80236316,0.6742302,0.43755242,0.0026815736,1.2233304309278354,0.3713913594510813,4.076098830593836,0.38290635,0
0.51859754,5.578627797298286,0.62373775,0.32242724,0.7067063,0.62727785,0.47458893,0.03648369,1.5031300298279056,0.3530415710720263,3.866810129218643,0.41621745,0
0.5125854,5.563141196660903,0.72338873,0.1903464,0.87753093,0.69929856,0.47906378,1.4728098e-06,1.512585598767337,0.3859569221813217,3.856075635650383,0.32133693,0
0.512496,5.625058424107897,0.68593425,0.21674189,0.8384809,0.69069654,0.45580164,2.853002e-05,1.4511780457879702,0.4031862677002209,3.898993387283357,0.3432813,0
0.5269582,5.686115100310984,0.6982462,0.23976593,0.84725046,0.6508165,0.4938714,1.5493282e-05,1.3578910077450672,0.246584442149583,3.941314650247888,0.34972525,0
0.5006715,5.882642640549695,0.79035455,0.10734149,0.94432044,0.795186,0.4669924,3.416817e-09,1.2400358400207,0.4167399189495882,4.077537160666731,0.26236275,0
0.52821636,5.674776682658088,0.7159503,0.178844,0.8877299,0.747668,0.43578023,9.112051e-06,1.4156608077834767,0.2623107690080815,3.933455458019773,0.32902974,0
0.52785647,5.559301168017134,0.66319346,0.23220345,0.80718297,0.6960635,0.4713468,0.0010650798,1.4563484263674238,0.3912385585031188,3.853413930622686,0.3638274,0
0.52467215,5.546223529242692,0.6478818,0.2791205,0.78632754,0.6481775,0.45397174,0.0009965774,1.4849983087155745,0.3303612135534877,3.8443492021778,0.3834228,0
0.50909716,5.31864499739602,0.70160884,0.20589793,0.8570245,0.70523095,0.4503983,1.6786658e-05,1.695789590011863,0.2938730064236097,3.686603784472307,0.343359,0
0.5241236,5.773523455364933,0.68624204,0.21105659,0.8448828,0.70404124,0.45419145,1.4312382e-05,1.295770232508866,0.2418559330114931,4.001901505110917,0.3386995,0
0.52074367,5.664893546967396,0.7001865,0.21180795,0.85782725,0.70123196,0.45473447,4.0007795e-05,1.4078212355976207,0.2825144847292904,3.926604990380677,0.3451446,0
0.51979065,5.497921605666084,0.755529,0.14564155,0.9187893,0.7663917,0.44802094,2.2333423e-07,1.5513835605302253,0.3659560848608407,3.810868860035052,0.30068505,0
0.5328804,5.699730398051478,0.6953986,0.20165412,0.8684411,0.737214,0.4303116,1.12785e-05,1.401236250077564,0.3904279564923172,3.950752055489196,0.3491776,0
0.5079222,5.642353156998459,0.5877676,0.32125205,0.6987445,0.61876863,0.46644694,0.0048039355,1.436993171229105,0.3082505211150419,3.9109811826249863,0.39749178,0
0.5199893,5.674574562460348,0.70336133,0.20477928,0.86388177,0.71974367,0.44712716,5.2988446e-05,1.3771930004972617,0.3070524129780096,3.933315358974576,0.3480985,0
0.53480405,5.437198909033847,0.64154947,0.23652668,0.7607489,0.69620943,0.48927167,0.008647721,1.5648181043786678,0.3745217181615317,3.768779094068421,0.37119988,0
0.5192371,5.610065220559184,0.70172864,0.20508105,0.86368823,0.7219271,0.4395874,5.3976175e-05,1.4726694557636903,0.3251838018047692,3.888600890516005,0.34939963,0
0.52759635,5.491800312713014,0.73620796,0.16138932,0.9024097,0.7534933,0.45785367,2.7559743e-06,1.5133782863976224,0.3262208216065119,3.8066259030832494,0.30779707,0
0.5237917,5.729804837267103,0.6512301,0.24667901,0.8003461,0.7014859,0.4322753,0.00046332937,1.3345077688262363,0.3402499894417587,3.971598068238428,0.37203538,0
0.54508024,5.499982047311336,0.8034488,0.10956837,0.95312506,0.80153984,0.4745142,2.9099334e-08,1.4957232627688577,0.4369508326308278,3.812297049352166,0.26190865,0
0.515542,5.7544872759840136,0.6784543,0.22480795,0.83227354,0.7026833,0.4350474,0.00018373235,1.356479192314286,0.280812658231298,3.988706631044399,0.3585357,0
0.5106258,5.415957683650634,0.63141125,0.3033737,0.75148207,0.62005436,0.44606376,0.007034741,1.573884053256942,0.311491653579651,3.754055798582408,0.39645493,0
0.5069908,5.497375865997033,0.7278227,0.16338414,0.89222455,0.7379795,0.461397,1.6616686e-07,1.500959399323483,0.1924455005602112,3.81049058212213,0.30794394,0
0.519632,5.519277491104884,0.64564604,0.27258694,0.790074,0.6572802,0.4511827,0.00040054123,1.5247492630154489,0.2696227595981781,3.825671631815319,0.38129592,0
0.5155413,5.5534109002191405,0.6833164,0.22570261,0.8359148,0.676309,0.4693532,1.07046835e-05,1.5149538054335103,0.2994666103923009,3.849331108105764,0.34439906,0
0.526279,5.696125108512538,0.77282923,0.11790516,0.9374586,0.78992546,0.468485,8.488135e-09,1.3774479100389485,0.3265639894502783,3.948253059210177,0.27100417,0
0.51153326,5.648658334935991,0.64655125,0.2789708,0.7753925,0.62590593,0.47698426,0.0011373245,1.398291777837107,0.3770319788552569,3.915351598935317,0.37516537,0
0.5158309,5.67780929746843,0.6742981,0.23554885,0.8231932,0.68526345,0.44922256,7.110776e-05,1.378949987764868,0.3071084437644913,3.935557506425286,0.35963944,0
0.5201321,5.455968857350587,0.6744933,0.22688563,0.8251545,0.6843544,0.48576084,0.00023403115,1.5601369901490592,0.2743160186473687,3.7817894308234257,0.3517024,0
0.5227342,5.7732576883717766,0.7066216,0.21059631,0.86443734,0.7040137,0.45399612,3.7895323e-05,1.3445704202928763,0.3343077791305404,4.001717289468924,0.3468849,0
0.5141072,5.618098365770544,0.71825695,0.19750528,0.8726291,0.69358134,0.47512573,3.1286115e-06,1.4300989422544177,0.2355300694953257,3.894169042470288,0.32785168,0
0.51560533,5.335281848156816,0.65834594,0.24835719,0.7992166,0.6634193,0.4595728,4.3643628e-05,1.6143718879317517,0.2180148720540273,3.698135570670551,0.3579861,0
0.5196953,5.723817235535312,0.6402516,0.30315483,0.7651836,0.6133483,0.4628032,0.00071386644,1.3135896753732448,0.3181238773863697,3.96744777897972,0.39055717,0
0.50186276,5.673017297470761,0.6076906,0.3405086,0.62316746,0.6188871,0.53344864,0.36726052,1.4232414025137603,0.2580075545110958,3.932235945137658,0.42268848,0
0.5326952,5.662283930560732,0.78198916,0.099610955,0.95057344,0.8359944,0.43827373,2.3112463e-09,1.3918014931483151,0.3096443000358704,3.924796142126055,0.25948736,0
0.52760136,5.82335374401052,0.6909815,0.2390691,0.84215665,0.66570705,0.48343647,2.2108987e-05,1.273523447932677,0.3928296402314117,4.036441229192093,0.35248518,0
0.5382658,5.632971259313335,0.82006735,0.08754719,0.96631193,0.82906055,0.4817367,5.9336885e-10,1.4368507437625888,0.4415663963513907,3.904478146696241,0.23789003,0
0.52809405,5.528621637233092,0.7409429,0.1529566,0.91513515,0.7547001,0.47928232,1.7274301e-07,1.5479374961413737,0.323808990154248,3.832148500358825,0.29822508,0
0.5460666,5.1595699202571685,0.745727,0.15855324,0.9170492,0.7506596,0.48156765,1.8506302e-07,1.7998853094301042,0.3490995672509598,3.576341343256156,0.3008816,0
0.6803827,5.621685860877742,0.8383861,0.46107268,0.55974567,0.739979,0.7588575,0.9999645,1.427567808173595,0.3043536306611258,3.8966557045891146,0.4572568,1
0.6048685,5.614353125410538,0.7136597,0.46150032,0.5167718,0.6433714,0.6354847,0.98537946,1.4064173522954988,0.2573977102001663,3.891573039674229,0.46459776,1
0.6452403,5.670338029049603,0.7935122,0.4665047,0.54266846,0.7030581,0.7207972,0.9995577,1.3728587275651458,0.2519619758721774,3.9303788177855687,0.46203348,1
0.6123465,5.719498158444177,0.6903057,0.48047256,0.51906383,0.62032545,0.6258088,0.9930962,1.3566729677894622,0.3646786206193155,3.96445402287138,0.46377867,1
0.5352737,5.421793159736593,0.6224569,0.31579766,0.7191692,0.6156845,0.50647575,0.060024135,1.5783673144030466,0.296023205921756,3.758100642378616,0.39844483,1
0.49139133,5.611415775092201,0.625244,0.3535316,0.57278806,0.59831303,0.54388005,0.48237717,1.420222264209599,0.2340150236459521,3.8895370235827578,0.43501762,1
0.52155274,5.54046632462157,0.6454155,0.2804956,0.7889998,0.63657856,0.46873897,0.0006613409,1.5152493261513864,0.4318292819191924,3.840358612026762,0.3797956,1
0.506068,5.553938448801898,0.67489964,0.26080114,0.8188115,0.6478725,0.46511883,0.00015661366,1.4641831666754583,0.3059980399439155,3.849696776918512,0.37488437,1
0.50220567,5.469017496537793,0.61902505,0.30313635,0.70361394,0.61611736,0.48152,0.019158592,1.5400758919468331,0.3087600863646003,3.7908340582861815,0.396724,1
0.5154344,5.618933223546739,0.65691644,0.2876698,0.7939762,0.62601423,0.46846512,0.001142922,1.4283375189948002,0.2940789016854523,3.894747721784026,0.38626394,1
0.52556044,5.704386953424841,0.62852967,0.3110443,0.7056012,0.6261386,0.49953172,0.023094868,1.347479644411658,0.2598112876803498,3.9539797337173623,0.40774745,1
0.500575,5.484899805278291,0.6376795,0.312907,0.6382491,0.6402614,0.5423423,0.092072256,1.4731653982884771,0.2888913264576445,3.80184283581044,0.42034903,1
0.5102591,5.598164333241367,0.60455096,0.3290025,0.6480023,0.6231233,0.50414294,0.17274635,1.45081098818718,0.278913071613033,3.880351824025497,0.42001346,1
0.50155014,5.652877904672932,0.6308935,0.2919808,0.6896843,0.6446118,0.5154662,0.09785409,1.372172737620902,0.2855074531798891,3.918276381801654,0.40708786,1
0.5083631,5.442398603906341,0.63275176,0.29901797,0.7433082,0.60411435,0.4799836,0.0025606782,1.61921216161555,0.3255662484140771,3.7723832479090618,0.39588565,1
0.50037044,5.684510447440127,0.6788057,0.25138795,0.8122471,0.6369368,0.47979248,0.00010254608,1.375573385986048,0.3266403440971999,3.940202389634676,0.36306322,1
0.5286638,5.59547789115314,0.61965495,0.28821823,0.73463994,0.63580036,0.5151692,0.028306223,1.4571459999417855,0.3571894979045282,3.8784897242663066,0.38546807,1
0.53358287,5.529917468785568,0.66155475,0.23265958,0.8101987,0.7029743,0.4679221,0.0008065754,1.4689168593499784,0.2983939458113127,3.833046702345905,0.3628202,1
0.5241467,5.422315132272921,0.65051156,0.30995902,0.77996427,0.6022647,0.47661906,0.004687423,1.5587939749542843,0.3004168886732259,3.758462446170501,0.3977353,1
0.51026237,5.709962378590751,0.6717505,0.23185207,0.81734365,0.6883415,0.4499605,0.00039754403,1.3421619156874116,0.3259631302195203,3.957844323951536,0.36265376,1
0.51680684,5.579401987587294,0.63413376,0.26642257,0.7702178,0.66219574,0.4544306,0.002219205,1.478803812782777,0.2665704106836983,3.867346757034687,0.37770122,1
0.5568811,5.441614785985284,0.7599591,0.40897098,0.5549122,0.6527685,0.6450355,0.99067557,1.5858713243307747,0.256946355134346,3.7718399467270087,0.45553797,1
0.6177282,5.343842750221384,0.7620878,0.46663517,0.5283043,0.6760411,0.70106727,0.9991092,1.6859948417612445,0.2003644197202447,3.704069535799656,0.47113162,1
0.5412946,5.741921522210072,0.5912662,0.4890829,0.50062585,0.55453074,0.55949515,0.8685968,1.3625863809254035,0.2472813730911127,3.979996714244381,0.45167047,1
0.48212054,5.576946511565961,0.63923305,0.36574072,0.56613487,0.60345024,0.5709234,0.42128983,1.4575921843473785,0.2456388949417487,3.865644750753568,0.45293215,1
0.5220116,5.552609539605628,0.59882945,0.45428717,0.518207,0.54724044,0.5457415,0.7990451,1.5217980064350023,0.307618315048785,3.848775647255895,0.4542585,1
0.55686563,5.420142824857863,0.59924537,0.4910419,0.49908334,0.5615154,0.5711833,0.91748637,1.565740248144522,0.3239036388852128,3.756956717410444,0.4539627,1
0.6242382,5.6359832728708525,0.85745275,0.43389687,0.54351175,0.74428207,0.78981054,0.9999484,1.429437757800043,0.2245693242257402,3.906565915401444,0.44607323,1
0.49497578,5.639784589087226,0.59336597,0.25626007,0.71870005,0.6698544,0.49772528,0.007232932,1.4035563793566652,0.2394312654359964,3.90920078701924,0.37359887,1
0.52655464,5.629334889837816,0.6051821,0.35321122,0.71720225,0.62046516,0.46196845,0.035748966,1.406789065611229,0.2629843811956789,3.901957607446812,0.42068574,1
0.6027726,5.457617514250908,0.7269881,0.4701509,0.5202956,0.65071017,0.6721713,0.9961469,1.5355917015790257,0.2322411411728353,3.782932192705593,0.46843728,1
0.5366325,5.423148200868787,0.70943993,0.40582055,0.5307786,0.64788526,0.6156933,0.96093315,1.5976744984597682,0.2109211267414821,3.759039885318938,0.46017542,1
0.5315584,5.753217221293145,0.7211102,0.38340536,0.55967337,0.64050907,0.61622053,0.93837917,1.306245998037051,0.3235015692559955,3.987826296216266,0.45879892,1
0.5198091,5.661313240624711,0.6782594,0.38526714,0.5553814,0.623356,0.5592656,0.8234323,1.3946622107660935,0.2341870083059802,3.924123311133705,0.45338798,1
0.5601056,5.72743975005492,0.71699953,0.43988156,0.54622155,0.6209387,0.6357936,0.96238273,1.354120612734076,0.3076437019594777,3.969958714705526,0.45645323,1
0.5971564,5.500140624909325,0.68780315,0.48039183,0.52283096,0.60938555,0.6122148,0.98733366,1.539304612695439,0.3394621419529358,3.812406966967113,0.4607504,1
0.5517451,5.577313483721962,0.7156776,0.4309627,0.5361722,0.6303857,0.63228554,0.9695916,1.4523585490298645,0.3105284240546098,3.8658991164688414,0.4597276,1
0.57198995,5.787248435612768,0.6699815,0.4631989,0.5253791,0.594416,0.59565437,0.9680748,1.3000488823062926,0.2580148990600719,4.011414936472942,0.4572526,1
0.59171903,5.684829188534271,0.7486243,0.46401864,0.53122956,0.6402737,0.67056936,0.9908903,1.340885955214984,0.3820095471219247,3.94042332412541,0.4658967,1
0.6337964,5.560619385980656,0.76025134,0.4709079,0.533777,0.67339265,0.6884604,0.9958429,1.4680741136579862,0.4466238711429469,3.854327649687464,0.466223,1
0.57276464,5.569815821776723,0.6844613,0.4547943,0.5258871,0.5973878,0.5955426,0.9643632,1.482143228681986,0.4328141075602616,3.860702133230709,0.4582173,1
0.55065364,5.566035236574065,0.6293075,0.26479226,0.7565025,0.68182206,0.4779863,0.00436167,1.490649683499369,0.4833639211365153,3.85808163125662,0.38174304,1
0.5201533,5.633755915569347,0.602767,0.29751372,0.71894324,0.63810414,0.49659777,0.0135106,1.4464750212256874,0.4229616220682146,3.9050220289678057,0.39231288,1
0.518585,5.655409979793438,0.5853252,0.32800376,0.6781177,0.6199999,0.48368114,0.014707931,1.4238498037996945,0.4484482344478238,3.920031482532396,0.4089313,1
0.5062725,5.575788010702159,0.5851351,0.35727224,0.6224676,0.59797174,0.49388435,0.14056948,1.4562729007961406,0.3660894858792289,3.864841739146147,0.42714518,1
0.66599524,5.756017199293182,0.81056273,0.4541491,0.5441981,0.7200652,0.71858823,0.9996687,1.3361554927291508,0.4629146785422904,3.989767093072621,0.45911118,1
0.5134237,5.759502487296557,0.6405664,0.2556449,0.728723,0.6894005,0.5171487,0.018113727,1.291381599641832,0.3507723169041128,3.9921829106256,0.38114205,1
0.525207,5.5457314364516,0.6048006,0.2837347,0.6831339,0.6776692,0.49625164,0.05075547,1.500632988392126,0.2662142635665532,3.84400810944708,0.39650065,1
0.4940963,5.698516750094367,0.61431074,0.3483637,0.5813829,0.63266784,0.55712074,0.45081016,1.3932889080035191,0.3569762471963713,3.9499108188295295,0.43333033,1
0.5387281,5.617254460712379,0.5920728,0.35418308,0.69548386,0.580042,0.47736907,0.009130019,1.430578180506023,0.3515767751755447,3.893584092058562,0.419958,1
0.62257385,5.698384820570852,0.7814111,0.42574945,0.5487889,0.69028676,0.69349074,0.9976465,1.395605807562423,0.4144878908309692,3.949819372252276,0.4663241,1
0.58072007,5.59086227522392,0.75841457,0.4332076,0.5308485,0.6704049,0.66794527,0.98021555,1.4350265590007776,0.3761485917070786,3.875290423098419,0.4657582,1
0.53209245,5.7447698192157794,0.6807868,0.40335563,0.5418919,0.6314912,0.5928494,0.88973796,1.3872348120958218,0.3349625349865164,3.9819710032832822,0.45639184,1
0.5263444,5.614131674270242,0.6424985,0.2646348,0.7666461,0.66548634,0.48352423,0.0022337576,1.4104291736511985,0.3469661497654215,3.891419541440703,0.38174257,1
0.65897346,5.737792654960913,0.84548944,0.4559943,0.5480968,0.7433513,0.77623355,0.9999678,1.3523989803376968,0.408015884010183,3.97713480155172,0.4559943,1
0.50724393,5.598234858931839,0.7028047,0.3595325,0.59185946,0.6469382,0.6035355,0.72900903,1.4008217364363211,0.3965889209387114,3.880400708709005,0.4557733,1
0.61282074,5.645130421351631,0.7449491,0.4702586,0.5245531,0.6605583,0.68233806,0.99572587,1.4342046442849927,0.3799088269893218,3.912906235581059,0.47069353,1
0.50090295,5.722925395834171,0.63560975,0.26764682,0.6783713,0.6847367,0.54427046,0.028047867,1.3617823187837006,0.2275412866372335,3.966829602805364,0.40129754,1
0.52259874,5.509176644092095,0.6983236,0.39722002,0.5380836,0.63977295,0.61419386,0.95387363,1.481300973931825,0.2450296794813766,3.818670258187137,0.4573798,1
0.51956284,5.782924691991479,0.71785253,0.38033956,0.56766754,0.64507025,0.6101319,0.9185429,1.266596703817764,0.3604034191084793,4.008417945772383,0.45640525,1
0.4844672,5.668186290626602,0.62419164,0.35277197,0.6027628,0.62096643,0.5526072,0.3777039,1.3456892351248182,0.2223250950771671,3.928887346364364,0.43911862,1
0.58297485,5.462675908402215,0.7615208,0.45850784,0.5267223,0.6808858,0.6948573,0.9979752,1.5748235387814042,0.3186854502728238,3.786438404349732,0.46782586,1
0.54947215,5.687889056988216,0.64824563,0.46162164,0.51472956,0.5986392,0.60627776,0.97042906,1.3646964225875895,0.3374526552227053,3.942544263317147,0.45613435,1
0.5942005,5.547108537591841,0.71956533,0.46367994,0.5211948,0.6342851,0.6435544,0.99343276,1.5077070496445737,0.3728163901550942,3.844962643219784,0.464091,1
0.56947005,5.699634808299601,0.7243459,0.43946904,0.53496313,0.6323456,0.6493872,0.9819618,1.321811638956634,0.3244560763882873,3.950685797722191,0.4625306,1
0.5787603,5.446237762752091,0.7099493,0.45636696,0.52691656,0.6183961,0.6283003,0.9816742,1.579143504782712,0.3047433114570594,3.7750443500387143,0.4601826,1
0.5711253,5.787104266995967,0.7255348,0.4294456,0.53420544,0.6364123,0.6285312,0.96533173,1.273909971891234,0.3362002415788083,4.011315006402682,0.45206234,1
0.6538414,5.620857512543475,0.8256977,0.45946002,0.5468099,0.7280483,0.75605166,0.9998914,1.427199915035778,0.2718013425433128,3.896081537276696,0.46143758,1
0.5252512,5.6505441929670805,0.6584177,0.40021366,0.54397666,0.6174415,0.5661379,0.9250991,1.4122146360350012,0.3458714979767592,3.9166587761125022,0.4534206,1
0.5007053,5.374007244369991,0.67827755,0.33457497,0.6052805,0.66252,0.58837813,0.7268893,1.647173273138598,0.2140100597706862,3.72497796987178,0.4490354,1
0.583839,5.70880090593324,0.71062666,0.46103352,0.52207667,0.62398255,0.6311068,0.97393847,1.4022292786546249,0.3649344436753381,3.957039252453685,0.46210873,1
0.5174923,5.592069701129854,0.58743024,0.38791484,0.60697967,0.57677335,0.50053203,0.24215366,1.5044702399803984,0.3444231667680242,3.876127346960852,0.43625385,1
0.5198192,5.669910332394055,0.65131307,0.3949825,0.54986745,0.6286455,0.58269507,0.73398864,1.4152281606561388,0.3496208936824132,3.930082361054642,0.45337117,1
0.650494,5.638822205360997,0.8303133,0.45576334,0.5456113,0.7300704,0.7608973,0.99986565,1.4836560904704117,0.2482847505674499,3.9085337134527873,0.45978737,1
0.61524314,5.720149838278077,0.72837806,0.46372473,0.5224692,0.6477584,0.6454593,0.9818796,1.3583624207588862,0.3463812883890682,3.964905732910876,0.46589422,1
0.503463,5.6240075974875285,0.6340602,0.3647219,0.6038419,0.60503614,0.5370317,0.27514797,1.4322173079491012,0.2372314260026087,3.898265009774192,0.4397419,1
0.6038777,5.6344946265860525,0.67842126,0.47810823,0.5173438,0.617232,0.6195507,0.97628504,1.4306962240702397,0.254516346668197,3.9055340644262833,0.46235427,1
0.57632124,5.593968381491494,0.711276,0.45014438,0.5329142,0.6285044,0.64710104,0.9786981,1.4395598401293137,0.3396205598401138,3.877443411900308,0.462079,1
0.5221526,5.489139154265657,0.5760319,0.3431363,0.6476076,0.6055479,0.49762765,0.08571201,1.5146435916564085,0.321773999645643,3.804781328608443,0.41234046,1
0.60148,5.596299689948348,0.7382769,0.4502907,0.5454341,0.63537264,0.6466293,0.9933242,1.434657986347614,0.3543763139805378,3.879059351784191,0.46290833,1
0.6711512,5.531114366329829,0.86829406,0.45316872,0.5513369,0.7637295,0.79945743,0.99999917,1.482486939534977,0.3480695414834827,3.833876328504128,0.45316872,1
0.62390697,5.571797131682965,0.7553881,0.46321413,0.5271168,0.67325634,0.6811745,0.9987857,1.4852888424246928,0.3243281382447094,3.862075472606037,0.47047138,1
0.55694294,5.591334834379554,0.6614595,0.47596344,0.5137659,0.59802866,0.61933285,0.9716889,1.4584131275283108,0.2957784287973481,3.875617976144796,0.45905933,1
0.663759,5.45952502295103,0.81996727,0.46287623,0.5510827,0.72315276,0.7439014,0.99981457,1.532893312325431,0.3257143498229879,3.784254376982976,0.46059796,1
0.531648,5.36435439921699,0.6970374,0.39332274,0.53544104,0.6404147,0.60094064,0.97480315,1.611004155425116,0.391929993947997,3.718287127469594,0.4577228,1
0.5908479,5.403817829840179,0.6772243,0.4811318,0.51174444,0.6118037,0.6232429,0.99275345,1.5970694821058853,0.3218885252645123,3.745641093141282,0.4624629,1
0.5846093,5.603819823476512,0.66919184,0.48378637,0.50990653,0.6055459,0.6180251,0.98896575,1.4801637142366155,0.2669855561243821,3.8842719111366737,0.46145013,1
0.6829661,5.669724378658421,0.84641063,0.46178266,0.55884147,0.74408287,0.7658668,0.99998665,1.4209127184059869,0.4823531532165361,3.9299534677470698,0.45798793,1
0.562463,5.3620719790071885,0.67883396,0.44505474,0.5286558,0.61434364,0.62065035,0.97692853,1.6469160550087596,0.3912708893317358,3.716705074336317,0.45822775,1
0.6805542,5.565969549043947,0.8598403,0.44588378,0.5570894,0.74716324,0.7639652,0.99998105,1.452368960229277,0.3119263247567687,3.8580361001303216,0.45497108,1
0.6208647,5.212292155632543,0.7505216,0.46915805,0.52892685,0.66866916,0.68738395,0.99740833,1.8530337871450653,0.2042690810307021,3.612885612059416,0.47011667,1
0.61822134,5.68225805100405,0.75011206,0.47068098,0.53040004,0.6721582,0.6847335,0.9980767,1.4086461944658422,0.3128085536563958,3.9386411473955056,0.46959996,1
0.53014696,5.470371729034685,0.65381545,0.28100497,0.79665786,0.6466897,0.45691538,0.0011636257,1.5103221237174262,0.2485512759758421,3.791772740723224,0.38578656,1
0.46979475,5.618735246536305,0.64447796,0.30936304,0.5763931,0.653283,0.5587307,0.10237419,1.4234172481324194,0.2988754523721582,3.894610494577428,0.42315912,1
0.5044943,5.756539129754636,0.6894511,0.3637676,0.5545989,0.6460726,0.57646936,0.8432344,1.313105156600453,0.2922905505693052,3.9901288677004256,0.45537162,1
0.5381101,5.322106467184272,0.634224,0.4482442,0.5366802,0.58582854,0.5626965,0.8048633,1.6734544665469362,0.3444379019148869,3.6890030924966286,0.451962,1
0.631808,5.687420774719403,0.7799982,0.4667158,0.53352565,0.6870055,0.7108311,0.9998,1.3742954923643511,0.3482768451767697,3.942219674782812,0.46647435,1
0.5910545,5.410986114646467,0.72639143,0.46614006,0.51706386,0.6447513,0.6713886,0.9975163,1.6065262690545614,0.3731562217758437,3.7506097695442095,0.4642313,1
0.5946015,5.615489992524273,0.76528007,0.43377626,0.5424972,0.66047204,0.67438775,0.9943593,1.4469483703093586,0.3034608248617587,3.8923610559087862,0.46300888,1
0.5107902,5.677836814905318,0.6314938,0.34770867,0.6341422,0.62916434,0.52787966,0.17071046,1.367877859962372,0.2265408737313237,3.935576580059081,0.4348691,1
0.61677283,5.678141864387596,0.7442559,0.47077966,0.5260189,0.6601658,0.6796134,0.9978295,1.3655579479106523,0.3222851219125004,3.935788024247653,0.4705933,1
0.5510414,5.495422235692288,0.75547034,0.41416815,0.5534185,0.6542281,0.6600434,0.9847035,1.5228037345343717,0.3174717053620952,3.809136428784538,0.45602882,1
0.54819876,5.532881005300329,0.64901286,0.43899995,0.5197841,0.602675,0.58594424,0.83032376,1.490998229873754,0.4346571408166255,3.835100869325597,0.4548792,1
0.55789596,5.479516393335494,0.71457434,0.42990485,0.5356046,0.63728434,0.6554204,0.95390576,1.5077682894326767,0.4575240833646603,3.798111339000496,0.46175316,1
0.5145294,5.407416214905795,0.60783947,0.40408042,0.53867775,0.5973618,0.548034,0.6693466,1.5997360447314537,0.4378094694029641,3.748135303604081,0.451966,1
0.6256447,5.553005362319928,0.7329026,0.47597829,0.53355545,0.6642152,0.6577195,0.99639636,1.4446840068985185,0.3109158166025736,3.849050010654314,0.46644455,1
0.5998426,5.412972450124953,0.65873367,0.4821186,0.51211303,0.5992576,0.60097915,0.97923183,1.5852584953384246,0.4409728560735857,3.751986592380769,0.45974377,1
0.60027,5.3875448134429735,0.72016966,0.4752049,0.51818794,0.6429883,0.6636881,0.997224,1.6202069933588965,0.2654939383053261,3.734361497706352,0.46793824,1
0.49775234,5.297675216091779,0.636972,0.36910447,0.5649849,0.6224567,0.5681061,0.7737234,1.6271408998769423,0.1879107433060198,3.672068639684316,0.45285782,1
0.49943346,5.444427717829859,0.7013684,0.3163948,0.5563454,0.6723318,0.5735921,0.9236028,1.559521598073904,0.385419303649769,3.773789722504182,0.4553978,1
0.5229958,5.71248104229374,0.69304657,0.39477652,0.5415642,0.62377673,0.58786297,0.8789941,1.3366705700217445,0.3042886551702395,3.959590128596044,0.45644996,1
0.51340425,5.7469720284993455,0.6361912,0.27369818,0.7233288,0.66201884,0.51464707,0.08553243,1.3262372518238756,0.3676836600591286,3.9834974584391887,0.3802928,1
0.63748085,5.760949022216689,0.7812583,0.46675476,0.5374953,0.6916133,0.71185213,0.9995933,1.332842271310992,0.3733207707946349,3.993185572227072,0.46398622,1
0.5517788,5.751375019100918,0.69881785,0.43681923,0.5195017,0.6282947,0.62838286,0.979761,1.331171700643181,0.2725582443865733,3.986549378960701,0.45495382,1
0.6093233,5.390927101160191,0.77344316,0.4385338,0.53711104,0.67715394,0.6763124,0.989869,1.594070824550875,0.2448941701932199,3.736705920901385,0.46806607,1
0.48749992,5.571317613754403,0.65474993,0.3477323,0.56687856,0.63850164,0.56223845,0.7513507,1.4654989827165252,0.3264541127979612,3.8617430961058266,0.45189133,1
0.5033181,5.644028876134961,0.66419333,0.3629636,0.54815465,0.6244951,0.5578558,0.69473034,1.4091483402236098,0.3737289836240052,3.912142702619864,0.4536217,1
0.6425567,5.695070219305223,0.78389204,0.46629786,0.5408536,0.6951122,0.70708454,0.99909174,1.3392000688333847,0.4016069604110157,3.947521865730323,0.4607552,1
0.65989816,5.66322680484523,0.8117704,0.46432018,0.54867566,0.71634185,0.735752,0.99981815,1.3744203627730232,0.4178944149243762,3.9254496927779785,0.46077612,1
0.5480825,5.686755122496666,0.7094475,0.42703503,0.5349483,0.6188206,0.6126627,0.9502556,1.3845179773390626,0.3543296197838117,3.94175827982139,0.45191753,1
0.5641767,5.669814265239198,0.64000297,0.47425348,0.50189805,0.595085,0.59922665,0.96577984,1.348109744302622,0.3199939976116184,3.930015772377107,0.4579723,1
0.65190977,5.856469586036516,0.797154,0.4536267,0.5393122,0.7108458,0.70888346,0.9994617,1.2697667722447183,0.2656999017277854,4.059395381724281,0.46090773,1
0.6236301,5.551320381293792,0.7437859,0.47212738,0.53114253,0.6657588,0.6761615,0.99880016,1.493304438785196,0.3435177897226822,3.8478820708067514,0.46885747,1
0.51925415,5.661332653375243,0.6617099,0.21821488,0.8086176,0.70735466,0.4674144,0.0004600469,1.4587588363528403,0.3256313163001181,3.924136767027002,0.35040894,1
0.58022404,5.672867717576862,0.726036,0.45960447,0.5391227,0.63266283,0.65938723,0.99492246,1.4162487070726923,0.2753686002415634,3.932132264255932,0.46350145,1
0.5742977,5.715188007580132,0.751195,0.42137787,0.5393641,0.6594966,0.64423406,0.97529376,1.392055277784101,0.2987698730094053,3.9614664539521782,0.45351058,1
0.5045241,5.710781742490332,0.6258685,0.32059616,0.65306175,0.63498205,0.5347986,0.17034006,1.3590251446685264,0.3121655906925298,3.958412263728384,0.4244097,1
0.5061736,5.624287675950905,0.6277079,0.3291802,0.61701155,0.6292842,0.5208703,0.36303994,1.421474948767573,0.2211383645434637,3.8984591453714166,0.42211488,1
0.49550807,5.782898189911251,0.66316706,0.33971366,0.5808743,0.6362538,0.5579737,0.6799813,1.2825780769147992,0.2613590687219584,4.008399575930193,0.44351447,1
0.5039941,5.649380651161303,0.60762835,0.31196246,0.6442652,0.64475024,0.5471367,0.20665993,1.419503914207303,0.3956603375527265,3.915852270390364,0.41103247,1
0.5060126,5.673182488230659,0.6932805,0.3631473,0.56509006,0.64193434,0.59292173,0.78751016,1.413994816984854,0.2578774382445772,3.932350446647136,0.45529568,1
0.64260304,5.72267362933574,0.80542415,0.45177966,0.53516704,0.71514076,0.7221696,0.9997018,1.33152923817337,0.4090133117539949,3.966655091566817,0.46592346,1
0.61941737,5.637521180086615,0.7516292,0.45231178,0.5356863,0.67864496,0.67823046,0.99877113,1.441576448661979,0.463027075154514,3.907631911452012,0.4643137,1
0.55395955,5.638931257814255,0.6710077,0.44088122,0.52472204,0.6117007,0.6018303,0.96159506,1.4215005767696505,0.3749034547768133,3.908609302853296,0.45690572,1
0.486438,5.628681345982166,0.7012865,0.29699373,0.6141947,0.6856561,0.61073416,0.45365143,1.4370172198522255,0.4806569288433309,3.901504605365895,0.43812424,1
0.54076374,5.836725506565212,0.73761255,0.38517985,0.5654584,0.6644342,0.6367078,0.9416372,1.2912410219160757,0.3161591020758578,4.045709828705995,0.4601015,1
0.53348047,5.57818138749102,0.649003,0.31380722,0.6738387,0.6585708,0.55337006,0.12695284,1.4609304773820084,0.4170980162216438,3.8665007015193615,0.41531447,1
0.6873445,5.660696403681808,0.82728714,0.46523347,0.5599478,0.7298191,0.741867,0.9997844,1.4016925401026046,0.4983395684430434,3.923695752345864,0.45373425,1
0.5972896,5.630664180163123,0.7457111,0.4470462,0.5426245,0.6446326,0.6630687,0.9824341,1.444387954721767,0.5266190496586205,3.902879001287943,0.46468136,1
0.59456784,5.7539297635214846,0.7672803,0.41609043,0.5566325,0.66776,0.6742251,0.9813411,1.333480690569629,0.4398155887743087,3.988320192852868,0.4648237,1
0.4885198,5.686825323579461,0.7093576,0.2840946,0.6115952,0.67792886,0.5874326,0.46947852,1.3938448220719322,0.3837109606764954,3.941806939504,0.42832273,1
0.5266047,5.768205481609585,0.69974977,0.21962987,0.8577801,0.68770635,0.47005832,6.656929e-06,1.3018594584107726,0.3427885577305005,3.998215366596104,0.34608418,1
0.52049196,5.735318113081254,0.621365,0.33938754,0.65640813,0.6224275,0.50899976,0.29583383,1.3329574615044368,0.3122038156276119,3.975419579824656,0.42320898,1
0.52285725,5.524233739822385,0.6270526,0.30029604,0.74268126,0.6383722,0.4659542,0.004813938,1.5390804891154568,0.3045824131533692,3.829107041640008,0.39856932,1
0.57974446,5.746582179147241,0.82660687,0.3852572,0.56077516,0.7128772,0.7148756,0.99774665,1.3053094168383137,0.295483202471587,3.983227235459934,0.45915723,1
0.5000905,5.663999408089207,0.68048084,0.35469282,0.5786237,0.62542176,0.5848925,0.94878674,1.3419152733320543,0.2540070791912967,3.925985220538232,0.45473045,1
0.50667554,5.611879801621374,0.66007304,0.39072245,0.56165296,0.6189288,0.5653075,0.53171027,1.4290060108054434,0.3312336484800653,3.889858662263159,0.4537615,1
0.6211725,5.652536940790162,0.7546164,0.46968973,0.52860004,0.66866684,0.6891867,0.9995466,1.4326897622863703,0.2568666738096397,3.918040043647639,0.47139996,1
0.63944036,5.536420215718613,0.81587374,0.45498216,0.54313195,0.711175,0.7341325,0.9992398,1.4932405675044709,0.2289324029779891,3.83755406304844,0.4649192,1
0.5725425,5.60687850696025,0.7504014,0.4380999,0.53220147,0.6574366,0.6529508,0.98404515,1.4458906466849164,0.2640789343569736,3.886392028969651,0.46113893,1
0.6010223,5.633702968428178,0.7183899,0.47384715,0.5186372,0.642329,0.66164905,0.9974058,1.4069870807647906,0.3228523763536941,3.904985328806184,0.46773556,1
0.5136088,5.465137613684941,0.6115098,0.32904717,0.727293,0.6100568,0.46773577,0.0066174837,1.5133407181828824,0.3005445517728731,3.788144728425824,0.4080765,1
0.5390149,5.615854588359823,0.81492996,0.3258373,0.6272577,0.74069875,0.66491103,0.9634874,1.432948061533735,0.3190188922551442,3.8926137744842415,0.4587975,1
0.5751661,5.574808401997743,0.6536451,0.47946388,0.50652564,0.60169286,0.6136366,0.9701885,1.4496294555664968,0.2950553188356934,3.864162726134629,0.46000648,1
0.59669584,5.650304989633964,0.7121357,0.46801597,0.5178553,0.6393824,0.6519751,0.96978855,1.428140099275255,0.3417028348267195,3.916492972996572,0.4659512,1
0.5105124,5.58894629778923,0.5856783,0.35378587,0.6268391,0.6021849,0.5112467,0.15282722,1.4732078996851818,0.3309678925529624,3.873962368741547,0.42087948,1
0.5900556,5.671414675260923,0.6850091,0.4774046,0.51627517,0.62158626,0.6227625,0.98881197,1.406365058919211,0.4634796989460028,3.931125092071405,0.46248376,1
0.59041405,5.814444771649059,0.6810675,0.47080794,0.51638484,0.6088242,0.612411,0.9707889,1.2955865844597148,0.3767195686036189,4.03026600011806,0.46055692,1
0.58486485,5.526070385560987,0.7081608,0.47873044,0.51646155,0.64510214,0.6557426,0.99755055,1.4928163525520497,0.27971832295691,3.830380107455408,0.46681732,1
0.5406121,5.675865755402464,0.64686584,0.4449967,0.5167257,0.6029255,0.5868756,0.8589209,1.383144094787751,0.2280978859416791,3.9342103457219615,0.45528895,1
0.6255328,5.50416700000822,0.7864141,0.45669344,0.5487794,0.6761872,0.7055228,0.9971847,1.4944189603125704,0.3114971425840735,3.815197837514789,0.46533293,1
0.59961534,5.3768611648711095,0.7343255,0.46305174,0.5375269,0.65517277,0.65949905,0.99182606,1.6115468669508302,0.2306223979358037,3.726956156820672,0.46275607,1
0.56157565,5.598483534213481,0.7173857,0.42529672,0.5594787,0.62917405,0.6320565,0.9834841,1.4675885957595365,0.2175878702492468,3.880573077279351,0.45643327,1
0.6356733,5.532257540795393,0.78039086,0.46175608,0.5349968,0.69056785,0.7027087,0.9980592,1.4925260084407206,0.2518484278555633,3.834668716661821,0.4650032,1
0.5321958,5.529687381977627,0.68384427,0.40752706,0.54934996,0.62285155,0.6079212,0.74771315,1.4689645575698456,0.3172355428910123,3.832887218323696,0.4567418,1
0.55897295,5.759880389492587,0.6906734,0.45086303,0.52335715,0.6123708,0.62324625,0.97911763,1.3086648448367442,0.3576410384091559,3.9924448524673055,0.4580896,1
0.6182073,5.579028900646652,0.7579369,0.46621436,0.53092974,0.6805253,0.69465137,0.996558,1.431688097769127,0.2704286047155619,3.8670881528736754,0.46851504,1
0.5176367,5.412455891312376,0.65269977,0.3982618,0.5508494,0.6030199,0.56268084,0.5261505,1.6145193782437854,0.303244157379936,3.751628541096239,0.45348054,1
0.59171504,5.629346962979388,0.7757042,0.42993578,0.5356315,0.6828503,0.676315,0.9738435,1.432122423921889,0.2980290216069079,3.901965975910853,0.45944977,1
0.6410276,5.479493622112377,0.8089784,0.46209085,0.54154086,0.7152056,0.7421796,0.99980825,1.5341593992419769,0.3047407273161866,3.798095555191395,0.466588,1
0.536978,5.344327062745675,0.68916094,0.24444918,0.84385306,0.66890687,0.47153074,5.49133e-05,1.628049016152018,0.3070982466765599,3.7044052356603783,0.3612347,1
0.514784,5.299873059214962,0.5722207,0.33427528,0.62593454,0.63159096,0.51746374,0.10631184,1.6766455134325122,0.2862323605836536,3.673592068448463,0.4142501,1
0.4941122,5.482919946718488,0.668338,0.35720843,0.56554437,0.6378071,0.5788685,0.797858,1.561107302698579,0.2323968963254969,3.800470502431804,0.45436364,1
0.52140087,5.723423170018927,0.7098417,0.20934272,0.86537737,0.7019153,0.45347282,2.417118e-05,1.346045839838616,0.2310741031684813,3.967174633578084,0.34488893,1
0.60771185,5.406304662388365,0.77698284,0.43851933,0.5433958,0.67336696,0.6628565,0.9955439,1.5908857554263518,0.3562537240307222,3.74736483411058,0.46461135,1
0.52197397,5.535657096776061,0.635705,0.4239049,0.5389171,0.5851631,0.56715685,0.79495233,1.498036991223202,0.25001035411222,3.837025109304976,0.4526554,1
0.5115918,5.515694298609054,0.6232093,0.3760127,0.5925602,0.6020608,0.53176045,0.36311877,1.4482193041413771,0.3673280841198902,3.823187952039429,0.4414878,1
0.6160802,5.197626869934544,0.7636067,0.465075,0.5282868,0.67960453,0.7033349,0.99582857,1.7715112064019591,0.2275241667016416,3.602720410625741,0.47018003,1
0.49479115,5.413706433450386,0.6254998,0.34530598,0.57841843,0.6196979,0.5587134,0.3692144,1.6222497564898124,0.2454386062092908,3.752495350853372,0.4345371,1
0.527867,5.493614571853852,0.7415084,0.3576057,0.5705314,0.65516955,0.5967946,0.8864729,1.48243457301434,0.3135527441224894,3.807883451691527,0.45833248,1
0.5119981,5.661060513507555,0.6869304,0.3692464,0.5652379,0.6426206,0.58293897,0.73826784,1.40175689412677,0.3095246666243838,3.9239481340449975,0.45500526,1
0.50395024,5.712731505407578,0.7257717,0.33774066,0.5770723,0.66990167,0.5771197,0.90114814,1.3576390604202189,0.2651889288549682,3.959763736397233,0.4576113,1
0.5744211,5.552572114829328,0.7918801,0.3700761,0.5562659,0.7131034,0.67591864,0.9902486,1.4869721796623234,0.3271504703254777,3.848749706377721,0.45746735,1
0.49098027,5.678042862218965,0.63894445,0.29380333,0.6588148,0.674902,0.54315335,0.104292385,1.400246315805415,0.3071161855008313,3.935719401173596,0.41081384,1
0.5998845,5.689606237450446,0.70402455,0.4703766,0.51509887,0.6341615,0.6402903,0.99643904,1.395045401092544,0.3233591862567664,3.943734522113055,0.46497396,1
0.5821921,5.695484688615246,0.7125823,0.44985577,0.5245809,0.62916625,0.62298286,0.97404283,1.3655872738006225,0.2664829822308547,3.947809153963995,0.46166372,1
0.5980773,5.594020854592424,0.7162169,0.46711043,0.5160378,0.6448092,0.6496448,0.9974275,1.4824067602215745,0.2561008482410329,3.8774797834822734,0.46608716,1
0.61044884,5.725938448331851,0.7403803,0.45935103,0.5186306,0.66467994,0.667114,0.9954396,1.3326893669668147,0.4433854550586602,3.968918091649009,0.46864197,1
0.66973686,5.682111383633366,0.8396941,0.45855093,0.5560802,0.7439256,0.7658172,0.99995255,1.3701778513430771,0.2931573725363705,3.938539485321036,0.45855093,1
0.4947518,5.69334605734739,0.5824601,0.33280823,0.66067773,0.59156317,0.4780961,0.023684874,1.3740026722521848,0.281447802477146,3.946326767730423,0.40843683,1
0.5866969,5.773133625937212,0.70966285,0.47485536,0.51973933,0.6339593,0.64626324,0.9904677,1.3172169123078925,0.3819407898718623,4.001631295942191,0.4647699,1
0.6680958,5.778653498830044,0.82235396,0.46352857,0.5537689,0.7267893,0.7442276,0.9999367,1.3094531254567872,0.2906565911789585,4.0054573802749065,0.45860976,1
0.6131333,5.714685490355591,0.6999316,0.4786415,0.5207763,0.6277876,0.63433135,0.99501425,1.365674310876973,0.297872943905304,3.9611181355548055,0.46500906,1
0.63352686,5.552684187335199,0.72833675,0.47728944,0.53020996,0.64949876,0.6545781,0.99764746,1.5048251503546326,0.279032887960966,3.848827389119183,0.46855062,1
0.6095764,5.568511769901028,0.69181114,0.47958514,0.51870877,0.6218737,0.6282533,0.9946219,1.440010135865234,0.3744372664386901,3.859798233349768,0.46403483,1
0.5209593,5.657759213342482,0.61089563,0.28476423,0.71721655,0.6367116,0.49816155,0.0176164,1.4210115438166446,0.3190478237870593,3.9216598471433928,0.38478103,1
0.5193236,5.696001593714982,0.6348517,0.29220363,0.7664201,0.63543683,0.45875838,0.002576608,1.3846032582281804,0.2610316226880513,3.948167445276494,0.38780734,1
0.5319418,5.510019953274853,0.70646757,0.2179812,0.8688646,0.687405,0.4794669,2.1043656e-05,1.5285238050194905,0.3819765505077157,3.819254795569504,0.3449323,1
0.5344569,5.581482870381547,0.6372212,0.24021925,0.78443027,0.6955728,0.47069207,0.0021143104,1.4256741733312464,0.3405136819972085,3.8687891150765994,0.3703529,1
0.48317468,5.626857085325868,0.6554991,0.30144346,0.6400116,0.649055,0.5587865,0.23749577,1.4956564180057936,0.3073552940082322,3.900240124235376,0.4200566,1
0.5157757,5.498401695269916,0.63521194,0.29329637,0.7670534,0.6251881,0.46912777,0.002255894,1.5520747309963396,0.3714756108352048,3.8112016327903646,0.38631344,1
0.5146397,5.5255715242953904,0.65749204,0.30698526,0.6840385,0.6518296,0.52336174,0.09131144,1.48849937781959,0.2746173929342603,3.830034323175669,0.41759956,1
0.497196,5.640803453042079,0.6226151,0.33551678,0.6139897,0.6217288,0.54205453,0.13039725,1.4006358587929129,0.344585171369772,3.9099070096969193,0.42765653,1
0.48726806,5.471425806158971,0.66286737,0.3100867,0.61002827,0.6387062,0.55971235,0.5008988,1.55135148786885,0.2543127577700943,3.792503371310017,0.42714384,1
0.5314263,5.602875811659711,0.6584996,0.2621387,0.8145137,0.67120385,0.45359132,0.0008599914,1.436338247508686,0.3033396408128794,3.883617572007444,0.38172168,1
0.5072239,5.468795488093679,0.6583405,0.24867953,0.7994844,0.6640701,0.4709189,0.000694561,1.5469350389055274,0.3632346515296376,3.790680173759083,0.35952115,1
0.4979174,5.740486238829391,0.61529684,0.33144504,0.7125703,0.59513915,0.4619311,0.011933838,1.3621567237204335,0.2840782042701448,3.979001851615757,0.40486085,1
0.51859254,5.704531110444428,0.66173095,0.2604819,0.8091938,0.6537469,0.4741744,0.00016608374,1.3378095523830529,0.3032203486902745,3.954079655749048,0.36596507,1
0.52374786,5.648872641705466,0.65298414,0.277937,0.8070334,0.64678705,0.46185157,0.0009214525,1.4103991335660515,0.3092913976740874,3.915500145068354,0.38500652,1
0.4891135,5.60691761737087,0.746709,0.30995658,0.6011899,0.6824251,0.60581744,0.82816505,1.4394956129580438,0.3108887885416607,3.886419138240504,0.45008188,1
0.5015792,5.590794082271875,0.64013743,0.31267366,0.65818644,0.6293494,0.5245506,0.22900984,1.4135058804256415,0.3750000621223535,3.875243155345976,0.4128777,1
0.50724727,5.631493348311809,0.60109156,0.25444707,0.69716567,0.69034994,0.51522034,0.023136353,1.4476736273361128,0.2750251881766985,3.903453736852416,0.38127112,1
0.58135694,5.602764919892778,0.77608156,0.4023401,0.5749939,0.66777384,0.65938306,0.99556535,1.452795395328612,0.2754507738727625,3.8835407076918447,0.458576,1
0.61192757,5.254234638304772,0.76377094,0.45836136,0.52534354,0.675421,0.69217783,0.99888426,1.7938127202318603,0.1984680793091229,3.641957925669356,0.46989742,1
0.57762295,5.86735016809652,0.7480712,0.4326445,0.5299871,0.6560866,0.64656,0.98313105,1.223841521971629,0.2503672753746286,4.066937226502024,0.45750976,1
0.49035588,5.52780491783801,0.68555504,0.3494691,0.5497943,0.6356726,0.5808273,0.5207793,1.5283076094690375,0.2198754513906919,3.8315823936128166,0.45582289,1
0.55719256,5.569069416391235,0.63531893,0.47977903,0.51407,0.58430475,0.58442193,0.9261387,1.44141223011943,0.2590204085767027,3.860184764442205,0.45594558,1
0.54582703,5.546818319453955,0.6858617,0.44688457,0.5202287,0.6165193,0.627838,0.9416834,1.4988352311506683,0.2487637079741489,3.8447614793357614,0.45417297,1
0.6270383,5.3373905985879855,0.847384,0.42853278,0.55253565,0.7258993,0.7536706,0.9999049,1.6827373028621406,0.2895820166263547,3.699597245086421,0.46167684,1
0.49055052,5.666437214324203,0.6163431,0.39263025,0.5730647,0.6031933,0.5709382,0.65713036,1.39077402070623,0.2859245358142743,3.9276749790567713,0.45216283,1
0.5514949,5.623436434411106,0.6681685,0.45980152,0.51478,0.60367954,0.6098944,0.9683571,1.3993013471340578,0.2876821885124627,3.8978691096981297,0.45593324,1
0.6113505,5.515246473412166,0.75650305,0.4641843,0.5253548,0.66736656,0.69315845,0.9986687,1.5257711430388887,0.3139239073863109,3.822877543266823,0.46965596,1
0.63055694,5.341329600751359,0.7750783,0.4530057,0.5276678,0.6933082,0.69257283,0.9985551,1.6735908623878306,0.2094238111862978,3.702327553330182,0.46736243,1
0.5156036,5.620241430319468,0.73269904,0.3836262,0.5864265,0.6337742,0.6088704,0.94348973,1.4350403110765364,0.2737266798116025,3.895654501620133,0.4570548,1
0.6235257,5.661440960273747,0.76060104,0.4502067,0.5246268,0.68851,0.6666406,0.99722505,1.396631021726362,0.2527572833025289,3.924211839648336,0.47014856,1
0.50503933,5.750366701895475,0.6694835,0.33299714,0.62671185,0.630091,0.5402754,0.70505136,1.345725844226575,0.3822621681738383,3.9858504667326384,0.43017924,1
0.6572126,5.391805556461772,0.79334134,0.47282887,0.5465104,0.70515716,0.7088129,0.9998609,1.5972232083629807,0.3220189951648535,3.7373148197169233,0.4555648,1
0.5358913,5.586535992287139,0.6799258,0.4204357,0.5553892,0.615675,0.584824,0.90910244,1.4383380998565185,0.3048098699821366,3.872291672278487,0.4548168,1
0.6057556,5.710460381411634,0.69471866,0.48004588,0.52024364,0.62926984,0.63064927,0.9927314,1.3479153837120226,0.3489474680106923,3.958189513202744,0.4644926,1
0.51387095,5.695784267358548,0.639471,0.31088898,0.66064245,0.6479219,0.54418254,0.07013412,1.3546241248013855,0.3599296574407162,3.9480168061252696,0.4158186,1
0.5391765,5.671331676955166,0.7201684,0.3946729,0.56220216,0.6363531,0.6141086,0.90346533,1.3944994785422704,0.4139169731456604,3.931067562029777,0.45866346,1
0.5847865,5.548706326884725,0.7566118,0.4323366,0.561122,0.6382133,0.6443166,0.9887461,1.439681881244558,0.4248896072531352,3.8460701463632767,0.46214136,1
0.547721,5.536337070738888,0.669667,0.25508344,0.8324062,0.68378484,0.45338476,0.00029212274,1.5170192889625609,0.4745480231903798,3.837496431340164,0.37491807,1
0.51920563,5.745107282271709,0.61563796,0.2987899,0.7303578,0.6246554,0.4620882,0.001350987,1.3359182924501176,0.4090439460169364,3.982204914849042,0.38140374,1
0.5358611,5.734193308214945,0.6145598,0.3143186,0.7290693,0.6061184,0.48870298,0.005244088,1.3453834970278598,0.3986738406708809,3.9746399245028954,0.39388162,1
0.5198088,5.34389422952543,0.61882323,0.3126687,0.72648954,0.6119539,0.47951585,0.010541313,1.641679111867456,0.3348985706531948,3.704105218534112,0.3960319,1
0.5106227,5.768909512898914,0.764179,0.32267234,0.5862591,0.7012454,0.60613465,0.92312026,1.3254842814207983,0.4143284514150309,3.998703363899329,0.45975494,1
0.4925195,5.804930053106364,0.68066126,0.34443042,0.5774832,0.65001315,0.58243656,0.5123267,1.254866935397497,0.4102102914921488,4.023670899786367,0.45489734,1
0.52268016,5.50229992976514,0.60541224,0.34935,0.6521372,0.61710185,0.49878415,0.068575256,1.5266425897062224,0.2329315841957395,3.813903683039892,0.42549592,1
0.5154805,5.672396055420446,0.6384161,0.29176545,0.76103544,0.6215597,0.46501902,0.00065337634,1.4457051042674407,0.3990058965646312,3.931805332962036,0.3810134,1
0.5095425,5.6478018292793895,0.63984144,0.3721741,0.5488391,0.63081795,0.5604689,0.5829093,1.4089294239737122,0.4206659247344078,3.914757914454308,0.45277962,1
0.53962517,5.715327289656886,0.70309424,0.38628137,0.556683,0.64899313,0.6124685,0.837989,1.3415617565255331,0.4288383852313018,3.961562996930985,0.45665678,1
0.52755874,5.761590094143685,0.694755,0.37192264,0.5635611,0.6531158,0.58092284,0.8272088,1.341719108155954,0.4367373395270988,3.9936299294258033,0.4510337,1
0.5288805,5.613041788598664,0.6709523,0.4050284,0.5619834,0.61249125,0.57119197,0.89359844,1.4430607919998786,0.3005296527757082,3.890664090260316,0.45331904,1
0.48595726,5.617687457696693,0.69813883,0.29417363,0.6021259,0.684319,0.60973126,0.5164244,1.4281970099392711,0.3110082115272234,3.893884222697428,0.45085248,1
0.5471423,5.647988485818269,0.7387155,0.40102535,0.5469977,0.6538569,0.6349113,0.96586347,1.3921170306078223,0.4647510327285999,3.914887294907967,0.45459408,1
0.57362866,5.580012502097331,0.7426404,0.45351696,0.5298221,0.63799447,0.66514176,0.97185135,1.464106762116999,0.3427663383362187,3.867769933446008,0.46148852,1
0.52596486,5.5263293701747545,0.7517143,0.36768717,0.55502623,0.68836397,0.6516446,0.9250986,1.5364223906237602,0.4093408992625598,3.830559621910247,0.4618606,1
0.54432267,5.5545655862545,0.64305484,0.28501412,0.767552,0.6502306,0.4974805,0.004251237,1.4872734990751983,0.2707982315821482,3.850131475475607,0.38916987,1
0.4738903,5.615750534823986,0.6741198,0.31129414,0.60639614,0.6463558,0.57472295,0.2566668,1.4082678682289536,0.2121213753316624,3.8925416500692505,0.44500124,1
0.50588226,5.665829607372217,0.64663994,0.28846684,0.76934034,0.62837523,0.45865795,0.0046794256,1.3552031823046764,0.3512809838555881,3.927253818011112,0.3864243,1
0.49037284,5.652925085381069,0.6537089,0.37759492,0.56699526,0.6106955,0.5810619,0.651056,1.3859927152738072,0.2548653040325916,3.918309084976477,0.45362782,1
0.5274474,5.471083085143664,0.7254035,0.37996572,0.5327544,0.667946,0.6335332,0.9314824,1.5719227171736387,0.2834012109692878,3.792265815204536,0.46109605,1
0.56057876,5.655583084555707,0.6843108,0.4559852,0.5214214,0.6167024,0.62549067,0.9832274,1.4010919096694314,0.3027929599002164,3.920151469610307,0.4588297,1
0.56544095,5.408879085917491,0.69692016,0.4558159,0.5302108,0.6126561,0.62012076,0.9772949,1.598916744500233,0.3217315503078453,3.7491492885213615,0.45922098,1
0.6413799,5.665094833974404,0.77271813,0.46499756,0.5347929,0.6803999,0.6875982,0.9984092,1.4011704828403322,0.3679320636939565,3.926744511902069,0.4652071,1
0.52271646,5.389686536412403,0.63163215,0.29650396,0.7550512,0.61949027,0.47458926,0.00031397038,1.68529991523228,0.2296744312457121,3.7358460269441527,0.38050973,1
0.58465827,5.666306359012065,0.6823556,0.4603026,0.5161419,0.61541927,0.6043402,0.9627093,1.355075665586253,0.3643077780791373,3.9275842770661007,0.45994422,1
0.664028,5.331518933256027,0.8313207,0.46011242,0.55179465,0.73213524,0.7568757,0.9999181,1.685980445767859,0.3326058300257273,3.69552731681638,0.4605695,1
0.56958306,5.648231530421727,0.6915351,0.4513591,0.53196454,0.6156564,0.6072976,0.9596395,1.3953907892769908,0.3745427383220772,3.915055760589604,0.45227945,1
0.63774407,5.659534447738341,0.8437618,0.4000004,0.5702805,0.74070174,0.73663074,0.9992704,1.4283209392965792,0.2520172303482013,3.9228903458597184,0.45996654,1
0.5808786,5.683447267140904,0.6846205,0.46405473,0.5135044,0.6172549,0.6211137,0.9623541,1.3425431547622038,0.3431172024260149,3.939465449207842,0.4612548,1
0.59652746,5.7610280632758295,0.71688247,0.4607515,0.51896554,0.63859165,0.64375573,0.99172956,1.339923286609101,0.361103589681079,3.9932403593143615,0.464485,1
0.60507554,5.7304995530465535,0.68888634,0.47841856,0.5181708,0.62108827,0.62793994,0.9897031,1.3449994872336708,0.3785067644685114,3.972079608522244,0.46381575,1
0.5784233,5.730799436607995,0.71605307,0.44884348,0.523695,0.63353205,0.65210074,0.9807016,1.3291926772352716,0.2745365782898261,3.972287471967354,0.45962164,1
0.60689867,5.716639356246863,0.71084577,0.4731437,0.5197493,0.6408051,0.643754,0.99072284,1.3203793799633567,0.3637348518182079,3.962472452188533,0.46452162,1
0.5024678,5.74205451948012,0.6259716,0.37855634,0.57779795,0.604421,0.54135734,0.27515513,1.374700863507256,0.1930491860875918,3.9800889009271354,0.4481077,1
0.5657377,5.6490884705198425,0.6262883,0.4843494,0.50155205,0.5810638,0.58987767,0.9278319,1.387454498492879,0.3469444249998332,3.9156497462025217,0.4565864,1
0.5202488,5.725245553322575,0.6631896,0.4256595,0.5550689,0.58527094,0.58741415,0.69419676,1.3859510323742217,0.3012636323546758,3.968437813426906,0.45346656,1
0.51080555,5.69979213852166,0.61489105,0.3803119,0.5946046,0.59539473,0.5327886,0.40660495,1.3505197776358355,0.3282583838011419,3.950794850722029,0.4405369,1
0.61432934,5.412934259502862,0.7337468,0.47113046,0.525576,0.65564245,0.6722244,0.9988207,1.7177735346226914,0.3069687869826794,3.751960120658741,0.4690932,1
0.6573736,5.427176829727021,0.83992535,0.45854422,0.5446861,0.7371113,0.769572,0.9999964,1.573976006694339,0.3821916807780781,3.761832318053546,0.45854422,1
0.5825456,5.4616213722595575,0.66442114,0.47721535,0.5084111,0.6067154,0.6152127,0.98435736,1.5600848613020974,0.342801389394026,3.785707455595651,0.46107578,1
0.59211886,5.632564389237232,0.7075921,0.4748163,0.5183701,0.63425374,0.658507,0.99526983,1.4454381426755356,0.3396407372874819,3.9041961258501368,0.466369,1
0.6173532,5.479492128252867,0.7415396,0.45732415,0.5210628,0.66403455,0.658615,0.99699414,1.51936605966933,0.2856192455902828,3.7980945197268894,0.4678979,1
0.5414936,5.505879816184361,0.7115009,0.40213567,0.549492,0.6436736,0.61505586,0.9703367,1.5649709725808956,0.3022264029818871,3.8163850712180993,0.45824638,1
0.6332442,5.541610589839233,0.7412044,0.47500268,0.5311484,0.6584169,0.66800535,0.99928576,1.51011245270757,0.2408696185813426,3.841151756236199,0.46885163,1
0.5170945,5.244424364090946,0.72934943,0.1682479,0.8933947,0.7273937,0.47845128,2.141836e-07,1.7634887669104735,0.2177597595477891,3.635157961757523,0.30638823,0
0.5053422,5.564743484661435,0.65979934,0.2691697,0.7864622,0.61495847,0.49075478,0.00014189424,1.5331673242620956,0.3213574108594912,3.857186257060399,0.38504153,0
0.53176343,5.477229108595436,0.7540184,0.1380674,0.92146283,0.7810738,0.44037804,5.714776e-08,1.5719997599759217,0.2451060896310082,3.7965259140317897,0.29598445,0
0.5296916,5.5672525398492585,0.8325789,0.06170664,0.9730918,0.8732578,0.4460491,5.352097e-11,1.4626612665984746,0.2088425048248154,3.858925401589707,0.21110435,0
0.54289883,5.644981413337238,0.8443241,0.059984826,0.9781251,0.8849439,0.43275467,7.34212e-11,1.4165512504123392,0.2116474913007664,3.9128029510960016,0.21351409,0
0.5127878,5.466682398796975,0.71966994,0.18617558,0.8811553,0.7197833,0.45986837,2.1786868e-06,1.540454003465033,0.2749991509044776,3.789215491870801,0.3275177,0
0.55887836,5.342273260502199,0.759249,0.1320963,0.9350991,0.8032095,0.44024566,1.1545914e-07,1.6931664328029492,0.1704837411483026,3.702981648425885,0.2922346,0
0.5470049,5.525891420877817,0.72669476,0.16413431,0.9080684,0.774377,0.4387305,1.4003119e-06,1.5082947303222505,0.2646244172776733,3.830256058589848,0.3204022,0
0.5135779,5.562570926765268,0.7899384,0.12820928,0.9368858,0.7424794,0.512085,3.67261e-09,1.4823873854451302,0.2851688957121041,3.855680354680066,0.269416,0
0.507962,5.371164200751519,0.7287166,0.1678424,0.8868544,0.72656316,0.46718076,3.336577e-07,1.6504681323719197,0.2913777145913627,3.723007322203426,0.30817083,0
0.52037615,5.498589155975628,0.82222223,0.076693796,0.9660298,0.8333767,0.48302063,3.696571e-11,1.483181888682286,0.2869501425668375,3.811331570649995,0.22373688,0
0.50353533,5.600629714004613,0.6820454,0.24297503,0.8233567,0.64119744,0.4894825,2.5203683e-05,1.4406076241423922,0.3039228172631283,3.882060695750549,0.35880256,0
0.5066009,5.537250584854531,0.6412413,0.29988682,0.75750184,0.59972584,0.47534192,0.00024326882,1.5026800121001105,0.3087782683155637,3.8381296310738255,0.40027416,0
0.49719086,5.734942906122175,0.6454887,0.2846755,0.7656599,0.6082754,0.47863612,0.00014323594,1.335094993224612,0.2778236287069831,3.975159506178844,0.3917246,0
0.4988086,5.697262834014706,0.6844093,0.23084414,0.82616055,0.65975165,0.46932122,7.739276e-06,1.3720525816428624,0.2862811195197992,3.949041670434256,0.3481591,0
0.5049822,5.568671228260349,0.68360716,0.23501877,0.82653475,0.6569653,0.47717723,2.8528115e-05,1.4600374961807694,0.2822236539645928,3.8599087614619454,0.34908682,0
0.52447814,5.128776302564467,0.6780494,0.22201276,0.83205473,0.70112115,0.4408769,1.4603643e-05,1.845575317904989,0.3056979249950018,3.5549968339732203,0.3493691,0
0.50922304,5.406552708094596,0.7846604,0.108765736,0.9405027,0.79326135,0.46134782,5.4403793e-09,1.6405355192716946,0.3225772597347713,3.747536766292505,0.2650804,0
0.5234041,5.573251469026937,0.69434774,0.21263383,0.8533503,0.69761956,0.4509888,6.191909e-06,1.4821565113487467,0.4411897822058108,3.863083542435594,0.3457002,0
0.5181109,5.746217393029186,0.5946529,0.33372736,0.67614347,0.6031302,0.48353836,0.018788798,1.3629288785921092,0.3103135051802042,3.982974384990699,0.40729225,0
0.51947165,5.26498908605325,0.75107175,0.15855557,0.90787745,0.72990024,0.48073614,1.5855268e-07,1.6915310431943995,0.2753197255213706,3.649412340804692,0.30013213,0
0.51715386,5.54690090061108,0.5985628,0.31048614,0.6922561,0.62323534,0.48921615,0.0144416345,1.502064676620783,0.3783846393248495,3.84481872023199,0.3963011,0
0.5050978,5.634473267506422,0.71749055,0.18822597,0.87887806,0.7210992,0.44979632,2.2034037e-06,1.4414269034277205,0.2481300867293612,3.905519259440458,0.3347512,0
0.5225748,5.440646151662634,0.64919347,0.31406236,0.7640639,0.5951188,0.4732829,0.0008306673,1.6289047327456694,0.4237192530126776,3.771168540577271,0.40488118,0
0.53570163,5.469403868213611,0.7489088,0.15399973,0.9132722,0.754793,0.4591099,7.374917e-08,1.546066549360808,0.2907781639113977,3.791101870723924,0.30270562,0
0.5047139,5.522116240510509,0.7053238,0.22248676,0.8543789,0.659698,0.48958957,1.5275926e-05,1.5078245980581368,0.2324772064889657,3.827639302962143,0.3421568,0
0.5256059,5.763563195535983,0.6931597,0.21197146,0.85616004,0.69920295,0.4664834,5.554032e-06,1.3394208389126614,0.2676109537533193,3.994997579092836,0.33769795,0
0.53451717,5.508384656685973,0.6550677,0.23871417,0.81767917,0.69749415,0.43994,5.725433e-05,1.496402024102243,0.2100045554981022,3.818121294349544,0.36212185,0
0.5262267,5.581006256478585,0.8112965,0.08522827,0.9592519,0.81808376,0.48959717,4.3464318e-10,1.439143284587704,0.2787931900289777,3.868458751493546,0.23159513,0
0.5159433,5.588232592099658,0.67597705,0.22126049,0.83605415,0.70679545,0.4341219,4.3283693e-05,1.4371414922627663,0.2327241208250825,3.873467665655073,0.35688996,0
0.52298373,5.180433421698304,0.63539714,0.27701545,0.76513577,0.6431531,0.45359612,0.00026288518,1.8385044529910688,0.231267535673453,3.590802820456689,0.37377855,0
0.5193465,5.5113837073376,0.7199076,0.17378318,0.88451666,0.7311422,0.463025,5.185816e-07,1.4999205877725628,0.2172470094913023,3.8202000778530745,0.31391403,0
0.5196611,5.532690892267489,0.68473595,0.23607622,0.8382082,0.6847727,0.4497378,5.5876233e-05,1.5127929075492204,0.2462905775394119,3.834969093012897,0.3648775,0
0.5380947,5.546461649066239,0.79656273,0.11502663,0.9513122,0.79315454,0.48636627,2.6341949e-09,1.4790751543051963,0.1741600899017612,3.844514254262128,0.2668595,0
0.5229677,5.407774217758937,0.7277953,0.16880903,0.8949862,0.7382506,0.46565628,2.7470264e-07,1.59334064649095,0.2863362587935398,3.7483834522723702,0.3101632,0
0.53871953,5.5200471103304505,0.7685324,0.13017517,0.9340911,0.7795962,0.47419965,7.4344153e-09,1.4896287538153334,0.3030626074969405,3.826205091211624,0.27921262,0
0.509768,5.262261609208114,0.7134639,0.19158429,0.8678602,0.69221705,0.48704875,5.849098e-07,1.7608726023590775,0.2588944679799283,3.647521797919445,0.31825048,0
0.51417184,5.540098433949948,0.7329246,0.16818917,0.89007264,0.7067224,0.5018679,1.487907e-07,1.5198181252613303,0.3025946031411877,3.840103609644972,0.30293402,0
0.49854988,5.413399842412711,0.6799351,0.23133704,0.81690276,0.64657867,0.48398858,8.848119e-06,1.6395047004763998,0.2695582457271541,3.752282838140022,0.35342133,0
0.5173667,5.595902593227089,0.7488619,0.15084805,0.9045836,0.7452575,0.46496353,2.5122358e-07,1.4722054313420956,0.2179053163880553,3.878784105311443,0.29583374,0
0.51832086,5.554411428526026,0.7907492,0.111434355,0.9418545,0.7846761,0.47773775,3.5683576e-09,1.4685182255983715,0.2898697333657765,3.850024621480751,0.26109964,0
0.552393,5.516890144040218,0.73671246,0.1772501,0.9083941,0.73208547,0.48847133,1.0243722e-06,1.5278515492210896,0.2898044181065415,3.8240168489284265,0.3147206,0
0.51786506,5.608926746577215,0.6912334,0.19693802,0.8583232,0.72130346,0.45292053,3.011412e-06,1.4669281491405768,0.2543501314307832,3.8878117604852624,0.33330294,0
0.5159062,5.632974944039969,0.6320291,0.28890258,0.7599048,0.6221668,0.508843,0.006838617,1.405411168311363,0.3748486168699401,3.9044807007541182,0.38065505,0
0.51928407,5.514956631879027,0.75876004,0.13819073,0.9219449,0.7586315,0.4775909,2.8072874e-08,1.5259154607602914,0.2594065415686373,3.822676640425319,0.28585204,0
0.52727836,5.234293850235246,0.736354,0.1664261,0.89784616,0.73385674,0.4725576,3.2615148e-07,1.8005325696032013,0.1479047260330048,3.628136024640821,0.3049745,0
0.5498114,5.491268760824388,0.87764335,0.04064414,0.98764634,0.896066,0.48751056,1.1156158e-13,1.5482592902677557,0.2027953273684488,3.806257459390328,0.16886055,0
0.5010918,5.687618095622397,0.6473366,0.27146706,0.7649166,0.6260092,0.4624287,0.00012949729,1.3547635927013195,0.3338438837927242,3.942356447210389,0.37399077,0
0.5175825,5.452291500800707,0.6834175,0.2268873,0.83098596,0.67020804,0.46843743,1.0754506e-05,1.5645425689660222,0.2757293793850692,3.779240481498962,0.34589007,0
0.5054508,5.724595565017036,0.66783214,0.26284337,0.7997141,0.63407725,0.47452858,0.00020163262,1.3691179548097332,0.3066566015956482,3.9679872758655232,0.3663803,0
0.49606553,5.35119154350124,0.64202553,0.3202094,0.62830126,0.63450414,0.553742,0.28555384,1.720408871333209,0.1632298675426682,3.7091633311421055,0.42004484,0
0.5134411,5.506020087141,0.6537142,0.28474817,0.7758015,0.6077196,0.47631732,0.00017515836,1.4645092345591857,0.2648789701165697,3.816482299636207,0.3922804,0
0.49836782,5.243974186993111,0.66736007,0.25769323,0.794082,0.62808204,0.4835252,4.6794234e-05,1.7072465573052684,0.1857887650385521,3.6348459227714063,0.37191796,0
0.5010187,5.1575633207684,0.6434187,0.2854634,0.75929165,0.6101199,0.47780684,0.0004098735,1.79536088661897,0.1945212643090599,3.574950474478004,0.38988012,0
0.49064943,5.555409715555266,0.6617195,0.2763965,0.77508014,0.6021224,0.4868755,0.00015836008,1.4695751902687877,0.2023878231088929,3.85071658132046,0.39787757,0
0.5200956,5.330297087739913,0.64660466,0.27736312,0.77086735,0.6213083,0.4956755,0.0012609432,1.720778696758546,0.1734545244823948,3.694680398041808,0.37869167,0
0.49431637,5.509829011442468,0.697086,0.22320601,0.8383668,0.65841144,0.48060724,1.2230547e-05,1.501228501620986,0.3100277931544042,3.819122444776736,0.34214404,0
0.51898074,5.396972340823317,0.7456997,0.15968198,0.9036415,0.7265828,0.4829767,8.959806e-08,1.6068920296226672,0.2965509543082589,3.7408961617296894,0.29965043,0
0.52952635,5.382994516059305,0.76706016,0.1339995,0.926875,0.7521497,0.49995768,5.19611e-09,1.629961760588306,0.2236926475773089,3.7312074719041535,0.27463323,0
0.5095728,5.399744127578437,0.5647121,0.40997654,0.6195622,0.53839654,0.47205818,0.07741879,1.5729156327878375,0.2803580664776746,3.742817417904114,0.4553468,0
0.522733,5.517664408271946,0.60696197,0.34830782,0.6997938,0.58599627,0.46827453,0.0138659375,1.488966549940653,0.2390608580288358,3.8245535279976575,0.41441387,0
0.51264554,5.519817986461483,0.76962084,0.13012363,0.92617524,0.76021,0.48027015,1.0180361e-08,1.5432603325277587,0.2632391922027182,3.826046274647851,0.2774305,0
0.52467537,5.372425606783237,0.6015727,0.3237875,0.720743,0.6214363,0.4488478,0.0016855113,1.6762871231190213,0.2598298036052711,3.723881662237854,0.4046008,0
0.49623996,5.750974951598733,0.6830836,0.35891503,0.56483984,0.64009416,0.5783699,0.8778262,1.330216973341975,0.2390205788005914,3.986272073299528,0.45525905,0
0.5072167,5.759162260015972,0.67084646,0.20601715,0.8183232,0.7243105,0.47262964,0.0016848312,1.3449504560749106,0.2597910341143574,3.991947083045313,0.35439488,0
0.514442,5.416789804472643,0.7220163,0.15013431,0.89560395,0.7665971,0.4383135,1.8715808e-07,1.600711896043926,0.3747776274890952,3.754632580784069,0.30567873,0
0.51051295,5.691358512871867,0.60419315,0.3164008,0.6968536,0.6208445,0.46547344,0.01770291,1.3786794256776729,0.3239483588745315,3.944949106880976,0.40462306,0
0.50143975,5.666722651085422,0.6614836,0.26394257,0.79905415,0.6337748,0.4701402,3.432183e-05,1.4154334442526555,0.3197882941747139,3.927872828743037,0.3694365,0
0.5047062,5.643909883439434,0.75079817,0.14774723,0.9064588,0.7425751,0.4755243,6.555084e-08,1.4024295543595766,0.3085795580227568,3.912060223168454,0.2898424,0
0.53499395,5.724871706712703,0.72875583,0.1628605,0.9033273,0.75722605,0.45880514,9.1174144e-07,1.346784448663119,0.350430119435714,3.968178682703311,0.30937356,0
0.55091566,5.647662671239594,0.6944539,0.21360163,0.86395514,0.7222568,0.4426992,0.00015789253,1.3769756805330426,0.2974925711345122,3.914661457451373,0.34918636,0
0.48633707,5.65384094022134,0.6961059,0.290402,0.64299345,0.6704398,0.5618802,0.27502173,1.430757884832306,0.2781584453101118,3.91894390717681,0.4212063,0
0.51284343,5.671745443688776,0.722102,0.16868144,0.8821157,0.73453766,0.45093468,1.8930605e-06,1.371437804229214,0.2969522446863095,3.931354363274589,0.31428558,0
0.551534,5.701108692419579,0.7923596,0.094251454,0.9550099,0.8382266,0.44363073,1.3960009e-09,1.3691407615965887,0.2291569567578335,3.9517074163444272,0.2512307,0
0.52022284,5.650948223369976,0.6584028,0.25575903,0.8083464,0.6774033,0.44748652,0.0005389988,1.4006058770586576,0.2668177233342703,3.9169388286471296,0.37535477,0
0.501811,5.496907505039967,0.6333225,0.2735877,0.7525634,0.6435021,0.45844048,0.00087213697,1.494136641893464,0.3034046909340304,3.810165939045255,0.3804577,0
0.53729,5.223757904836514,0.7138407,0.19098876,0.87568253,0.70875406,0.46910617,2.3271823e-06,1.765509098551082,0.2505550493499413,3.620833063793155,0.32560807,0
0.5162545,5.610410790159237,0.7881434,0.114018336,0.94502413,0.7852609,0.48343068,2.6814813e-09,1.4290251628397113,0.1975299822050829,3.888840421109969,0.26483825,0
0.52989984,5.493742072768095,0.7528834,0.1370029,0.9219158,0.77057445,0.47296524,3.1516137e-08,1.5330254237551688,0.2382650440190445,3.8079718285907536,0.28390968,0
0.5338646,5.334521392892711,0.7295094,0.17007124,0.898272,0.74173397,0.468688,1.3691764e-06,1.6602638243960444,0.239886724148846,3.697608463248295,0.3111732,0
0.5367314,5.535644660808589,0.7692178,0.11645446,0.9353503,0.8035958,0.45266077,7.834819e-09,1.4854929374034882,0.2281544525089884,3.837016489349187,0.26982632,0
0.53157556,5.608825505885302,0.8033228,0.091760755,0.9573685,0.83875716,0.43782026,4.930569e-09,1.4160875360975722,0.2921944329805228,3.887741585785105,0.25195765,0
0.50841445,5.513505528145427,0.65246975,0.28026724,0.7726608,0.60921264,0.48697975,0.00037325345,1.520070793576564,0.2869286468530845,3.821670811963674,0.39078736,0
0.5199015,5.5341456112952425,0.66485876,0.27946416,0.8010698,0.6285185,0.48158658,0.00030374358,1.5056389472444047,0.2631135815792049,3.835977427405491,0.37499103,0
0.5149672,5.549328420592851,0.7682427,0.14067912,0.9225532,0.73897463,0.49795383,8.434799e-08,1.4705759848940307,0.2898460193828214,3.846501348863109,0.28188694,0
0.5317419,5.37868459661638,0.7015313,0.21486822,0.8587227,0.6828264,0.48047692,3.0100825e-06,1.6926022671483942,0.3140952050155192,3.72822006339385,0.33532333,0
0.51650673,5.646240465966846,0.82146513,0.07497327,0.96524405,0.84702444,0.45977876,1.8540973e-10,1.386004000516066,0.2948787701038782,3.9136756598763895,0.22452515,0
0.5288949,5.50705921471217,0.6568747,0.27687547,0.7442192,0.671167,0.49038363,0.0041038333,1.5161040722998516,0.3268913756000984,3.817202567982406,0.40016744,0
0.51211274,5.52633403034967,0.596927,0.36630365,0.6782024,0.56576896,0.46623716,0.019398542,1.5114701935109254,0.323925227541622,3.830562852097351,0.43423104,0
0.47197807,5.444935321508528,0.7447797,0.27330208,0.64309615,0.7118613,0.6257034,0.24978508,1.5730631744132788,0.3017721459839322,3.774141566562896,0.420488,0
0.50141525,5.699476395045199,0.6678588,0.2281312,0.80907416,0.67456025,0.46342143,0.000106970256,1.3920245003895453,0.225373379933444,3.95057599402154,0.34325853,0
0.5422562,5.586666557469481,0.67341167,0.2449917,0.8405205,0.678053,0.46337694,3.784213e-05,1.4482078692792244,0.2769099269695516,3.8723821731665056,0.36351874,0
0.5248162,5.444028421820958,0.7936122,0.101629995,0.9489075,0.80343455,0.4786175,2.846734e-09,1.578192320618495,0.2357349789390355,3.773512951601404,0.25153783,0
0.51531994,5.639374116366598,0.72502846,0.18418033,0.88552505,0.71326387,0.4712213,5.077651e-06,1.4232994033902648,0.2618601263225173,3.90891626901024,0.3216591,0
0.5179862,5.396532544122458,0.68180287,0.22628707,0.8369943,0.67540485,0.4684517,3.8100761e-06,1.611579147483423,0.2520374502520326,3.740591317886469,0.34646112,0
0.5225126,5.172324959328531,0.6667276,0.2444709,0.8225264,0.67857236,0.4606224,6.215402e-05,1.814805492946336,0.2245340283034238,3.5851824626264044,0.36280552,0
0.5166224,5.557373993536366,0.60730064,0.32651865,0.6790904,0.6096235,0.51311976,0.027048664,1.4538549027089618,0.1727263976099351,3.852078115064895,0.40882304,0
0.5427376,5.536264735468466,0.6893547,0.23488775,0.8489852,0.72489625,0.4184159,0.00022209108,1.5159825215166818,0.3348748224207156,3.8374462923514177,0.38073155,0
0.5304695,5.583132192095084,0.6707792,0.24902189,0.8328771,0.6848294,0.44792575,0.00037036045,1.4360200770307192,0.3078877080050688,3.869932337772173,0.37505606,0
0.5320297,5.51164727625038,0.75415474,0.141654,0.9233184,0.77891165,0.4576649,1.1539474e-07,1.57384935882553,0.3340066247299091,3.820382769901851,0.29524314,0
0.5297286,5.643645645721918,0.76756555,0.11863386,0.9372723,0.8039225,0.4503808,1.430686e-08,1.3875487662192665,0.2457671101001324,3.9118770675395584,0.2751538,0
0.52956045,5.603661990530073,0.72345936,0.16674739,0.8957133,0.7569641,0.4437908,1.4901921e-06,1.4559712204038828,0.3026728359333219,3.88416250967485,0.3154359,0
0.5319331,5.3313012211320085,0.6746178,0.23420702,0.8409187,0.70005906,0.45027664,3.732534e-05,1.6877911468468183,0.2758322664825527,3.695376410271443,0.3636609,0
0.5360303,5.585250269871572,0.5936277,0.31492895,0.70472664,0.6310368,0.48331392,0.021700501,1.4844128846770497,0.2610747007015561,3.8714004774111537,0.39828965,0
0.52884966,5.5469878871046845,0.7362905,0.19273278,0.8951759,0.6934075,0.49914697,9.724913e-07,1.4657727133290217,0.2409646089822672,3.844879014674778,0.32262355,0
0.5194055,5.460307313744334,0.7125663,0.18395253,0.87611157,0.7241472,0.4618083,2.5296422e-06,1.5521742538831145,0.252775440330879,3.784796619640732,0.3212552,0
0.5301699,5.538954647253101,0.7187339,0.21509847,0.87311876,0.6680069,0.5012889,3.4099157e-06,1.4645906586440085,0.3432433429609318,3.839310797120893,0.33297205,0
0.5274934,5.584083443932824,0.73224646,0.19330108,0.8889889,0.69042265,0.5004798,1.172821e-06,1.51383482634747,0.2966866232180791,3.870591695301506,0.3190488,0
0.5085053,5.681535184572976,0.6851692,0.2312507,0.8302683,0.6621393,0.4771766,2.5038333e-05,1.3523430891830177,0.2776178334361248,3.9381400945668847,0.34604955,0
0.5275579,5.614303573043099,0.770702,0.12949264,0.93071884,0.77524066,0.47022516,4.4385747e-08,1.442573311141398,0.2672058968000783,3.8915386925904496,0.27911744,0
0.52743083,5.559547803568893,0.7302573,0.17445478,0.89288926,0.7283739,0.46940443,2.7540986e-07,1.5163751973110295,0.3108570108927324,3.853584885360013,0.31294283,0
0.5269081,5.693153892205471,0.79555374,0.11399559,0.9487107,0.78888094,0.48688963,8.739905e-09,1.3769263894861337,0.2888636868706271,3.946193569004101,0.2638901,0
0.52084786,5.448094403547637,0.7712793,0.12853664,0.9304932,0.77768844,0.46911806,4.3776524e-08,1.5681496112196402,0.2680151407021185,3.7763312753714606,0.27709407,0
0.5414183,5.6105063706370055,0.8003461,0.09856691,0.95499367,0.8154088,0.47533718,1.1703447e-09,1.4431084872977828,0.2513297840643531,3.8889066724486514,0.24832344,0
0.52640873,5.395876750344177,0.7974164,0.092698485,0.9529057,0.8147566,0.48301318,2.7497435e-10,1.6132858556978458,0.1944319791650741,3.7401367562780248,0.23920876,0
0.50250894,5.588879544785259,0.61519027,0.30177066,0.6889196,0.64223474,0.48124415,0.013890468,1.4235222669493963,0.1841400763383944,3.873916099085052,0.4087046,0
0.5076354,5.655202316773574,0.6370352,0.2925705,0.75862664,0.63290817,0.45181024,0.00056614703,1.394103493384609,0.3646948738696665,3.919887541495672,0.38943863,0
0.48424426,5.507929732224026,0.6678232,0.31758067,0.61243474,0.6557161,0.5805173,0.16280459,1.5104708923110743,0.2903870411937532,3.817805964741377,0.42810404,0
0.52426934,5.574715879145724,0.60067815,0.34206834,0.68681896,0.57448304,0.5155127,0.012182554,1.415841049027884,0.3472808497915025,3.864098594180613,0.42551696,0
0.5220433,5.53819858823889,0.62883365,0.3027103,0.6684758,0.657378,0.53096336,0.13624613,1.5115157251053963,0.3490952424210434,3.8387867369468553,0.4095299,0
0.5451821,5.48938783011248,0.76175725,0.13957693,0.9304847,0.7807944,0.460614,6.7919025e-08,1.5630530968710383,0.2110356000279267,3.8049536975705407,0.29221246,0
0.52336663,5.658294467106988,0.7522138,0.17841184,0.9109822,0.6980929,0.5139832,3.1542393e-07,1.396415104430534,0.2440548204479,3.922030856781147,0.31078294,0
0.53086144,5.594343518193335,0.7943231,0.107647315,0.94961923,0.79043025,0.49825823,5.3290783e-10,1.5222873648323247,0.259226687020373,3.8777034368475145,0.25240982,0
0.51045585,5.742117838224306,0.73642844,0.16324444,0.8935988,0.72707033,0.4756734,1.266532e-07,1.30607205799125,0.2562823753343934,3.9801327901361447,0.30231118,0
0.5199717,5.493763252462166,0.8198998,0.08627544,0.9628124,0.8141192,0.49397078,7.828477e-11,1.528545845771629,0.2891607627834673,3.8079865092359846,0.23350996,0
0.52332556,5.421210560138639,0.7087415,0.21209903,0.8607288,0.6803592,0.47756293,4.6041646e-06,1.6192382669560754,0.277247400453291,3.757696815109898,0.33579153,0
0.5218209,5.359747438920504,0.60624254,0.28879648,0.67845446,0.677669,0.5202642,0.034104142,1.6176392291767832,0.3307918644150049,3.7150938259291344,0.3990494,0
0.5378997,5.162717221079376,0.7029585,0.23224108,0.85852736,0.66844,0.4829389,2.3897608e-05,1.817657962607088,0.2977814646983461,3.578522885947443,0.34950086,0
0.5136592,5.325688798796863,0.6795959,0.27005026,0.8202659,0.6336118,0.4762212,0.00035013937,1.681809400345638,0.2792839984558668,3.6914861755537256,0.37683398,0
0.5863589,5.4884429767564775,0.67841387,0.47286436,0.51229995,0.6127997,0.6168127,0.989184,1.5550009758086194,0.3561381361860185,3.804298775130784,0.460855,0
0.5210637,5.552615909291807,0.6732991,0.26335198,0.8161836,0.64076525,0.47814617,4.9010097e-05,1.491743053343116,0.242724136628567,3.848780062385913,0.36816734,0
0.49787346,5.4195869344831245,0.6736811,0.2791221,0.79613787,0.6247833,0.46746463,0.00077302865,1.5369989359189329,0.2718399924093546,3.756571403564492,0.38104048,0
0.51932305,5.507081771505914,0.62849146,0.3072072,0.74432814,0.6052249,0.47481403,0.000415468,1.490746203057261,0.251413452840552,3.817218203160392,0.3947751,0
0.52368957,5.484501770373335,0.6681212,0.25181228,0.8077612,0.64997035,0.47129935,3.0599098e-05,1.520787904269918,0.2898499602788433,3.8015669390383033,0.357092,0
0.52434295,5.624892118366655,0.6376318,0.31555703,0.6786077,0.6527761,0.53156096,0.017132154,1.4222148570073283,0.2775487836515822,3.898878112927704,0.41033134,0
0.52878356,5.460720078779959,0.58785903,0.36607495,0.6801662,0.5767068,0.4783941,0.004333991,1.552183460939753,0.2850959711216774,3.7850827265614098,0.42329317,0
0.5129797,5.535865720195665,0.63506365,0.28920224,0.7552867,0.61864394,0.48927945,0.0011005559,1.4999938401086907,0.2638612595812901,3.837169716040076,0.38135606,0
0.5163426,5.522079369622247,0.67318296,0.23400956,0.74816966,0.71947426,0.52987444,0.0065023564,1.4996482572169565,0.2071650753327958,3.8276137460099,0.38225788,0
0.503368,5.514151967568782,0.6660372,0.22503075,0.81809366,0.71295714,0.4334396,0.00019208019,1.4725138701386258,0.3032260503920838,3.822118889627375,0.37002927,0
0.5290424,5.500423740879805,0.78975576,0.10309081,0.9494602,0.81680954,0.4558296,4.239114e-09,1.5116060445633566,0.254932604197279,3.8126032080038232,0.25924435,0
0.5224966,5.802623498226987,0.67345977,0.40707013,0.53177387,0.6063733,0.5739068,0.6955755,1.2991995338183873,0.320796901378344,4.022072117774922,0.4549981,0
0.51925194,5.699018636501755,0.67786115,0.25039288,0.82390577,0.66809744,0.45713305,0.00028470028,1.379152170428655,0.3702374841591336,3.950258699977773,0.36977664,0
0.52939445,5.480641055530189,0.71218103,0.20875202,0.87369955,0.68813074,0.48053437,2.4093033e-06,1.555836136334654,0.3583987936417543,3.7988908954298326,0.3359126,0
0.50800747,5.58970733000453,0.69430465,0.22016431,0.8431603,0.66722506,0.4865379,6.2643408e-06,1.4445467342241,0.3312804064300962,3.8744898760758986,0.33694044,0
0.53080636,5.587911085001353,0.7216197,0.20218179,0.88018423,0.6929509,0.48219293,2.136209e-06,1.4626617930751444,0.3904581941887954,3.8732448139163504,0.33037362,0
0.53711534,5.827942027712945,0.7019332,0.19524212,0.8747974,0.73233026,0.4485855,1.0230708e-05,1.2304202207503667,0.2513676559749456,4.039621585104038,0.33598277,0
0.5170928,5.785227101910891,0.7190684,0.17422423,0.88501936,0.737739,0.45180178,2.8765094e-06,1.3399600968441905,0.2244046371240529,4.010013854716517,0.31807882,0
0.507399,5.422962581673364,0.6160194,0.29554927,0.706214,0.64160526,0.48802847,0.02863708,1.6211106908654882,0.2748743670766771,3.758911223896973,0.40047672,0
0.5035746,5.722976724347968,0.55571824,0.4225638,0.61182344,0.5194061,0.46461278,0.112775505,1.380641964398705,0.3467109866905957,3.9668651810199833,0.4558916,0
0.5166045,5.756275048245843,0.59909934,0.3497735,0.69455767,0.57802665,0.47023126,0.0044148015,1.2919637296692887,0.2577864389709248,3.989945820347169,0.42197335,0
0.52627194,5.679027302088514,0.70631623,0.20267731,0.8685567,0.7066642,0.46553254,3.6863187e-06,1.389448968502772,0.2720010351491737,3.936401762893604,0.33509436,0
0.48860663,5.7558602968953725,0.66456854,0.2977081,0.6158309,0.67006123,0.56965,0.26882944,1.326874769571824,0.3186377831754043,3.989658336617956,0.41434866,0
0.5234564,5.622308024008645,0.69005936,0.23511422,0.8380638,0.6816695,0.45342895,0.0002697087,1.4229738617354797,0.4194713213905743,3.897086955209148,0.3631061,0
0.52527,5.533823125626144,0.6829063,0.23071776,0.84827566,0.6933112,0.45901123,3.9632545e-05,1.4772819155051793,0.2579180137090588,3.8357538973731846,0.35864693,0
0.52666515,5.491564881409836,0.80237097,0.09257225,0.9546733,0.8169101,0.47592175,2.8284067e-10,1.509338573255261,0.3166534391684763,3.806462714539238,0.24146716,0
0.5233619,5.362867996963537,0.76255083,0.1470395,0.9248515,0.7484853,0.48953643,2.5958014e-08,1.6652746448994469,0.2735101997893707,3.717256831938436,0.29255736,0
0.5366503,5.594918778357544,0.8460081,0.064877875,0.97537136,0.84694487,0.50223285,3.935803e-12,1.4457625101769591,0.3109466555960125,3.878102176808424,0.20237043,0
0.52114296,5.754980122876086,0.73316455,0.17016928,0.90149343,0.7331879,0.4740459,3.9908434e-07,1.2997772165702477,0.2726050227888663,3.989048246478085,0.31310555,0
0.5327778,5.710709546436901,0.7990854,0.08662699,0.9569422,0.8375837,0.45473787,5.63141e-10,1.3630434540769842,0.318362345911737,3.958362221237501,0.24018258,0
0.49802136,5.633521898246921,0.64546245,0.3853892,0.5830589,0.6000609,0.53783697,0.32399127,1.4015885824915846,0.3135886608106375,3.904859820520563,0.451949,0
0.5150497,5.587423701324179,0.5773057,0.34805602,0.6607569,0.5851138,0.47833964,0.029320642,1.4445169358242744,0.3174898063118689,3.872906985294669,0.41488618,0
0.53354555,5.552056667242669,0.8159331,0.08575308,0.96245337,0.8247991,0.4825402,3.9839634e-10,1.5347960196039674,0.3061983057568227,3.848392425336302,0.23420179,0
0.52004117,5.4009393035481725,0.73065084,0.16006698,0.9022032,0.75453585,0.45832655,4.52333e-07,1.584285614762072,0.2335867288191906,3.74364585075781,0.30848172,0
0.5263728,5.649735261955637,0.8167956,0.074531205,0.9637057,0.84371597,0.46137035,3.047562e-11,1.4113009318931578,0.2568428175396775,3.916098067862653,0.22406928,0
0.5306389,5.457693190418137,0.7730921,0.13913329,0.930167,0.746707,0.49753296,9.702151e-09,1.606620689015967,0.1856086121226496,3.782984647427544,0.28273016,0
0.54189324,5.57621354014022,0.644696,0.2609517,0.787004,0.67358434,0.46720293,0.0015821832,1.4716327218647105,0.3092342690861187,3.8651366936763822,0.37243423,0
0.5186756,5.518678493326069,0.68154883,0.25079072,0.82556695,0.67101824,0.45916748,0.0003822509,1.5240738246578704,0.3250507862430822,3.825256438193772,0.37261912,0
0.5087767,5.681703210524372,0.68045574,0.24892853,0.8247278,0.64880085,0.4766628,9.3248666e-05,1.3649738271389558,0.3129436551316757,3.938256561281356,0.36127096,0
0.49962163,5.497915185735327,0.5897538,0.31850567,0.6747644,0.6128284,0.46732578,0.0064798347,1.520362293229257,0.2769899802397049,3.810864410078148,0.40555754,0
0.5201056,5.65966982637864,0.7041992,0.21422064,0.86279917,0.6851634,0.47858372,9.934175e-06,1.4074349156365875,0.2494338635265194,3.922984183182548,0.3404377,0
0.5211277,5.794175121894906,0.70698667,0.19763023,0.8695767,0.71538657,0.46120498,1.2131887e-05,1.3359291914633538,0.2472987386562977,4.016216149540031,0.33459857,0
0.5223647,5.633134350743417,0.62355065,0.3116691,0.6979495,0.62203294,0.5015594,0.020800415,1.4505428593832312,0.3163273968861233,3.904591193061176,0.40115866,0
0.51292855,5.508396474539003,0.60561925,0.28092822,0.7008785,0.65355355,0.4794779,0.008569403,1.5248202938097926,0.2971054692945927,3.818129485861051,0.38853407,0
0.52844197,5.642112559272929,0.6007648,0.36271718,0.67786247,0.5730198,0.48503873,0.021647403,1.433688778287863,0.3752758562802682,3.910814412989885,0.4269802,0
0.5065623,5.574029193944021,0.6705104,0.24173127,0.81230605,0.6599767,0.46510562,4.551508e-05,1.4651633360272294,0.2915912746750564,3.863622620269121,0.35594532,0
0.5013234,5.583927301664218,0.5824305,0.39228883,0.5749134,0.5701845,0.50180304,0.20318188,1.4467576231495072,0.3892029284026534,3.870483465728254,0.43897787,0
0.53105694,5.568002945105377,0.6359287,0.4398203,0.5258469,0.576255,0.55621195,0.75509435,1.5256806149799724,0.3551507314059563,3.859445542877262,0.45165178,0
0.5053685,5.654037204369291,0.64228684,0.25996506,0.7477487,0.6532262,0.49099687,0.002198693,1.4961918696326115,0.3555837655362666,3.919079947117608,0.37696776,0
0.5066137,5.60673141344229,0.6269687,0.30981115,0.72791505,0.6067873,0.47823587,0.002868199,1.4855366089728357,0.325624576470318,3.8862900715123994,0.3959655,0
0.51264954,5.539639180304837,0.6007564,0.33733875,0.68534595,0.58466613,0.4798405,0.009695685,1.499266425239034,0.2843731692394158,3.839785279275703,0.41533387,0
0.53536606,5.354771042137376,0.68320453,0.21543597,0.8546764,0.721124,0.440571,3.224675e-05,1.6629104849126464,0.2136476972146965,3.711644450529562,0.3535808,0
0.5124856,5.876578101507227,0.75907475,0.15099464,0.92003536,0.7608099,0.45323384,9.600006e-07,1.239634084229597,0.2544690999310433,4.073333542528049,0.31030288,0
0.5053962,5.567365105626314,0.60529804,0.30874017,0.6272282,0.66200507,0.52782047,0.027094154,1.422661445841441,0.3051775257290501,3.8590034262407,0.411671,0
0.5318455,5.583047770173927,0.6487788,0.24997526,0.8064882,0.69744146,0.43488973,0.0012807352,1.4464487926609046,0.3045353266202255,3.8698738209555454,0.37801674,0
0.5236441,5.515475709087099,0.62531775,0.43317205,0.5426284,0.5686047,0.5531226,0.73466307,1.516307529183812,0.2744364965249133,3.8230364373285854,0.4504593,0
0.52346617,5.490652336133073,0.68744665,0.20921752,0.8485876,0.7118471,0.44384018,1.9337795e-05,1.546983097697922,0.2415090864824378,3.805830186353517,0.34244156,0
0.5409421,5.6817922233717,0.79724705,0.10514928,0.95148265,0.799001,0.48201942,2.9340306e-09,1.4330934283905956,0.4282653171504762,3.9383182602855142,0.25571275,0
0.5517179,5.749853300103842,0.715358,0.19407667,0.8872417,0.7365641,0.44712612,2.751625e-06,1.2904556084718968,0.4081455189696612,3.985494603728274,0.33660308,0
0.5313051,5.549662882201404,0.65848535,0.26501986,0.8049172,0.6654833,0.4548434,0.00037292572,1.4927617919064158,0.4030240405360246,3.846733179984082,0.3754392,0
0.48932746,5.598725935431506,0.6367658,0.27027154,0.70850545,0.6742018,0.4979516,0.025384415,1.494697985115428,0.3282815039137858,3.880741097000191,0.3898977,0
0.49758345,5.539461479665386,0.6326743,0.2536092,0.76777583,0.67626035,0.45384392,0.00039908377,1.4936543064498862,0.3092921516172282,3.8396621065784826,0.3759669,0
0.49000195,5.59291450581836,0.57587856,0.30994573,0.65264165,0.6250353,0.4994886,0.014849111,1.4533355900770977,0.3301046333671991,3.876712920948816,0.40234452,0
0.52674025,5.508050109915275,0.75667554,0.14157051,0.9223273,0.7693726,0.46417716,1.9231437e-07,1.5583503774228913,0.2974333690551702,3.817889404198668,0.2914197,0
0.5428618,5.568481608849492,0.77035034,0.12370002,0.9386127,0.7964568,0.46871775,1.0458665e-07,1.4978876472132416,0.2191619626582479,3.859777327301933,0.27472126,0
0.52038187,5.625307017480193,0.6796264,0.23950845,0.83314574,0.69236356,0.43933505,0.0001628536,1.3886857854827015,0.2786169493719796,3.899165699078469,0.37192047,0
0.50785875,5.523614684642984,0.61650246,0.30242208,0.72383976,0.63687694,0.46797734,0.0160536,1.4810338647526986,0.3320178758585257,3.828677945287795,0.40428194,0
0.5058449,5.690971542836017,0.6834078,0.23370129,0.8261954,0.6609198,0.47167745,6.704716e-05,1.383078694196716,0.334480317784255,3.944680879691665,0.34988478,0
0.5135772,5.614834742347087,0.667129,0.25777674,0.8145754,0.65705377,0.4668729,0.00022794047,1.4219264562396026,0.259597323498383,3.891906871095909,0.36832166,0
0.4912318,5.645003945148998,0.6205935,0.36009622,0.59365577,0.6110989,0.538432,0.21236706,1.410133927156971,0.2856192899230336,3.9128185689577952,0.4400111,0
0.5392105,5.639567906861844,0.77281374,0.12550847,0.9412017,0.7800432,0.4866686,2.7221243e-09,1.401798061243858,0.4858885361136629,3.909050594345637,0.27480596,0
0.5056103,5.635644815358987,0.7474971,0.14246123,0.91264117,0.7714193,0.43579483,4.991776e-07,1.4286757222008852,0.28545894247884,3.9063313145313545,0.30218068,0
0.5313102,5.534923797256491,0.6285318,0.271709,0.72465414,0.67161655,0.506676,0.010523787,1.5086362229731547,0.4090407453743694,3.836516824810481,0.38751426,0
0.50831985,5.410563541536286,0.6552812,0.30224845,0.76963127,0.61783314,0.46011573,0.0019908026,1.6038954248462929,0.3318607194885885,3.750316864184308,0.40372097,0
0.51366925,5.430781893858187,0.74478894,0.14796504,0.91024375,0.76764417,0.45002982,1.3504258e-07,1.6119603234691215,0.2820597511567371,3.764331158091801,0.30095232,0
0.51040745,5.312755053377384,0.6182981,0.27321884,0.72110856,0.64403003,0.5083947,0.016866757,1.6484176692574568,0.2041363728408214,3.682521186382134,0.37850603,0
0.51690435,5.39991749724033,0.698947,0.23703635,0.846281,0.6636473,0.47364798,8.5624975e-05,1.6101904908435989,0.3030577835682351,3.74293758859645,0.35766444,0
0.51687086,5.58648686652448,0.77159363,0.12650092,0.9289982,0.7834581,0.4473806,6.332283e-08,1.466745280222671,0.379873134014133,3.872257620894605,0.2835143,0
0.51219416,5.689970251545073,0.6475958,0.26474038,0.79141825,0.6699294,0.43556783,0.0008225419,1.3334178122698546,0.3261844054409266,3.9439868374564298,0.38451222,0
0.50937086,5.39432738295549,0.6850793,0.25120544,0.8305453,0.6274798,0.5016758,1.7290025e-05,1.5997063705452907,0.3270170755072286,3.739062816640904,0.3725202,0
0.52220726,5.466837579558194,0.68674725,0.2185491,0.84422094,0.70289165,0.44436917,3.5316385e-05,1.5582191877596745,0.3563879144826387,3.789323054977917,0.35056055,0
0.54119307,5.544053377039787,0.7237362,0.17011681,0.89941305,0.7641797,0.44544193,4.171738e-06,1.5367890049899742,0.2896921176625255,3.842844967296972,0.32053083,0
0.5175113,5.5536854389028925,0.72718596,0.17158988,0.8912933,0.75343317,0.42381638,7.1492536e-06,1.493197816304903,0.3252143269153293,3.849521403820362,0.3268258,0
0.5312222,5.399866707826666,0.8227776,0.0785283,0.96726984,0.84566474,0.46213675,4.7680526e-10,1.6254196018217304,0.2892175517918076,3.742902384057566,0.23079538,0
0.52714866,5.721382001973677,0.7004284,0.19652387,0.8707925,0.73062485,0.44473737,7.5516323e-06,1.3695864698250588,0.3406781928251803,3.965759803702469,0.3396444,0
0.52054286,5.436147548950117,0.67927283,0.24516615,0.82952154,0.67140967,0.45856246,4.6410623e-05,1.5861053247831007,0.3635221452068435,3.7680503467906297,0.36620638,0
0.5331811,5.688138299377926,0.63690317,0.30549222,0.76129156,0.6173244,0.47850174,0.0020089766,1.3918652801893905,0.284582215516366,3.9427170249768513,0.3917244,0
0.51583433,5.414729326718829,0.6479005,0.28276318,0.7754482,0.62668604,0.47723106,0.0014009345,1.623755263065449,0.3381954990201734,3.753204366438406,0.3809396,0
0.5311904,5.532610890113017,0.744107,0.1471948,0.91497123,0.76588887,0.46312577,6.6432165e-08,1.4959875952607615,0.238329668723054,3.8349136397450874,0.29518992,0
0.52557254,5.606071798049415,0.68795556,0.21472526,0.85441875,0.7028427,0.46264598,6.716169e-06,1.4453388379043892,0.2661614815042412,3.885832860962575,0.34476212,0
0.52831095,5.493052149894886,0.72594017,0.17323808,0.892808,0.7318382,0.46488222,1.8494552e-07,1.5215431493110134,0.2956081431066479,3.8074936104963855,0.31475756,0
0.5210233,5.526408910546158,0.73258245,0.17193232,0.89846313,0.73709553,0.45646894,9.881054e-07,1.476904553571485,0.348901335127266,3.830614755094428,0.31887883,0
0.5042546,5.743706929030013,0.67900044,0.24761355,0.81786317,0.645547,0.47183806,0.00015723464,1.3275519964103129,0.4031473510801788,3.9812342639477736,0.35931635,0
0.5407024,5.475787377355732,0.63747364,0.28608435,0.7489754,0.64055026,0.5013722,0.005786051,1.5307165873527715,0.3766505988232893,3.795526582087861,0.38824895,0
0.5301979,5.500697596315273,0.73713976,0.1620952,0.9029495,0.7427733,0.46679357,6.0924737e-07,1.5476284734938608,0.3091357635152008,3.812793030126798,0.3065052,0
0.53792965,5.511865663222709,0.7672651,0.15054244,0.92850435,0.75487167,0.47105122,1.6712836e-07,1.5027570211515466,0.3806285021919393,3.820534144215992,0.30111593,0
0.5301026,5.586054821346729,0.7030871,0.22721729,0.8617363,0.67156816,0.48598164,9.109948e-06,1.4866175238165429,0.2420602368903246,3.871958149997774,0.34707475,0
0.52451766,5.368637776481132,0.652869,0.2536452,0.80258363,0.67229253,0.44925153,0.00011420392,1.6003882660458546,0.2683127627803969,3.721256138343509,0.3682003,0
0.51477915,5.781353844589432,0.63448703,0.30399302,0.75866026,0.6129725,0.46312284,0.0010300041,1.2812633339378316,0.2356610293754784,4.007329117324565,0.3870275,0
0.5581035,5.58584677040242,0.7250166,0.42816168,0.54067045,0.63325655,0.628818,0.97225326,1.449594143982661,0.2575781588907375,3.871813940072314,0.45347935,0
0.56010383,5.587743154210144,0.86656487,0.04315661,0.98668355,0.9037259,0.46834663,1.7499156e-13,1.4578837748940714,0.3110080826879766,3.8731284131618953,0.1767815,0
0.5288845,5.602922081853016,0.75383323,0.15335703,0.91569465,0.74554497,0.48474717,1.2147534e-07,1.4624338663231236,0.3247293940494273,3.883649644061475,0.29441535,0
0.5419658,5.543235266965896,0.7216006,0.18646851,0.8941503,0.73070854,0.46505386,1.7539418e-06,1.5506686278920094,0.4652015863609904,3.842277896605866,0.32768345,0
0.5519582,5.487572274523096,0.7675471,0.13481255,0.93781775,0.77792907,0.48207644,2.4413406e-08,1.537195528952711,0.3301882032627645,3.803695250332609,0.2829493,0
0.551738,5.101723788320056,0.7366663,0.17920302,0.90664464,0.7215869,0.4955477,8.04405e-07,1.876459175778936,0.3465949843391627,3.536245459997648,0.31184256,0
