image_id,file_name,class_name,true_label,split,image_path,stat_mean,stat_std_dev,stat_variance,stat_median,stat_range,stat_skewness,stat_kurtosis,stat_entropy,stat_energy,stat_contrast,stat_mean_abs_dev,stat_min_value,stat_max_value,stat_iqr,stat_percentile_25,stat_percentile_50,stat_percentile_75,stat_signal_to_noise,stat_coef_of_var,stat_autocorrelation,stat_shannon_entropy,stat_root_mean_square,stat_harmonic_mean,stat_geometric_mean,stat_std_error_mean,stat_median_abs_dev
covid_2020_01_24_919183_p27_132,2020.01.24.919183-p27-132.png,COVID,1,train,/Users/samehissa/Downloads/COVID-CT-Dataset-master/Images-processed/CT_COVID/2020.01.24.919183-p27-132.png,0.2828088966543873,0.3919442782468493,0.1536203172504436,0.0,1.5460599660873413,1.2061045209812915,0.3153195112892568,3.893251613107583,29.9009522274964,0.1536203172504436,0.3286230652994106,0.0,1.5460599660873413,0.4703986421227455,0.0,0.0,0.4703986421227455,0.72155199297049,1.3858979787535934,0.0341162429955336,5.616774794978603,0.4833230692583539,1.9104196206869958e-06,0.0004700081427451,0.0346433071244517,0.0
covid_2020_01_24_919183_p27_133,2020.01.24.919183-p27-133.png,COVID,1,train,/Users/samehissa/Downloads/COVID-CT-Dataset-master/Images-processed/CT_COVID/2020.01.24.919183-p27-133.png,0.2495949060685234,0.3568691912180972,0.1273556196406588,0.0041327578946948,1.3823904991149902,1.3602465603241427,0.834863452064432,3.874485955563695,24.27561430732977,0.1273556196406588,0.2947684210034822,0.0,1.3823904991149902,0.4554571285843849,0.0,0.0041327578946948,0.4554571285843849,0.6993997038995793,1.4297935676624862,-0.0116282489522191,5.589701673901015,0.4354919480036501,1.9999803561926346e-06,0.0005582888471672,0.0315430781383594,0.0041327578946948
covid_2020_01_24_919183_p27_134,2020.01.24.919183-p27-134.png,COVID,1,train,/Users/samehissa/Downloads/COVID-CT-Dataset-master/Images-processed/CT_COVID/2020.01.24.919183-p27-134.png,0.2368341315886937,0.3419876215529937,0.1169555332954736,0.0150363240391016,1.3216389417648315,1.396196155876332,0.8472031460770899,3.876712334336623,22.149880215148077,0.1169555332954736,0.2755530760150577,0.0,1.3216389417648315,0.3832214772701263,0.0,0.0150363240391016,0.3832214772701263,0.6925205011594062,1.4439963499303323,0.0607598513717797,5.59291365951586,0.4159879074935284,2.0644962599222283e-06,0.0006492739538658,0.0302277207852475,0.0150363240391016
covid_2020_01_24_919183_p27_135,2020.01.24.919183-p27-135.png,COVID,1,train,/Users/samehissa/Downloads/COVID-CT-Dataset-master/Images-processed/CT_COVID/2020.01.24.919183-p27-135.png,0.2585015836957609,0.373920809639705,0.1398167718816125,0.0745029188692569,1.819870352745056,1.775027279798793,2.856719575598442,3.9394608950590193,26.44989960381811,0.1398167718816125,0.284491546693971,0.0,1.819870352745056,0.3873993456363678,0.0,0.0745029188692569,0.3873993456363678,0.6913252370725365,1.4464933030344016,0.0869270734285493,5.683440696892982,0.4545765509293555,2.4150671877400786e-06,0.0015098903403198,0.0330502425153749,0.0745029188692569
covid_2020_02_10_20021584_p6_52_0,2020.02.10.20021584-p6-52%0.png,COVID,1,train,/Users/samehissa/Downloads/COVID-CT-Dataset-master/Images-processed/CT_COVID/2020.02.10.20021584-p6-52%0.png,0.217127415284267,0.3360826295200614,0.1129515338651189,0.0,1.58216392993927,1.6818862945482025,2.354974358912574,3.7923194584706312,20.492268586642616,0.1129515338651189,0.2671896304231325,0.0,1.58216392993927,0.3446507677435875,0.0,0.0,0.3446507677435875,0.6460517449015062,1.547859025909078,0.1224663018532263,5.471160476017635,0.4001197924786344,1.910411991639113e-06,0.0003898329497588,0.0297057882965802,0.0
covid_2020_02_10_20021584_p6_52_1,2020.02.10.20021584-p6-52%1.png,COVID,1,train,/Users/samehissa/Downloads/COVID-CT-Dataset-master/Images-processed/CT_COVID/2020.02.10.20021584-p6-52%1.png,0.2657129138660821,0.3555320224486005,0.1264030189863922,0.1079433374106884,1.6804794073104858,1.6049994042649138,2.4657030417953347,4.008403952806958,25.21681556244431,0.1264030189863922,0.2788932979608773,0.0,1.6804794073104858,0.4402126148343086,0.0,0.1079433374106884,0.4402126148343086,0.7473649340252108,1.338030648475696,0.0864762902270345,5.782904504409654,0.4438539980462,2.3272152031964783e-06,0.0013507962716055,0.0314248880002966,0.1079433374106884
covid_2020_02_10_20021584_p6_52_10,2020.02.10.20021584-p6-52%10.png,COVID,1,train,/Users/samehissa/Downloads/COVID-CT-Dataset-master/Images-processed/CT_COVID/2020.02.10.20021584-p6-52%10.png,0.3219033052992017,0.4763261472657457,0.2268865985690288,0.0,1.8384507894515991,1.532523425286602,1.450552170931532,3.847117180640928,42.30506707604224,0.2268865985690288,0.3769470919547757,0.0,1.8384507894515991,0.5283577293157578,0.0,0.0,0.5283577293157578,0.6758029794166026,1.4797180998903117,0.0151939512997489,5.550216878044735,0.5748985445551067,1.910437384021356e-06,0.0005005350575013,0.0421016810985088,0.0
covid_2020_02_10_20021584_p6_52_11,2020.02.10.20021584-p6-52%11.png,COVID,1,train,/Users/samehissa/Downloads/COVID-CT-Dataset-master/Images-processed/CT_COVID/2020.02.10.20021584-p6-52%11.png,0.282894958043471,0.4342749791036864,0.1885947574755072,0.0,1.8572092056274412,1.5452190103121,1.450891462594389,3.789026881610543,34.383912289526336,0.1885947574755072,0.3470020095919608,0.0,1.8572092056274412,0.4523544907569885,0.0,0.0,0.4523544907569885,0.6514174664399937,1.535110353705751,-0.0116636203800049,5.466410291709841,0.5182897980492425,1.828563985721624e-06,0.0003547932721591,0.0383848478279828,0.0
covid_2020_02_10_20021584_p6_52_12,2020.02.10.20021584-p6-52%12.png,COVID,1,train,/Users/samehissa/Downloads/COVID-CT-Dataset-master/Images-processed/CT_COVID/2020.02.10.20021584-p6-52%12.png,0.2170069432031596,0.3613677970655455,0.1305866847560053,0.0,1.78799569606781,1.9324296375186552,3.7195164529258777,3.6845275143069074,22.742873363761237,0.1305866847560053,0.2800948108688317,0.0,1.78799569606781,0.3566398099064827,0.0,0.0,0.3566398099064827,0.6005137824995959,1.6652361059583096,0.0683098013731498,5.315649572724853,0.4215195110008369,1.6842025753418922e-06,0.0001806318140935,0.0319407024759364,0.0
covid_2020_02_10_20021584_p6_52_13,2020.02.10.20021584-p6-52%13.png,COVID,1,train,/Users/samehissa/Downloads/COVID-CT-Dataset-master/Images-processed/CT_COVID/2020.02.10.20021584-p6-52%13.png,0.3545017090073088,0.4765353395291446,0.2270859298201571,0.0614492315798997,1.7820388078689575,1.1627260911445825,0.114935581868786,3.949400432250493,45.15294611318525,0.2270859298201571,0.4019904558158487,0.0,1.7820388078689575,0.6577388048171997,0.0,0.0614492315798997,0.6577388048171997,0.7439132750244911,1.344239893408581,-0.0636154083914673,5.697780417907852,0.593933827550898,2.0983516647775344e-06,0.0009319719684212,0.0421201712570114,0.0614492315798997
covid_2020_02_10_20021584_p6_52_14,2020.02.10.20021584-p6-52%14.png,COVID,1,train,/Users/samehissa/Downloads/COVID-CT-Dataset-master/Images-processed/CT_COVID/2020.02.10.20021584-p6-52%14.png,0.2903208594070747,0.4055434223852804,0.1644654674399659,0.0262884907424449,1.638056755065918,1.462988948393335,1.2997146254816334,3.9296732970239896,31.840213612394045,0.1644654674399659,0.3190400432740716,0.0,1.638056755065918,0.4895143210887909,0.0,0.0262884907424449,0.4895143210887909,0.7158793054026038,1.3968800699113593,0.0143607707876439,5.669320177745629,0.4987501066133505,1.9999936815480576e-06,0.0006665385241926,0.035845313004279,0.0262884907424449
covid_2020_02_10_20021584_p6_52_15,2020.02.10.20021584-p6-52%15.png,COVID,1,train,/Users/samehissa/Downloads/COVID-CT-Dataset-master/Images-processed/CT_COVID/2020.02.10.20021584-p6-52%15.png,0.3165008252071857,0.4590883295976366,0.2107620943727482,0.0442482214421033,1.7367998361587524,1.4848977936648928,1.2191557700548925,3.886103305013126,39.799662941385954,0.2107620943727482,0.3672551138495237,0.0,1.7367998361587524,0.5215793401002884,0.0,0.0442482214421033,0.5215793401002884,0.6894101099770258,1.4505122673759578,0.0742654632295816,5.606461966339987,0.5576153393958758,2.13331282246831e-06,0.0008951449762901,0.0405780588777617,0.0442482214421033
covid_2020_02_10_20021584_p6_52_2,2020.02.10.20021584-p6-52%2.png,COVID,1,train,/Users/samehissa/Downloads/COVID-CT-Dataset-master/Images-processed/CT_COVID/2020.02.10.20021584-p6-52%2.png,0.1992943407094571,0.3041324465542581,0.0924965450470786,0.0,1.3307931423187256,1.760121190135472,2.4970653243921603,3.8352755532754506,16.92349174859467,0.0924965450470786,0.2331514559036804,0.0,1.3307931423187256,0.290497325360775,0.0,0.0,0.290497325360775,0.6552858390532283,1.5260465774973508,0.111195655139646,5.533133020968505,0.3636135026176776,1.9104351218615576e-06,0.0004054365546238,0.0268817644171713,0.0
covid_2020_02_10_20021584_p6_52_3,2020.02.10.20021584-p6-52%3.png,COVID,1,train,/Users/samehissa/Downloads/COVID-CT-Dataset-master/Images-processed/CT_COVID/2020.02.10.20021584-p6-52%3.png,0.2755069123595604,0.3982306045140375,0.1585876143716157,0.0,1.484531044960022,1.3887591924620604,0.9142308803026128,3.856123905459099,30.014934160577823,0.1585876143716157,0.3255837466615503,0.0,1.484531044960022,0.5031390190124512,0.0,0.0,0.5031390190124512,0.6918258351085966,1.44544687138126,0.1272455214620345,5.56321083527456,0.4842434027733514,1.855064779596079e-06,0.0003979512804947,0.0351989451159867,0.0
covid_2020_02_10_20021584_p6_52_4,2020.02.10.20021584-p6-52%4.png,COVID,1,train,/Users/samehissa/Downloads/COVID-CT-Dataset-master/Images-processed/CT_COVID/2020.02.10.20021584-p6-52%4.png,0.2643628272962814,0.3818532776971126,0.1458119256880281,0.0410176534205675,1.6109657287597656,1.544761239707105,1.820856963704311,3.890755566548863,27.609552658446297,0.1458119256880281,0.3076809199894796,0.0,1.6109657287597656,0.5052090585231781,0.0,0.0410176534205675,0.5052090585231781,0.6923133842852338,1.44442878600763,0.0416022890978488,5.613173760986509,0.4644347426109633,2.133310757543043e-06,0.0008152306416166,0.0337513802597422,0.0410176534205675
covid_2020_02_10_20021584_p6_52_5,2020.02.10.20021584-p6-52%5.png,COVID,1,train,/Users/samehissa/Downloads/COVID-CT-Dataset-master/Images-processed/CT_COVID/2020.02.10.20021584-p6-52%5.png,0.2388420834031421,0.3461494742419407,0.119819458517972,0.0,1.4049818515777588,1.6238874156276892,2.047860961705616,3.893014660524547,22.63871991325767,0.119819458517972,0.2719846057534596,0.0,1.4049818515777588,0.3619919642806053,0.0,0.0,0.3619919642806053,0.6899949622377356,1.4492817568404566,-0.0060181731151295,5.616432944662131,0.4205532062918146,1.969223197321232e-06,0.0005437827026717,0.0305955800675793,0.0
covid_2020_02_10_20021584_p6_52_6,2020.02.10.20021584-p6-52%6.png,COVID,1,train,/Users/samehissa/Downloads/COVID-CT-Dataset-master/Images-processed/CT_COVID/2020.02.10.20021584-p6-52%6.png,0.2750472926127258,0.3787824570341358,0.1434761497568169,0.0259456150233745,1.561510682106018,1.2662392820040351,0.5506471844480547,3.921779251922639,28.048276855092148,0.1434761497568169,0.3147726496072209,0.0,1.561510682106018,0.5271070748567581,0.0,0.0259456150233745,0.5271070748567581,0.7261333289640965,1.377153919371502,-0.0171304415589496,5.657931478025356,0.4681102038306871,2.0317352982398224e-06,0.0006780003785424,0.0334799554954174,0.0259456150233745
covid_2020_02_10_20021584_p6_52_7,2020.02.10.20021584-p6-52%7.png,COVID,1,train,/Users/samehissa/Downloads/COVID-CT-Dataset-master/Images-processed/CT_COVID/2020.02.10.20021584-p6-52%7.png,0.2407755747408373,0.345726987786647,0.1195271500840284,0.0227894717827439,1.4921343326568604,1.5321894884380036,1.74370051557354,3.893357490186833,22.72000351690355,0.1195271500840284,0.2759752848439802,0.0,1.4921343326568604,0.4037396609783172,0.0,0.0227894717827439,0.4037396609783172,0.6964306716453135,1.4358889524353784,-0.0341868568828411,5.616927543315782,0.4213075212666028,2.031732788906117e-06,0.0006233297417969,0.0305582371878921,0.0227894717827439
covid_2020_02_10_20021584_p6_52_8,2020.02.10.20021584-p6-52%8.png,COVID,1,train,/Users/samehissa/Downloads/COVID-CT-Dataset-master/Images-processed/CT_COVID/2020.02.10.20021584-p6-52%8.png,0.2238209796951196,0.365004904922499,0.1332285806174825,0.0,1.6206337213516235,1.877818658872497,3.2673140724230763,3.7176524234348793,23.465524680853203,0.1332285806174825,0.2818111527816,0.0,1.6206337213516235,0.3898564502596855,0.0,0.0,0.3898564502596855,0.6131982433068941,1.6307895060583453,-0.0877330429684658,5.363438714853675,0.4281640007861073,1.7297069021551417e-06,0.0002154717749946,0.0322621804296312,0.0
covid_2020_02_10_20021584_p6_52_9,2020.02.10.20021584-p6-52%9.png,COVID,1,train,/Users/samehissa/Downloads/COVID-CT-Dataset-master/Images-processed/CT_COVID/2020.02.10.20021584-p6-52%9.png,0.3003926191377104,0.4081166296860585,0.1665591834263074,0.0840171054005622,1.4136165380477903,1.2519622383318376,0.3856644274044094,3.9516279850799183,32.86974835951628,0.1665591834263074,0.3396492286888133,0.0,1.4136165380477903,0.5238548517227173,0.0,0.0840171054005622,0.5238548517227173,0.7360442119807108,1.3586107104015217,0.0567772289164198,5.700994097328181,0.5067493552622647,2.1694717819510102e-06,0.0010016041477615,0.0360727545457513,0.0840171054005622
covid_2020_02_11_20021493_p16_109_0,2020.02.11.20021493-p16-109%0.png,COVID,1,train,/Users/samehissa/Downloads/COVID-CT-Dataset-master/Images-processed/CT_COVID/2020.02.11.20021493-p16-109%0.png,0.2747566142061259,0.4141177872821566,0.1714935417434694,0.0,1.77268648147583,1.6451034478280429,1.9697074075739949,3.840464077340042,31.61404656556588,0.1714935417434694,0.3203757143965049,0.0,1.77268648147583,0.397017627954483,0.0,0.0,0.397017627954483,0.6634729518294535,1.5072168088790032,0.0119800295789427,5.540618478906021,0.4969755917482099,1.9393798150619755e-06,0.0005052415373708,0.0366031869496476,0.0
covid_2020_02_11_20021493_p16_109_1,2020.02.11.20021493-p16-109%1.png,COVID,1,train,/Users/samehissa/Downloads/COVID-CT-Dataset-master/Images-processed/CT_COVID/2020.02.11.20021493-p16-109%1.png,0.2194771616486832,0.3522593285025185,0.1240866345170452,0.0,1.4636900424957275,1.6197785272927236,1.5700911331121823,3.736400969696076,22.04887795230816,0.1240866345170452,0.2775583239945263,0.0,1.4636900424957275,0.3210375010967254,0.0,0.0,0.3210375010967254,0.6230538720658522,1.604993092932282,0.1235004359946482,5.390487149568579,0.4150383825652846,1.8550553825337796e-06,0.0003249440605,0.0311356199900438,0.0
covid_2020_02_11_20021493_p16_109_2,2020.02.11.20021493-p16-109%2.png,COVID,1,train,/Users/samehissa/Downloads/COVID-CT-Dataset-master/Images-processed/CT_COVID/2020.02.11.20021493-p16-109%2.png,0.1523155852628406,0.2704725885613497,0.0731554211630771,0.0,1.3811516761779783,2.1884708851831816,4.79087538311809,3.62751802686416,12.333498710660974,0.0731554211630771,0.1984332575516418,0.0,1.3811516761779783,0.2084503658115863,0.0,0.0,0.2084503658115863,0.5631440247937254,1.7757381038494102,0.141158524235647,5.233402267907577,0.310411756666913,1.662331001103119e-06,0.0001446464042771,0.0239066251871011,0.0
covid_2020_02_11_20022053_p12_67_0,2020.02.11.20022053-p12-67%0.png,COVID,1,train,/Users/samehissa/Downloads/COVID-CT-Dataset-master/Images-processed/CT_COVID/2020.02.11.20022053-p12-67%0.png,0.192818961397279,0.2709756428316118,0.0734277990080052,0.0234736548736691,1.32391095161438,1.6528381790357105,2.590776213029094,3.937062320469228,14.157689712938318,0.0734277990080052,0.2128233568155337,0.0,1.32391095161438,0.3320355266332626,0.0,0.0234736548736691,0.3320355266332626,0.7115704120561385,1.4053371145034892,0.1098078978268108,5.679980285227087,0.3325762331892202,2.0983425537906222e-06,0.0006787380578074,0.023951089322827,0.0234736548736691
covid_2020_02_11_20022053_p12_67_1,2020.02.11.20022053-p12-67%1.png,COVID,1,train,/Users/samehissa/Downloads/COVID-CT-Dataset-master/Images-processed/CT_COVID/2020.02.11.20022053-p12-67%1.png,0.1817080178370815,0.2674877130413349,0.0715496766280835,0.0070838932879269,1.2135581970214844,1.809017552202123,3.114096039019325,3.888622572544965,13.38463748791868,0.0715496766280835,0.2058174359790427,0.0,1.2135581970214844,0.2927578315138817,0.0,0.0070838932879269,0.2927578315138817,0.6793109726801906,1.4720743543697832,-0.0775337449023116,5.610096501114839,0.32336895394327,1.999987056855958e-06,0.0005098285455842,0.0236427969719511,0.0070838932879269
covid_2020_02_11_20022053_p12_67_2,2020.02.11.20022053-p12-67%2.png,COVID,1,train,/Users/samehissa/Downloads/COVID-CT-Dataset-master/Images-processed/CT_COVID/2020.02.11.20022053-p12-67%2.png,0.252034928714238,0.3729989859273731,0.1391282435028486,0.0,1.6921467781066897,1.6353073279731618,2.130736189469168,3.859203785703981,25.939180645739484,0.1391282435028486,0.2911179169462201,0.0,1.6921467781066897,0.4171762391924858,0.0,0.0,0.4171762391924858,0.6756968853165368,1.4799495761569077,0.1164181819675022,5.567654163230383,0.4501664678703198,1.939367142395985e-06,0.0004851333132787,0.0329687640406188,0.0
covid_2020_02_11_20022053_p12_67_3,2020.02.11.20022053-p12-67%3.png,COVID,1,train,/Users/samehissa/Downloads/COVID-CT-Dataset-master/Images-processed/CT_COVID/2020.02.11.20022053-p12-67%3.png,0.2480838905248674,0.3672205364244821,0.1348509223718844,0.0,1.844772458076477,1.6790974111348926,2.6540486880391585,3.854183236392817,25.13875700605937,0.1348509223718844,0.2909136132471985,0.0,1.844772458076477,0.4254402071237564,0.0,0.0,0.4254402071237564,0.675570101199348,1.4802272555769704,0.0550184027955955,5.560411041636629,0.4431664914113417,1.9102447605810643e-06,0.0004347647250569,0.0324580164370891,0.0
covid_2020_02_13_20022673_p13_77_0,2020.02.13.20022673-p13-77%0.png,COVID,1,train,/Users/samehissa/Downloads/COVID-CT-Dataset-master/Images-processed/CT_COVID/2020.02.13.20022673-p13-77%0.png,0.2303885830770013,0.374728231033051,0.1404212471331596,0.0,1.683917760848999,1.8389861408037171,2.7679771139775813,3.740312517252113,24.76801873220966,0.1404212471331596,0.2850249010450625,0.0,1.683917760848999,0.3295827656984329,0.0,0.0,0.3295827656984329,0.6148134813018662,1.626505211448815,0.0477691938236619,5.396130319829876,0.4398865153029676,1.828557222194716e-06,0.0003135305475561,0.0331216091581887,0.0
covid_2020_02_13_20022673_p13_77_1,2020.02.13.20022673-p13-77%1.png,COVID,1,train,/Users/samehissa/Downloads/COVID-CT-Dataset-master/Images-processed/CT_COVID/2020.02.13.20022673-p13-77%1.png,0.2399352137072128,0.3172690474095024,0.1006596484441331,0.0648667402565479,1.3850897550582886,1.302019268013605,0.8590989631203909,3.98899912936466,20.253255068269944,0.1006596484441331,0.2587318607492079,0.0,1.3850897550582886,0.3975981548428535,0.0,0.0648667402565479,0.3975981548428535,0.7562491816239022,1.322311312739022,-0.1258283477919275,5.754909261860124,0.397779530922418,2.169477063595207e-06,0.000928865212865,0.0280428868604819,0.0648667402565479
covid_2020_02_13_20022673_p13_77_2,2020.02.13.20022673-p13-77%2.png,COVID,1,train,/Users/samehissa/Downloads/COVID-CT-Dataset-master/Images-processed/CT_COVID/2020.02.13.20022673-p13-77%2.png,0.2159553229139419,0.3056957201407883,0.0934498733123951,0.0,1.034967064857483,1.2374162050667057,0.2319484807170075,3.875048002080507,17.931081575329287,0.0934498733123951,0.2541948071675506,0.0,1.034967064857483,0.3793210089206695,0.0,0.0,0.3793210089206695,0.7064365061374684,1.4155507538131291,-0.0217041299511434,5.590512535623571,0.3742814112499578,1.939376544490771e-06,0.0004484415984415,0.027019939586407,0.0
covid_2020_02_17_20024018_p17_61_0,2020.02.17.20024018-p17-61%0.png,COVID,1,train,/Users/samehissa/Downloads/COVID-CT-Dataset-master/Images-processed/CT_COVID/2020.02.17.20024018-p17-61%0.png,0.2099120837083319,0.303425701801572,0.0920671565137765,0.0126093076542019,1.2438503503799438,1.4760997100708506,1.3122076053523752,3.88330597546344,17.424670643270428,0.0920671565137765,0.2443874431642143,0.0,1.2438503503799438,0.3691099211573601,0.0,0.0126093076542019,0.3691099211573601,0.6918049151969671,1.445489447016186,-0.0676470849675795,5.602426272870921,0.3689583166165932,1.99998880276019e-06,0.0005419087834951,0.0268192964162723,0.0126093076542019
covid_2020_02_17_20024018_p17_61_1,2020.02.17.20024018-p17-61%1.png,COVID,1,train,/Users/samehissa/Downloads/COVID-CT-Dataset-master/Images-processed/CT_COVID/2020.02.17.20024018-p17-61%1.png,0.1746434344713634,0.2689109279744291,0.0723130871840686,0.0,1.3852039575576782,1.725532247923376,2.98924660772309,3.789754238383336,13.160117297666822,0.0723130871840686,0.2157189579023679,0.0,1.3852039575576782,0.2985011413693428,0.0,0.0,0.2985011413693428,0.6494447300529201,1.539771184576211,-0.0227174800076133,5.467459645718906,0.320645312437313,1.8550474659544e-06,0.0002993442820388,0.0237685925882357,0.0
covid_2020_02_17_20024018_p17_61_2,2020.02.17.20024018-p17-61%2.png,COVID,1,train,/Users/samehissa/Downloads/COVID-CT-Dataset-master/Images-processed/CT_COVID/2020.02.17.20024018-p17-61%2.png,0.2420159792163758,0.3817469949691276,0.1457307681679591,0.0068295570090413,1.853332757949829,1.7849590315032884,2.6597510195085983,3.7930109470884776,26.150720302594607,0.1457307681679591,0.2902633259451477,0.0,1.853332757949829,0.3300162106752395,0.0,0.0068295570090413,0.3300162106752395,0.6339679118313325,1.5773627683807787,0.1019298521587434,5.472158083217433,0.4519983433199953,2.031719188913317e-06,0.0005678391636422,0.0337419861050321,0.0068295570090413
covid_2020_02_17_20024018_p17_61_3,2020.02.17.20024018-p17-61%3.png,COVID,1,train,/Users/samehissa/Downloads/COVID-CT-Dataset-master/Images-processed/CT_COVID/2020.02.17.20024018-p17-61%3.png,0.2205771821718372,0.3121026851337993,0.0974080860677274,2.310960553586483e-05,1.211127758026123,1.3463713991429178,0.7314685910580172,3.8955307946264015,18.695984558412203,0.0974080860677274,0.2565359067464214,0.0,1.211127758026123,0.3767127245664596,0.0,2.310960553586483e-05,0.3767127245664596,0.7067432801290874,1.414936404848352,0.0134658996848228,5.620062958853088,0.3821810819004459,1.999328395776473e-06,0.0005311287885421,0.0275862406355799,2.310960553586483e-05
covid_2020_02_17_20024018_p17_61_4,2020.02.17.20024018-p17-61%4.png,COVID,1,train,/Users/samehissa/Downloads/COVID-CT-Dataset-master/Images-processed/CT_COVID/2020.02.17.20024018-p17-61%4.png,0.3187493247241946,0.4360540223972146,0.1901431104487905,0.0344017511233687,1.6347306966781616,1.3056568355922793,0.6287739063643092,3.938986444426277,37.34326303499784,0.1901431104487905,0.3557052067903896,0.0,1.6347306966781616,0.5284062027931213,0.0,0.0344017511233687,0.5284062027931213,0.7309841839955624,1.3680155174431214,0.0887644587208216,5.682756209317976,0.5401335413218852,2.031738176485416e-06,0.0007498339790284,0.0385420945250926,0.0344017511233687
covid_2020_02_19_20025023_p20_93_0,2020.02.19.20025023-p20-93%0.png,COVID,1,train,/Users/samehissa/Downloads/COVID-CT-Dataset-master/Images-processed/CT_COVID/2020.02.19.20025023-p20-93%0.png,0.2431309715029783,0.3781018068313614,0.1429609763291401,0.0,1.7728396654129028,1.7562955309415125,2.610761887452279,3.7905886449443535,25.86542664103964,0.1429609763291401,0.2932313017936394,0.0,1.7728396654129028,0.3669181540608406,0.0,0.0,0.3669181540608406,0.6430287400945368,1.5551363304067154,0.1221082408554742,5.468663439926571,0.4495260233102441,1.7777732151340011e-06,0.0002894160843335,0.0334197939486677,0.0
covid_2020_02_19_20025023_p20_93_1,2020.02.19.20025023-p20-93%1.png,COVID,1,train,/Users/samehissa/Downloads/COVID-CT-Dataset-master/Images-processed/CT_COVID/2020.02.19.20025023-p20-93%1.png,0.2692009021120611,0.3959197833164428,0.156752474821339,0.0,1.8220343589782717,1.6592663031968142,2.341575031855979,3.868667702667693,29.34036486646868,0.156752474821339,0.3100373431148,0.0,1.8220343589782717,0.4553935974836349,0.0,0.0,0.4553935974836349,0.67993627375934,1.4707223497773865,-0.020060730511822,5.581307709301317,0.4787709269779093,1.9393847511803624e-06,0.0005134455341254,0.0349946954486206,0.0
covid_2020_02_19_20025023_p20_93_2,2020.02.19.20025023-p20-93%2.png,COVID,1,train,/Users/samehissa/Downloads/COVID-CT-Dataset-master/Images-processed/CT_COVID/2020.02.19.20025023-p20-93%2.png,0.2992616408955655,0.4018063751577533,0.1614483631174132,0.0743706487119197,1.9176700115203855,1.5757357862159072,2.3295158905154434,3.9917121743629593,32.12875428210172,0.1614483631174132,0.3182299942793634,0.0,1.9176700115203855,0.5173524618148804,0.0,0.0743706487119197,0.5173524618148804,0.7447888202103622,1.3426591325079755,-0.0751664887557143,5.758823358424879,0.5010048830389976,2.245591817627565e-06,0.0012092988367461,0.0355150015747541,0.0743706487119197
covid_2020_02_19_20025023_p20_93_3,2020.02.19.20025023-p20-93%3.png,COVID,1,train,/Users/samehissa/Downloads/COVID-CT-Dataset-master/Images-processed/CT_COVID/2020.02.19.20025023-p20-93%3.png,0.336280603238265,0.4468567014883752,0.1996809116650709,0.0219233771786093,1.53057062625885,1.009786619360623,-0.4251295738246274,3.939338121244608,40.03399113975837,0.1996809116650709,0.3865782063562619,0.0,1.53057062625885,0.6723056584596634,0.0,0.0219233771786093,0.6723056584596634,0.7525451662088299,1.3288209227213847,-0.1579528216615215,5.683263571719779,0.5592544642462519,2.0317356798173905e-06,0.0007469875359058,0.0394969254801353,0.0219233771786093
covid_2020_02_22_20024927_p18_66_0,2020.02.22.20024927-p18-66%0.png,COVID,1,train,/Users/samehissa/Downloads/COVID-CT-Dataset-master/Images-processed/CT_COVID/2020.02.22.20024927-p18-66%0.png,0.3896247058073641,0.6029891441176294,0.3635959079237111,0.0,2.3921139240264893,1.6471662042264117,1.8724712185157435,3.793772193404506,65.97162487029583,0.3635959079237111,0.4729035522053664,0.0,2.3921139240264893,0.6169968843460083,0.0,0.0,0.6169968843460083,0.6461543519546438,1.5476152695916456,0.0827927614182181,5.473256329502464,0.7179159555959083,1.8823429158435727e-06,0.0004825941185741,0.053297214098431,0.0
covid_2020_02_22_20024927_p18_66_1,2020.02.22.20024927-p18-66%1.png,COVID,1,train,/Users/samehissa/Downloads/COVID-CT-Dataset-master/Images-processed/CT_COVID/2020.02.22.20024927-p18-66%1.png,0.3678564397487207,0.5424575338056031,0.2942601759824571,0.0491375839337706,2.2591731548309326,1.5882823905628485,1.5549359583763556,3.880739741940841,54.98605263962385,0.2942601759824571,0.4180427284853749,0.0,2.2591731548309326,0.4813273251056671,0.0,0.0491375839337706,0.4813273251056671,0.6781282196226758,1.474644658052339,0.1878840383513453,5.598723980494103,0.6554224105468636,2.064506147643056e-06,0.0008467403729067,0.047946925082459,0.0491375839337706
covid_2020_02_22_20024927_p18_66_2,2020.02.22.20024927-p18-66%2.png,COVID,1,train,/Users/samehissa/Downloads/COVID-CT-Dataset-master/Images-processed/CT_COVID/2020.02.22.20024927-p18-66%2.png,0.3655975933652371,0.5773695377864302,0.333355583163716,0.0,2.580713987350464,1.7789742903033838,2.629871006769643,3.7794729083034353,59.77819948008569,0.333355583163716,0.4467714235943276,0.0,2.580713987350464,0.5594167560338974,0.0,0.0,0.5594167560338974,0.6332113771632593,1.5792487375857256,-0.0813555049464477,5.452626821798891,0.6833865549146906,1.9104387855936574e-06,0.0005064767420573,0.0510327394274159,0.0
covid_2020_02_22_20024927_p19_68_0,2020.02.22.20024927-p19-68%0.png,COVID,1,train,/Users/samehissa/Downloads/COVID-CT-Dataset-master/Images-processed/CT_COVID/2020.02.22.20024927-p19-68%0.png,0.3130959581512798,0.4452178042073019,0.1982188931831714,0.0311304908245801,2.070520401000977,1.587789767139668,2.124070308278805,3.911408363249091,37.919740440811445,0.1982188931831714,0.3543543570317382,0.0,2.070520401000977,0.5462393462657928,0.0,0.0311304908245801,0.5462393462657928,0.7032406430108837,1.4219851538044588,0.2401778208994042,5.642969448366419,0.5442866636193096,2.064478570731511e-06,0.0007688214516475,0.0393520660574959,0.0311304908245801
covid_2020_02_22_20024927_p19_68_1,2020.02.22.20024927-p19-68%1.png,COVID,1,train,/Users/samehissa/Downloads/COVID-CT-Dataset-master/Images-processed/CT_COVID/2020.02.22.20024927-p19-68%1.png,0.424047476350097,0.5737605407463584,0.3292011581175535,0.1886519938707351,2.525232076644897,1.5937868083180122,2.0472397146566355,3.997452842865577,65.15422980050428,0.3292011581175535,0.4433479237891333,0.0,2.525232076644897,0.6721206605434418,0.0,0.1886519938707351,0.6721206605434418,0.7390657027978715,1.3530573172723168,0.1299858828286811,5.767105392404995,0.7134545678012298,2.20688998452524e-06,0.001421659715057,0.0507137461423763,0.1886519938707351
covid_2020_02_22_20024927_p19_68_2,2020.02.22.20024927-p19-68%2.png,COVID,1,train,/Users/samehissa/Downloads/COVID-CT-Dataset-master/Images-processed/CT_COVID/2020.02.22.20024927-p19-68%2.png,0.3398801388884749,0.4887819949143163,0.2389078385524187,0.0034719255054369,2.395211935043335,1.7396894456166174,3.1676092378663627,3.9026532827888767,45.36657246249827,0.2389078385524187,0.3800321792258216,0.0,2.395211935043335,0.5380581468343735,0.0,0.0034719255054369,0.5380581468343735,0.695359990885231,1.438101080318496,0.062107732813551,5.630338537203881,0.5953371711587205,2.064441828434724e-06,0.0007596615623027,0.0432026328907252,0.0034719255054369
covid_2020_02_22_20024927_p19_68_3,2020.02.22.20024927-p19-68%3.png,COVID,1,train,/Users/samehissa/Downloads/COVID-CT-Dataset-master/Images-processed/CT_COVID/2020.02.22.20024927-p19-68%3.png,0.439908527645457,0.5709743469502261,0.3260117048752371,0.1701399460434913,2.317298650741577,1.255430754360008,0.7094330087823515,4.009966756786655,66.49999584901516,0.3260117048752371,0.4678016112648038,0.0,2.317298650741577,0.7789181619882584,0.0,0.1701399460434913,0.7789181619882584,0.7704510010723903,1.297938801064573,0.0907785659405919,5.785159153961045,0.7207851396709223,2.2456027237791174e-06,0.0015321720072698,0.0504674790765081,0.1701399460434913
covid_2020_02_22_20024927_p19_68_4,2020.02.22.20024927-p19-68%4.png,COVID,1,train,/Users/samehissa/Downloads/COVID-CT-Dataset-master/Images-processed/CT_COVID/2020.02.22.20024927-p19-68%4.png,0.3795847313094782,0.4904423543541389,0.2405337029444307,0.0695865526795387,1.686122179031372,1.1287770402677393,0.1327220787128147,3.991963145332344,49.2311387120281,0.2405337029444307,0.4103801260688016,0.0,1.686122179031372,0.6546555310487747,0.0,0.0695865526795387,0.6546555310487747,0.773962432031219,1.2920497425231725,0.1726989105780297,5.759185432997817,0.6201760001706931,2.0983184094460578e-06,0.0009671939318303,0.0433493893181134,0.0695865526795387
covid_2020_02_22_20024927_p19_68_5,2020.02.22.20024927-p19-68%5.png,COVID,1,train,/Users/samehissa/Downloads/COVID-CT-Dataset-master/Images-processed/CT_COVID/2020.02.22.20024927-p19-68%5.png,0.2421166213571268,0.3467666942010357,0.1202471402071146,0.0416267830878496,1.3704679012298584,1.3833095997226894,0.7761674944949393,3.895796321565009,22.895052613696635,0.1202471402071146,0.2810813888391976,0.0,1.3704679012298584,0.368600569665432,0.0,0.0416267830878496,0.368600569665432,0.6982098546260822,1.4322300231075336,0.065694832998512,5.62044603325064,0.4229274152198045,2.169462485213396e-06,0.0008461336470341,0.0306501351198992,0.0416267830878496
covid_2020_02_22_20024927_p20_70_0,2020.02.22.20024927-p20-70%0.png,COVID,1,train,/Users/samehissa/Downloads/COVID-CT-Dataset-master/Images-processed/CT_COVID/2020.02.22.20024927-p20-70%0.png,0.28592747359653,0.441155278107005,0.1946179794016689,0.0229323962703347,2.1266090869903564,1.8090250828392305,3.019516387556288,3.825330954274158,35.375679943547304,0.1946179794016689,0.3424905730744285,0.0,2.1266090869903564,0.4574145004153251,0.0,0.0229323962703347,0.4574145004153251,0.6481319382406628,1.5428922326278995,0.2213689177564496,5.518785997305713,0.525711422321185,2.0644990748408684e-06,0.0006963254522643,0.0389929860882125,0.0229323962703347
covid_2020_02_22_20024927_p20_70_1,2020.02.22.20024927-p20-70%1.png,COVID,1,train,/Users/samehissa/Downloads/COVID-CT-Dataset-master/Images-processed/CT_COVID/2020.02.22.20024927-p20-70%1.png,0.3586692290991777,0.5382708200518104,0.2897354757192484,0.0103103183209896,2.6319456100463867,1.9399128018484488,4.104856726592123,3.868615933843961,53.5525237275964,0.2897354757192484,0.4109076009410728,0.0,2.6319456100463867,0.6022818237543106,0.0,0.0103103183209896,0.6022818237543106,0.6663347694193886,1.5007443526831512,0.2492187629490321,5.581233022676045,0.6468223029718803,1.9999910366858583e-06,0.0006964481377399,0.0475768683716848,0.0103103183209896
covid_2020_02_22_20024927_p20_70_2,2020.02.22.20024927-p20-70%2.png,COVID,1,train,/Users/samehissa/Downloads/COVID-CT-Dataset-master/Images-processed/CT_COVID/2020.02.22.20024927-p20-70%2.png,0.2560922432730876,0.3594518962823539,0.1292056657409801,0.0510081741958856,1.769497036933899,1.4625460385803022,1.6536897957818215,3.930550424461003,24.932979559119676,0.1292056657409801,0.2923548324996261,0.0,1.769497036933899,0.438964806497097,0.0,0.0510081741958856,0.438964806497097,0.7124500759952831,1.4036032161233687,0.084806354355282,5.670585605149235,0.4413489580882937,2.3272277889064654e-06,0.0012098267960559,0.031771359171452,0.0510081741958856
covid_2020_02_22_20024927_p20_70_3,2020.02.22.20024927-p20-70%3.png,COVID,1,train,/Users/samehissa/Downloads/COVID-CT-Dataset-master/Images-processed/CT_COVID/2020.02.22.20024927-p20-70%3.png,0.3527542207102669,0.5019690853390523,0.2519729626361248,0.0551941320300102,2.5038058757781982,1.6207476793083275,2.410366218256474,3.9192610517697695,48.18028836672416,0.2519729626361248,0.3986705725404249,0.0,2.5038058757781982,0.5920338183641434,0.0,0.0551941320300102,0.5920338183641434,0.7027395277389917,1.4229995160039268,-0.0169615662636579,5.654298483152846,0.6135213956049393,2.169444918114978e-06,0.0010406439385975,0.0443682180236565,0.0551941320300102
covid_2020_02_23_20026856_p17_115_0,2020.02.23.20026856-p17-115%0.png,COVID,1,train,/Users/samehissa/Downloads/COVID-CT-Dataset-master/Images-processed/CT_COVID/2020.02.23.20026856-p17-115%0.png,0.3068127257720334,0.4526106400787446,0.2048563915124908,0.0064453436061739,1.910349011421204,1.4734280854586843,1.4186449649610893,3.8386063036900016,38.27077634664396,0.2048563915124908,0.3721405910434896,0.0,1.910349011421204,0.5445635616779327,0.0,0.0064453436061739,0.5445635616779327,0.6778719294949082,1.4752016525384974,0.1579325591681982,5.537938278074018,0.5468001830725333,1.9999814004226277e-06,0.0005953993919903,0.040005506604608,0.0064453436061739
covid_2020_02_23_20026856_p17_115_1,2020.02.23.20026856-p17-115%1.png,COVID,1,train,/Users/samehissa/Downloads/COVID-CT-Dataset-master/Images-processed/CT_COVID/2020.02.23.20026856-p17-115%1.png,0.2659574664503452,0.3987216698846058,0.1589789700355685,0.0,1.6190590858459473,1.487454405563475,1.2104222748231468,3.817535830953228,29.403180031520648,0.1589789700355685,0.3207148488788789,0.0,1.6190590858459473,0.4870030134916305,0.0,0.0,0.4870030134916305,0.6670236897423362,1.4991933680457432,-0.0323032605139673,5.507540011547487,0.4792831563869682,1.8823209386754517e-06,0.000398547745996,0.0352423495726786,0.0
covid_2020_02_23_20026856_p17_115_2,2020.02.23.20026856-p17-115%2.png,COVID,1,train,/Users/samehissa/Downloads/COVID-CT-Dataset-master/Images-processed/CT_COVID/2020.02.23.20026856-p17-115%2.png,0.3290208443395386,0.4835928692874318,0.2338620632256511,0.0412564259022474,1.9083073139190676,1.492087832371988,1.1766492920342737,3.869705450902519,43.79094774215091,0.2338620632256511,0.3827817710047156,0.0,1.9083073139190676,0.5204851180315018,0.0,0.0412564259022474,0.5204851180315018,0.6803660369482057,1.4697940194584755,0.1814493121839696,5.582804863533389,0.5849074963065134,2.245293406954724e-06,0.0010648230905072,0.0427439746508253,0.0412564259022474
covid_2020_02_23_20026856_p17_115_3,2020.02.23.20026856-p17-115%3.png,COVID,1,train,/Users/samehissa/Downloads/COVID-CT-Dataset-master/Images-processed/CT_COVID/2020.02.23.20026856-p17-115%3.png,0.3135999872465618,0.4197474134321344,0.1761878910829672,0.0,1.5643705129623413,1.173976361589078,0.3521631224013903,3.93841026824984,35.1402039147534,0.1761878910829672,0.3570366516169088,0.0,1.5643705129623413,0.6122674345970154,0.0,0.0,0.6122674345970154,0.7471141693719948,1.3384803268570171,0.0223237789742008,5.681924962805552,0.5239588181183813,1.9393878460590613e-06,0.0005747886871038,0.0371007803029219,0.0
covid_2020_02_23_20026856_p17_115_4,2020.02.23.20026856-p17-115%4.png,COVID,1,train,/Users/samehissa/Downloads/COVID-CT-Dataset-master/Images-processed/CT_COVID/2020.02.23.20026856-p17-115%4.png,0.3298808078106958,0.460263386367306,0.2118423848303,0.0358737614005804,2.17984676361084,1.5464039094004467,2.059108963625924,3.9302487869147806,41.04495772059357,0.2118423848303,0.3688796513297347,0.0,2.17984676361084,0.5731777846813202,0.0,0.0358737614005804,0.5731777846813202,0.716720253796565,1.395241479557159,0.0639630163889483,5.670150434157156,0.566271782973633,2.0317383680544937e-06,0.0007597297570003,0.0406819202040257,0.0358737614005804
covid_2020_02_23_20026856_p17_115_5,2020.02.23.20026856-p17-115%5.png,COVID,1,train,/Users/samehissa/Downloads/COVID-CT-Dataset-master/Images-processed/CT_COVID/2020.02.23.20026856-p17-115%5.png,0.3096911785978591,0.4091566384240447,0.1674091547664645,0.0487843733280897,1.7008343935012815,1.267698872567288,0.7661644083702979,3.978451267954114,33.70467595107784,0.1674091547664645,0.3380469311634897,0.0,1.7008343935012815,0.5841823816299438,0.0,0.0487843733280897,0.5841823816299438,0.7568994184996735,1.3211762772078948,0.1308160028732961,5.739691914511146,0.513144990102988,2.1333210034568786e-06,0.0009580941643863,0.0361646791996417,0.0487843733280897
covid_2020_02_24_20027052_p8_73_0,2020.02.24.20027052-p8-73%0.png,COVID,1,train,/Users/samehissa/Downloads/COVID-CT-Dataset-master/Images-processed/CT_COVID/2020.02.24.20027052-p8-73%0.png,0.2046628232856164,0.277534543329741,0.0770254227412478,0.0206246897578239,1.3084722757339478,1.3916259788347616,1.4916204762320788,3.949967417972953,15.22077362899038,0.0770254227412478,0.2263083545167319,0.0,1.3084722757339478,0.3629870787262916,0.0,0.0206246897578239,0.3629870787262916,0.7374292345771938,1.3560574357094088,0.0900489745909412,5.698598405397899,0.3448366192510409,2.0644993555426578e-06,0.0006431542327612,0.0245308197002464,0.0206246897578239
covid_2020_02_24_20027052_p8_73_1,2020.02.24.20027052-p8-73%1.png,COVID,1,train,/Users/samehissa/Downloads/COVID-CT-Dataset-master/Images-processed/CT_COVID/2020.02.24.20027052-p8-73%1.png,0.3109618523812969,0.4204949196416954,0.1768159774444758,0.042210292071104,1.578382134437561,1.2212345661833863,0.3398620423418337,3.9459573260344896,35.009696138353064,0.1768159774444758,0.3480975682871303,0.0,1.578382134437561,0.5488165616989136,0.0,0.042210292071104,0.5488165616989136,0.7395121756383928,1.352239563861649,-0.0243072721810772,5.692813065644769,0.5229849434552426,2.09834215242569e-06,0.0008526905522166,0.0371668511416418,0.042210292071104
covid_2020_02_24_20027052_p8_73_2,2020.02.24.20027052-p8-73%2.png,COVID,1,train,/Users/samehissa/Downloads/COVID-CT-Dataset-master/Images-processed/CT_COVID/2020.02.24.20027052-p8-73%2.png,0.1985273630125448,0.2761314181568958,0.0762485600933384,0.0215443363413214,1.169857621192932,1.3267621632773623,0.8386121304427872,3.9149275731043423,14.804694266630811,0.0762485600933384,0.2279640894357726,0.0,1.169857621192932,0.3625159934163093,0.0,0.0215443363413214,0.3625159934163093,0.718957101587918,1.3908985339187088,-0.0048470193442858,5.6480465949724366,0.3400906849033846,2.03173156958687e-06,0.0005737073789261,0.0244067997846748,0.0215443363413214
covid_2020_02_24_20027052_p8_73_3,2020.02.24.20027052-p8-73%3.png,COVID,1,train,/Users/samehissa/Downloads/COVID-CT-Dataset-master/Images-processed/CT_COVID/2020.02.24.20027052-p8-73%3.png,0.2303142027085414,0.4063203029625241,0.1650961885995573,0.0,2.261366128921509,2.367277050442781,6.207551934849942,3.669270594828628,27.922025032810048,0.1650961885995573,0.292745851851123,0.0,2.261366128921509,0.3355195298790931,0.0,0.0,0.3355195298790931,0.5668277814362684,1.7641999415759668,0.0046058987035058,5.293638490654294,0.467055479112309,1.8285605479693035e-06,0.0003033625388778,0.0359139801948216,0.0
covid_2020_02_24_20027201_p19_669,2020.02.24.20027201-p19-669.png,COVID,1,train,/Users/samehissa/Downloads/COVID-CT-Dataset-master/Images-processed/CT_COVID/2020.02.24.20027201-p19-669.png,0.3282543137211178,0.4398392402079932,0.1934585572267447,0.0784956850111484,1.6569515466690063,1.4281498189790092,1.1921531057068817,3.992685929425533,38.55480981801814,0.1934585572267447,0.3465043481106136,0.0,1.6569515466690063,0.5335966795682907,0.0,0.0784956850111484,0.5335966795682907,0.7463035068503322,1.3399343796032397,0.1535980025217595,5.760228190024694,0.5488255202733076,2.3272270947329187e-06,0.0014781584453018,0.0388766636728763,0.0784956850111484
covid_2020_02_24_20027201_p19_670,2020.02.24.20027201-p19-670.png,COVID,1,train,/Users/samehissa/Downloads/COVID-CT-Dataset-master/Images-processed/CT_COVID/2020.02.24.20027201-p19-670.png,0.2941803458452341,0.4842839774654444,0.234530970829751,0.0,2.161915779113769,1.9221998233649424,3.284317431348515,3.730419619771229,41.09734997905569,0.234530970829751,0.3694785276450147,0.0,2.161915779113769,0.5202747583389282,0.0,0.0,0.5202747583389282,0.6074529657823735,1.6462145901488003,0.0417278537696824,5.381857885694182,0.5666330794362191,1.8823365468417603e-06,0.00040142606047,0.0428050605607261,0.0
covid_2020_02_25_20021568_p23_108_0,2020.02.25.20021568-p23-108%0.png,COVID,1,train,/Users/samehissa/Downloads/COVID-CT-Dataset-master/Images-processed/CT_COVID/2020.02.25.20021568-p23-108%0.png,0.2687285978754516,0.3607153753528992,0.130115582015983,0.0743019431829452,1.6021232604980469,1.4825064424437329,1.737810994341472,3.985876945889181,25.898322090507417,0.130115582015983,0.28994674459409,0.0,1.6021232604980469,0.4453948736190796,0.0,0.0743019431829452,0.4453948736190796,0.7449858565820493,1.3423036409399232,-0.0013168604815103,5.750404903243307,0.449811784341061,2.1694800826581667e-06,0.0009936323209432,0.0318830359987857,0.0743019431829452
covid_2020_02_25_20021568_p23_108_1,2020.02.25.20021568-p23-108%1.png,COVID,1,train,/Users/samehissa/Downloads/COVID-CT-Dataset-master/Images-processed/CT_COVID/2020.02.25.20021568-p23-108%1.png,0.2280731124174053,0.3619523825982076,0.1310095272685192,0.0,1.882258653640747,1.8904895383867344,3.654406103025419,3.76885232759402,23.427439600164053,0.1310095272685192,0.2771871778421086,0.0,1.882258653640747,0.3708466142416,0.0,0.0,0.3708466142416,0.6301173669941406,1.5870015485901936,0.0300762071338531,5.437304562678055,0.4278163997280628,1.828543451397542e-06,0.0003094352357653,0.0319923730252275,0.0
covid_2020_02_25_20021568_p23_108_10,2020.02.25.20021568-p23-108%10.png,COVID,1,train,/Users/samehissa/Downloads/COVID-CT-Dataset-master/Images-processed/CT_COVID/2020.02.25.20021568-p23-108%10.png,0.2885586413030978,0.3999229522828629,0.159938367762641,0.0818859934806823,1.7349423170089722,1.5541716300364297,1.9432083148856565,3.9570056563027856,31.13017052586635,0.159938367762641,0.3154583437599285,0.0,1.7349423170089722,0.4499209746718406,0.0,0.0818859934806823,0.4499209746718406,0.7215337807499029,1.385933030724211,0.1026638946878229,5.708752436932944,0.4931576393338451,2.169480584536132e-06,0.0010158350861321,0.0353485289389195,0.0818859934806823
covid_2020_02_25_20021568_p23_108_11,2020.02.25.20021568-p23-108%11.png,COVID,1,train,/Users/samehissa/Downloads/COVID-CT-Dataset-master/Images-processed/CT_COVID/2020.02.25.20021568-p23-108%11.png,0.2073473211785312,0.2874834785358868,0.0826467504310936,0.0,1.1026843786239624,1.2601373387096737,0.5310808722367972,3.902276756650653,16.081876739968852,0.0826467504310936,0.2387644066066059,0.0,1.1026843786239624,0.393700361251831,0.0,0.0,0.393700361251831,0.7212470121326847,1.386482723296706,0.07331450562353,5.6297953248115,0.3544568549640515,1.9692081551206736e-06,0.0004808005241655,0.0254101896439778,0.0
covid_2020_02_25_20021568_p23_108_12,2020.02.25.20021568-p23-108%12.png,COVID,1,train,/Users/samehissa/Downloads/COVID-CT-Dataset-master/Images-processed/CT_COVID/2020.02.25.20021568-p23-108%12.png,0.3010511561005842,0.4222583410653287,0.1783021065992434,0.0846000351011753,1.9851328134536743,1.5788349125267,2.0852558821637466,3.945664257812069,34.423539864158954,0.1783021065992434,0.3337525136425938,0.0,1.9851328134536743,0.5130479782819748,0.0,0.0846000351011753,0.5130479782819748,0.7129532181361689,1.40261325196256,0.0897434236807534,5.692390257573641,0.5185883774138617,2.206884035078256e-06,0.0011131163821973,0.0373227170474844,0.0846000351011753
covid_2020_02_25_20021568_p23_108_13,2020.02.25.20021568-p23-108%13.png,COVID,1,train,/Users/samehissa/Downloads/COVID-CT-Dataset-master/Images-processed/CT_COVID/2020.02.25.20021568-p23-108%13.png,0.204023647568647,0.3285023000987231,0.1079137611701515,0.0,1.4062678813934326,1.8415261248489327,2.7252851027101217,3.76502369818557,19.14104447198298,0.1079137611701515,0.2497244580925297,0.0,1.4062678813934326,0.3073563203215599,0.0,0.0,0.3073563203215599,0.6210703134712284,1.6101187485543476,0.027639909718218,5.431781018017084,0.3867032582450878,1.910309142324707e-06,0.0003748085366143,0.0290357755043981,0.0
covid_2020_02_25_20021568_p23_108_14,2020.02.25.20021568-p23-108%14.png,COVID,1,train,/Users/samehissa/Downloads/COVID-CT-Dataset-master/Images-processed/CT_COVID/2020.02.25.20021568-p23-108%14.png,0.3132023487705737,0.4278473961446999,0.1830533943877998,0.0557856820523738,1.6848212480545044,1.3936816936117074,1.078233277937512,3.952388931018109,35.987085524890105,0.1830533943877998,0.3450891785505519,0.0,1.6848212480545044,0.5142912715673447,0.0,0.0557856820523738,0.5142912715673447,0.7320404881561073,1.3660414675181949,-0.0989729650735003,5.702091910259593,0.530234953264309,2.0645080791861364e-06,0.0008209145753276,0.0378167243908655,0.0557856820523738
covid_2020_02_25_20021568_p23_108_15,2020.02.25.20021568-p23-108%15.png,COVID,1,train,/Users/samehissa/Downloads/COVID-CT-Dataset-master/Images-processed/CT_COVID/2020.02.25.20021568-p23-108%15.png,0.4208278930382221,0.5463126057662939,0.298457463219158,0.1655364781618118,2.9104695320129395,1.6313714479028494,3.0649808737407147,4.053034032796209,60.87085808360286,0.298457463219158,0.4357008142244467,0.0,2.9104695320129395,0.703670933842659,0.0,0.1655364781618118,0.703670933842659,0.7703046173414303,1.2981853503628729,0.0766302693761733,5.847292099484623,0.6896039289172788,2.5599816251228213e-06,0.0028139797051766,0.0482876685231299,0.1655364781618118
covid_2020_02_25_20021568_p23_108_2,2020.02.25.20021568-p23-108%2.png,COVID,1,train,/Users/samehissa/Downloads/COVID-CT-Dataset-master/Images-processed/CT_COVID/2020.02.25.20021568-p23-108%2.png,0.2927501911835861,0.4334236231088083,0.1878560370687662,0.0309877200052142,1.897067070007324,1.6954619162899338,2.454340608723,3.876039442180124,35.015515072869434,0.1878560370687662,0.3379438709292799,0.0,1.897067070007324,0.462031327188015,0.0,0.0309877200052142,0.462031327188015,0.6754350712328894,1.4805237918256546,0.0944702901826069,5.591942881338625,0.5230284041108977,2.169468418410933e-06,0.0009194163100005,0.038309597878335,0.0309877200052142
covid_2020_02_25_20021568_p23_108_3,2020.02.25.20021568-p23-108%3.png,COVID,1,train,/Users/samehissa/Downloads/COVID-CT-Dataset-master/Images-processed/CT_COVID/2020.02.25.20021568-p23-108%3.png,0.2133464843791443,0.3146161597743659,0.0989833279911693,0.0,1.3704369068145752,1.6149084699493204,1.9650737978463209,3.8670644764865214,18.49600644967806,0.0989833279911693,0.2457168974847263,0.0,1.3704369068145752,0.3347219675779342,0.0,0.0,0.3347219675779342,0.6781145838712364,1.4746723419883132,-0.015572502932821,5.578994742840317,0.3801316224521578,1.9393853941399474e-06,0.0004649372905616,0.0278084025059155,0.0
covid_2020_02_25_20021568_p23_108_4,2020.02.25.20021568-p23-108%4.png,COVID,1,train,/Users/samehissa/Downloads/COVID-CT-Dataset-master/Images-processed/CT_COVID/2020.02.25.20021568-p23-108%4.png,0.2986086709424853,0.4460152021207141,0.1989295605227814,0.0548103600740432,2.0604114532470703,1.7099931705598603,2.2610762222141814,3.875286380974385,36.87637745725682,0.1989295605227814,0.3414468511764426,0.0,2.0604114532470703,0.475359633564949,0.0,0.0548103600740432,0.475359633564949,0.6695018466205114,1.4936445104322529,-0.0008528862052039,5.590856443671619,0.5367464009053241,2.098346885409446e-06,0.0008217184692989,0.0394225467414806,0.0548103600740432
covid_2020_02_25_20021568_p23_108_5,2020.02.25.20021568-p23-108%5.png,COVID,1,train,/Users/samehissa/Downloads/COVID-CT-Dataset-master/Images-processed/CT_COVID/2020.02.25.20021568-p23-108%5.png,0.2122673452031449,0.3142332523281656,0.0987425368687366,0.0065416381694376,1.4937968254089355,1.6953332721198393,2.493424589627744,3.870197711269818,18.406395226665943,0.0987425368687366,0.2441074289289417,0.0,1.4937968254089355,0.3155527412891388,0.0,0.0065416381694376,0.3155527412891388,0.675506707592993,1.480365489225094,0.0204510290061983,5.58351504512412,0.3792096553469171,1.999985968530515e-06,0.0005368186666688,0.0277745579494436,0.0065416381694376
covid_2020_02_25_20021568_p23_108_6,2020.02.25.20021568-p23-108%6.png,COVID,1,train,/Users/samehissa/Downloads/COVID-CT-Dataset-master/Images-processed/CT_COVID/2020.02.25.20021568-p23-108%6.png,0.2132411205020616,0.3397450775657207,0.1154267177301376,0.0,1.561855673789978,1.9754942139168543,3.868551603135911,3.785177034826152,20.595007129998383,0.1154267177301376,0.258535789977941,0.0,1.561855673789978,0.396242618560791,0.0,0.0,0.396242618560791,0.6276485133542481,1.5932437269407238,0.0028316782155006,5.460856136845818,0.4011215441772137,1.969210950256448e-06,0.000456284911019,0.0300295060276838,0.0
covid_2020_02_25_20021568_p23_108_7,2020.02.25.20021568-p23-108%7.png,COVID,1,train,/Users/samehissa/Downloads/COVID-CT-Dataset-master/Images-processed/CT_COVID/2020.02.25.20021568-p23-108%7.png,0.2013950133641628,0.3361007952308519,0.112963744554811,0.0,1.447295069694519,1.8863905977587463,2.836908069565192,3.717728360127256,19.651033083233585,0.112963744554811,0.2548973420083484,0.0,1.447295069694519,0.2779037430882454,0.0,0.0,0.2779037430882454,0.5992083833584837,1.6688635414379092,0.0346373281776371,5.363548268343188,0.3918209999001615,1.9691868596880563e-06,0.000415958855335,0.0297073939337408,0.0
covid_2020_02_25_20021568_p23_108_8,2020.02.25.20021568-p23-108%8.png,COVID,1,train,/Users/samehissa/Downloads/COVID-CT-Dataset-master/Images-processed/CT_COVID/2020.02.25.20021568-p23-108%8.png,0.2742901657766197,0.37805346690122,0.1429244238360318,0.0,1.2731443643569946,1.1824943977000406,0.02584546361338,3.913169475796128,27.92441841635806,0.1429244238360318,0.3139165704083098,0.0,1.2731443643569946,0.4819570705294609,0.0,0.0,0.4819570705294609,0.7255308157707541,1.3782975624766094,-0.0713169094401511,5.645510196704475,0.4670754959080997,1.969222660837266e-06,0.0005767027507559,0.033415521262117,0.0
covid_2020_02_25_20021568_p23_108_9,2020.02.25.20021568-p23-108%9.png,COVID,1,train,/Users/samehissa/Downloads/COVID-CT-Dataset-master/Images-processed/CT_COVID/2020.02.25.20021568-p23-108%9.png,0.2747392538003623,0.4033816052168329,0.1627167194273088,0.0516731441020965,1.5762094259262085,1.6747430698011925,2.084250546185641,3.890704266646448,30.48939225677936,0.1627167194273088,0.3117595623189118,0.0,1.5762094259262085,0.455443762242794,0.0,0.0516731441020965,0.455443762242794,0.6810885007118241,1.4682343335981678,-0.0866731865760074,5.613099750871697,0.4880557109655503,2.06450629017596e-06,0.0007393904211297,0.0356542335568421,0.0516731441020965
covid_2020_02_25_20021568_p24_111_0,2020.02.25.20021568-p24-111%0.png,COVID,1,train,/Users/samehissa/Downloads/COVID-CT-Dataset-master/Images-processed/CT_COVID/2020.02.25.20021568-p24-111%0.png,0.3171172181464499,0.5168654097588606,0.2671498518051949,0.0,2.284575700759888,1.858870468807876,2.922334104621524,3.7382684685968535,47.06728727681767,0.2671498518051949,0.3961954573037474,0.0,2.284575700759888,0.5092006027698517,0.0,0.0,0.5092006027698517,0.6135380673981079,1.629887562649354,0.1750166771827096,5.393181380971598,0.606393586583943,1.802811473328705e-06,0.000338990376726,0.0456848795251567,0.0
covid_2020_02_25_20021568_p24_111_1,2020.02.25.20021568-p24-111%1.png,COVID,1,train,/Users/samehissa/Downloads/COVID-CT-Dataset-master/Images-processed/CT_COVID/2020.02.25.20021568-p24-111%1.png,0.2731515511695761,0.4009455838524038,0.160757361210745,0.0,1.5376429557800293,1.4158953700408528,0.8971897146590702,3.849670711976187,30.12724878298759,0.160757361210745,0.3245041852701433,0.0,1.5376429557800293,0.4435336664319038,0.0,0.0,0.4435336664319038,0.6812666878092881,1.4678502909305884,0.3032460131240978,5.553900845038868,0.4851485660260066,1.93938510608235e-06,0.0005063266417589,0.0354389176536042,0.0
covid_2020_02_25_20021568_p24_111_2,2020.02.25.20021568-p24-111%2.png,COVID,1,train,/Users/samehissa/Downloads/COVID-CT-Dataset-master/Images-processed/CT_COVID/2020.02.25.20021568-p24-111%2.png,0.2481793807965004,0.346083870271434,0.1197740452620547,0.0294295838102698,1.3803398609161377,1.4224627611765062,1.188076121287046,3.926340767031461,23.214982440267413,0.1197740452620547,0.278716915654968,0.0,1.3803398609161377,0.4102242514491081,0.0,0.0294295838102698,0.4102242514491081,0.7171055487107935,1.394490828209505,0.2157068304620112,5.664512353251794,0.4258721055840464,2.133298516110981e-06,0.0008016653298865,0.030589781441027,0.0294295838102698
covid_2020_02_25_20021568_p24_111_3,2020.02.25.20021568-p24-111%3.png,COVID,1,train,/Users/samehissa/Downloads/COVID-CT-Dataset-master/Images-processed/CT_COVID/2020.02.25.20021568-p24-111%3.png,0.2987271945457905,0.4396219403517447,0.193267450438633,0.0,1.9908812046051023,1.5911255580857655,2.0508049958625856,3.8587552113325048,36.16068956157845,0.193267450438633,0.3525460517121246,0.0,1.9908812046051023,0.5097339749336243,0.0,0.0,0.5097339749336243,0.6795077488603696,1.4716502159108151,0.1974318456739073,5.5670070072091855,0.5315123584638758,1.9393866715898115e-06,0.0005357650677155,0.0388574568976383,0.0
covid_2020_02_25_20021568_p24_111_4,2020.02.25.20021568-p24-111%4.png,COVID,1,train,/Users/samehissa/Downloads/COVID-CT-Dataset-master/Images-processed/CT_COVID/2020.02.25.20021568-p24-111%4.png,0.2757623868237715,0.4515037202076286,0.2038556093613285,0.0,1.765411376953125,1.7366997815228171,2.1145749955342863,3.712179633835465,35.82726442855321,0.2038556093613285,0.3511284532614809,0.0,1.765411376953125,0.4462077245116234,0.0,0.0,0.4462077245116234,0.610763020809527,1.6372926177788203,-0.0063618352841083,5.355543148438771,0.5290562383604147,1.7777704738234377e-06,0.000282927061369,0.0399076677862209,0.0
covid_2020_02_25_20021568_p24_111_5,2020.02.25.20021568-p24-111%5.png,COVID,1,train,/Users/samehissa/Downloads/COVID-CT-Dataset-master/Images-processed/CT_COVID/2020.02.25.20021568-p24-111%5.png,0.2970961052342318,0.4268192441333741,0.1821746671625848,0.0,1.6794649362564087,1.4749080487697517,1.3235262994545698,3.8852400644666494,34.61641765221562,0.1821746671625848,0.3425815758646422,0.0,1.6794649362564087,0.4712868332862854,0.0,0.0,0.4712868332862854,0.6960684487622248,1.4366369555631435,0.1280633891445259,5.6052165734844905,0.5200391936267251,1.939387743256842e-06,0.0005486400900006,0.0377258477334531,0.0
covid_2020_02_25_20021568_p24_111_6,2020.02.25.20021568-p24-111%6.png,COVID,1,train,/Users/samehissa/Downloads/COVID-CT-Dataset-master/Images-processed/CT_COVID/2020.02.25.20021568-p24-111%6.png,0.2456758926018665,0.335602674840119,0.1126291553598426,0.0706080384552478,1.3885902166366575,1.4926307847826048,1.6670059472744292,3.962237396969778,22.14218234439251,0.1126291553598426,0.2679547736956351,0.0,1.3885902166366575,0.420564629137516,0.0,0.0706080384552478,0.420564629137516,0.7320417236757198,1.3660382843667311,0.0445618662206594,5.716300243248432,0.415915615919343,2.1333114291587266e-06,0.000841462061777,0.029663365895474,0.0706080384552478
covid_2020_02_25_20021568_p24_111_7,2020.02.25.20021568-p24-111%7.png,COVID,1,train,/Users/samehissa/Downloads/COVID-CT-Dataset-master/Images-processed/CT_COVID/2020.02.25.20021568-p24-111%7.png,0.3298181614627538,0.4370832749381973,0.1910417892306998,0.0,1.9645057916641235,1.2223298031699945,0.9822416604380484,3.945332520407003,38.37719153425547,0.1910417892306998,0.3738613354236122,0.0,1.9645057916641235,0.6465471088886261,0.0,0.0,0.6465471088886261,0.7545871136850881,1.3252250058023471,0.0007897637954761,5.691911661664475,0.5475598678330716,1.9393770416453985e-06,0.000576111497589,0.0386330684565029,0.0
covid_2020_02_25_20021568_p24_111_8,2020.02.25.20021568-p24-111%8.png,COVID,1,train,/Users/samehissa/Downloads/COVID-CT-Dataset-master/Images-processed/CT_COVID/2020.02.25.20021568-p24-111%8.png,0.3004231131781125,0.4362959617373238,0.1903541662282963,0.0,1.790560007095337,1.4878781577883422,1.4619392263329063,3.865555369550199,35.917851284470444,0.1903541662282963,0.3498678385924449,0.0,1.790560007095337,0.5056655779480934,0.0,0.0,0.5056655779480934,0.6885748458614863,1.452271621586772,0.0410496767272259,5.576817561747115,0.5297246578741879,1.939384713933412e-06,0.0005319489444704,0.038563479143596,0.0
covid_2020_02_25_20021568_p24_111_9,2020.02.25.20021568-p24-111%9.png,COVID,1,train,/Users/samehissa/Downloads/COVID-CT-Dataset-master/Images-processed/CT_COVID/2020.02.25.20021568-p24-111%9.png,0.2206937767878116,0.3148806667197863,0.0991498342738971,0.0370018314570188,1.7576135396957395,2.0488657542316666,5.774777700568221,3.936274909758066,18.925513905505998,0.0991498342738971,0.2435858380159175,0.0,1.7576135396957395,0.4095109924674034,0.0,0.0370018314570188,0.4095109924674034,0.7008784572529826,1.4267763744989133,0.1076021273753945,5.678844291698951,0.3845199310656934,2.0644995511340587e-06,0.0006755894791228,0.0278317818377627,0.0370018314570188
covid_2020_02_25_20027763_p15_53_0,2020.02.25.20027763-p15-53%0.png,COVID,1,train,/Users/samehissa/Downloads/COVID-CT-Dataset-master/Images-processed/CT_COVID/2020.02.25.20027763-p15-53%0.png,0.1660746873722018,0.2835458521575987,0.0803982502757788,0.0,1.264343023300171,1.9665653573241928,3.172371074533485,3.687484097728488,13.821318663878838,0.0803982502757788,0.2106117162569347,0.0,1.264343023300171,0.2225370742380619,0.0,0.0,0.2225370742380619,0.5857045708971426,1.7073393702805764,0.0935965313361934,5.319915020965139,0.3286016616841026,1.8818065435986431e-06,0.0002803449803313,0.0250621493547445,0.0
covid_2020_02_25_20027763_p15_53_1,2020.02.25.20027763-p15-53%1.png,COVID,1,train,/Users/samehissa/Downloads/COVID-CT-Dataset-master/Images-processed/CT_COVID/2020.02.25.20027763-p15-53%1.png,0.2528795998077839,0.373100660824304,0.1392041031075323,0.0194992739707231,2.0384583473205566,1.8186605093205868,3.839510684847398,3.8742956856597286,26.00348097362909,0.1392041031075323,0.2944239687858498,0.0,2.0384583473205566,0.4958794564008713,0.0,0.0194992739707231,0.4958794564008713,0.6777766661480144,1.475408301452158,0.1356178767594921,5.589427172454135,0.4507240786850391,2.031710335419491e-06,0.0006216057594452,0.0329777509167559,0.0194992739707231
covid_2020_02_26_20026989_p34_114_1_0,2020.02.26.20026989-p34-114_1%0.png,COVID,1,train,/Users/samehissa/Downloads/COVID-CT-Dataset-master/Images-processed/CT_COVID/2020.02.26.20026989-p34-114_1%0.png,0.2341826470365049,0.3135664227463984,0.098323901473973,0.0,1.218464493751526,1.1365605739289648,0.2389940214375525,3.9280563652729,19.605172946815653,0.098323901473973,0.2663119682729302,0.0,1.218464493751526,0.432613730430603,0.0,0.0,0.432613730430603,0.7468334720022977,1.3389823145073552,0.0285464415212265,5.666987438326877,0.3913635313196635,1.8823444443347064e-06,0.0004190578371374,0.0277156179845482,0.0
covid_2020_02_26_20026989_p34_114_1_1,2020.02.26.20026989-p34-114_1%1.png,COVID,1,train,/Users/samehissa/Downloads/COVID-CT-Dataset-master/Images-processed/CT_COVID/2020.02.26.20026989-p34-114_1%1.png,0.2254105718602659,0.3232817778061246,0.1045111078614885,0.0,1.273483395576477,1.3766255977906128,0.9688748268810672,3.865820358488916,19.88109232228616,0.1045111078614885,0.2660488866422383,0.0,1.273483395576477,0.4019187986850738,0.0,0.0,0.4019187986850738,0.6972551194652459,1.4341908417965858,0.0497096961339137,5.577199859974892,0.3941078960993557,1.910433419824877e-06,0.0004219175113882,0.0285743421650941,0.0
covid_2020_02_26_20026989_p34_114_2_0,2020.02.26.20026989-p34-114_2%0.png,COVID,1,train,/Users/samehissa/Downloads/COVID-CT-Dataset-master/Images-processed/CT_COVID/2020.02.26.20026989-p34-114_2%0.png,0.3112805955752264,0.4135057901793487,0.1709870385118475,0.0,1.5801236629486084,1.2179734922506458,0.6081262846084181,3.954162315989865,34.28897890476995,0.1709870385118475,0.346940826691025,0.0,1.5801236629486084,0.5678402930498123,0.0,0.0,0.5678402930498123,0.7527823072511481,1.3284020785658568,-0.0412699981891775,5.704650363963934,0.5175738089330981,1.9692242999528806e-06,0.0006306306163079,0.0365490935369648,0.0
covid_2020_02_26_20026989_p34_114_2_1,2020.02.26.20026989-p34-114_2%1.png,COVID,1,train,/Users/samehissa/Downloads/COVID-CT-Dataset-master/Images-processed/CT_COVID/2020.02.26.20026989-p34-114_2%1.png,0.2767518973269034,0.4114170831335631,0.1692640162941291,0.0,2.029014110565185,1.8131094693753376,3.216854071307573,3.8737347141785294,31.469520507925765,0.1692640162941291,0.3163924285267967,0.0,2.029014110565185,0.4650317579507828,0.0,0.0,0.4650317579507828,0.6726780097243767,1.4865917347175084,-0.0703090998868817,5.588617861680127,0.4958383092986765,1.939388108304076e-06,0.0005351517436443,0.0363644761724665,0.0
covid_2020_02_26_20027938_p6_80_1_0,2020.02.26.20027938-p6-80_1%0.png,COVID,1,train,/Users/samehissa/Downloads/COVID-CT-Dataset-master/Images-processed/CT_COVID/2020.02.26.20027938-p6-80_1%0.png,0.3692228553336463,0.5360857865320333,0.2873879705216688,0.0873461440205574,2.2211294174194336,1.619287151355072,1.9929690095958952,3.89857914743653,54.23532639006714,0.2873879705216688,0.4199378812506893,0.0,2.2211294174194336,0.6071340590715408,0.0,0.0873461440205574,0.6071340590715408,0.688737093712314,1.4519301250936978,0.1535722196353056,5.624460802335143,0.6509327825685226,2.09834790855782e-06,0.000923806982591,0.0473837368693155,0.0873461440205574
covid_2020_02_26_20027938_p6_80_1_1,2020.02.26.20027938-p6-80_1%1.png,COVID,1,train,/Users/samehissa/Downloads/COVID-CT-Dataset-master/Images-processed/CT_COVID/2020.02.26.20027938-p6-80_1%1.png,0.2752562904452134,0.4280737591778707,0.1832471432966737,0.0,1.6614426374435425,1.671206397145762,1.887656081988391,3.797060032898593,33.153685596970675,0.1832471432966737,0.3299270292311149,0.0,1.6614426374435425,0.4162889420986175,0.0,0.0,0.4162889420986175,0.6430098587775896,1.5551824755230217,0.1511368576235098,5.47799967923582,0.5089333637386464,1.9691886743934205e-06,0.0005111102890439,0.0378367322453361,0.0
covid_2020_02_26_20027938_p6_80_2_0,2020.02.26.20027938-p6-80_2%0.png,COVID,1,train,/Users/samehissa/Downloads/COVID-CT-Dataset-master/Images-processed/CT_COVID/2020.02.26.20027938-p6-80_2%0.png,0.2854728280071867,0.4147992378037524,0.1720584076825739,0.0136949764564633,1.930617928504944,1.578102183318738,1.9840269206320809,3.881120435502996,32.45480233126333,0.1720584076825739,0.3314711750556398,0.0,1.930617928504944,0.4931091219186783,0.0,0.0136949764564633,0.4931091219186783,0.6882176093212556,1.4530252868525542,0.0096896013463852,5.599273205208322,0.503540607312851,2.031730735310353e-06,0.0006682491510954,0.0366634192352555,0.0136949764564633
covid_2020_02_26_20027938_p6_80_2_1,2020.02.26.20027938-p6-80_2%1.png,COVID,1,train,/Users/samehissa/Downloads/COVID-CT-Dataset-master/Images-processed/CT_COVID/2020.02.26.20027938-p6-80_2%1.png,0.2052449419497861,0.3164877830047042,0.1001645167912327,0.0,1.43156099319458,1.6990357668482088,2.3748218021712724,3.805454555250044,18.21312038236209,0.1001645167912327,0.2496516788993403,0.0,1.43156099319458,0.3865579590201378,0.0,0.0,0.3865579590201378,0.6485062124515656,1.5420004020471014,0.1513106454306076,5.490110415002892,0.3772134713755645,1.9691880935912845e-06,0.0004460161600971,0.0279738321906653,0.0
covid_2020_02_26_20027938_p6_80_3_0,2020.02.26.20027938-p6-80_3%0.png,COVID,1,train,/Users/samehissa/Downloads/COVID-CT-Dataset-master/Images-processed/CT_COVID/2020.02.26.20027938-p6-80_3%0.png,0.2662085526390001,0.3685527314293603,0.1358311158440421,0.051571600139141,1.867908835411072,1.7710262206548624,3.5767530660103803,3.964866617451549,26.457357995800763,0.1358311158440421,0.2864635757578071,0.0,1.867908835411072,0.4770428463816643,0.0,0.051571600139141,0.4770428463816643,0.7223059487325354,1.3844511296718065,0.0629615823957868,5.720093406598883,0.4546406375833483,2.09835155311169e-06,0.0008360083545504,0.0325757669523156,0.051571600139141
covid_2020_02_26_20027938_p6_80_3_1,2020.02.26.20027938-p6-80_3%1.png,COVID,1,train,/Users/samehissa/Downloads/COVID-CT-Dataset-master/Images-processed/CT_COVID/2020.02.26.20027938-p6-80_3%1.png,0.2746005011431407,0.4072155922869165,0.1658245386015842,0.0,1.799800157546997,1.5833723408953837,1.7223237059961702,3.858657555634191,30.877436650194976,0.1658245386015842,0.3203740410722275,0.0,1.799800157546997,0.4090914875268936,0.0,0.0,0.4090914875268936,0.6743352465109349,1.4829382706575895,0.0936710746017993,5.566866119817513,0.4911516810819731,1.9692220592122637e-06,0.0005615381226187,0.0359931133388718,0.0
covid_2020_02_27_20027557_p25_137_0,2020.02.27.20027557-p25-137%0.png,COVID,1,train,/Users/samehissa/Downloads/COVID-CT-Dataset-master/Images-processed/CT_COVID/2020.02.27.20027557-p25-137%0.png,0.4463587271484357,0.6163799826196384,0.3799242829741858,0.0353366024792194,3.080207109451294,1.5388219263823772,2.2201937792985564,3.940972528500817,74.13253072329697,0.3799242829741858,0.4970266853204919,0.0,3.080207109451294,0.8371037989854813,0.0,0.0353366024792194,0.8371037989854813,0.72416044578695,1.3809072056401452,0.047999238362598,5.685621522963106,0.7610258841036601,2.0644865249257207e-06,0.0009434039309191,0.054480808187249,0.0353366024792194
covid_2020_02_27_20027557_p25_137_1,2020.02.27.20027557-p25-137%1.png,COVID,1,train,/Users/samehissa/Downloads/COVID-CT-Dataset-master/Images-processed/CT_COVID/2020.02.27.20027557-p25-137%1.png,0.3666003878752235,0.5203495381384725,0.2707636418409216,0.0231862273067235,2.1827991008758545,1.4823070497519453,1.4096562879569188,3.910033892319895,51.86041423759181,0.2707636418409216,0.4152228083444242,0.0,2.1827991008758545,0.609703779220581,0.0,0.0231862273067235,0.609703779220581,0.7045258167440697,1.4193916737359786,0.0774298903234198,5.64098650597302,0.6365213949516434,1.9999945530933616e-06,0.000736757380918,0.0459928358756252,0.0231862273067235
covid_2020_02_27_20027557_p25_137_2,2020.02.27.20027557-p25-137%2.png,COVID,1,train,/Users/samehissa/Downloads/COVID-CT-Dataset-master/Images-processed/CT_COVID/2020.02.27.20027557-p25-137%2.png,0.378770106632146,0.6217611873081035,0.3865869740427825,0.0,2.925530910491944,1.8162511990743917,2.6809693021359564,3.72945152958668,67.84688226827645,0.3865869740427825,0.4779926901194358,0.0,2.925530910491944,0.5088663995265961,0.0,0.0,0.5088663995265961,0.6091880695930019,1.6415265524423908,0.0188338295541217,5.380461226785799,0.728047915813863,1.882345951395217e-06,0.0004637466154071,0.0549564439780198,0.0
covid_2020_02_27_20027557_p25_137_3,2020.02.27.20027557-p25-137%3.png,COVID,1,train,/Users/samehissa/Downloads/COVID-CT-Dataset-master/Images-processed/CT_COVID/2020.02.27.20027557-p25-137%3.png,0.4699268215335905,0.7095283454565509,0.5034304730063106,0.0,3.0166499614715576,1.6683878320037506,2.2906523912803696,3.828765043145282,92.7054963971806,0.5034304730063106,0.5623676984396297,0.0,3.0166499614715576,0.8242428600788116,0.0,0.0,0.8242428600788116,0.6623078024083885,1.509869862590581,0.0155979656945097,5.523740340290055,0.8510356576565835,1.9393791929402243e-06,0.0006309835024983,0.0627140380645498,0.0
covid_2020_02_27_20027557_p25_137_4,2020.02.27.20027557-p25-137%4.png,COVID,1,train,/Users/samehissa/Downloads/COVID-CT-Dataset-master/Images-processed/CT_COVID/2020.02.27.20027557-p25-137%4.png,0.436616941668035,0.6861784387347206,0.4708408497844187,0.0,2.981558084487915,1.7902857231346767,2.6993109532783244,3.780498959787282,84.66882605260378,0.4708408497844187,0.5247891332918471,0.0,2.981558084487915,0.5989831238985062,0.0,0.0,0.5989831238985062,0.6363014060478612,1.5715799669002084,0.1465740346709296,5.454107101186335,0.8133112587047883,1.8028031550783891e-06,0.0003944559160574,0.0606501783916648,0.0
covid_2020_02_28_20029025_p23_182,2020.02.28.20029025-p23-182.png,COVID,1,train,/Users/samehissa/Downloads/COVID-CT-Dataset-master/Images-processed/CT_COVID/2020.02.28.20029025-p23-182.png,0.2088425913752871,0.299611464007899,0.0897670293649565,0.0,1.629372477531433,1.561826146006975,2.822302484454795,3.868101111803063,17.072928939174624,0.0897670293649565,0.246624590659394,0.0,1.629372477531433,0.4403152912855148,0.0,0.0,0.4403152912855148,0.6970424013127212,1.4346281667684415,-0.0666314218338685,5.580490291470699,0.3652153574773407,1.910407599712121e-06,0.0003974777509715,0.0264821622401518,0.0
covid_2020_02_28_20029025_p23_183,2020.02.28.20029025-p23-183.png,COVID,1,train,/Users/samehissa/Downloads/COVID-CT-Dataset-master/Images-processed/CT_COVID/2020.02.28.20029025-p23-183.png,0.2144552229874534,0.3091995907658453,0.0956043869297662,0.0,1.3988211154937744,1.519713524517074,1.7074385297898704,3.880446744161224,18.124214988334668,0.0956043869297662,0.2501027365394748,0.0,1.3988211154937744,0.4114955887198448,0.0,0.0,0.4114955887198448,0.6935796029893694,1.4417909084169742,0.0390658940680766,5.598301274050459,0.3762916815402177,1.939384409317339e-06,0.0004644221959892,0.0273296409213293,0.0
covid_2020_03_01_20029769_p21_73_1_0,2020.03.01.20029769-p21-73_1%0.png,COVID,1,train,/Users/samehissa/Downloads/COVID-CT-Dataset-master/Images-processed/CT_COVID/2020.03.01.20029769-p21-73_1%0.png,0.327818005986046,0.4951777718685638,0.2452010257527154,0.0,2.09541392326355,1.851338037543984,3.003573687132887,3.8650982482539193,45.141205862577,0.2452010257527154,0.3714482637305991,0.0,2.09541392326355,0.458686962723732,0.0,0.0,0.458686962723732,0.6620195061048768,1.5105264592746064,0.2338730083028534,5.576158075119888,0.5938566079462135,1.9692250557667982e-06,0.0006287192768176,0.0437679450476383,0.0
covid_2020_03_01_20029769_p21_73_1_1,2020.03.01.20029769-p21-73_1%1.png,COVID,1,train,/Users/samehissa/Downloads/COVID-CT-Dataset-master/Images-processed/CT_COVID/2020.03.01.20029769-p21-73_1%1.png,0.3263582077197497,0.4507407318281386,0.2031672073289659,0.0084407581016421,1.6741307973861694,1.3453836181143686,0.7491362492152085,3.931857446357881,39.63864154560171,0.2031672073289659,0.3628446788486599,0.0,1.6741307973861694,0.4948724284768104,0.0,0.0084407581016421,0.4948724284768104,0.7240470199998821,1.3811227086257276,0.0985621136633274,5.672471239158195,0.5564861966617082,2.031729586429449e-06,0.0007449385681049,0.0398402285040829,0.0084407581016421
covid_2020_03_01_20029769_p21_73_1_2,2020.03.01.20029769-p21-73_1%2.png,COVID,1,train,/Users/samehissa/Downloads/COVID-CT-Dataset-master/Images-processed/CT_COVID/2020.03.01.20029769-p21-73_1%2.png,0.2692027568264166,0.3891719543684396,0.1514548100669508,0.0,1.7808723449707031,1.4130613184453094,1.3064030586126227,3.850959995871225,28.662391596786392,0.1514548100669508,0.3204219739350264,0.0,1.7808723449707031,0.5243007093667984,0.0,0.0,0.5243007093667984,0.6917303831230669,1.4456462443264646,0.1977741890971517,5.555760888520534,0.4732070734360314,1.828565676194832e-06,0.0003627238096203,0.0343982659976931,0.0
covid_2020_03_01_20029769_p21_73_2_0,2020.03.01.20029769-p21-73_2%0.png,COVID,1,train,/Users/samehissa/Downloads/COVID-CT-Dataset-master/Images-processed/CT_COVID/2020.03.01.20029769-p21-73_2%0.png,0.381160187011119,0.5138173053312612,0.2640082232578785,0.1040406078100204,2.000652313232422,1.3967255362405162,1.0860451147385728,3.980806481251369,52.389287861789406,0.2640082232578785,0.412643613722139,0.0,2.000652313232422,0.6686269491910934,0.0,0.1040406078100204,0.6686269491910934,0.74181901083766,1.3480350856168315,0.1119730740879202,5.743089769055333,0.639758791592761,2.2856942629395244e-06,0.0014895249756057,0.0454154626113416,0.1040406078100204
covid_2020_03_01_20029769_p21_73_2_1,2020.03.01.20029769-p21-73_2%1.png,COVID,1,train,/Users/samehissa/Downloads/COVID-CT-Dataset-master/Images-processed/CT_COVID/2020.03.01.20029769-p21-73_2%1.png,0.2494980035298795,0.3527664502764722,0.1244441684406627,0.0136125087738037,1.5236423015594482,1.423682707387071,1.2691939285621023,3.904809070956058,23.89675804237549,0.1244441684406627,0.2874161078948987,0.0,1.5236423015594482,0.4574497044086456,0.0,0.0136125087738037,0.4574497044086456,0.707259140077527,1.4139049021858223,0.059419315679443,5.633448682101883,0.4320803423045979,2.0644973225562865e-06,0.000685176106995,0.0311804436457,0.0136125087738037
covid_2020_03_01_20029769_p21_73_2_2,2020.03.01.20029769-p21-73_2%2.png,COVID,1,train,/Users/samehissa/Downloads/COVID-CT-Dataset-master/Images-processed/CT_COVID/2020.03.01.20029769-p21-73_2%2.png,0.2451117306682135,0.3702398378942918,0.1370775375639915,0.0,1.6387728452682495,1.6510203476516785,2.334028241025756,3.813638931844753,25.236134153620263,0.1370775375639915,0.2965963619473939,0.0,1.6387728452682495,0.4608859047293663,0.0,0.0,0.4608859047293663,0.6620332107669763,1.510494160703607,0.0272832025022877,5.501917974528846,0.4440239836711057,1.828555662171741e-06,0.0003334203219103,0.0327248875050577,0.0
covid_2020_03_01_20029769_p21_73_3,2020.03.01.20029769-p21-73_3.png,COVID,1,train,/Users/samehissa/Downloads/COVID-CT-Dataset-master/Images-processed/CT_COVID/2020.03.01.20029769-p21-73_3.png,0.3242063451762078,0.4785955760427734,0.2290537254077141,0.0,2.080839157104492,1.5578685021606953,1.7274781184124857,3.845683955300166,42.77292539650926,0.2290537254077141,0.3815482920642807,0.0,2.080839157104492,0.5642859935760498,0.0,0.0,0.5642859935760498,0.6774104985390299,1.476206691089449,0.0663456832986664,5.548149170953141,0.5780687499426246,1.8550653537142773e-06,0.0004284621804725,0.0423022721582158,0.0
covid_2020_03_01_20029769_p21_73_4,2020.03.01.20029769-p21-73_4.png,COVID,1,train,/Users/samehissa/Downloads/COVID-CT-Dataset-master/Images-processed/CT_COVID/2020.03.01.20029769-p21-73_4.png,0.3446205010841368,0.4526298071459139,0.2048737423169472,0.0237893071025609,1.7761189937591553,1.0962447168146066,0.0422631531039572,3.963299474333256,41.42554010680687,0.2048737423169472,0.38538785730384,0.0,1.7761189937591553,0.6725920140743256,0.0,0.0237893071025609,0.6725920140743256,0.7613721727364484,1.313415208097,0.1821160436023929,5.71783249699376,0.5688910546707767,2.0645043847117475e-06,0.0008377274721062,0.0400072007500043,0.0237893071025609
covid_2020_03_03_20030353_p17_106_0,2020.03.03.20030353-p17-106%0.png,COVID,1,train,/Users/samehissa/Downloads/COVID-CT-Dataset-master/Images-processed/CT_COVID/2020.03.03.20030353-p17-106%0.png,0.3141642380905978,0.4274130187978308,0.1826818886378749,0.0,2.052135944366455,1.5583600455702302,2.4690859101407003,3.952991414642404,36.01677531301385,0.1826818886378749,0.3431317588519391,0.0,2.052135944366455,0.5796974152326584,0.0,0.0,0.5796974152326584,0.7350349410022492,1.3604763591028928,0.0027254897574027,5.702961110396583,0.5304536333487788,1.969217924177937e-06,0.0006344101786609,0.0377783304949199,0.0
covid_2020_03_03_20030353_p17_106_1,2020.03.03.20030353-p17-106%1.png,COVID,1,train,/Users/samehissa/Downloads/COVID-CT-Dataset-master/Images-processed/CT_COVID/2020.03.03.20030353-p17-106%1.png,0.3606904845582903,0.4767838069525541,0.2273227985721704,0.0715749077498912,2.223747730255127,1.3657215827873146,1.489540654949515,3.978886488361245,45.74981430055229,0.2273227985721704,0.3916019313699053,0.0,2.223747730255127,0.6432965248823166,0.0,0.0715749077498912,0.6432965248823166,0.7565058267349183,1.3218641116536087,0.1088697454853955,5.740319804834207,0.5978464888439713,2.064482811618443e-06,0.0008738779202563,0.042142132882011,0.0715749077498912
covid_2020_03_03_20030353_p17_106_2,2020.03.03.20030353-p17-106%2.png,COVID,1,train,/Users/samehissa/Downloads/COVID-CT-Dataset-master/Images-processed/CT_COVID/2020.03.03.20030353-p17-106%2.png,0.4467812817747472,0.6484596535880865,0.4204999223315812,0.0404228866100311,3.111711978912353,1.6804827095303994,2.478768277737113,3.9040154892013086,79.37451981771102,0.4204999223315812,0.505244686954029,0.0,3.111711978912353,0.7121404111385345,0.0,0.0404228866100311,0.7121404111385345,0.6889874956986216,1.4514029124322607,0.0033622622056139,5.632303785639765,0.787472816086922,2.1694760860543456e-06,0.0011870969962133,0.0573162772972519,0.0404228866100311
covid_2020_03_03_20030775_p10_88_0,2020.03.03.20030775-p10-88%0.png,COVID,1,train,/Users/samehissa/Downloads/COVID-CT-Dataset-master/Images-processed/CT_COVID/2020.03.03.20030775-p10-88%0.png,0.2686027188319713,0.3799612722928938,0.1443705684424345,0.0141427842900156,1.8867112398147583,1.5400579950756434,2.165621007907608,3.904470576274236,27.71430259281429,0.1443705684424345,0.3096786367023014,0.0,1.8867112398147583,0.5229397863149643,0.0,0.0141427842900156,0.5229397863149643,0.7069194454783105,1.414584610108078,-0.0627754568946085,5.632960337503048,0.4653149352926055,1.9999897616845046e-06,0.0006123116833926,0.0335841490283216,0.0141427842900156
covid_2020_03_03_20030775_p10_88_1,2020.03.03.20030775-p10-88%1.png,COVID,1,train,/Users/samehissa/Downloads/COVID-CT-Dataset-master/Images-processed/CT_COVID/2020.03.03.20030775-p10-88%1.png,0.2709951568103861,0.3419861549113286,0.1169545301510352,0.1216498613357544,1.478615641593933,1.235933679278693,0.8582593446841269,4.045436031185347,24.37029186121229,0.1169545301510352,0.2831972788485473,0.0,1.478615641593933,0.5014203637838364,0.0,0.1216498613357544,0.5014203637838364,0.7924132614882875,1.2619640842903128,0.0040768637210788,5.836330500239969,0.4363403547297923,2.285701929470248e-06,0.0013348366371708,0.0302275911512141,0.1216498613357544
covid_2020_03_03_20030775_p11_91,2020.03.03.20030775-p11-91.png,COVID,1,train,/Users/samehissa/Downloads/COVID-CT-Dataset-master/Images-processed/CT_COVID/2020.03.03.20030775-p11-91.png,0.2811556156193546,0.4014772059172153,0.1611839468710941,0.0219087814912199,1.661479115486145,1.475345599527721,1.3888253589477282,3.900059392549415,30.74975066437024,0.1611839468710941,0.320397162157974,0.0,1.661479115486145,0.4484999701380729,0.0,0.0219087814912199,0.4484999701380729,0.7003010660990371,1.4279537153572608,0.0139106018206507,5.626596344618802,0.4901351110310222,2.133299752570047e-06,0.000828851179586,0.0354859068494863,0.0219087814912199
covid_2020_03_03_20030775_p12_93_0,2020.03.03.20030775-p12-93%0.png,COVID,1,train,/Users/samehissa/Downloads/COVID-CT-Dataset-master/Images-processed/CT_COVID/2020.03.03.20030775-p12-93%0.png,0.2836539772324613,0.4039376664584294,0.1631656383838813,0.0235296431928873,1.506781816482544,1.3803525802671834,0.8107240547966583,3.896612976595769,31.184027799510407,0.1631656383838813,0.3271871442887004,0.0,1.506781816482544,0.4885889366269111,0.0,0.0235296431928873,0.4885889366269111,0.7022204131122789,1.4240507762293515,0.1424282996333095,5.621624217413634,0.4935840528052694,2.0983445976104526e-06,0.0007874707715297,0.0357033828911781,0.0235296431928873
covid_2020_03_03_20030775_p12_93_1,2020.03.03.20030775-p12-93%1.png,COVID,1,train,/Users/samehissa/Downloads/COVID-CT-Dataset-master/Images-processed/CT_COVID/2020.03.03.20030775-p12-93%1.png,0.2731182741445082,0.4039958266426452,0.1632126279446742,0.0424992032349109,1.653190851211548,1.5381578571396572,1.4982736604397688,3.8643691647334686,30.439196110892667,0.1632126279446742,0.321929824394374,0.0,1.653190851211548,0.4561967030167579,0.0,0.0424992032349109,0.4561967030167579,0.6760406422352782,1.4791973474059414,-0.038611664307568,5.575106229940538,0.4876537907330865,2.133305918499067e-06,0.0008126533323567,0.0357085235737599,0.0424992032349109
covid_2020_03_04_20026005_p12_1946_0,2020.03.04.20026005-p12-1946%0.png,COVID,1,train,/Users/samehissa/Downloads/COVID-CT-Dataset-master/Images-processed/CT_COVID/2020.03.04.20026005-p12-1946%0.png,0.3008576963038649,0.4060088520098704,0.1648431879103728,0.0517207942903041,1.7631611824035645,1.368022535688782,1.2201551026769015,3.963792546643514,32.685893290962106,0.1648431879103728,0.3318428941229285,0.0,1.7631611824035645,0.5297556668519974,0.0,0.0517207942903041,0.5297556668519974,0.74101082723616,1.3495046229424137,0.0013735659333097,5.718543849970571,0.5053301310387512,2.133321811475042e-06,0.0009429079880794,0.0358864515597431,0.0517207942903041
covid_2020_03_04_20026005_p12_1946_1,2020.03.04.20026005-p12-1946%1.png,COVID,1,train,/Users/samehissa/Downloads/COVID-CT-Dataset-master/Images-processed/CT_COVID/2020.03.04.20026005-p12-1946%1.png,0.3344649172795471,0.479657642548525,0.2300714540552086,0.0352496523410081,1.7964454889297483,1.4788773828941852,1.2634531830905429,3.896486837694456,43.76809407309093,0.2300714540552086,0.3808402061140441,0.0,1.7964454889297483,0.5539193749427795,0.0,0.0352496523410081,0.5539193749427795,0.6972978022505051,1.4341044987616005,-0.0846627420934081,5.621442237446248,0.5847548502971334,2.0645058851868584e-06,0.0008027215018994,0.0423961464617518,0.0352496523410081
covid_2020_03_04_20026005_p12_1946_2,2020.03.04.20026005-p12-1946%2.png,COVID,1,train,/Users/samehissa/Downloads/COVID-CT-Dataset-master/Images-processed/CT_COVID/2020.03.04.20026005-p12-1946%2.png,0.2542813693435164,0.3554043259264253,0.1263122348872167,0.0320982970297336,1.6093965768814087,1.6059059579633177,2.2226255380353965,3.9398023878479744,24.444319959351112,0.1263122348872167,0.2783556845229213,0.0,1.6093965768814087,0.4234140515327453,0.0,0.0320982970297336,0.4234140515327453,0.7154686516885703,1.397681343481751,0.0154485302812862,5.683933366846107,0.437002573999777,2.0645005065267527e-06,0.0007249548659819,0.0314136011157011,0.0320982970297336
covid_2020_03_04_20026005_p12_1946_3,2020.03.04.20026005-p12-1946%3.png,COVID,1,train,/Users/samehissa/Downloads/COVID-CT-Dataset-master/Images-processed/CT_COVID/2020.03.04.20026005-p12-1946%3.png,0.3072346501176071,0.3892415489620653,0.1515089834383878,0.113499965518713,1.6355253458023071,1.3718598812944145,1.510175974401743,4.052791200950407,31.475470549923365,0.1515089834383878,0.3170788272191203,0.0,1.6355253458023071,0.5554992407560349,0.0,0.113499965518713,0.5554992407560349,0.789314145991654,1.2669194337717655,0.0219633061247388,5.846941767184914,0.4958851819436393,2.4150653500589648e-06,0.0017886738885238,0.0344044173488289,0.113499965518713
covid_2020_03_04_20026005_p12_1946_4,2020.03.04.20026005-p12-1946%4.png,COVID,1,train,/Users/samehissa/Downloads/COVID-CT-Dataset-master/Images-processed/CT_COVID/2020.03.04.20026005-p12-1946%4.png,0.3010892962993239,0.4077886962465846,0.1662916207864893,0.0499756671488285,1.4531506299972534,1.267646846059344,0.5517169460448028,3.949569262479912,32.88913729696145,0.1662916207864893,0.3373945967034615,0.0,1.4531506299972534,0.5622465908527374,0.0,0.0499756671488285,0.5622465908527374,0.7383445414894924,1.3543779246180407,-0.0098029447574158,5.6980239884425865,0.5068987918041543,2.098348397803864e-06,0.0008544355919359,0.0360437690508976,0.0499756671488285
covid_2020_03_04_20026005_p12_1946_5,2020.03.04.20026005-p12-1946%5.png,COVID,1,train,/Users/samehissa/Downloads/COVID-CT-Dataset-master/Images-processed/CT_COVID/2020.03.04.20026005-p12-1946%5.png,0.2232228163411491,0.323365464239819,0.1045652234630337,0.0232755178585648,1.35697603225708,1.5403070230140397,1.627860319533433,3.891683172879404,19.76238709738344,0.1045652234630337,0.2583100824123221,0.0,1.35697603225708,0.3607493862509727,0.0,0.0232755178585648,0.3607493862509727,0.6903091106429636,1.44862191750875,-0.0488316291084829,5.614512014039477,0.392929572822291,2.1694505568252235e-06,0.0007952791660208,0.028581739070689,0.0232755178585648
covid_2020_03_04_20030395_p27_108_0,2020.03.04.20030395-p27-108%0.png,COVID,1,train,/Users/samehissa/Downloads/COVID-CT-Dataset-master/Images-processed/CT_COVID/2020.03.04.20030395-p27-108%0.png,0.3402621310087852,0.500568524341998,0.2505688475619254,0.0092998621985316,2.160773277282715,1.580387910956652,1.7681197097322947,3.871631900253752,46.89243716615234,0.2505688475619254,0.3928534039196165,0.0,2.160773277282715,0.4886957108974457,0.0,0.0092998621985316,0.4886957108974457,0.6797499936818209,1.4711261663410724,0.0113683449285265,5.585584142458938,0.6052661938028302,1.999991875153703e-06,0.0006837598145856,0.0442444247513462,0.0092998621985316
covid_2020_03_04_20030395_p27_108_1,2020.03.04.20030395-p27-108%1.png,COVID,1,train,/Users/samehissa/Downloads/COVID-CT-Dataset-master/Images-processed/CT_COVID/2020.03.04.20030395-p27-108%1.png,0.3638594966541859,0.5307316287111158,0.2816760617143536,0.0,2.333683967590332,1.414634044941115,1.2201188291414224,3.844725832823373,53.00093376253327,0.2816760617143536,0.4347708702675845,0.0,2.333683967590332,0.6137759387493134,0.0,0.0,0.6137759387493134,0.6855796628479743,1.4586169485512317,-0.0090044537363617,5.546766892407307,0.6434825522263918,1.8823455435004896e-06,0.0004834383180244,0.0469104917064763,0.0
covid_2020_03_04_20030395_p27_108_2,2020.03.04.20030395-p27-108%2.png,COVID,1,train,/Users/samehissa/Downloads/COVID-CT-Dataset-master/Images-processed/CT_COVID/2020.03.04.20030395-p27-108%2.png,0.3389718269609147,0.48503856848935,0.2352624129221979,0.0376894371584057,2.047792911529541,1.6377029913430368,2.175486656227683,3.9136792840387216,44.821031986613534,0.2352624129221979,0.3794243938611998,0.0,2.047792911529541,0.5574437230825424,0.0,0.0376894371584057,0.5574437230825424,0.6988539677631632,1.4309111551777354,0.1159495201140327,5.64624569452787,0.5917468313353424,2.0317385990635363e-06,0.0007680699134738,0.0428717576144793,0.0376894371584057
covid_2020_03_04_20030395_p27_108_3,2020.03.04.20030395-p27-108%3.png,COVID,1,train,/Users/samehissa/Downloads/COVID-CT-Dataset-master/Images-processed/CT_COVID/2020.03.04.20030395-p27-108%3.png,0.3694555139518343,0.5305080328501032,0.2814387729184862,0.1267939731478691,2.2593352794647217,1.7264157109929246,2.324772193506127,3.943674486105872,53.49582716261121,0.2814387729184862,0.3985607923768839,0.0,2.2593352794647217,0.5314970761537552,0.0,0.1267939731478691,0.5314970761537552,0.696417009088373,1.4359185688571567,0.1008543421503992,5.68951962380061,0.6464798138440984,2.206888500908126e-06,0.0012771851538483,0.0468907284377804,0.1267939731478691
covid_2020_03_04_20030395_p27_108_4,2020.03.04.20030395-p27-108%4.png,COVID,1,train,/Users/samehissa/Downloads/COVID-CT-Dataset-master/Images-processed/CT_COVID/2020.03.04.20030395-p27-108%4.png,0.2893329481848923,0.3992010891733417,0.1593615095971823,0.0707735009491443,1.6213979721069336,1.4215629219373591,1.0775979450388382,3.958403225733581,31.11360825632562,0.1593615095971823,0.3208104427506555,0.0,1.6213979721069336,0.5049228221178055,0.0,0.0707735009491443,0.5049228221178055,0.724778141276856,1.379729103365858,0.1077226752355393,5.710768703420049,0.4930264338780872,2.37029152496845e-06,0.0014422983070955,0.0352847246514406,0.0707735009491443
covid_2020_03_04_20030395_p27_108_5,2020.03.04.20030395-p27-108%5.png,COVID,1,train,/Users/samehissa/Downloads/COVID-CT-Dataset-master/Images-processed/CT_COVID/2020.03.04.20030395-p27-108%5.png,0.3990353028748359,0.5598807668108571,0.3134664730447133,0.0612693559378385,2.429450511932373,1.440881338603611,1.3172340715267827,3.924876950552336,60.50504268609604,0.3134664730447133,0.4523097415845427,0.0,2.429450511932373,0.6532469838857651,0.0,0.0612693559378385,0.6532469838857651,0.7127135165479332,1.4030857991190646,0.0419064135749208,5.662400512476589,0.687528651028541,2.285671315891335e-06,0.0013817518931409,0.0494869358584851,0.0612693559378385
covid_2020_03_04_20030395_p27_108_6,2020.03.04.20030395-p27-108%6.png,COVID,1,train,/Users/samehissa/Downloads/COVID-CT-Dataset-master/Images-processed/CT_COVID/2020.03.04.20030395-p27-108%6.png,0.313199306561728,0.4393957265605017,0.1930686045196311,0.0423226216807961,1.9102219343185425,1.4794795819405435,1.453959803485791,3.925902654619617,37.26878849924844,0.1930686045196311,0.3480885132603362,0.0,1.9102219343185425,0.4812043085694313,0.0,0.0423226216807961,0.4812043085694313,0.7127939004311239,1.402926881876419,0.1060153328139483,5.663880290647875,0.539594672092283,2.031738408817572e-06,0.0007446654300441,0.038837462234415,0.0423226216807961
covid_2020_03_04_20030395_p27_108_7,2020.03.04.20030395-p27-108%7.png,COVID,1,train,/Users/samehissa/Downloads/COVID-CT-Dataset-master/Images-processed/CT_COVID/2020.03.04.20030395-p27-108%7.png,0.4844575673923827,0.6878505971756991,0.4731384440349658,0.030656561255455,2.801243305206299,1.4491243148419384,1.216977661823767,3.90370956007182,90.603210065755,0.4731384440349658,0.5520201953659125,0.0,2.801243305206299,0.8276046067476273,0.0,0.030656561255455,0.8276046067476273,0.7043053608969624,1.4198366244500824,0.0805886857026468,5.63186242320179,0.8413308378032455,1.9999953729081646e-06,0.0008353583235512,0.0607979777132691,0.030656561255455
covid_2020_03_04_20030395_p27_108_8,2020.03.04.20030395-p27-108%8.png,COVID,1,train,/Users/samehissa/Downloads/COVID-CT-Dataset-master/Images-processed/CT_COVID/2020.03.04.20030395-p27-108%8.png,0.387322315144047,0.5492031429127527,0.3016240921852455,0.0732420422136783,2.482177257537842,1.767895719916344,3.1434506459685787,3.9417446016808544,57.810261503205126,0.3016240921852455,0.424270201876368,0.0,2.482177257537842,0.6561162024736404,0.0,0.0732420422136783,0.6561162024736404,0.7052428867157645,1.4179486217015445,0.1581414983469957,5.686735389111147,0.6720436503634195,2.284414572772646e-06,0.0013497550748506,0.0485431583253215,0.0732420422136783
covid_2020_03_04_20031039_p23_97_1_0,2020.03.04.20031039-p23-97_1%0.png,COVID,1,train,/Users/samehissa/Downloads/COVID-CT-Dataset-master/Images-processed/CT_COVID/2020.03.04.20031039-p23-97_1%0.png,0.4024599644908448,0.5657647166971305,0.3200897146593842,0.0712113324552774,2.623878002166748,1.5880563943874728,2.016066201283065,3.9404096279796,61.70415842270161,0.3200897146593842,0.441101899595651,0.0,2.623878002166748,0.5806323438882828,0.0,0.0712113324552774,0.5806323438882828,0.7113544575312124,1.4057664528517355,0.0646656054326237,5.684809429172631,0.6943080999652506,2.169479939970328e-06,0.001179470780468,0.0500070084665783,0.0712113324552774
covid_2020_03_04_20031039_p23_97_1_1,2020.03.04.20031039-p23-97_1%1.png,COVID,1,train,/Users/samehissa/Downloads/COVID-CT-Dataset-master/Images-processed/CT_COVID/2020.03.04.20031039-p23-97_1%1.png,0.3556326111429371,0.4943388412262119,0.244370889944874,0.0821153074502945,2.293694257736206,1.4640813413534837,1.5401455757548916,3.946945389596341,47.46821683881183,0.244370889944874,0.3985973697908775,0.0,2.293694257736206,0.6469238102436066,0.0,0.0821153074502945,0.6469238102436066,0.7194091624514605,1.390026745965447,0.0653531569686794,5.694238540045536,0.6089708072257795,2.245601699687586e-06,0.0013129049558568,0.0436937933543693,0.0821153074502945
covid_2020_03_04_20031039_p23_97_1_2,2020.03.04.20031039-p23-97_1%2.png,COVID,1,train,/Users/samehissa/Downloads/COVID-CT-Dataset-master/Images-processed/CT_COVID/2020.03.04.20031039-p23-97_1%2.png,0.2692048998833343,0.3661471387066001,0.1340637271830302,0.0133270386140793,1.4518203735351562,1.267456085886642,0.5403978984990752,3.940174484074936,26.43648067894097,0.1340637271830302,0.3003575914360112,0.0,1.4518203735351562,0.4659332409501076,0.0,0.0133270386140793,0.4659332409501076,0.7352349265908794,1.3601057739486833,0.0044871098272615,5.684470188227475,0.4544612253033545,2.031732960229636e-06,0.0006802044919122,0.032363140586436,0.0133270386140793
covid_2020_03_04_20031039_p23_97_2_0,2020.03.04.20031039-p23-97_2%0.png,COVID,1,train,/Users/samehissa/Downloads/COVID-CT-Dataset-master/Images-processed/CT_COVID/2020.03.04.20031039-p23-97_2%0.png,0.321553853151272,0.4517492548128516,0.2040773892239667,0.0086566759273409,2.01138973236084,1.4986995446413656,1.753128424520753,3.914266287973112,39.35670652165076,0.2040773892239667,0.3613079404015025,0.0,2.01138973236084,0.5645488351583481,0.0,0.0086566759273409,0.5645488351583481,0.7117956209775321,1.404894546856294,-0.0838398251117784,5.647092562192995,0.5545036246052829,1.999990996878491e-06,0.0006760091292951,0.0399293701842671,0.0086566759273409
covid_2020_03_04_20031039_p23_97_2_1,2020.03.04.20031039-p23-97_2%1.png,COVID,1,train,/Users/samehissa/Downloads/COVID-CT-Dataset-master/Images-processed/CT_COVID/2020.03.04.20031039-p23-97_2%1.png,0.248694000285468,0.3639454102545496,0.1324562616453524,0.0020792610011994,1.4837567806243896,1.531090012059836,1.5826029305060345,3.861624757360485,24.871035830187623,0.1324562616453524,0.2919702169194806,0.0,1.4837567806243896,0.4158046692609787,0.0,0.0020792610011994,0.4158046692609787,0.6833258778717661,1.4634265798000277,-0.1608020258666633,5.571146887033355,0.440800371396555,1.9999783251014487e-06,0.0005552535680418,0.032168533446589,0.0020792610011994
covid_2020_03_04_20031039_p23_97_2_2,2020.03.04.20031039-p23-97_2%2.png,COVID,1,train,/Users/samehissa/Downloads/COVID-CT-Dataset-master/Images-processed/CT_COVID/2020.03.04.20031039-p23-97_2%2.png,0.234181621512107,0.311460113088632,0.0970074020451834,0.0377506334334611,1.2982512712478638,1.331306057484701,1.0127990980354156,3.975200367202495,19.436599539100577,0.0970074020451834,0.2520604142370075,0.0,1.2982512712478638,0.3793731033802032,0.0,0.0377506334334611,0.3793731033802032,0.7518807699292669,1.3299938358848953,-0.1537518344513122,5.735001856118362,0.3896773458891641,2.0983428526816865e-06,0.0007612370258936,0.0275294447542625,0.0377506334334611
covid_2020_03_04_20031047_p12_81_0,2020.03.04.20031047-p12-81%0.png,COVID,1,train,/Users/samehissa/Downloads/COVID-CT-Dataset-master/Images-processed/CT_COVID/2020.03.04.20031047-p12-81%0.png,0.2931758580489259,0.4077431342879461,0.166254463558958,0.0282430788502097,1.790753960609436,1.4780836005571711,1.678382568389415,3.9306445920121234,32.2824380546153,0.166254463558958,0.3272383688663467,0.0,1.790753960609436,0.4683504626154899,0.0,0.0282430788502097,0.4683504626154899,0.7190191921728225,1.3907800492218598,-0.1139421212586449,5.67072146020825,0.5022016998195864,2.133305912777701e-06,0.000874769239618,0.0360397419046579,0.0282430788502097
covid_2020_03_04_20031047_p12_81_1,2020.03.04.20031047-p12-81%1.png,COVID,1,train,/Users/samehissa/Downloads/COVID-CT-Dataset-master/Images-processed/CT_COVID/2020.03.04.20031047-p12-81%1.png,0.2441431227780413,0.3438734578191225,0.1182489549924798,0.0165852028876543,1.3599157333374023,1.3223944177521407,0.635209872393304,3.9026604342220574,22.765416882213568,0.1182489549924798,0.2809403251053481,0.0,1.3599157333374023,0.4316619858145714,0.0,0.0165852028876543,0.4316619858145714,0.7099774851741395,1.4084912730953696,0.0526669950993188,5.630348854541069,0.4217283715761764,1.9999907510346258e-06,0.0005908694199115,0.0303944067367459,0.0165852028876543
covid_2020_03_04_20031047_p12_81_2,2020.03.04.20031047-p12-81%2.png,COVID,1,train,/Users/samehissa/Downloads/COVID-CT-Dataset-master/Images-processed/CT_COVID/2020.03.04.20031047-p12-81%2.png,0.270551852088829,0.3835216659213474,0.1470888682310856,0.007064392324537,1.860660552978516,1.5741434875562486,2.167418072417896,3.911074144310514,28.196758131172,0.1470888682310856,0.306027456860761,0.0,1.860660552978516,0.4722193628549576,0.0,0.007064392324537,0.4722193628549576,0.7054390160719044,1.417553282153942,0.0500550256689628,5.642487272361162,0.4693476034878427,1.9999894748708825e-06,0.0006225679331782,0.0338988463381183,0.007064392324537
covid_2020_03_04_20031047_p12_81_3,2020.03.04.20031047-p12-81%3.png,COVID,1,train,/Users/samehissa/Downloads/COVID-CT-Dataset-master/Images-processed/CT_COVID/2020.03.04.20031047-p12-81%3.png,0.3054214443982346,0.4339489241971859,0.188311668811895,0.0184055864810943,2.2699763774871826,1.6544838232697905,3.04223725362791,3.906481470164393,36.04402272130547,0.188311668811895,0.3491871780213387,0.0,2.2699763774871826,0.5694638043642044,0.0,0.0184055864810943,0.5694638043642044,0.7038172548670657,1.4208200902598254,0.0500146945363474,5.635861444146133,0.5306542447867528,2.064499384596816e-06,0.0007511076821079,0.0383560283735546,0.0184055864810943
covid_2020_03_04_20031047_p13_84_0,2020.03.04.20031047-p13-84%0.png,COVID,1,train,/Users/samehissa/Downloads/COVID-CT-Dataset-master/Images-processed/CT_COVID/2020.03.04.20031047-p13-84%0.png,0.2836791527806781,0.410149108853482,0.1682222914933054,0.0,2.2168211936950684,1.8065849589490688,3.637791204113462,3.901996681047892,31.83310761160561,0.1682222914933054,0.3172446352400584,0.0,2.2168211936950684,0.4846612736582756,0.0,0.0,0.4846612736582756,0.6916471473667629,1.4458204095476206,0.0953240589650952,5.629391261128326,0.4986944487516067,1.969222467161083e-06,0.0005891471264672,0.0362524020209895,0.0
covid_2020_03_04_20031047_p13_84_1,2020.03.04.20031047-p13-84%1.png,COVID,1,train,/Users/samehissa/Downloads/COVID-CT-Dataset-master/Images-processed/CT_COVID/2020.03.04.20031047-p13-84%1.png,0.2800681247754255,0.3754520579554178,0.1409642478229584,0.0594721250236034,1.436898708343506,1.2205203221765777,0.4054966960115735,3.9620765149164447,28.083507499287265,0.1409642478229584,0.3136032236895971,0.0,1.436898708343506,0.5126919150352478,0.0,0.0594721250236034,0.5126919150352478,0.7459471133370859,1.3405740416067575,-0.0688894213487659,5.716068139507918,0.4684041015385985,2.169477600958341e-06,0.0009765030274591,0.03318558702384,0.0594721250236034
covid_2020_03_04_20031047_p13_84_2,2020.03.04.20031047-p13-84%2.png,COVID,1,train,/Users/samehissa/Downloads/COVID-CT-Dataset-master/Images-processed/CT_COVID/2020.03.04.20031047-p13-84%2.png,0.2412997346546035,0.3247501401242383,0.1054626535107124,0.0261717326939106,1.3112510442733765,1.3046151015431735,0.8105611266357484,3.9588685822329728,20.952091578252094,0.1054626535107124,0.2675676553667472,0.0,1.3112510442733765,0.4437229335308075,0.0,0.0261717326939106,0.4437229335308075,0.7430296767004136,1.3458371207456392,0.1101000397821942,5.711440070933967,0.4045840029648905,2.098346719787173e-06,0.0007669955006251,0.0287041282841413,0.0261717326939106
covid_2020_03_04_20031047_p13_84_3,2020.03.04.20031047-p13-84%3.png,COVID,1,train,/Users/samehissa/Downloads/COVID-CT-Dataset-master/Images-processed/CT_COVID/2020.03.04.20031047-p13-84%3.png,0.2256289649521932,0.3196785833386861,0.1021943966454292,0.0124165592715144,1.301228165626526,1.3718371289069091,0.8654537709534518,3.89814349660756,19.59716178826589,0.1021943966454292,0.2607702242712548,0.0,1.301228165626526,0.3968590348958969,0.0,0.0124165592715144,0.3968590348958969,0.7057972317023121,1.4168330888120697,-0.0241505477334312,5.623832291044627,0.3912835627404086,1.999989106967002e-06,0.0005640989815269,0.0282558617598617,0.0124165592715144
covid_2020_03_04_20031047_p13_84_4,2020.03.04.20031047-p13-84%4.png,COVID,1,train,/Users/samehissa/Downloads/COVID-CT-Dataset-master/Images-processed/CT_COVID/2020.03.04.20031047-p13-84%4.png,0.3384504674540949,0.4216056177096484,0.1777512968843341,0.1693758815526962,2.0723652839660645,1.3130787019730443,1.444758747573867,4.064483744028576,37.414402022941374,0.1777512968843341,0.3443850004238129,0.0,2.0723652839660645,0.5304971039295197,0.0,0.1693758815526962,0.5304971039295197,0.8027636503731985,1.2456937078003358,0.0327764423052569,5.86381054109917,0.5406477742525437,2.327259060956129e-06,0.0016527554195432,0.0372650239086044,0.1693758815526962
covid_2020_03_04_20031047_p13_84_5,2020.03.04.20031047-p13-84%5.png,COVID,1,train,/Users/samehissa/Downloads/COVID-CT-Dataset-master/Images-processed/CT_COVID/2020.03.04.20031047-p13-84%5.png,0.256150639601401,0.3254290111613788,0.1059040413054728,0.073181577026844,1.3155971765518188,1.2899045388821526,1.0837577200396469,4.038702615954131,21.954200508631,0.1059040413054728,0.2674561441349397,0.0,1.3155971765518188,0.4497615918517113,0.0,0.073181577026844,0.4497615918517113,0.7871143742621127,1.270459490820646,-0.0896035492504875,5.826616235477644,0.4141463406498718,2.3703434949706138e-06,0.0014572511860647,0.0287641325733804,0.073181577026844
covid_2020_03_04_20031047_p14_87_0,2020.03.04.20031047-p14-87%0.png,COVID,1,train,/Users/samehissa/Downloads/COVID-CT-Dataset-master/Images-processed/CT_COVID/2020.03.04.20031047-p14-87%0.png,0.4018078327280818,0.5644103224515558,0.3185590120898692,0.0216237613931298,2.34407114982605,1.4644312456853272,1.3857783161755073,3.917346416611224,61.44109395603295,0.3185590120898692,0.4511928008797667,0.0,2.34407114982605,0.7094979733228683,0.0,0.0216237613931298,0.7094979733228683,0.7119060457235415,1.4046772523558868,-0.0539479266437939,5.651536248504501,0.6928264909279288,2.0645042547106245e-06,0.0008817970129355,0.0498872957971476,0.0216237613931298
covid_2020_03_04_20031047_p14_87_1,2020.03.04.20031047-p14-87%1.png,COVID,1,train,/Users/samehissa/Downloads/COVID-CT-Dataset-master/Images-processed/CT_COVID/2020.03.04.20031047-p14-87%1.png,0.4451420638870331,0.5895015912281965,0.3475121260605756,0.1621694862842559,2.8517906665802,1.6072647307528476,2.417891064600348,4.02817015504858,69.84493863707944,0.3475121260605756,0.4563715387137108,0.0,2.8517906665802,0.7416853606700897,0.0,0.1621694862842559,0.7416853606700897,0.7551146856871382,1.324299901205918,0.1450444447328996,5.81142110636085,0.738690451476248,2.415069331642374e-06,0.002209702189232,0.0521050715847147,0.1621694862842559
covid_2020_03_07_20031393_p7_50_0,2020.03.07.20031393-p7-50%0.png,COVID,1,train,/Users/samehissa/Downloads/COVID-CT-Dataset-master/Images-processed/CT_COVID/2020.03.07.20031393-p7-50%0.png,0.2318326334934681,0.3410556939159535,0.1163189863524925,0.0,1.3727551698684692,1.5421292551529748,1.495281056922671,3.861667528128722,21.768365607041197,0.1163189863524925,0.2699843529699137,0.0,1.3727551698684692,0.3889097347855568,0.0,0.0,0.3889097347855568,0.679748081855853,1.4711289294203815,0.1232599482607549,5.571208592208586,0.4123898111071724,1.9104406782912742e-06,0.0004444491793291,0.0301453492412817,0.0
covid_2020_03_07_20031393_p7_50_1,2020.03.07.20031393-p7-50%1.png,COVID,1,train,/Users/samehissa/Downloads/COVID-CT-Dataset-master/Images-processed/CT_COVID/2020.03.07.20031393-p7-50%1.png,0.2272627588245086,0.330585468979919,0.1092867523006729,0.0,1.2588165998458862,1.3937728307496016,0.855989564563969,3.86035455607044,20.59969457269757,0.1092867523006729,0.2672639682496083,0.0,1.2588165998458862,0.4179596900939941,0.0,0.0,0.4179596900939941,0.6874532993614855,1.4546398657212276,0.1062305666968402,5.569314373931276,0.4011671893976372,1.9692171263497736e-06,0.0005008008282947,0.0292199033596794,0.0
covid_2020_03_07_20031393_p7_50_2,2020.03.07.20031393-p7-50%2.png,COVID,1,train,/Users/samehissa/Downloads/COVID-CT-Dataset-master/Images-processed/CT_COVID/2020.03.07.20031393-p7-50%2.png,0.2273652121293707,0.3439435643294131,0.1182971754436211,0.0,1.3638566732406616,1.5271787051928751,1.3881693336928986,3.814546855115087,21.75899073667263,0.1182971754436211,0.2758310111090623,0.0,1.3638566732406616,0.3801912367343902,0.0,0.0,0.3801912367343902,0.6610519127483916,1.5127361002513846,0.0853628627098101,5.503227830928465,0.4123010006418307,1.9104341382354382e-06,0.0004133551586203,0.0304006033353499,0.0
covid_2020_03_07_20031393_p7_50_3,2020.03.07.20031393-p7-50%3.png,COVID,1,train,/Users/samehissa/Downloads/COVID-CT-Dataset-master/Images-processed/CT_COVID/2020.03.07.20031393-p7-50%3.png,0.1904883672395954,0.2777910556175113,0.0771678705810912,0.0,1.2354635000228882,1.597060534276387,2.0230121910073,3.876381214380953,14.522072145241372,0.0771678705810912,0.2198045614597958,0.0,1.2354635000228882,0.346839003264904,0.0,0.0,0.346839003264904,0.6857228757537855,1.4583098151505862,0.0572593688469922,5.5924359543978746,0.3368288714387444,1.9393841488213243e-06,0.0004410939629216,0.0245534923975139,0.0
covid_2020_03_08_20031658_p15_103,2020.03.08.20031658-p15-103.png,COVID,1,train,/Users/samehissa/Downloads/COVID-CT-Dataset-master/Images-processed/CT_COVID/2020.03.08.20031658-p15-103.png,0.1789810493210097,0.2872368334713902,0.0825049985026711,0.0009615860180929,1.2568960189819336,1.7399377743627646,2.211874439044089,3.757869550738883,14.661019458396268,0.0825049985026711,0.2203789076299926,0.0,1.2568960189819336,0.2419548295438289,0.0,0.0009615860180929,0.2419548295438289,0.6231109849212705,1.6048449518039156,0.0664514850613606,5.421459764973961,0.3384364261109032,1.9999429173993314e-06,0.0004251879369929,0.0253883890942713,0.0009615860180929
covid_2020_03_08_20031658_p15_104,2020.03.08.20031658-p15-104.png,COVID,1,train,/Users/samehissa/Downloads/COVID-CT-Dataset-master/Images-processed/CT_COVID/2020.03.08.20031658-p15-104.png,0.1945268189592752,0.2993328508975071,0.0896001556264292,0.0008661597967147,1.514320731163025,1.768652967975009,2.8456875961607078,3.8204047440682296,16.31242738186802,0.0896001556264292,0.2311400395838063,0.0,1.514320731163025,0.2940399423241615,0.0,0.0008661597967147,0.2940399423241615,0.6498657548286507,1.5387742034694627,-0.0530891051240856,5.511678978271242,0.3569885697341637,1.9999587016129545e-06,0.0004779710647777,0.0264575360876911,0.0008661597967147
covid_2020_03_08_20031658_p15_105,2020.03.08.20031658-p15-105.png,COVID,1,train,/Users/samehissa/Downloads/COVID-CT-Dataset-master/Images-processed/CT_COVID/2020.03.08.20031658-p15-105.png,0.20550264238409,0.2892576699328751,0.0836699996149961,0.0,0.9859068989753724,1.258088198546674,0.2749253105597544,3.8915205818682583,16.11537096215543,0.0836699996149961,0.2378618882655701,0.0,0.9859068989753724,0.3843875303864479,0.0,0.0,0.3843875303864479,0.7104459217480971,1.4075618034742574,0.0607003205942758,5.614277444794007,0.3548257820985382,1.939379199553733e-06,0.0004533519761628,0.0255670074899695,0.0
covid_2020_03_08_20031658_p15_106,2020.03.08.20031658-p15-106.png,COVID,1,train,/Users/samehissa/Downloads/COVID-CT-Dataset-master/Images-processed/CT_COVID/2020.03.08.20031658-p15-106.png,0.3238825545704458,0.4487145321439155,0.201344731357133,0.0703513585031032,1.7757322788238523,1.377866999303904,0.8798553446030062,3.946827360243563,39.19931398556298,0.201344731357133,0.3633755298365031,0.0,1.7757322788238523,0.5503486692905426,0.0,0.0703513585031032,0.5503486692905426,0.7217992945841859,1.385423592014797,-0.0509100187469832,5.694068259683602,0.5533937481687075,2.3272525700409268e-06,0.0014370952394926,0.0396611360619889,0.0703513585031032
covid_2020_03_09_20033118_p20_93_0,2020.03.09.20033118-p20-93%0.png,COVID,1,train,/Users/samehissa/Downloads/COVID-CT-Dataset-master/Images-processed/CT_COVID/2020.03.09.20033118-p20-93%0.png,0.2424420413517509,0.3297326278113845,0.108723605843401,0.0338354222476482,1.309384822845459,1.3052940402610522,0.8398956745882926,3.942832488334012,21.440223905050264,0.108723605843401,0.2729091045712266,0.0,1.309384822845459,0.4360607862472534,0.0,0.0338354222476482,0.4360607862472534,0.7352663510875923,1.360047234270671,-0.0099213486692685,5.6883048777907055,0.4092697756470727,2.0645032556440397e-06,0.0007017743458295,0.0291445221379862,0.0338354222476482
covid_2020_03_09_20033118_p20_93_1,2020.03.09.20033118-p20-93%1.png,COVID,1,train,/Users/samehissa/Downloads/COVID-CT-Dataset-master/Images-processed/CT_COVID/2020.03.09.20033118-p20-93%1.png,0.2535019339993596,0.3882227826076205,0.1507169289356038,0.0,1.453727126121521,1.4671288995242109,1.0145499016719102,3.7847509962621495,27.51746041305849,0.1507169289356038,0.3150459990574745,0.0,1.453727126121521,0.4322709739208221,0.0,0.0,0.4322709739208221,0.6529788883531,1.5314391353266807,0.023622116865394,5.460241493122302,0.4636595296950332,1.8285641730361384e-06,0.0003373189877682,0.0343143702741199,0.0
covid_2020_03_09_20033118_p20_93_2,2020.03.09.20033118-p20-93%2.png,COVID,1,train,/Users/samehissa/Downloads/COVID-CT-Dataset-master/Images-processed/CT_COVID/2020.03.09.20033118-p20-93%2.png,0.2410539081142815,0.3739306858667516,0.1398241578327793,0.0,1.519938349723816,1.5719860449624838,1.520456432027392,3.7776877299428713,25.335186489593315,0.1398241578327793,0.29743674175905,0.0,1.519938349723816,0.4189303815364837,0.0,0.0,0.4189303815364837,0.6446469160684598,1.551232621748138,0.0921478337655774,5.450051353831001,0.4448945318274296,1.8550256202718849e-06,0.0003436663075134,0.0330511154587645,0.0
covid_2020_03_09_20033118_p20_93_3,2020.03.09.20033118-p20-93%3.png,COVID,1,train,/Users/samehissa/Downloads/COVID-CT-Dataset-master/Images-processed/CT_COVID/2020.03.09.20033118-p20-93%3.png,0.2725283487379784,0.4129707267582641,0.1705448211592488,0.0,1.7766026258468628,1.6149390126528376,2.0026550972376524,3.80431552621628,31.33651481921254,0.1705448211592488,0.3284659666617244,0.0,1.7766026258468628,0.4848019331693649,0.0,0.0,0.4848019331693649,0.659920113362881,1.5153312624930395,0.0448653089681526,5.488467143464453,0.4947893713744243,1.7534204192362992e-06,0.0002795234326913,0.0365018001652881,0.0
covid_2020_03_10_20032136_p34_118_1_0,2020.03.10.20032136-p34-118_1%0.png,COVID,1,train,/Users/samehissa/Downloads/COVID-CT-Dataset-master/Images-processed/CT_COVID/2020.03.10.20032136-p34-118_1%0.png,0.2796433369221631,0.4631689677591087,0.2145254926950383,0.0,1.684154748916626,1.7200715707151275,1.933146149503472,3.681706351533242,37.46891373824009,0.2145254926950383,0.356137254281748,0.0,1.684154748916626,0.3921036496758461,0.0,0.0,0.3921036496758461,0.603759648483089,1.6562846547923604,0.0521036299349738,5.311579495181746,0.5410414850822446,1.6623318393821956e-06,0.000185115321678,0.0409387397422048,0.0
covid_2020_03_10_20032136_p34_118_1_1,2020.03.10.20032136-p34-118_1%1.png,COVID,1,train,/Users/samehissa/Downloads/COVID-CT-Dataset-master/Images-processed/CT_COVID/2020.03.10.20032136-p34-118_1%1.png,0.2775209745013853,0.4575433533739801,0.2093459202167069,0.0,2.4346368312835693,2.111020843163177,4.679868241627293,3.7470526223505582,36.6545678726279,0.2093459202167069,0.3397101876166744,0.0,2.4346368312835693,0.419311948120594,0.0,0.0,0.419311948120594,0.6065444201308934,1.6486802635225546,0.0753919887994508,5.405854236030473,0.5351297146532843,1.8285633866640504e-06,0.0003495989959437,0.0404415009821967,0.0
covid_2020_03_10_20032136_p34_118_2_0,2020.03.10.20032136-p34-118_2%0.png,COVID,1,train,/Users/samehissa/Downloads/COVID-CT-Dataset-master/Images-processed/CT_COVID/2020.03.10.20032136-p34-118_2%0.png,0.1675945502647664,0.2627340271936832,0.069029169045411,0.0,1.2451180219650269,1.9390029270943825,3.5982869306340675,3.8135989876877527,12.43098909745413,0.069029169045411,0.1981721147349162,0.0,1.2451180219650269,0.2728329226374626,0.0,0.0,0.2728329226374626,0.6378843051681076,1.567676435651488,0.0531991761490665,5.501860347291628,0.3116361697939769,1.939379535785556e-06,0.0003970671548696,0.023222626534638,0.0
covid_2020_03_10_20032136_p34_118_2_1,2020.03.10.20032136-p34-118_2%1.png,COVID,1,train,/Users/samehissa/Downloads/COVID-CT-Dataset-master/Images-processed/CT_COVID/2020.03.10.20032136-p34-118_2%1.png,0.1997783677616098,0.3005761679464127,0.09034603273735,0.0025080093182623,1.3235286474227903,1.6373113339033047,1.983897633860968,3.842363364938047,16.67295090724392,0.09034603273735,0.2369523784605576,0.0,1.3235286474227903,0.3444755598902702,0.0,0.0025080093182623,0.3444755598902702,0.6646491785338354,1.5045481215718115,0.0560799286159402,5.543358571704887,0.3609119407318676,1.9999764656239744e-06,0.0005010556119862,0.0265674308272468,0.0025080093182623
covid_2020_03_11_20033159_p12_45_0,2020.03.11.20033159-p12-45%0.png,COVID,1,train,/Users/samehissa/Downloads/COVID-CT-Dataset-master/Images-processed/CT_COVID/2020.03.11.20033159-p12-45%0.png,0.3570766762713901,0.5172380928501126,0.2675352446952217,0.0,2.2995293140411377,1.6157253154516558,2.1088284794557195,3.886268669206764,50.56499167132735,0.2675352446952217,0.4068079886592386,0.0,2.2995293140411377,0.6226058751344681,0.0,0.0,0.6226058751344681,0.690351292482189,1.4485350828598909,0.1134208845093714,5.606700536442087,0.6285212784244022,1.939388629105012e-06,0.0006014949846962,0.0457178203677889,0.0
covid_2020_03_11_20033159_p12_45_1,2020.03.11.20033159-p12-45%1.png,COVID,1,train,/Users/samehissa/Downloads/COVID-CT-Dataset-master/Images-processed/CT_COVID/2020.03.11.20033159-p12-45%1.png,0.2067855146160582,0.2926170199846116,0.0856247203846746,0.0079898769035935,1.4074918031692505,1.609087722086182,2.3931851845080896,3.9170429668858606,16.433276088281936,0.0856247203846746,0.2317626308727085,0.0,1.4074918031692505,0.3398003652691841,0.0,0.0079898769035935,0.3398003652691841,0.7066738905106827,1.4150750381520587,0.0598995908928832,5.651098463090559,0.3583084836278686,1.9999889670687835e-06,0.0005513735242871,0.0258639348902147,0.0079898769035935
covid_2020_03_11_20033159_p12_45_2,2020.03.11.20033159-p12-45%2.png,COVID,1,train,/Users/samehissa/Downloads/COVID-CT-Dataset-master/Images-processed/CT_COVID/2020.03.11.20033159-p12-45%2.png,0.2768472764437319,0.4427358498083898,0.1960150327055571,0.0,2.233097553253174,1.8485421016475785,3.2178841415252,3.758872294027859,34.90040923902328,0.1960150327055571,0.3401539296094142,0.0,2.233097553253174,0.39975605905056,0.0,0.0,0.39975605905056,0.6253088636365992,1.599206087542545,0.0771394058236636,5.42290641774425,0.5221680258114905,1.8028102524089183e-06,0.000321434250756,0.0391326902092376,0.0
covid_2020_03_11_20033159_p12_45_3,2020.03.11.20033159-p12-45%3.png,COVID,1,train,/Users/samehissa/Downloads/COVID-CT-Dataset-master/Images-processed/CT_COVID/2020.03.11.20033159-p12-45%3.png,0.1965677942516777,0.3201655130224644,0.1025059557289378,0.0,1.6466120481491089,2.127791963106573,4.606787931807139,3.7708395017572127,18.06654124363619,0.1025059557289378,0.2332013555622154,0.0,1.6466120481491089,0.2981101274490356,0.0,0.0,0.2981101274490356,0.6139548836510755,1.6287790898876195,-0.0625594395651547,5.440171448988677,0.37569249854889,1.828548581864888e-06,0.0003030917157516,0.0282989006700318,0.0
covid_2020_03_11_20033159_p12_45_4,2020.03.11.20033159-p12-45%4.png,COVID,1,train,/Users/samehissa/Downloads/COVID-CT-Dataset-master/Images-processed/CT_COVID/2020.03.11.20033159-p12-45%4.png,0.1556129128566681,0.2441859487676033,0.0596267775755345,0.0,1.49690842628479,2.439168719576319,7.831265073588753,3.848185431423725,10.731795996578755,0.0596267775755345,0.1762537321905029,0.0,1.49690842628479,0.2383649833500385,0.0,0.0,0.2383649833500385,0.6372695741604416,1.5691882137860758,0.0382090659873199,5.5517580381515,0.2895551004960395,1.967224445933922e-06,0.0004089413511125,0.0215831925305053,0.0
covid_2020_03_11_20033159_p12_45_5,2020.03.11.20033159-p12-45%5.png,COVID,1,train,/Users/samehissa/Downloads/COVID-CT-Dataset-master/Images-processed/CT_COVID/2020.03.11.20033159-p12-45%5.png,0.2600815299265377,0.3718327365668435,0.1382595839827877,0.0066935296636074,1.7323287725448608,1.4711670618110444,1.6616378838763666,3.883396328526605,26.35545423253968,0.1382595839827877,0.3040968787593101,0.0,1.7323287725448608,0.4835483580827713,0.0,0.0066935296636074,0.4835483580827713,0.6994565160436528,1.4296775963747632,0.0318663155060496,5.602556624787076,0.4537642407591372,2.031721600308407e-06,0.0006184478752005,0.0328656811866957,0.0066935296636074
covid_2020_03_12_20027185_p8_216,2020.03.12.20027185-p8-216.png,COVID,1,train,/Users/samehissa/Downloads/COVID-CT-Dataset-master/Images-processed/CT_COVID/2020.03.12.20027185-p8-216.png,0.243423196428921,0.3770489176959621,0.1421658863356964,0.0,1.5241296291351318,1.6928182128841796,2.05619556151293,3.804146708540261,25.7818545786073,0.1421658863356964,0.2911514439865641,0.0,1.5241296291351318,0.3764838650822639,0.0,0.0,0.3764838650822639,0.6455993888459293,1.5489440744652263,0.0535938837680801,5.488223591040443,0.4487992189112739,1.910438168652437e-06,0.0004317924386579,0.0333267308177329,0.0
covid_2020_03_12_20027185_p8_217,2020.03.12.20027185-p8-217.png,COVID,1,train,/Users/samehissa/Downloads/COVID-CT-Dataset-master/Images-processed/CT_COVID/2020.03.12.20027185-p8-217.png,0.2305597744343686,0.3309413262645874,0.109522161429764,0.0,1.2125002145767212,1.4214771813818916,1.035826713614134,3.878583172370204,20.823036290174848,0.109522161429764,0.2683187104790931,0.0,1.2125002145767212,0.3942829146981239,0.0,0.0,0.3942829146981239,0.6966765993239462,1.4353818964148646,-0.0312291222220102,5.595612708269211,0.4033360522157559,1.939382601418521e-06,0.0004751064725528,0.0292513569970699,0.0
covid_2020_03_12_20027185_p8_218,2020.03.12.20027185-p8-218.png,COVID,1,train,/Users/samehissa/Downloads/COVID-CT-Dataset-master/Images-processed/CT_COVID/2020.03.12.20027185-p8-218.png,0.244319782970706,0.3371035340319352,0.1136387926568201,0.0099377688020467,1.6854374408721924,1.5361048923928635,2.59735387035791,3.932722988367965,22.18636147298215,0.1136387926568201,0.2774214811988713,0.0,1.6854374408721924,0.4899431094527244,0.0,0.0099377688020467,0.4899431094527244,0.724759705983547,1.3797635620540565,0.0463475171324987,5.673719952323826,0.4163303364008837,2.0317315869491843e-06,0.000642391213768,0.0297960243594914,0.0099377688020467
covid_2020_03_12_20027185_p8_221,2020.03.12.20027185-p8-221.png,COVID,1,train,/Users/samehissa/Downloads/COVID-CT-Dataset-master/Images-processed/CT_COVID/2020.03.12.20027185-p8-221.png,0.2771729075720941,0.3879863275313757,0.1505333903512839,0.0093277140986174,1.5110654830932615,1.3795110282548846,0.9866273020970436,3.911458579291134,29.10185101353633,0.1505333903512839,0.3160533422736193,0.0,1.5110654830932615,0.4676768407225609,0.0,0.0093277140986174,0.4676768407225609,0.7143864964241126,1.3997988870194988,-0.0275008482853475,5.643041894801247,0.4768209423287242,2.0317304055684858e-06,0.0006690780932026,0.0342934704006375,0.0093277140986174
covid_2020_03_12_20034686_p17_91_3,2020.03.12.20034686-p17-91-3.png,COVID,1,train,/Users/samehissa/Downloads/COVID-CT-Dataset-master/Images-processed/CT_COVID/2020.03.12.20034686-p17-91-3.png,0.2918247915804386,0.4089759105635758,0.1672612954213059,0.0794735886156559,1.8534886837005613,1.6969465063863096,2.6175577473943417,3.956024878130698,32.31014456349086,0.1672612954213059,0.3154997450765222,0.0,1.8534886837005613,0.4667603373527527,0.0,0.0794735886156559,0.4667603373527527,0.7135483300959462,1.401443339850191,0.0432101333255315,5.707337473127859,0.5024171617314364,2.1694779690825723e-06,0.0010192494080239,0.0361487049626809,0.0794735886156559
covid_2020_03_12_20034686_p17_91_4,2020.03.12.20034686-p17-91-4.png,COVID,1,train,/Users/samehissa/Downloads/COVID-CT-Dataset-master/Images-processed/CT_COVID/2020.03.12.20034686-p17-91-4.png,0.263575854798546,0.3427912220844419,0.1175058219381451,0.0581649020314216,1.4076457023620603,1.2295450399017502,0.6204756980188222,3.995467041918823,23.933190805878965,0.1175058219381451,0.2819671273973654,0.0,1.4076457023620603,0.4933165609836578,0.0,0.0581649020314216,0.4933165609836578,0.7689085043872961,1.3005410618754931,0.0579735168303064,5.764240487226919,0.4324095895917774,2.06450840938094e-06,0.0007771588591596,0.0302987497083915,0.0581649020314216
covid_2020_03_12_20034686_p17_91_5,2020.03.12.20034686-p17-91-5.png,COVID,1,train,/Users/samehissa/Downloads/COVID-CT-Dataset-master/Images-processed/CT_COVID/2020.03.12.20034686-p17-91-5.png,0.224789122781658,0.3326562041434096,0.1106601501551018,0.0,1.6024457216262815,1.6311860498821722,2.3446946222585874,3.855767574409065,20.63235838413429,0.1106601501551018,0.2653035249594495,0.0,1.6024457216262815,0.3779844269156456,0.0,0.0,0.3779844269156456,0.6757380269592802,1.4798589897364602,0.0171036304436394,5.562696758235763,0.4014851178761787,1.9692176127703376e-06,0.0005000609216456,0.0294029322191976,0.0
covid_2020_03_12_20034686_p17_91_6,2020.03.12.20034686-p17-91-6.png,COVID,1,train,/Users/samehissa/Downloads/COVID-CT-Dataset-master/Images-processed/CT_COVID/2020.03.12.20034686-p17-91-6.png,0.3206174179340451,0.4599452857630355,0.2115496658956404,0.0194073104066774,1.7859382629394531,1.419898500549188,0.9812487976769662,3.888922393484707,40.23618490602683,0.2115496658956404,0.3700774510783731,0.0,1.7859382629394531,0.5433087646961212,0.0,0.0194073104066774,0.5433087646961212,0.6970757844085022,1.434561131228535,0.0806461902536132,5.61052905129776,0.5606649575087912,2.03172846038676e-06,0.0007138392230195,0.0406538038172283,0.0194073104066774
covid_2020_03_13_20035212_p23_152,2020.03.13.20035212-p23-152.png,COVID,1,train,/Users/samehissa/Downloads/COVID-CT-Dataset-master/Images-processed/CT_COVID/2020.03.13.20035212-p23-152.png,0.31270564787701,0.4293604368719774,0.1843503847508953,0.0869707316160202,1.8056812286376955,1.3929143917350544,1.1063003840966106,3.951234760035901,36.11330649152972,0.1843503847508953,0.3467060063483131,0.0,1.8056812286376955,0.5112971067428589,0.0,0.0869707316160202,0.5112971067428589,0.7283039905846258,1.3730498306856571,0.0374854452764939,5.700426793507222,0.5311640113609694,2.1333170266927354e-06,0.0009569223919551,0.0379504595606742,0.0869707316160202
covid_2020_03_13_20035212_p23_153,2020.03.13.20035212-p23-153.png,COVID,1,train,/Users/samehissa/Downloads/COVID-CT-Dataset-master/Images-processed/CT_COVID/2020.03.13.20035212-p23-153.png,0.2727867893136135,0.3467714460723441,0.1202504358111046,0.0475142933428287,1.2006914615631104,1.028924479291864,-0.2844396756429823,4.01203798743823,24.916872734097208,0.1202504358111046,0.2902159254876437,0.0,1.2006914615631104,0.4684248194098472,0.0,0.0475142933428287,0.4684248194098472,0.786644937921926,1.271217887584992,0.0134657028491381,5.788147308150609,0.441206378280204,2.245574002693881e-06,0.0011405327750012,0.0306505551299524,0.0475142933428287
covid_2020_03_13_20035212_p23_154,2020.03.13.20035212-p23-154.png,COVID,1,train,/Users/samehissa/Downloads/COVID-CT-Dataset-master/Images-processed/CT_COVID/2020.03.13.20035212-p23-154.png,0.2787124479546037,0.3833824541609338,0.1469821061584605,0.0254509663209319,1.4772617816925049,1.2892697725757465,0.6208038654682317,3.928232818104922,28.75683005482345,0.1469821061584605,0.3152270757244082,0.0,1.4772617816925049,0.4305185601115227,0.0,0.0254509663209319,0.4305185601115227,0.7269808984443233,1.3755483724335793,-0.0779958502022242,5.667242005952585,0.4739860069699402,2.0645010584551884e-06,0.0007379600993921,0.0338865416406421,0.0254509663209319
noncovid_14,14.png,NonCOVID,0,train,/Users/samehissa/Downloads/COVID-CT-Dataset-master/Images-processed/CT_NonCOVID/14.png,0.1818126809012028,0.2808609861014335,0.0788828935138696,0.0,1.453039050102234,1.807798388976424,3.2008542104552378,3.814193133175801,14.328159289645088,0.0788828935138696,0.2171041042266779,0.0,1.453039050102234,0.2812177911400795,0.0,0.0,0.2812177911400795,0.6473381585913199,1.544782161009185,-0.0219541820761736,5.502717518040801,0.334572480115075,1.939370677049381e-06,0.0004036253475382,0.024824838480383,0.0
noncovid_15,15.png,NonCOVID,0,train,/Users/samehissa/Downloads/COVID-CT-Dataset-master/Images-processed/CT_NonCOVID/15.png,0.2451125905936351,0.3925315972123634,0.1540810548100891,0.0,2.0376644134521484,2.046400925372492,4.581341407626328,3.770827492394029,27.412638320334352,0.1540810548100891,0.2974111356786579,0.0,2.0376644134521484,0.4214459583163261,0.0,0.0,0.4214459583163261,0.6244388168889503,1.601433840104648,0.1443737217732947,5.440154123139967,0.4627755793876899,1.802808388079908e-06,0.0003060576096717,0.034695219277356,0.0
noncovid_33,33.png,NonCOVID,0,train,/Users/samehissa/Downloads/COVID-CT-Dataset-master/Images-processed/CT_NonCOVID/33.png,0.1840036485591554,0.322777674661928,0.1041854272601614,0.0,1.4468169212341309,2.1717579521752834,4.28381138260144,3.669651212457577,17.669474552735057,0.1041854272601614,0.2329328842306495,0.0,1.4468169212341309,0.2589626088738441,0.0,0.0,0.2589626088738441,0.5700613547406042,1.7541917086397236,0.0199353948373907,5.294187605820054,0.3715410743689621,1.855054260355184e-06,0.000292958755019,0.0285297853211343,0.0
noncovid_43,43.png,NonCOVID,0,train,/Users/samehissa/Downloads/COVID-CT-Dataset-master/Images-processed/CT_NonCOVID/43.png,0.2410443482076516,0.3540038524436767,0.1253187275449644,0.0,1.5296519994735718,1.4760428965588792,1.4162955580445162,3.846783222497829,23.47790148452045,0.1253187275449644,0.2860322602980432,0.0,1.5296519994735718,0.4340963438153267,0.0,0.0,0.4340963438153267,0.6809069043651106,1.468625400578628,-0.1217469358880249,5.549735078287819,0.428276902655065,1.9104370797678607e-06,0.0004357363282625,0.0312898155786357,0.0
noncovid_44,44.png,NonCOVID,0,train,/Users/samehissa/Downloads/COVID-CT-Dataset-master/Images-processed/CT_NonCOVID/44.png,0.2323137033963576,0.3313745474477327,0.1098090906961896,0.0,1.5513689517974854,1.6260557041433474,2.2622827115838726,3.912341743544751,20.963679677685825,0.1098090906961896,0.2586214289949566,0.0,1.5513689517974854,0.3581136614084244,0.0,0.0,0.3581136614084244,0.7010586785465817,1.426409818289386,-0.070268579733507,5.64431603149023,0.4046958703544187,1.9692235052169126e-06,0.0005448271606172,0.0292896487016143,0.0
noncovid_59,59.png,NonCOVID,0,train,/Users/samehissa/Downloads/COVID-CT-Dataset-master/Images-processed/CT_NonCOVID/59.png,0.2752075191383483,0.3762630522215062,0.1415738844670439,0.037126038223505,1.409488558769226,1.2984348408182491,0.6221208410506902,3.942660865600959,27.816072071338013,0.1415738844670439,0.3081943870490704,0.0,1.409488558769226,0.4761274456977844,0.0,0.037126038223505,0.4761274456977844,0.7314212386580421,1.3671975729426082,-0.1066640906489432,5.688057278524829,0.4661684921327569,2.098346330277825e-06,0.0008112938600129,0.0332572694669718,0.037126038223505
noncovid_81,81.png,NonCOVID,0,train,/Users/samehissa/Downloads/COVID-CT-Dataset-master/Images-processed/CT_NonCOVID/81.png,0.1894165685225743,0.2858772488708289,0.0817258014219538,0.0264752153307199,1.323352575302124,1.7305283188766396,2.506577560497739,3.85690759064617,15.05336804516108,0.0817258014219538,0.2203382193770267,0.0,1.323352575302124,0.2746403962373733,0.0,0.0264752153307199,0.2746403962373733,0.6625777556380664,1.5092515459478322,0.0538156216818213,5.564341454007565,0.3429350344494142,2.0983395468141824e-06,0.0006334433959727,0.0252682176579396,0.0264752153307199
noncovid_82,82.png,NonCOVID,0,train,/Users/samehissa/Downloads/COVID-CT-Dataset-master/Images-processed/CT_NonCOVID/82.png,0.196119266183814,0.298063817841117,0.0888420395060225,0.0,1.144438624382019,1.4707246401129537,1.1420241831780675,3.7887701876096473,16.295015177536037,0.0888420395060225,0.241517154273879,0.0,1.144438624382019,0.3532428964972496,0.0,0.0,0.3532428964972496,0.6579752270137267,1.5198089593184323,0.1869896829018474,5.466039960547722,0.3567979905695942,1.7777701833634876e-06,0.0002572202682674,0.0263453683527257,0.0
noncovid_102,102.png,NonCOVID,0,train,/Users/samehissa/Downloads/COVID-CT-Dataset-master/Images-processed/CT_NonCOVID/102.png,0.2375607472786214,0.3616374144248371,0.1307816195118814,0.0,1.7789651155471802,1.7544792159921283,2.836589361499329,3.829623629317728,23.96374120441068,0.1307816195118814,0.2826550521708668,0.0,1.7789651155471802,0.4564612656831741,0.0,0.0,0.4564612656831741,0.6569013075019884,1.5222944807489314,0.2491139943154431,5.524979018303215,0.4326854841099461,1.93938223343723e-06,0.0004687109861467,0.0319645335088215,0.0
noncovid_103,103.png,NonCOVID,0,train,/Users/samehissa/Downloads/COVID-CT-Dataset-master/Images-processed/CT_NonCOVID/103.png,0.2406846792764554,0.3839540662029135,0.1474207249537513,0.0,1.618554711341858,1.82724824814754,2.741890260355097,3.7676827558483112,26.28477949339668,0.1474207249537513,0.2908398899820668,0.0,1.618554711341858,0.3440230563282966,0.0,0.0,0.3440230563282966,0.6268563706078508,1.5952576099033535,0.0550439809695009,5.435617227320559,0.4531554256457287,1.828550055499946e-06,0.0003252446416333,0.0339370654845285,0.0
noncovid_104,104.png,NonCOVID,0,train,/Users/samehissa/Downloads/COVID-CT-Dataset-master/Images-processed/CT_NonCOVID/104.png,0.2721789733623154,0.3979113965999295,0.1583334795441064,0.0,1.3614691495895386,1.3088488866641004,0.5152185820633837,3.825894345985193,29.74910375483781,0.1583334795441064,0.3309629036075421,0.0,1.3614691495895386,0.5082426816225052,0.0,0.0,0.5082426816225052,0.6840173256425851,1.4619475989801876,0.0075763968106892,5.5195987997332985,0.4820942574690871,1.8823325604594128e-06,0.0003996118386162,0.0351707308559024,0.0
noncovid_114,114.png,NonCOVID,0,train,/Users/samehissa/Downloads/COVID-CT-Dataset-master/Images-processed/CT_NonCOVID/114.png,0.2584309446265251,0.4135120396237082,0.1709922069137592,0.0,1.67987322807312,1.7013956385253473,1.944755978516865,3.755576530814922,30.435681286952622,0.1709922069137592,0.3189166353815267,0.0,1.67987322807312,0.3960879445075989,0.0,0.0,0.3960879445075989,0.6249644385137024,1.6000871730794488,0.1173235388733932,5.418151636501001,0.4876256351488479,1.9393679488468803e-06,0.0004434887052538,0.0365496459150255,0.0
noncovid_115,115.png,NonCOVID,0,train,/Users/samehissa/Downloads/COVID-CT-Dataset-master/Images-processed/CT_NonCOVID/115.png,0.2820062956307083,0.4062788266808586,0.1650624850091751,0.032375412993133,1.9364405870437624,1.5040645310022769,1.6431109839287945,3.8940558357398025,31.307524580419788,0.1650624850091751,0.3251143941597547,0.0,1.9364405870437624,0.4822321608662605,0.0,0.032375412993133,0.4822321608662605,0.6941183812511328,1.4406728962281292,0.0927583019258623,5.617935042981879,0.4945604470482143,2.0983472413927608e-06,0.0007977368745609,0.0359103141748186,0.032375412993133
noncovid_116,116.png,NonCOVID,0,train,/Users/samehissa/Downloads/COVID-CT-Dataset-master/Images-processed/CT_NonCOVID/116.png,0.2654824273085978,0.4075066345931495,0.1660616572374347,0.0197857518214732,1.7979404926300049,1.690254150143262,2.088890184322498,3.826516850830673,30.27744978522876,0.1660616572374347,0.3160713336729372,0.0,1.7979404926300049,0.3948144391179085,0.0,0.0197857518214732,0.3948144391179085,0.6514784135851888,1.5349665087981972,0.0935594586241899,5.520496884386802,0.4863564294291786,2.031730338624559e-06,0.0006258487657068,0.0360188380874155,0.0197857518214732
noncovid_117,117.png,NonCOVID,0,train,/Users/samehissa/Downloads/COVID-CT-Dataset-master/Images-processed/CT_NonCOVID/117.png,0.2860783145188179,0.4090729962901077,0.1673407162937665,0.06288718059659,2.1344761848449707,1.5830484588887843,2.4182434146285567,3.906559545541361,31.89523434645686,0.1673407162937665,0.3288763244163988,0.0,2.1344761848449707,0.4741006419062614,0.0,0.06288718059659,0.4741006419062614,0.6993314586438207,1.4299336074395088,0.0867921213658635,5.635974083105301,0.499180847320582,2.0983442369831874e-06,0.0008101171427081,0.0361572862096293,0.06288718059659
noncovid_118,118.png,NonCOVID,0,train,/Users/samehissa/Downloads/COVID-CT-Dataset-master/Images-processed/CT_NonCOVID/118.png,0.2815948783390922,0.4204651181836875,0.1767909156092222,0.0275234193541109,1.767735242843628,1.6457582231861687,1.9304834151666483,3.862192722265063,32.7790836628519,0.1767909156092222,0.3268917381492429,0.0,1.767735242843628,0.4413991346955299,0.0,0.0275234193541109,0.4413991346955299,0.6697207364900516,1.4931561279227878,0.1201462055829938,5.571966287184589,0.5060499887521296,2.0644969211309784e-06,0.0007136427717898,0.037164217040011,0.0275234193541109
noncovid_120,120.png,NonCOVID,0,train,/Users/samehissa/Downloads/COVID-CT-Dataset-master/Images-processed/CT_NonCOVID/120.png,0.1668363239477912,0.2604380749468004,0.0678279908819952,0.0,1.4783858060836792,2.099014329681653,5.238469318051754,3.820032835133345,12.244780783412164,0.0678279908819952,0.1949535778646236,0.0,1.4783858060836792,0.2687249928712845,0.0,0.0,0.2687249928712845,0.6405963620546216,1.5610393994793383,0.0127098941409666,5.511142427095219,0.3092933071865725,1.910424929308456e-06,0.0003616359946203,0.0230196911092566,0.0
noncovid_158,158.png,NonCOVID,0,train,/Users/samehissa/Downloads/COVID-CT-Dataset-master/Images-processed/CT_NonCOVID/158.png,0.2315846550045535,0.3900602522339716,0.1521470003728295,0.0,1.9153703451156616,1.8991682794574969,3.1985133583167,3.685410014749704,26.33964195922017,0.1521470003728295,0.2964121167424309,0.0,1.9153703451156616,0.3263773918151855,0.0,0.0,0.3263773918151855,0.5937135608272144,1.6843095766699314,-0.080770720093622,5.316922751737256,0.4536280996658029,1.77776841272624e-06,0.000258233479734,0.034476781178247,0.0
noncovid_171,171.png,NonCOVID,0,train,/Users/samehissa/Downloads/COVID-CT-Dataset-master/Images-processed/CT_NonCOVID/171.png,0.3278527121146908,0.5001171556212395,0.250117169346679,0.0279224719852209,2.331805467605591,1.842530313376332,3.0255400428625387,3.8511513236859134,45.77338498401758,0.250117169346679,0.3819024882018311,0.0,2.331805467605591,0.5446124225854874,0.0,0.0279224719852209,0.5446124225854874,0.6555505102737911,1.5254324187084547,0.060626010274408,5.5560369162099725,0.5980004767453262,2.0983334746466618e-06,0.0008193260091175,0.0442045290159382,0.0279224719852209
noncovid_174,174.png,NonCOVID,0,train,/Users/samehissa/Downloads/COVID-CT-Dataset-master/Images-processed/CT_NonCOVID/174.png,0.2739673766627675,0.3558740865837658,0.1266463655018296,0.0791467167437076,1.4189326763153076,1.246285165963334,0.6932303148144237,4.0021047791334565,25.81817458909547,0.1266463655018296,0.2936244627821907,0.0,1.4189326763153076,0.4622930586338043,0.0,0.0791467167437076,0.4622930586338043,0.769841405007375,1.2989651940268023,0.0057244074588804,5.773816717789196,0.4491152290641104,2.206875168044014e-06,0.0010648139962758,0.0314551224839936,0.0791467167437076
noncovid_226,226.png,NonCOVID,0,train,/Users/samehissa/Downloads/COVID-CT-Dataset-master/Images-processed/CT_NonCOVID/226.png,0.2038889643390575,0.3324886726372623,0.1105487174320885,0.0,1.273754000663757,1.6399291644631528,1.570837169695272,3.7048992480006415,19.47128668305178,0.1105487174320885,0.258893145677348,0.0,1.273754000663757,0.2710926309227943,0.0,0.0,0.2710926309227943,0.6132189391683609,1.6307340307263989,0.1322490194138298,5.345039771899113,0.3900249058859473,1.7297147619273232e-06,0.0002091876838096,0.0293881243861902,0.0
noncovid_227,227.png,NonCOVID,0,train,/Users/samehissa/Downloads/COVID-CT-Dataset-master/Images-processed/CT_NonCOVID/227.png,0.3586028802237706,0.52532084651016,0.275961991778151,0.0484121385961771,2.457028388977051,1.898129623267493,3.660710958548519,3.911407597662441,51.78342623781568,0.275961991778151,0.3977996459907444,0.0,2.457028388977051,0.5513265281915665,0.0,0.0484121385961771,0.5513265281915665,0.6826346221960047,1.4649097246022011,0.0099011991524529,5.642968343858355,0.6360487540141361,2.1333210111615386e-06,0.0010023505008744,0.0464322416082489,0.0484121385961771
noncovid_294,294.png,NonCOVID,0,train,/Users/samehissa/Downloads/COVID-CT-Dataset-master/Images-processed/CT_NonCOVID/294.png,0.2733678765725926,0.3564061084545553,0.1270253141437202,0.1239805035293102,1.4632705450057983,1.3273751752159926,0.9062872174798526,4.02203547229597,25.82467969094764,0.1270253141437202,0.2870385129261876,0.0,1.4632705450057983,0.4582761451601982,0.0,0.1239805035293102,0.4582761451601982,0.767010169235862,1.3037600208300697,0.0228387844551745,5.802570629976234,0.4491718046421975,2.415062748921954e-06,0.0016230315748107,0.0315021470180655,0.1239805035293102
noncovid_354,354.png,NonCOVID,0,train,/Users/samehissa/Downloads/COVID-CT-Dataset-master/Images-processed/CT_NonCOVID/354.png,0.3304291266540531,0.4938008768814411,0.2438393060088801,0.0,2.035593271255493,1.6161121905350957,2.0374058181425267,3.830067434655125,45.186907360030766,0.2438393060088801,0.3941371648438689,0.0,2.035593271255493,0.6225319355726242,0.0,0.0,0.6225319355726242,0.6691532416621154,1.4944229701591412,0.0864406862016197,5.525619294062602,0.594157145669595,1.8028133079153023e-06,0.0003670942454493,0.0436462435748413,0.0
noncovid_361,361.png,NonCOVID,0,train,/Users/samehissa/Downloads/COVID-CT-Dataset-master/Images-processed/CT_NonCOVID/361.png,0.1968379473837558,0.2870017624498932,0.0823700116493449,0.0,1.1338491439819336,1.369117025881994,0.7476317677513986,3.8469881048774255,15.502744214988178,0.0823700116493449,0.2358754906422291,0.0,1.1338491439819336,0.3538479879498482,0.0,0.0,0.3538479879498482,0.6858399051755506,1.4580611425009111,0.0051895375840367,5.550030661080829,0.348016076036144,1.9104332483325988e-06,0.0003922787167135,0.0253676115551012,0.0
noncovid_378,378.png,NonCOVID,0,train,/Users/samehissa/Downloads/COVID-CT-Dataset-master/Images-processed/CT_NonCOVID/378.png,0.21409919585858,0.3025180355857476,0.0915171618546596,0.0,1.2544894218444824,1.377813311912232,1.029636281177508,3.895989655048535,17.581520322809638,0.0915171618546596,0.2479560829315232,0.0,1.2544894218444824,0.3932485654950142,0.0,0.0,0.3932485654950142,0.7077214015443158,1.4129807184589862,-0.1272105976579162,5.62072495450856,0.3706152014177917,1.9692204678096487e-06,0.0005057331199875,0.0267390692992394,0.0
noncovid_381,381.png,NonCOVID,0,train,/Users/samehissa/Downloads/COVID-CT-Dataset-master/Images-processed/CT_NonCOVID/381.png,0.2976879034613375,0.3806961146443434,0.144929531705299,0.0974302552640438,1.6708511114120483,1.2723345802050696,0.9970863622298274,4.025374531319342,29.894095305280725,0.144929531705299,0.3145185396030001,0.0,1.6708511114120483,0.5063777565956116,0.0,0.0974302552640438,0.5063777565956116,0.7819547141549653,1.2788430776589703,-0.0356572872140103,5.807387873870486,0.4832676479679823,2.2455971348245346e-06,0.0012466378555706,0.0336491005295483,0.0974302552640438
noncovid_382,382.png,NonCOVID,0,train,/Users/samehissa/Downloads/COVID-CT-Dataset-master/Images-processed/CT_NonCOVID/382.png,0.1504280271292373,0.1991888456407367,0.0396761962276892,0.0,0.7466700673103333,1.28429029528703,0.8394941524267963,3.9661189941481463,7.975012809431524,0.0396761962276892,0.1627099991928275,0.0,0.7466700673103333,0.2534081786870956,0.0,0.0,0.2534081786870956,0.7551992755722734,1.324147164873787,-0.0995857273139178,5.721900204248392,0.2496092698072004,1.9692083959609388e-06,0.0004432878948019,0.0176059729361606,0.0
noncovid_383,383.png,NonCOVID,0,train,/Users/samehissa/Downloads/COVID-CT-Dataset-master/Images-processed/CT_NonCOVID/383.png,0.2467404801027442,0.3803023036712056,0.1446298421776259,0.0,2.3932318687438965,2.113813513581801,6.651242547904197,3.818578005927055,26.3053704574667,0.1446298421776259,0.2976874134345166,0.0,2.3932318687438965,0.4770553335547447,0.0,0.0,0.4770553335547447,0.6487992024283484,1.5413048702541454,0.0240484744189809,5.509043552213964,0.4533328872902986,1.939377792746937e-06,0.0004621387379109,0.0336142922283468,0.0
noncovid_385,385.png,NonCOVID,0,train,/Users/samehissa/Downloads/COVID-CT-Dataset-master/Images-processed/CT_NonCOVID/385.png,0.1703681727740331,0.2579679382323668,0.0665474571558582,0.0102118304930627,1.1042953729629517,1.6621815624700071,2.176320811456045,3.832610867618612,12.23331474562829,0.0665474571558582,0.2036665450755208,0.0,1.1042953729629517,0.2775174379348755,0.0,0.0102118304930627,0.2775174379348755,0.6604212659920056,1.5141791687495592,0.0234983837035377,5.529288692185856,0.3091484618273573,2.031718470343593e-06,0.000491161513764,0.0228013598066023,0.0102118304930627
noncovid_575,575.png,NonCOVID,0,train,/Users/samehissa/Downloads/COVID-CT-Dataset-master/Images-processed/CT_NonCOVID/575.png,0.199294538651884,0.3094088306747941,0.0957338244995434,0.0,1.6840944290161133,1.8381395320822933,3.728749802621007,3.795422356355141,17.33787361740937,0.0957338244995434,0.2422171885161788,0.0,1.6840944290161133,0.3200806677341461,0.0,0.0,0.3200806677341461,0.6441118506714579,1.5525203689362066,-0.0473606861294765,5.475637011408002,0.3680382284980878,1.8823376975000165e-06,0.0003537996524694,0.0273481352911433,0.0
noncovid_576,576.png,NonCOVID,0,train,/Users/samehissa/Downloads/COVID-CT-Dataset-master/Images-processed/CT_NonCOVID/576.png,0.2265960196236847,0.3201659111129974,0.1025062106388157,0.0274498146027326,1.2414202690124512,1.3768897329566288,0.7816955724509485,3.910177694745298,19.693051743758467,0.1025062106388157,0.2576910936081731,0.0,1.2414202690124512,0.3688842803239822,0.0,0.0274498146027326,0.3688842803239822,0.7077434043261002,1.4129370482531305,0.0833778409723724,5.6411939690190165,0.3922396802315046,2.064501910866059e-06,0.0006682735551362,0.0282989358565962,0.0274498146027326
noncovid_577,577.png,NonCOVID,0,train,/Users/samehissa/Downloads/COVID-CT-Dataset-master/Images-processed/CT_NonCOVID/577.png,0.2198841946810716,0.3336871535012569,0.1113471164117713,0.0214999485760927,1.6758633852005005,1.7738742096237892,2.8718520437838078,3.8500641067575456,20.441110461736294,0.1113471164117713,0.2556592736709717,0.0,1.6758633852005005,0.3350462988018989,0.0,0.0214999485760927,0.3350462988018989,0.6589511565631396,1.5175586130019454,-0.0025356127155385,5.554468393739045,0.3996200388898369,2.0644980467725887e-06,0.0006287936548749,0.0294940561294468,0.0214999485760927
noncovid_578,578.png,NonCOVID,0,train,/Users/samehissa/Downloads/COVID-CT-Dataset-master/Images-processed/CT_NonCOVID/578.png,0.1930708627041895,0.2700083401596291,0.072904503755758,0.0,1.2273682355880735,1.386855970091049,1.2959694985871275,3.9055825068083703,14.103150307980544,0.072904503755758,0.22379439469114,0.0,1.2273682355880735,0.3524715825915336,0.0,0.0,0.3524715825915336,0.7150525333310555,1.398493466998789,0.0815224629430148,5.63456451417046,0.331935026445083,1.969218417687728e-06,0.0004811019792956,0.0238655910379747,0.0
noncovid_579,579.png,NonCOVID,0,train,/Users/samehissa/Downloads/COVID-CT-Dataset-master/Images-processed/CT_NonCOVID/579.png,0.2572547989329905,0.3777198357965453,0.1426722743541691,0.0,1.5948288440704346,1.4999838009682418,1.4804813482187198,3.849408875099083,26.733095158812493,0.1426722743541691,0.3043948202725914,0.0,1.5948288440704346,0.4220292419195175,0.0,0.0,0.4220292419195175,0.6810712424441359,1.4682712911992497,0.00686024691988,5.553523094274748,0.4570036169749891,1.910436007976309e-06,0.000448430578696,0.0333860321600508,0.0
noncovid_580,580.png,NonCOVID,0,train,/Users/samehissa/Downloads/COVID-CT-Dataset-master/Images-processed/CT_NonCOVID/580.png,0.2889773199276533,0.4202530481257337,0.1766126244589702,0.0151272546499967,1.5281906127929688,1.4445279484634717,1.0207559220012712,3.873096118039329,33.29542603411706,0.1766126244589702,0.3385571005910606,0.0,1.5281906127929688,0.4429848715662956,0.0,0.0151272546499967,0.4429848715662956,0.6876253095394232,1.454276924676808,-0.0679764490833876,5.587696562196973,0.5100201132225468,1.999991068603503e-06,0.0006279598450202,0.0371454725180028,0.0151272546499967
noncovid_585,585.png,NonCOVID,0,train,/Users/samehissa/Downloads/COVID-CT-Dataset-master/Images-processed/CT_NonCOVID/585.png,0.2270211683826346,0.3656849706098704,0.1337254977299418,0.0,2.055614709854126,2.085770442344028,5.025424268845642,3.766718063866516,23.713805903841063,0.1337254977299418,0.275448149238116,0.0,2.055614709854126,0.3671639412641525,0.0,0.0,0.3671639412641525,0.620809072888472,1.610796795801543,0.0377309690088109,5.434225470982439,0.4304231738925755,1.828559632226039e-06,0.0003180554259035,0.0323222903120303,0.0
noncovid_586,586.png,NonCOVID,0,train,/Users/samehissa/Downloads/COVID-CT-Dataset-master/Images-processed/CT_NonCOVID/586.png,0.2731412442662986,0.4158096231152977,0.1728976426752859,0.0,1.672634482383728,1.614245010842594,1.862317132735046,3.810037029756211,31.680484095312348,0.1728976426752859,0.3306112086802386,0.0,1.672634482383728,0.4631751105189323,0.0,0.0,0.4631751105189323,0.6568885667708418,1.5223245549467617,0.1089053131576548,5.496721528247937,0.4974975195864073,1.8823436209578352e-06,0.0004157535086336,0.0367527255234312,0.0
noncovid_587,587.png,NonCOVID,0,train,/Users/samehissa/Downloads/COVID-CT-Dataset-master/Images-processed/CT_NonCOVID/587.png,0.2209000438742805,0.3382342746655813,0.1144024245585518,0.0,1.3843131065368652,1.541049707632819,1.4457148275635028,3.791697144679856,20.889504504603,0.1144024245585518,0.2700015923287537,0.0,1.3843131065368652,0.3694159761071205,0.0,0.0,0.3694159761071205,0.6530958194490152,1.531164361642583,0.0039754445314855,5.470262666997805,0.4039792741493194,1.8028103625665357e-06,0.0002970139894596,0.0298959686557182,0.0
noncovid_672,672.png,NonCOVID,0,train,/Users/samehissa/Downloads/COVID-CT-Dataset-master/Images-processed/CT_NonCOVID/672.png,0.1988241586368531,0.2986897215359562,0.089215549751227,0.0390481296926736,1.419121026992798,1.8219463337644823,3.0028080193641147,3.8745930793151295,16.479564263536584,0.089215549751227,0.2259967560239602,0.0,1.419121026992798,0.2837143316864967,0.0,0.0390481296926736,0.2837143316864967,0.6656522760882574,1.502280827359138,-0.0577011125877884,5.589856220805972,0.3588127587041458,2.0317346719532077e-06,0.0005795545052249,0.0264006909460995,0.0390481296926736
noncovid_673,673.png,NonCOVID,0,train,/Users/samehissa/Downloads/COVID-CT-Dataset-master/Images-processed/CT_NonCOVID/673.png,0.2058887545354082,0.3336954758290532,0.1113526705887782,0.0,1.652083158493042,2.161485329214159,5.067195549816228,3.782045285683971,19.679084778613745,0.1113526705887782,0.2472597662086855,0.0,1.652083158493042,0.3209950178861618,0.0,0.0,0.3209950178861618,0.6169940932815886,1.6207562019695696,0.1162892889012268,5.456337977889084,0.3921005608678976,1.910433686465894e-06,0.0003945664519559,0.0294947917262493,0.0
noncovid_704,704.png,NonCOVID,0,train,/Users/samehissa/Downloads/COVID-CT-Dataset-master/Images-processed/CT_NonCOVID/704.png,0.2807931320348871,0.3847558281977091,0.1480370473321051,0.0,1.566251277923584,1.295328610469076,0.843788153317512,3.921492263770024,29.04087428224853,0.1480370473321051,0.3191486761990063,0.0,1.566251277923584,0.5657412856817245,0.0,0.0,0.5657412856817245,0.7297937592171859,1.3702465776474375,-0.0111955750785347,5.657517441640785,0.4763211420145726,1.9393861809159355e-06,0.0005392447105019,0.0340079319024557,0.0
noncovid_705,705.png,NonCOVID,0,train,/Users/samehissa/Downloads/COVID-CT-Dataset-master/Images-processed/CT_NonCOVID/705.png,0.2666388983006982,0.3466919657555152,0.1201953191194233,0.1092209629714489,1.603937029838562,1.3224092327038994,1.2507378047404396,4.001651512107205,24.485327514423474,0.1201953191194233,0.2840464695833162,0.0,1.603937029838562,0.4445977807044983,0.0,0.1092209629714489,0.4445977807044983,0.7690923227116457,1.3002302663452288,0.094777287275193,5.773162791698224,0.4373689760447503,2.1333002594796622e-06,0.0008897818758472,0.0306435299960773,0.1092209629714489
noncovid_706,706.png,NonCOVID,0,train,/Users/samehissa/Downloads/COVID-CT-Dataset-master/Images-processed/CT_NonCOVID/706.png,0.303955562550982,0.4083976507629201,0.166788641148672,0.0,1.7460845708847046,1.180281262549019,0.4627711748443586,3.93240350943797,33.174736019757574,0.166788641148672,0.3454013356324594,0.0,1.7460845708847046,0.6043166071176529,0.0,0.0,0.6043166071176529,0.7442619165934306,1.3436097281306385,-0.0086062790925166,5.67325904165585,0.50909490780635,1.9692117432657994e-06,0.0005942905212841,0.0360975935343895,0.0
noncovid_781,781.png,NonCOVID,0,train,/Users/samehissa/Downloads/COVID-CT-Dataset-master/Images-processed/CT_NonCOVID/781.png,0.226239627771065,0.3170139826135962,0.1004978651725335,0.0,1.3802666664123535,1.353444654983123,0.9950858305805834,3.9013198322375127,19.41532599635501,0.1004978651725335,0.2614877886743159,0.0,1.3802666664123535,0.4045862853527069,0.0,0.0,0.4045862853527069,0.7136559474440498,1.401231012165504,0.0756831079436006,5.62841477470616,0.3894640347278854,1.9692138372850586e-06,0.0005134851591644,0.0280203421046285,0.0
noncovid_782,782.png,NonCOVID,0,train,/Users/samehissa/Downloads/COVID-CT-Dataset-master/Images-processed/CT_NonCOVID/782.png,0.1160755382552451,0.2018532582683081,0.0407447378735323,0.0,1.0440073013305664,1.926408763068234,3.394405175811761,3.620474499772493,6.939938362211484,0.0407447378735323,0.1531964139084038,0.0,1.0440073013305664,0.1803185194730758,0.0,0.0,0.1803185194730758,0.5750462697742823,1.7389818845762437,0.0030572681713905,5.2232406063020616,0.2328481660970882,1.6410133522160298e-06,0.0001166249954805,0.017841475965765,0.0
noncovid_921,921.png,NonCOVID,0,train,/Users/samehissa/Downloads/COVID-CT-Dataset-master/Images-processed/CT_NonCOVID/921.png,0.1846096617591683,0.2744317753109976,0.0753127993003459,0.0,1.0258190631866455,1.4043899055552092,0.7462928791289616,3.826250343909356,14.0023713939431,0.0753127993003459,0.2206694951636336,0.0,1.0258190631866455,0.2854939997196197,0.0,0.0,0.2854939997196197,0.6726953861467957,1.4865515309215305,0.1410457533612318,5.520112396173055,0.3307469221552643,1.8550612609256085e-06,0.0003263089260088,0.0242565711619336,0.0
noncovid_956,956.png,NonCOVID,0,train,/Users/samehissa/Downloads/COVID-CT-Dataset-master/Images-processed/CT_NonCOVID/956.png,0.317015521560279,0.4342391939241848,0.1885636775399258,0.0372039573267102,2.1043930053710938,1.4867606520194103,2.054647327888073,3.9444091727147033,37.00000236160787,0.1885636775399258,0.354813295633221,0.0,2.1043930053710938,0.571883499622345,0.0,0.0372039573267102,0.571883499622345,0.7300464719662215,1.3697726590387669,0.0959571791777819,5.690579552527778,0.5376453463483726,2.064472033807348e-06,0.0007915689785952,0.0383816848350964,0.0372039573267102
noncovid_957,957.png,NonCOVID,0,train,/Users/samehissa/Downloads/COVID-CT-Dataset-master/Images-processed/CT_NonCOVID/957.png,0.249078666751302,0.3815871531601328,0.1456087554568547,0.0,1.5109755992889404,1.4548084857804928,0.9728645084625858,3.777829900115992,26.579064023994995,0.1456087554568547,0.3099521711382067,0.0,1.5109755992889404,0.414094902575016,0.0,0.0,0.414094902575016,0.6527421375337527,1.531994522602519,0.0981271315196625,5.450256462034727,0.4556851299828214,1.8550306521120136e-06,0.0003409284348336,0.0337278579516499,0.0
noncovid_1029,1029.png,NonCOVID,0,train,/Users/samehissa/Downloads/COVID-CT-Dataset-master/Images-processed/CT_NonCOVID/1029.png,0.2752385766943916,0.3980039224124062,0.1584071222556606,0.0352711752057075,2.0440833568573,1.840573571578184,3.854292561691887,3.9108117425720814,29.972914733621145,0.1584071222556606,0.3093263746541197,0.0,2.0440833568573,0.4357465878129005,0.0,0.0352711752057075,0.4357465878129005,0.691545659852905,1.4460324827733932,0.1009896568831471,5.642108706674405,0.483904325622757,2.031737456329851e-06,0.0006925259051148,0.0351789090595821,0.0352711752057075
noncovid_1030,1030.png,NonCOVID,0,train,/Users/samehissa/Downloads/COVID-CT-Dataset-master/Images-processed/CT_NonCOVID/1030.png,0.1621753657382214,0.267367091485371,0.0714851616093467,0.0,1.5274769067764282,2.244968662117098,6.002356699957419,3.760095314888316,12.5166093902941,0.0714851616093467,0.1975169247073154,0.0,1.5274769067764282,0.2464219257235527,0.0,0.0,0.2464219257235527,0.6065621549574282,1.6486294960292975,0.0015358058115085,5.424670863874534,0.3127075484564974,1.9104322096367797e-06,0.0003481131246278,0.0236321354319287,0.0
noncovid_1058,1058.png,NonCOVID,0,train,/Users/samehissa/Downloads/COVID-CT-Dataset-master/Images-processed/CT_NonCOVID/1058.png,0.1844333713233936,0.2679646138604361,0.0718050342813726,0.0,1.0931451320648191,1.4421684846399327,1.2428614617891842,3.855476305712709,13.545049950602936,0.0718050342813726,0.2194450806141503,0.0,1.0931451320648191,0.3185260593891144,0.0,0.0,0.3185260593891144,0.6882725311892132,1.4529074209166577,-0.011301197640365,5.562276546331962,0.3253009418047932,1.855064346401722e-06,0.0003349140841187,0.0236849494473436,0.0
noncovid_1059,1059.png,NonCOVID,0,train,/Users/samehissa/Downloads/COVID-CT-Dataset-master/Images-processed/CT_NonCOVID/1059.png,0.1335451757004193,0.2408054345464477,0.0579872573071035,0.0,1.242426514625549,2.138333540418136,4.424645334411477,3.593186344706817,9.705161121274802,0.0579872573071035,0.1769680999634602,0.0,1.242426514625549,0.1595238745212555,0.0,0.0,0.1595238745212555,0.5545747809934897,1.8031758413096424,0.0622039611015097,5.1838721203138025,0.2753571703441902,1.6410152111631725e-06,0.0001227678077867,0.0212843944642958,0.0
noncovid_1060,1060.png,NonCOVID,0,train,/Users/samehissa/Downloads/COVID-CT-Dataset-master/Images-processed/CT_NonCOVID/1060.png,0.1414901944008306,0.2436768776378648,0.0593784206953389,0.0,1.1616216897964478,1.8345042199425916,2.6923292475329745,3.634283686806773,10.16293066328625,0.0593784206953389,0.1877546802935512,0.0,1.1616216897964478,0.2028585225343704,0.0,0.0,0.2028585225343704,0.5806443973182597,1.722217420576491,0.1366422605058726,5.243163051955126,0.2817763222964694,1.6841989037437371e-06,0.0001482589572416,0.0215381965745123,0.0
noncovid_1061,1061.png,NonCOVID,0,train,/Users/samehissa/Downloads/COVID-CT-Dataset-master/Images-processed/CT_NonCOVID/1061.png,0.1376760491484674,0.2216276571244302,0.049118818402464,0.0,0.9075166583061218,1.760533087699037,2.30211467244768,3.7485595268004137,8.713409652684192,0.049118818402464,0.1695277940964246,0.0,0.9075166583061218,0.1977281346917152,0.0,0.0,0.1977281346917152,0.6212014769875683,1.6097764171415965,0.1638445962859254,5.408028239607372,0.2609090127067197,1.855033697784935e-06,0.0002648214555134,0.0195893024063964,0.0
noncovid_1062,1062.png,NonCOVID,0,train,/Users/samehissa/Downloads/COVID-CT-Dataset-master/Images-processed/CT_NonCOVID/1062.png,0.1467871073982678,0.2444918595584543,0.0597762693903509,0.0,1.2538105249404907,1.9438515374265244,3.657456831580486,3.705258737506103,10.409308708953798,0.0597762693903509,0.1863446561592354,0.0,1.2538105249404907,0.2152334190905094,0.0,0.0,0.2152334190905094,0.6003738009500985,1.665622164588955,0.1168397552706107,5.345558405625893,0.2851713945835057,1.7534146782466406e-06,0.0002017669814948,0.0216102314798365,0.0
noncovid_1065,1065.png,NonCOVID,0,train,/Users/samehissa/Downloads/COVID-CT-Dataset-master/Images-processed/CT_NonCOVID/1065.png,0.2729725798417348,0.4127482129255695,0.1703610872732512,0.0,2.0631144046783447,1.6929726537770349,2.5625645025309227,3.8306888862402495,31.34401492719406,0.1703610872732512,0.3230714051373979,0.0,2.0631144046783447,0.4365379512310028,0.0,0.0,0.4365379512310028,0.6613521511207815,1.5120500863671889,0.0535496186744065,5.526515859182609,0.4948485794853852,1.910438612930006e-06,0.0004625362314869,0.0364821325352874,0.0
noncovid_1093,1093.png,NonCOVID,0,train,/Users/samehissa/Downloads/COVID-CT-Dataset-master/Images-processed/CT_NonCOVID/1093.png,0.2120163440558826,0.3713710733822638,0.1379164741450947,0.0,1.833778023719788,2.023209034608124,3.793458541159719,3.637660439865825,23.4070277493654,0.1379164741450947,0.2786341880059808,0.0,1.833778023719788,0.2532297298312187,0.0,0.0,0.2532297298312187,0.5709000736779909,1.7516153060557391,-0.0327770120186014,5.248034676847728,0.4276299852581869,1.7777643444573597e-06,0.0002393479461177,0.0328248755406407,0.0
noncovid_1094,1094.png,NonCOVID,0,train,/Users/samehissa/Downloads/COVID-CT-Dataset-master/Images-processed/CT_NonCOVID/1094.png,0.172712782783492,0.2811610735723005,0.0790515492923285,0.0,1.1764955520629885,1.7930292949724556,2.410991443671412,3.733778036211192,13.936800592530725,0.0790515492923285,0.2144226315349442,0.0,1.1764955520629885,0.2577480375766754,0.0,0.0,0.2577480375766754,0.6142819356433545,1.62791120055518,-0.1332017221591531,5.386703056437355,0.3299715967006043,1.8285356721814209e-06,0.000267017206992,0.0248513627160829,0.0
noncovid_1099,1099.png,NonCOVID,0,train,/Users/samehissa/Downloads/COVID-CT-Dataset-master/Images-processed/CT_NonCOVID/1099.png,0.2690258739557976,0.4136924934291355,0.1711414791196153,0.0142924701794981,1.5425360202789309,1.6852302119806182,1.8362084954837865,3.828921110857658,31.17009919709389,0.1711414791196153,0.3154499452767823,0.0,1.5425360202789309,0.4295642599463463,0.0,0.0142924701794981,0.4295642599463463,0.6503024055945925,1.537742401301919,0.144741896830216,5.52396549840474,0.4934738088057926,2.0983134841144e-06,0.0007152580930944,0.0365655959287141,0.0142924701794981
noncovid_1100,1100.png,NonCOVID,0,train,/Users/samehissa/Downloads/COVID-CT-Dataset-master/Images-processed/CT_NonCOVID/1100.png,0.2541187212336808,0.3782833946780028,0.1430983266891136,0.0,1.6282488107681274,1.598561822494771,1.8829130771788325,3.847795271874959,26.582355349831023,0.1430983266891136,0.2990160855624708,0.0,1.6282488107681274,0.4128717109560966,0.0,0.0,0.4128717109560966,0.6717663345589175,1.48860891807394,0.1694470318632918,5.55119515690534,0.4557133432000371,1.9692138989497746e-06,0.0005224185537164,0.0334358441983853,0.0
noncovid_1101,1101.png,NonCOVID,0,train,/Users/samehissa/Downloads/COVID-CT-Dataset-master/Images-processed/CT_NonCOVID/1101.png,0.2327799803751986,0.4010583840921189,0.1608478274505816,0.0057367887347936,1.898689866065979,2.1399113897619646,4.240789534886755,3.705980660451874,27.52439637939961,0.1608478274505816,0.2915879409615627,0.0,1.898689866065979,0.3091311156749725,0.0,0.0057367887347936,0.3091311156749725,0.5804127508502124,1.7229075431902967,0.0374165940496001,5.34659992027966,0.4637179603099922,1.999978898247096e-06,0.0004959864785551,0.035448887880407,0.0057367887347936
noncovid_1115,1115.png,NonCOVID,0,train,/Users/samehissa/Downloads/COVID-CT-Dataset-master/Images-processed/CT_NonCOVID/1115.png,0.249550853317487,0.4410460470866256,0.194521615650738,0.0,2.083195924758911,2.077342771192018,3.894414237685286,3.6370901321884936,32.87004723740466,0.194521615650738,0.3252997141737523,0.0,2.083195924758911,0.3062921836972236,0.0,0.0,0.3062921836972236,0.565814588184904,1.7673594027967996,0.0774035197493531,5.24721189678986,0.5067516591410668,1.777764812511306e-06,0.0002583930369744,0.0389833313388092,0.0
noncovid_1123,1123.png,NonCOVID,0,train,/Users/samehissa/Downloads/COVID-CT-Dataset-master/Images-processed/CT_NonCOVID/1123.png,0.2618624873139197,0.3355661435555515,0.112604636700745,0.0607249848544597,1.2934162616729736,1.129395791285377,0.210832080571687,4.012855722390096,23.190604667261155,0.112604636700745,0.2826901929693122,0.0,1.2934162616729736,0.4596329107880592,0.0,0.0607249848544597,0.4596329107880592,0.7803579472630032,1.2814593911394272,0.1304895848881987,5.789327050310427,0.4256484452725955,2.2856939434747392e-06,0.001232690635663,0.0296601369555936,0.0607249848544597
noncovid_1124,1124.png,NonCOVID,0,train,/Users/samehissa/Downloads/COVID-CT-Dataset-master/Images-processed/CT_NonCOVID/1124.png,0.235054103002767,0.3192217104593581,0.1019025004285982,0.0260756779462099,1.2308176755905151,1.2653128912816074,0.5732116103233444,3.94492634146611,20.115575266180315,0.1019025004285982,0.2645569029125454,0.0,1.2308176755905151,0.4099816456437111,0.0,0.0260756779462099,0.4099816456437111,0.7363326458337713,1.3580775931216154,-0.0179016703484876,5.691325669320736,0.3964251906312636,2.0983460028841217e-06,0.0007473405997477,0.0282154795209725,0.0260756779462099
noncovid_1221,1221.png,NonCOVID,0,train,/Users/samehissa/Downloads/COVID-CT-Dataset-master/Images-processed/CT_NonCOVID/1221.png,0.2485158729978138,0.398609456318003,0.1588894986661339,0.0,1.997953176498413,1.8825690037208904,3.3921596271298373,3.758168777962668,28.24315363814393,0.1588894986661339,0.3062635257933834,0.0,1.997953176498413,0.3975941240787506,0.0,0.0,0.3975941240787506,0.6234554790493333,1.6039597451447678,0.0311282553351894,5.421891458605813,0.4697335817226606,1.8550588256449811e-06,0.0003520204309173,0.0352324312009428,0.0
noncovid_1239,1239.png,NonCOVID,0,train,/Users/samehissa/Downloads/COVID-CT-Dataset-master/Images-processed/CT_NonCOVID/1239.png,0.2384179788532492,0.3308489009446544,0.1094609952562857,0.0437568239867687,1.3887598514556885,1.453837292358663,1.3175400456954671,3.94468223699272,21.28692837078453,0.1094609952562857,0.266457475882305,0.0,1.3887598514556885,0.4019979685544967,0.0,0.0437568239867687,0.4019979685544967,0.7206227904935432,1.387684362295086,0.0353093701124331,5.690973501007513,0.4078040312414213,2.206865529780152e-06,0.0009498850235624,0.0292431876757601,0.0437568239867687
noncovid_1240,1240.png,NonCOVID,0,train,/Users/samehissa/Downloads/COVID-CT-Dataset-master/Images-processed/CT_NonCOVID/1240.png,0.2737268298515118,0.3505274883103714,0.1228695200611776,0.1229455210268497,1.541682481765747,1.3938562922377606,1.4764631168764462,4.0442503482784105,25.317874872542223,0.1228695200611776,0.2820471068635015,0.0,1.541682481765747,0.4833430722355842,0.0,0.1229455210268497,0.4833430722355842,0.780897527533179,1.2805740982735287,-0.0294282932621107,5.834619921390061,0.444742506897796,2.327258436326224e-06,0.0014540731024773,0.0309825454970689,0.1229455210268497
noncovid_1277,1277.png,NonCOVID,0,train,/Users/samehissa/Downloads/COVID-CT-Dataset-master/Images-processed/CT_NonCOVID/1277.png,0.2923644617076206,0.4059703066088339,0.1648118898480706,0.024869319749996,1.9448167085647583,1.4676602937963854,1.6914712467064064,3.929670837490119,32.03697514466015,0.1648118898480706,0.3289356270428243,0.0,1.9448167085647583,0.4947691783308983,0.0,0.024869319749996,0.4947691783308983,0.7201604077633077,1.388576108866559,-0.0841445164492562,5.669316629388311,0.5002887849209269,2.031611616171673e-06,0.0006922474716625,0.035883044595436,0.024869319749996
noncovid_1305,1305.png,NonCOVID,0,train,/Users/samehissa/Downloads/COVID-CT-Dataset-master/Images-processed/CT_NonCOVID/1305.png,0.3074767703365069,0.4256722194117945,0.1811968383789629,0.0781038850545883,2.017096996307373,1.5143377655792525,1.871368970666306,3.948109305204719,35.294566742468085,0.1811968383789629,0.3413848448371936,0.0,2.017096996307373,0.5130412131547928,0.0,0.0781038850545883,0.5130412131547928,0.7223305491507915,1.38440448345393,-0.0087884418475751,5.695917715321755,0.5251083723152126,2.098352609128294e-06,0.0008875048288961,0.0376244641136009,0.0781038850545883
noncovid_1306,1306.png,NonCOVID,0,train,/Users/samehissa/Downloads/COVID-CT-Dataset-master/Images-processed/CT_NonCOVID/1306.png,0.2789228911569807,0.3849144089278985,0.1481591022003134,0.0487850122153759,1.4743589162826538,1.344834466356548,0.8803356869571832,3.938445374758051,28.92250642069535,0.1481591022003134,0.3170927124465379,0.0,1.4743589162826538,0.5414610058069229,0.0,0.0487850122153759,0.5414610058069229,0.7246342564821249,1.380002936766006,-0.2062930025714281,5.681975610790852,0.4753494308523808,2.206878210410481e-06,0.0010289818390393,0.0340219485911661,0.0487850122153759
noncovid_1307,1307.png,NonCOVID,0,train,/Users/samehissa/Downloads/COVID-CT-Dataset-master/Images-processed/CT_NonCOVID/1307.png,0.2615726429430651,0.3790443893891483,0.1436746491273923,0.0,1.6208492517471311,1.448721951859003,1.34831761548128,3.863536504994095,27.148146772942404,0.1436746491273923,0.308074926831523,0.0,1.6208492517471311,0.5003589019179344,0.0,0.0,0.5003589019179344,0.6900826398775177,1.4490979833531463,0.1595909188158408,5.573904955863796,0.4605376169908518,1.969193674651056e-06,0.0005224478025429,0.0335031072634726,0.0
noncovid_1308,1308.png,NonCOVID,0,train,/Users/samehissa/Downloads/COVID-CT-Dataset-master/Images-processed/CT_NonCOVID/1308.png,0.279373347289038,0.3748235149284613,0.1404926673433265,0.0625391118228435,1.7641905546188354,1.5679131993008015,2.524786652434789,3.982689094416987,27.97339321840742,0.1404926673433265,0.3023470955996004,0.0,1.7641905546188354,0.4763968586921692,0.0,0.0625391118228435,0.4763968586921692,0.7453443842710209,1.341658102197813,0.05797635238366,5.745805805733278,0.4674849029849071,2.16945609026782e-06,0.0009767992555335,0.0331300311442615,0.0625391118228435
noncovid_1309,1309.png,NonCOVID,0,train,/Users/samehissa/Downloads/COVID-CT-Dataset-master/Images-processed/CT_NonCOVID/1309.png,0.2546063988775131,0.3478271777553133,0.1209837455852263,0.0,1.4262092113494873,1.1382888559810125,0.1443989295789243,3.90260107261892,23.78344498362901,0.1209837455852263,0.2960063974842342,0.0,1.4262092113494873,0.478860855102539,0.0,0.0,0.478860855102539,0.7319889967529344,1.3661368264457767,0.0078412412774048,5.630263213850601,0.4310547110687941,1.882339962153827e-06,0.0004230744728294,0.03074386950897,0.0
noncovid_1310,1310.png,NonCOVID,0,train,/Users/samehissa/Downloads/COVID-CT-Dataset-master/Images-processed/CT_NonCOVID/1310.png,0.2494520098698558,0.3235562507904249,0.1046886474255563,0.076764278113842,1.5258077383041382,1.392296760958297,1.5257611150519272,4.023178173316141,21.36511393966937,0.1046886474255563,0.2619865221788586,0.0,1.5258077383041382,0.4179396778345108,0.0,0.076764278113842,0.4179396778345108,0.7709671449502807,1.2970681252848222,-0.0924805229752271,5.804219199071251,0.4085522642865499,2.285696330422964e-06,0.0012357742949097,0.0285986023786505,0.076764278113842
noncovid_1312,1312.png,NonCOVID,0,train,/Users/samehissa/Downloads/COVID-CT-Dataset-master/Images-processed/CT_NonCOVID/1312.png,0.2557272998928965,0.3907531564332833,0.152688029262574,0.0,1.539618968963623,1.4172081562724337,0.8576219524917952,3.769255858254288,27.91481359015493,0.152688029262574,0.3161743329972069,0.0,1.539618968963623,0.3815993517637253,0.0,0.0,0.3815993517637253,0.6544455015581108,1.5280072037554775,-0.1128587317910344,5.437886734360471,0.4669951618304899,1.7534058006807344e-06,0.0002538679901593,0.0345380258355028,0.0
noncovid_1313,1313.png,NonCOVID,0,train,/Users/samehissa/Downloads/COVID-CT-Dataset-master/Images-processed/CT_NonCOVID/1313.png,0.1855729521776083,0.3082541467315089,0.0950206189771706,0.0,1.626625657081604,1.8724719112292063,3.614559085002096,3.672522637411643,16.570616263306697,0.0950206189771706,0.2422254606149181,0.0,1.626625657081604,0.3490766733884811,0.0,0.0,0.3490766733884811,0.6020108800948681,1.661094157927092,0.1013918189288868,5.2983301963615705,0.3598026397305661,1.6410194644600864e-06,0.0001441152619733,0.0272460746853403,0.0
noncovid_1328,1328.png,NonCOVID,0,train,/Users/samehissa/Downloads/COVID-CT-Dataset-master/Images-processed/CT_NonCOVID/1328.png,0.1839140203137503,0.2731073365205692,0.0745876172613594,0.0,1.2480655908584597,1.6995997597366057,2.552948275711694,3.860010500253688,13.87673396855373,0.0745876172613594,0.2132546496559086,0.0,1.2480655908584597,0.3051668182015419,0.0,0.0,0.3051668182015419,0.6734104958377896,1.4849729023086895,-0.0757943321349909,5.568818006310658,0.3292597517604088,1.969182543074931e-06,0.0004496494477769,0.0241395062056863,0.0
noncovid_1330,1330.png,NonCOVID,0,train,/Users/samehissa/Downloads/COVID-CT-Dataset-master/Images-processed/CT_NonCOVID/1330.png,0.1875793529889051,0.2641531150934205,0.0697768682135578,0.0,1.1992816925048828,1.4956050510878174,1.753019238176181,3.902306160813517,13.435248880805656,0.0697768682135578,0.2128900635412378,0.0,1.1992816925048828,0.3348317146301269,0.0,0.0,0.3348317146301269,0.7101133098856552,1.4082206324117374,0.0525542285710313,5.629837746051448,0.3239797553571737,1.9104230980125154e-06,0.0004019009805535,0.0233480573692635,0.0
noncovid_1331,1331.png,NonCOVID,0,train,/Users/samehissa/Downloads/COVID-CT-Dataset-master/Images-processed/CT_NonCOVID/1331.png,0.1809280826200847,0.2707523688458444,0.0733068452356362,0.0,1.091214299201965,1.5300920879821551,1.5183726776714277,3.8243688037225736,13.573352488475702,0.0733068452356362,0.2175695568547553,0.0,1.091214299201965,0.3476349115371704,0.0,0.0,0.3476349115371704,0.6682394512442709,1.4964640365662525,0.0140808270453283,5.517397907476352,0.3256406244868972,1.9104168935899776e-06,0.0003646497437395,0.0239313545041522,0.0
noncovid_1332,1332.png,NonCOVID,0,train,/Users/samehissa/Downloads/COVID-CT-Dataset-master/Images-processed/CT_NonCOVID/1332.png,0.208515842554334,0.292860291321858,0.0857671502331235,0.0,1.0888904333114624,1.2587608439072078,0.4885609655635163,3.880241718207653,16.543488874146224,0.0857671502331235,0.2440660269018053,0.0,1.0888904333114624,0.3737262487411499,0.0,0.0,0.3737262487411499,0.7119952302783938,1.404498995060991,0.1005552739268546,5.5980054841239895,0.3595080066274844,1.882333000383948e-06,0.0003793401192167,0.0258854372417442,0.0
noncovid_1333,1333.png,NonCOVID,0,train,/Users/samehissa/Downloads/COVID-CT-Dataset-master/Images-processed/CT_NonCOVID/1333.png,0.2447953977680299,0.3836053060198396,0.1471530308065748,0.0095318653620779,1.6712899208068848,1.7561297239413536,2.267131342964277,3.805922337199169,26.5059606495978,0.1471530308065748,0.2913200905859412,0.0,1.6712899208068848,0.3565206378698349,0.0,0.0095318653620779,0.3565206378698349,0.6381422670235495,1.5670445993569988,0.0019037847556403,5.490785281701109,0.4550580375896934,2.0982475660724968e-06,0.000653400249196,0.0339062391482211,0.0095318653620779
noncovid_1335,1335.png,NonCOVID,0,train,/Users/samehissa/Downloads/COVID-CT-Dataset-master/Images-processed/CT_NonCOVID/1335.png,0.2465018914808752,0.3924721551444728,0.1540343925637471,0.0,1.8688783645629885,1.8369828069917211,3.065837972549061,3.774154612734861,27.494089608626727,0.1540343925637471,0.3024895287530853,0.0,1.8688783645629885,0.379201091825962,0.0,0.0,0.379201091825962,0.6280732535455469,1.5921669111205283,-0.0725853417261003,5.444954143156124,0.4634625929537316,1.939378852314046e-06,0.0004522162696776,0.0346899652911944,0.0
noncovid_1336,1336.png,NonCOVID,0,train,/Users/samehissa/Downloads/COVID-CT-Dataset-master/Images-processed/CT_NonCOVID/1336.png,0.2065632253888907,0.3098350571145378,0.0959977626171689,0.0,1.3131293058395386,1.5084546190948238,1.4172466377167554,3.8172824506365552,17.749264473629516,0.0959977626171689,0.2483766703863921,0.0,1.3131293058395386,0.3281639516353607,0.0,0.0,0.3281639516353607,0.6666855604624803,1.4999526490314052,-0.072900164049887,5.507174461021165,0.3723790121639921,1.8823270187544331e-06,0.0003573737869656,0.0273858087418763,0.0
noncovid_1463,1463.png,NonCOVID,0,train,/Users/samehissa/Downloads/COVID-CT-Dataset-master/Images-processed/CT_NonCOVID/1463.png,0.2448314488829055,0.383305712958554,0.1469232695866654,0.0,1.7263418436050415,1.672858731878267,2.206137403999838,3.7732521749793895,26.478810617442328,0.1469232695866654,0.303913882601023,0.0,1.7263418436050415,0.4427870512008667,0.0,0.0,0.4427870512008667,0.6387350928272904,1.5655901833995027,-0.0458526970073743,5.443652200681598,0.4548249201052732,1.8823323219974425e-06,0.0003773191032936,0.0338797586125672,0.0
noncovid_1561,1561.png,NonCOVID,0,train,/Users/samehissa/Downloads/COVID-CT-Dataset-master/Images-processed/CT_NonCOVID/1561.png,0.2450316993999877,0.3958841229905214,0.1567242388359743,0.0,2.152962684631348,2.067191021779549,4.662790910838044,3.7710965906029257,27.745890885992992,0.1567242388359743,0.2973205939355239,0.0,2.152962684631348,0.3879064247012138,0.0,0.0,0.3879064247012138,0.6189464699987083,1.615644522565562,-0.081727485265195,5.440542349791453,0.4655800388191274,1.9104253422834987e-06,0.0004141915859479,0.0349915434913358,0.0
noncovid_1562,1562.png,NonCOVID,0,train,/Users/samehissa/Downloads/COVID-CT-Dataset-master/Images-processed/CT_NonCOVID/1562.png,0.2915780828334391,0.4190348433163168,0.1755901999131301,0.0,1.507100224494934,1.284545348219576,0.4061816404385188,3.855304155554201,33.357821222650124,0.1755901999131301,0.3437655023371917,0.0,1.507100224494934,0.5457869619131088,0.0,0.0,0.5457869619131088,0.6958308877012608,1.4371273699459983,0.1081326203660364,5.562028186151997,0.510497775021551,1.8823350147760128e-06,0.0004322496373781,0.0370377974078012,0.0
noncovid_1575,1575.png,NonCOVID,0,train,/Users/samehissa/Downloads/COVID-CT-Dataset-master/Images-processed/CT_NonCOVID/1575.png,0.2385164155057282,0.3459048828502128,0.1196501879796194,0.0,1.2673673629760742,1.2940276553674743,0.3913806503233226,3.8518561355947782,22.59715436100104,0.1196501879796194,0.2861975804745498,0.0,1.2673673629760742,0.3953148573637008,0.0,0.0,0.3953148573637008,0.6895413675546325,1.450235121623759,-0.1490717355136507,5.557053744855649,0.4201669530618997,1.939382660861197e-06,0.0004705092023199,0.0305739610386154,0.0
noncovid_1576,1576.png,NonCOVID,0,train,/Users/samehissa/Downloads/COVID-CT-Dataset-master/Images-processed/CT_NonCOVID/1576.png,0.2664485715740738,0.3867504932264058,0.1495759440108681,0.0099661708809435,1.6017167568206787,1.4582532587579071,1.3823795995422543,3.863583747887642,28.23306051900576,0.1495759440108681,0.3188135838319113,0.0,1.6017167568206787,0.5172642022371292,0.0,0.0099661708809435,0.5172642022371292,0.6889399943909043,1.4515014696518551,-0.1098312930348127,5.573973112952031,0.4696496410141633,2.09830138400808e-06,0.0006978255072725,0.0341842370484541,0.0099661708809435
noncovid_1577,1577.png,NonCOVID,0,train,/Users/samehissa/Downloads/COVID-CT-Dataset-master/Images-processed/CT_NonCOVID/1577.png,0.2212794037550338,0.3605040597228574,0.1299631770766615,0.0,1.812192440032959,1.9660780370378492,4.0796972870716415,3.732037218124196,22.90275220516414,0.1299631770766615,0.2782157315135691,0.0,1.812192440032959,0.3828328773379326,0.0,0.0,0.3828328773379326,0.6138038781623344,1.62918036475709,-0.0585916782100507,5.384191586816158,0.4229985243506706,1.80279773842296e-06,0.0002766835027554,0.031864358159414,0.0
noncovid_1638,1638.png,NonCOVID,0,train,/Users/samehissa/Downloads/COVID-CT-Dataset-master/Images-processed/CT_NonCOVID/1638.png,0.2871475163628929,0.3973342278520025,0.157874488622747,0.0992064960300922,1.6249423027038574,1.570884538779379,1.822027322642625,3.971795901683066,30.762007651343986,0.157874488622747,0.3124485056189314,0.0,1.6249423027038574,0.4413352534174919,0.0,0.0992064960300922,0.4413352534174919,0.722683256441204,1.3837285896976284,-0.0128620100771606,5.730090250596604,0.4902327863129157,2.3272533205312152e-06,0.0014025382580618,0.0351197158639589,0.0992064960300922
noncovid_1702,1702.png,NonCOVID,0,train,/Users/samehissa/Downloads/COVID-CT-Dataset-master/Images-processed/CT_NonCOVID/1702.png,0.2410841043674736,0.3412376551323051,0.116443137280194,0.0,1.521096110343933,1.3284365013624213,1.0141001616582876,3.867331010117288,22.3442793803342,0.116443137280194,0.2845153080106684,0.0,1.521096110343933,0.4220288768410682,0.0,0.0,0.4220288768410682,0.7064970534302465,1.4154299223816598,0.0920043337938633,5.579379269587653,0.4178093855562138,1.828563018224199e-06,0.000344630644205,0.0301614324925311,0.0
noncovid_1845,1845.png,NonCOVID,0,train,/Users/samehissa/Downloads/COVID-CT-Dataset-master/Images-processed/CT_NonCOVID/1845.png,0.2025643380229667,0.2866667040975644,0.0821777992381605,0.0,1.1630008220672607,1.358012569057922,0.9392418029953172,3.884754420251061,15.770894115435931,0.0821777992381605,0.2344754916793903,0.0,1.1630008220672607,0.3902684822678566,0.0,0.0,0.3902684822678566,0.7066172265921732,1.4151884131996728,0.1606985400296494,5.604515936983021,0.3510129773624377,1.9393424826444446e-06,0.0004349768737479,0.0253379963009731,0.0
noncovid_1846,1846.png,NonCOVID,0,train,/Users/samehissa/Downloads/COVID-CT-Dataset-master/Images-processed/CT_NonCOVID/1846.png,0.2095080989938651,0.3277992225543281,0.1074523303072219,0.0,1.3159902095794678,1.6819510604204675,2.0014887169813957,3.7859894674287418,19.37228465295937,0.1074523303072219,0.2540802207382313,0.0,1.3159902095794678,0.3247622773051262,0.0,0.0,0.3247622773051262,0.6391334861255082,1.5646136074382824,0.0635555970327655,5.462028229332629,0.3890320987415371,1.8823235194552608e-06,0.0003602576694274,0.0289736316419804,0.0
noncovid_1868,1868.png,NonCOVID,0,train,/Users/samehissa/Downloads/COVID-CT-Dataset-master/Images-processed/CT_NonCOVID/1868.png,0.1712045150707126,0.271145513479369,0.0735198894799906,0.0,1.3481711149215698,1.9320276781350108,3.728127523219325,3.784529440748796,13.162352058955337,0.0735198894799906,0.2063028902567794,0.0,1.3481711149215698,0.2741112411022186,0.0,0.0,0.2741112411022186,0.6314096127359546,1.583752118729916,0.0688257573191303,5.459921856081905,0.3206725361807409,1.8823353573851656e-06,0.0003288329926226,0.0239661039086962,0.0
noncovid_1888,1888.png,NonCOVID,0,train,/Users/samehissa/Downloads/COVID-CT-Dataset-master/Images-processed/CT_NonCOVID/1888.png,0.2032993257489579,0.3436296169338172,0.1180813136340819,0.0,1.8908032178878784,2.1118998742541004,4.855418737715221,3.7018540694721342,20.404726973960045,0.1180813136340819,0.258610636063338,0.0,1.8908032178878784,0.2963548749685287,0.0,0.0,0.2963548749685287,0.5916216883203778,1.690264420050978,0.0460560465531918,5.3406465079374135,0.399264235167718,1.8550243726554984e-06,0.0003008541594582,0.0303728540438047,0.0
noncovid_1889,1889.png,NonCOVID,0,train,/Users/samehissa/Downloads/COVID-CT-Dataset-master/Images-processed/CT_NonCOVID/1889.png,0.2320330738039047,0.321511392175467,0.1033695752986069,0.0,1.283785104751587,1.2261300883460662,0.4939707616346016,3.8956418374047184,20.122742097599392,0.1033695752986069,0.2731840750908532,0.0,1.283785104751587,0.4516540840268135,0.0,0.0,0.4516540840268135,0.7216924742274676,1.385627431920253,-0.0162893353235433,5.620223159718694,0.3964958040603901,1.969199660217237e-06,0.0004965353988147,0.0284178607045,0.0
noncovid_1920,1920.png,NonCOVID,0,train,/Users/samehissa/Downloads/COVID-CT-Dataset-master/Images-processed/CT_NonCOVID/1920.png,0.252594171968667,0.3418511810443447,0.1168622299814133,0.038075977936387,1.2661075592041016,1.2544990252218045,0.5308413855403717,3.948400358558115,23.125253848825587,0.1168622299814133,0.2821352349537847,0.0,1.2661075592041016,0.4256912916898727,0.0,0.038075977936387,0.4256912916898727,0.7388988164328864,1.3533613162173412,0.1333630956614792,5.696337616551334,0.425048286308685,2.2068448644012627e-06,0.0009356241362582,0.0302156610341357,0.038075977936387
noncovid_1921,1921.png,NonCOVID,0,train,/Users/samehissa/Downloads/COVID-CT-Dataset-master/Images-processed/CT_NonCOVID/1921.png,0.293618034429528,0.4035705106180451,0.1628691570405096,0.0434755198657512,1.712726354598999,1.3531605331398144,0.9643215314346314,3.93950805202702,31.88233051939445,0.1628691570405096,0.3299829180862161,0.0,1.712726354598999,0.5243298411369324,0.0,0.0434755198657512,0.5243298411369324,0.7275489639490904,1.3744745325407013,0.0751427490506514,5.683508730016859,0.4990798605261177,2.133298703446847e-06,0.0008893678840659,0.0356709305931171,0.0434755198657512
noncovid_1922,1922.png,NonCOVID,0,train,/Users/samehissa/Downloads/COVID-CT-Dataset-master/Images-processed/CT_NonCOVID/1922.png,0.2959166912914952,0.429356546628068,0.1843470441323803,0.0546413119882345,2.047001600265503,1.7037155146439755,2.698848495944742,3.902704362639029,34.804957736612664,0.1843470441323803,0.3380957747374395,0.0,2.047001600265503,0.4838280826807022,0.0,0.0546413119882345,0.4838280826807022,0.6892080822043493,1.4509372376197829,0.1098263958083695,5.630412229850387,0.5214534804920631,2.133315762503556e-06,0.0008882989629161,0.0379501157084431,0.0546413119882345
noncovid_1923,1923.png,NonCOVID,0,train,/Users/samehissa/Downloads/COVID-CT-Dataset-master/Images-processed/CT_NonCOVID/1923.png,0.2193956838818849,0.3094786349834458,0.0957770255112168,0.0089291012845933,1.3648767471313477,1.476906880256755,1.5495631572730613,3.9090480576428286,18.42067092700376,0.0957770255112168,0.2484413080048853,0.0,1.3648767471313477,0.3711420223116874,0.0,0.0089291012845933,0.3711420223116874,0.708918000028081,1.4105958217029395,-0.0996224704356358,5.639564247173281,0.3793566812608114,2.031726696462732e-06,0.0005940442385689,0.0273543051786438,0.0089291012845933
noncovid_1924,1924.png,NonCOVID,0,train,/Users/samehissa/Downloads/COVID-CT-Dataset-master/Images-processed/CT_NonCOVID/1924.png,0.2313138184545096,0.3356837577592302,0.1126835852233575,0.0283064804971218,1.6446661949157717,1.7286638566749457,2.748729508285421,3.903617899253093,21.272277482414516,0.1126835852233575,0.2607898329274576,0.0,1.6446661949157717,0.3737555146217346,0.0,0.0283064804971218,0.3737555146217346,0.6890804932537907,1.4512049474694315,0.0097171947410657,5.631730184593167,0.4076636699920209,2.0317355029987944e-06,0.0006305679839327,0.0296705326807167,0.0283064804971218
noncovid_1952,1952.png,NonCOVID,0,train,/Users/samehissa/Downloads/COVID-CT-Dataset-master/Images-processed/CT_NonCOVID/1952.png,0.1847801476542372,0.3152257342463118,0.0993672635311263,0.0,1.2845306396484375,1.891752677895434,2.716819876547371,3.6661489525728186,17.08940371177576,0.0993672635311263,0.2377680529943973,0.0,1.2845306396484375,0.2786254212260246,0.0,0.0,0.2786254212260246,0.5861817148727423,1.705950223809572,0.0515881759193905,5.289134912852411,0.3653915249403687,1.7066597562465258e-06,0.0001854243405463,0.0278622817862594,0.0
noncovid_2007,2007.png,NonCOVID,0,train,/Users/samehissa/Downloads/COVID-CT-Dataset-master/Images-processed/CT_NonCOVID/2007.png,0.2038385951163945,0.3178072686421707,0.1010014600017968,0.0,1.484273076057434,1.789864432938328,2.790315550909357,3.800702852688626,18.246609006185253,0.1010014600017968,0.2461869049502638,0.0,1.484273076057434,0.3243857696652412,0.0,0.0,0.3243857696652412,0.6413885830827839,1.5591123381747136,-0.0916967975136772,5.483255157281753,0.3775601049645238,1.9104364257192045e-06,0.0003960066518084,0.0280904593459067,0.0
noncovid_2039,2039.png,NonCOVID,0,train,/Users/samehissa/Downloads/COVID-CT-Dataset-master/Images-processed/CT_NonCOVID/2039.png,0.213930300087668,0.3374581894871646,0.113878029651955,0.0,1.4676090478897097,1.7739433752334255,2.401637613395339,3.798470767385268,20.43445797728701,0.113878029651955,0.2586957619678287,0.0,1.4676090478897097,0.3207720890641212,0.0,0.0,0.3207720890641212,0.6339442123735822,1.5774211944211514,0.0687950078571606,5.480034938883756,0.3995550061600464,1.969219049775332e-06,0.0004807734827551,0.0298273717691636,0.0
noncovid_2040,2040.png,NonCOVID,0,train,/Users/samehissa/Downloads/COVID-CT-Dataset-master/Images-processed/CT_NonCOVID/2040.png,0.2003584377671359,0.3281876655172071,0.1077071437976341,0.0,1.3467737436294556,1.687450856290218,2.0506863092662897,3.693478222550256,18.924882864911545,0.1077071437976341,0.2607576455793605,0.0,1.3467737436294556,0.3689401522278785,0.0,0.0,0.3689401522278785,0.6104977374870098,1.638002717403093,0.0282132805994129,5.328562715119976,0.3845135204152403,1.72972068592915e-06,0.000205535240063,0.0290079654736249,0.0
noncovid_2041,2041.png,NonCOVID,0,train,/Users/samehissa/Downloads/COVID-CT-Dataset-master/Images-processed/CT_NonCOVID/2041.png,0.2596351021938972,0.4123815636369011,0.1700585540276155,0.0,1.6365694999694824,1.5882360784692504,1.3696605944065068,3.753469674095908,30.39602436081292,0.1700585540276155,0.3222437670955571,0.0,1.6365694999694824,0.3420475050806999,0.0,0.0,0.3420475050806999,0.6295976723751672,1.5883120585479689,0.0865330300103173,5.415112084760616,0.4873078496380403,1.9103885056590785e-06,0.000404969332715,0.0364497250104955,0.0
noncovid_2138,2138.png,NonCOVID,0,train,/Users/samehissa/Downloads/COVID-CT-Dataset-master/Images-processed/CT_NonCOVID/2138.png,0.2470336405203852,0.3600948670487758,0.1296683132748755,0.0,1.505601406097412,1.4669588012068768,1.26204797795537,3.8592504099465454,24.4088234014247,0.1296683132748755,0.2907544017432428,0.0,1.505601406097412,0.4346488714218139,0.0,0.0,0.4346488714218139,0.6860218711894407,1.4576754254611763,-0.0119830430787324,5.567721427793916,0.4366851644189787,1.939376269571332e-06,0.0004758274271347,0.0318281902950822,0.0
noncovid_2139,2139.png,NonCOVID,0,train,/Users/samehissa/Downloads/COVID-CT-Dataset-master/Images-processed/CT_NonCOVID/2139.png,0.2871426701385644,0.3850537624004356,0.1482663999387311,0.0,1.4185854196548462,1.1695995845675262,0.2787561959196587,3.9366190736723823,29.531816057988543,0.1482663999387311,0.3252587492697785,0.0,1.4185854196548462,0.5287017077207565,0.0,0.0,0.5287017077207565,0.7457190461650544,1.34098412546844,0.0114645368781393,5.679340815271388,0.4803304205992324,1.9692195889059043e-06,0.0005866374766169,0.0340342658143427,0.0
noncovid_2140,2140.png,NonCOVID,0,train,/Users/samehissa/Downloads/COVID-CT-Dataset-master/Images-processed/CT_NonCOVID/2140.png,0.2535704749770957,0.3569642768964249,0.1274234949801875,0.0,1.210415601730347,1.2342067740589326,0.2226288776902492,3.88306745050511,24.54034953731807,0.1274234949801875,0.2958572606126779,0.0,1.210415601730347,0.443346619606018,0.0,0.0,0.443346619606018,0.7103505337598155,1.4077517381653697,-0.0450951779616966,5.60208215409641,0.4378601155166994,1.9393454795102845e-06,0.0004798320132339,0.0315514826043518,0.0
noncovid_2141,2141.png,NonCOVID,0,train,/Users/samehissa/Downloads/COVID-CT-Dataset-master/Images-processed/CT_NonCOVID/2141.png,0.2635556679197179,0.381210568040659,0.1453214971858819,0.0112703090999275,1.4305940866470337,1.4355548923408978,0.9760436260620122,3.879798074771883,27.4922351716468,0.1453214971858819,0.3049237119456052,0.0,1.4305940866470337,0.4187600091099739,0.0,0.0112703090999275,0.4187600091099739,0.6913632481677676,1.4464138489208287,-0.1242605715781949,5.597365441939281,0.4634469627459981,2.0317296545507444e-06,0.0006410863675543,0.0336945722151907,0.0112703090999275
noncovid_2142,2142.png,NonCOVID,0,train,/Users/samehissa/Downloads/COVID-CT-Dataset-master/Images-processed/CT_NonCOVID/2142.png,0.2406312026796513,0.3303846903741894,0.1091540436336489,0.038935387507081,1.2227706909179688,1.3635807828648714,0.7989469038790249,3.950756404191022,21.383349675098163,0.1091540436336489,0.2659023169403554,0.0,1.2227706909179688,0.3942096754908561,0.0,0.038935387507081,0.3942096754908561,0.7283342157074552,1.3729918925519626,-0.0760178706501187,5.699736671902036,0.4087265826156948,2.169474519881695e-06,0.0008975488165706,0.0292021568704758,0.038935387507081
noncovid_2143,2143.png,NonCOVID,0,train,/Users/samehissa/Downloads/COVID-CT-Dataset-master/Images-processed/CT_NonCOVID/2143.png,0.2074950805617845,0.2890450333494148,0.0835470313039642,0.0211552707478404,1.3108868598937988,1.4436888178707576,1.3714243214189512,3.929010105109485,16.204958689447135,0.0835470313039642,0.2332829266003955,0.0,1.3108868598937988,0.3435427695512771,0.0,0.0211552707478404,0.3435427695512771,0.7178617127430117,1.3930211384618711,-0.1487143632931131,5.668363394059414,0.3558106796616787,2.0645009711573776e-06,0.000645778232146,0.0255482128937078,0.0211552707478404
noncovid_2144,2144.png,NonCOVID,0,train,/Users/samehissa/Downloads/COVID-CT-Dataset-master/Images-processed/CT_NonCOVID/2144.png,0.198407774095358,0.2709837645451066,0.0734322006470377,0.0353579075890593,1.365783929824829,1.4787540046310133,1.9506904227572728,3.952014817000411,14.438124219969586,0.0734322006470377,0.216764124785044,0.0,1.365783929824829,0.3420820534229278,0.0,0.0353579075890593,0.3420820534229278,0.7321731700614933,1.365792070298956,-0.1301018627331774,5.701552177821533,0.3358539049475417,2.031698787844274e-06,0.0005899466970029,0.0239518071876629,0.0353579075890593
noncovid_2145,2145.png,NonCOVID,0,train,/Users/samehissa/Downloads/COVID-CT-Dataset-master/Images-processed/CT_NonCOVID/2145.png,0.1706496851911652,0.2279419491862927,0.0519575321988464,0.028529055416584,0.8075912594795227,1.239211040259981,0.3864572040695764,3.96876097565781,10.37809244860035,0.0519575321988464,0.1874662827010524,0.0,0.8075912594795227,0.303788498044014,0.0,0.028529055416584,0.303788498044014,0.7486508611051486,1.3357302647874658,-0.2149546841060613,5.725711777870504,0.2847434762284998,2.1333119865745717e-06,0.0006977279438372,0.0201474122483133,0.028529055416584
noncovid_34,34.jpg,NonCOVID,0,train,/Users/samehissa/Downloads/COVID-CT-Dataset-master/Images-processed/CT_NonCOVID/34.jpg,0.1571371812751749,0.2248975119568503,0.0505788908843816,0.0037841638550162,1.0001349449157717,1.6015060137932104,2.156973415227493,3.902704147413183,9.634686031806568,0.0505788908843816,0.1777126417805448,0.0,1.0001349449157717,0.2608070597052574,0.0,0.0037841638550162,0.2608070597052574,0.6987026277226936,1.4312176795574247,-0.0237719196033501,5.630411919345125,0.2743555806312108,2.031705921125681e-06,0.0004997024869302,0.0198783194720839,0.0037841638550162
noncovid_35_0,35%0.jpg,NonCOVID,0,train,/Users/samehissa/Downloads/COVID-CT-Dataset-master/Images-processed/CT_NonCOVID/35%0.jpg,0.2708749401899695,0.3854175076090975,0.1485466551716087,0.0445755217224359,2.052614450454712,1.7069369027786534,3.094630026687107,3.923972108620157,28.40574571449962,0.1485466551716087,0.3025024258480471,0.0,2.052614450454712,0.4420987665653229,0.0,0.0445755217224359,0.4420987665653229,0.702807298669473,1.4228614405555464,0.1255881769500767,5.661095101508245,0.471083738197922,2.098344013058349e-06,0.0007995777506752,0.0340664166523013,0.0445755217224359
noncovid_35_1,35%1.jpg,NonCOVID,0,train,/Users/samehissa/Downloads/COVID-CT-Dataset-master/Images-processed/CT_NonCOVID/35%1.jpg,0.2702457948475967,0.4014623623902306,0.1611720284159448,0.0339211318641901,1.7160897254943848,1.6239105250232315,1.8694275362491188,3.86687079283787,29.97821671024053,0.1611720284159448,0.3129340152724253,0.0,1.7160897254943848,0.4312747865915298,0.0,0.0339211318641901,0.4312747865915298,0.6731518244619101,1.485545270432913,-0.0351461044565967,5.578715316400907,0.4839471231950389,2.098279670479727e-06,0.0007449435018905,0.0354845948546629,0.0339211318641901
noncovid_35_2,35%2.jpg,NonCOVID,0,train,/Users/samehissa/Downloads/COVID-CT-Dataset-master/Images-processed/CT_NonCOVID/35%2.jpg,0.2858303196480847,0.3759902003566926,0.1413686307642658,0.0903987810015678,1.5364327430725098,1.3341975101983472,1.0083381388132455,4.003014028358527,28.552653106482197,0.1413686307642658,0.3036072826085956,0.0,1.5364327430725098,0.4573461711406708,0.0,0.0903987810015678,0.4573461711406708,0.7602048116469887,1.315431479836055,0.086594388620289,5.775128487137138,0.4723003307159462,2.245599096549268e-06,0.0012127763499842,0.0332331525414882,0.0903987810015678
noncovid_36_0,36%0.jpg,NonCOVID,0,train,/Users/samehissa/Downloads/COVID-CT-Dataset-master/Images-processed/CT_NonCOVID/36%0.jpg,0.3046736492869968,0.4790334461651724,0.2294730425448811,0.0,2.0700583457946777,1.626347026548146,1.7828949492551294,3.7624383112075135,41.25428161468634,0.2294730425448811,0.3786464175732362,0.0,2.0700583457946777,0.4915815368294716,0.0,0.0,0.4915815368294716,0.6360161606874184,1.5722838101890857,0.060333321209184,5.428051093045062,0.5677139025202192,1.85501722311706e-06,0.0003771891976417,0.0423409747748192,0.0
noncovid_36_1,36%1.jpg,NonCOVID,0,train,/Users/samehissa/Downloads/COVID-CT-Dataset-master/Images-processed/CT_NonCOVID/36%1.jpg,0.1779794824506098,0.2769949446975028,0.0767261993879726,0.0,1.4009251594543457,1.799447707804137,3.0364751436474,3.797164595266208,13.875570631854025,0.0767261993879726,0.2141108231268731,0.0,1.4009251594543457,0.2942873612046242,0.0,0.0,0.2942873612046242,0.6425346141618598,1.556330768488274,-0.0373696753508633,5.478150530845044,0.3292459499543761,1.910390411129748e-06,0.0003518527802401,0.0244831254687496,0.0
noncovid_37_0,37%0.jpg,NonCOVID,0,train,/Users/samehissa/Downloads/COVID-CT-Dataset-master/Images-processed/CT_NonCOVID/37%0.jpg,0.2301532146370846,0.382307008340908,0.1461586486265751,0.0,1.8461624383926392,2.0399192461000784,3.760015084412052,3.7453936216139057,25.48853130679796,0.1461586486265751,0.2805572052043956,0.0,1.8461624383926392,0.3186806142330169,0.0,0.0,0.3186806142330169,0.6020099229306612,1.6610978427728935,0.0159879441227999,5.403460803894872,0.4462388943540881,1.939161042310447e-06,0.0004239760011562,0.0337914847616247,0.0
noncovid_37_1,37%1.jpg,NonCOVID,0,train,/Users/samehissa/Downloads/COVID-CT-Dataset-master/Images-processed/CT_NonCOVID/37%1.jpg,0.2206225700647337,0.3524286921595174,0.1242059830572679,0.0123429731465876,1.9256534576416016,2.2498325940122337,6.066431784434707,3.8143646518994023,22.12867858934224,0.1242059830572679,0.2621463602542917,0.0,1.9256534576416016,0.3686606287956238,0.0,0.0123429731465876,0.3686606287956238,0.6260044910315761,1.5974280965728482,-0.153653921422368,5.502964967252762,0.4157887702659082,2.0644914739909995e-06,0.0006099765819433,0.0311505897638376,0.0123429731465876
noncovid_37_2,37%2.jpg,NonCOVID,0,train,/Users/samehissa/Downloads/COVID-CT-Dataset-master/Images-processed/CT_NonCOVID/37%2.jpg,0.242952000531659,0.3436926052612073,0.118124606911236,0.0481185615062713,1.465862274169922,1.600745666314554,2.0615006475600834,3.935559115655866,22.675236028617128,0.118124606911236,0.2709608499283149,0.0,1.465862274169922,0.3877552524209022,0.0,0.0481185615062713,0.3877552524209022,0.7068854258926796,1.4146522955525975,0.0606303325562422,5.677811619097408,0.4208922444920687,2.2455910874224184e-06,0.0010411794489643,0.0303784214779838,0.0481185615062713
noncovid_37_3,37%3.jpg,NonCOVID,0,train,/Users/samehissa/Downloads/COVID-CT-Dataset-master/Images-processed/CT_NonCOVID/37%3.jpg,0.1855226717234472,0.3031340149432653,0.0918902310156238,0.0,1.4795037508010864,2.0130984287482807,3.6972053418960416,3.76162522956918,16.167538270595813,0.0918902310156238,0.2226751413393231,0.0,1.4795037508010864,0.2650622725486755,0.0,0.0,0.2650622725486755,0.6120133358997465,1.6339459330077863,0.0316224114986258,5.4268780641976,0.3553996239995616,1.8823357263613305e-06,0.0003411360258384,0.0267935146968358,0.0
noncovid_37_4,37%4.jpg,NonCOVID,0,train,/Users/samehissa/Downloads/COVID-CT-Dataset-master/Images-processed/CT_NonCOVID/37%4.jpg,0.2136521686898049,0.32164051086382,0.1034526182287391,0.0,1.5973811149597168,1.7444053626488032,2.932123556744002,3.8384744252746055,19.084783029068287,0.1034526182287391,0.250697225811848,0.0,1.5973811149597168,0.3666067942976951,0.0,0.0,0.3666067942976951,0.6642555810536014,1.5054399533421072,-0.085734863191222,5.537748017738124,0.3861345198432743,1.910416666077176e-06,0.0004048274668819,0.028429273292014,0.0
noncovid_38_0,38%0.jpg,NonCOVID,0,train,/Users/samehissa/Downloads/COVID-CT-Dataset-master/Images-processed/CT_NonCOVID/38%0.jpg,0.222390417351562,0.307345093991433,0.0944610068006027,0.0,1.141700267791748,1.2123551694417751,0.3665328329758925,3.897247099797471,18.421568579891805,0.0944610068006027,0.258035424670993,0.0,1.141700267791748,0.4229333326220512,0.0,0.0,0.4229333326220512,0.7235830280561855,1.382006912220376,-0.1556281034859826,5.622539063812043,0.3793659243137221,1.882343426368856e-06,0.0004002256246586,0.0271657250157198,0.0
noncovid_38_1,38%1.jpg,NonCOVID,0,train,/Users/samehissa/Downloads/COVID-CT-Dataset-master/Images-processed/CT_NonCOVID/38%1.jpg,0.2268719436397077,0.3435598075258945,0.1180333413472297,0.0,1.6080186367034912,1.8186157125404736,3.174438407029313,3.844067326203653,21.69654018023532,0.1180333413472297,0.2623363408490604,0.0,1.6080186367034912,0.3442571684718132,0.0,0.0,0.3442571684718132,0.6603545534588028,1.5143336016528215,0.0520055118465842,5.545816868172644,0.4117089022089374,1.9104389850634917e-06,0.0004334052906659,0.0303666837055881,0.0
noncovid_38_2,38%2.jpg,NonCOVID,0,train,/Users/samehissa/Downloads/COVID-CT-Dataset-master/Images-processed/CT_NonCOVID/38%2.jpg,0.1969934610751806,0.3186940113297172,0.1015658728574259,0.0,1.50705087184906,1.940700104450909,3.723654734817096,3.748230514851275,17.967653960167002,0.1015658728574259,0.2426225065916014,0.0,1.50705087184906,0.2709787264466285,0.0,0.0,0.2709787264466285,0.6181253363623384,1.6177897966272632,0.0977030716835508,5.407553575699957,0.3746629105793696,1.8027950861973348e-06,0.00026928346764,0.0281688370668481,0.0
noncovid_39_0,39%0.jpg,NonCOVID,0,train,/Users/samehissa/Downloads/COVID-CT-Dataset-master/Images-processed/CT_NonCOVID/39%0.jpg,0.2194619165675249,0.3021593915044116,0.0913002978743163,0.0477784443646669,1.2595274448394775,1.3945048484491371,1.0943530715660472,3.943730182457037,17.851370329319366,0.0913002978743163,0.2438645558327152,0.0,1.2595274448394775,0.3674333766102791,0.0,0.0477784443646669,0.3674333766102791,0.726309346750766,1.3768192506030632,-0.0134325621864815,5.68959997665023,0.3734485649963158,2.0983460035423285e-06,0.0007299590591861,0.0267073693414962,0.0477784443646669
noncovid_39_1,39%1.jpg,NonCOVID,0,train,/Users/samehissa/Downloads/COVID-CT-Dataset-master/Images-processed/CT_NonCOVID/39%1.jpg,0.2181129622076696,0.3102522792239943,0.0962564767636833,0.0113726092968136,1.2682534456253052,1.4791050678212407,1.476270680638862,3.900705505240235,18.41020685397602,0.0962564767636833,0.2524310144864898,0.0,1.2682534456253052,0.4182937666773796,0.0,0.0113726092968136,0.4182937666773796,0.7030158158302594,1.4224385203140613,0.1589687898519557,5.627528488193702,0.3792489170013379,2.0317294173590914e-06,0.0005941295214312,0.0274226863147335,0.0113726092968136
noncovid_39_2,39%2.jpg,NonCOVID,0,train,/Users/samehissa/Downloads/COVID-CT-Dataset-master/Images-processed/CT_NonCOVID/39%2.jpg,0.2060554439613042,0.2998486230179231,0.0899091967257446,0.0106609702343121,1.285213828086853,1.7014196611573764,2.567368230255917,3.8915572510828698,16.943109467114855,0.0899091967257446,0.2354684055393647,0.0,1.285213828086853,0.3554570525884628,0.0,0.0106609702343121,0.3554570525884628,0.68719594137688,1.455184183700735,-0.052413159731525,5.61433034728808,0.3638241920376307,2.031724342797756e-06,0.0005749364930378,0.0265031243331777,0.0106609702343121
noncovid_39_3,39%3.jpg,NonCOVID,0,train,/Users/samehissa/Downloads/COVID-CT-Dataset-master/Images-processed/CT_NonCOVID/39%3.jpg,0.1943731812862097,0.3136152976277062,0.0983545549061147,0.0,1.259385585784912,1.7844163033947953,2.309728749554443,3.755711824765523,17.425342529207878,0.0983545549061147,0.2391999323994014,0.0,1.259385585784912,0.26851287484169,0.0,0.0,0.26851287484169,0.6197802306720362,1.6134700042076042,0.0716937328358947,5.4183468244125965,0.3689654299652429,1.8823377079710835e-06,0.0003444136449502,0.0277199379545485,0.0
noncovid_39_4,39%4.jpg,NonCOVID,0,train,/Users/samehissa/Downloads/COVID-CT-Dataset-master/Images-processed/CT_NonCOVID/39%4.jpg,0.2261510018142871,0.3198480140726685,0.1023027521062299,0.0,1.148056983947754,1.2363648875382842,0.3096796031532625,3.870173220846767,19.64121954916297,0.1023027521062299,0.2679536774248845,0.0,1.148056983947754,0.442155160009861,0.0,0.0,0.442155160009861,0.7070554913854025,1.4143117275921882,-0.0778945377330658,5.583479712912233,0.3917231518915313,1.8550655370892509e-06,0.0003684140501416,0.0282708374624792,0.0
noncovid_39_5,39%5.jpg,NonCOVID,0,train,/Users/samehissa/Downloads/COVID-CT-Dataset-master/Images-processed/CT_NonCOVID/39%5.jpg,0.2145663086994318,0.3207255803035581,0.1028648978610541,0.0179778356105089,1.2605592012405396,1.622188931037097,1.7315602826154102,3.859516245582889,19.05966063231411,0.1028648978610541,0.2497395794214298,0.0,1.2605592012405396,0.3458276987075805,0.0,0.0179778356105089,0.3458276987075805,0.6690007061352734,1.4947620726086872,-0.1333373625566972,5.568104947548161,0.3858802906212676,2.064498592322703e-06,0.0006240902576839,0.0283484040915795,0.0179778356105089
noncovid_39_6,39%6.jpg,NonCOVID,0,train,/Users/samehissa/Downloads/COVID-CT-Dataset-master/Images-processed/CT_NonCOVID/39%6.jpg,0.1834508046467817,0.3005704506644618,0.0903425958126376,0.0,1.1866811513900757,1.8105694093591245,2.511700961906384,3.721951031953061,15.871589572888237,0.0903425958126376,0.230575064665345,0.0,1.1866811513900757,0.2905729487538337,0.0,0.0,0.2905729487538337,0.6103400846661721,1.638425360102309,0.1634329123359496,5.36964029604558,0.3521317843339185,1.828532520849694e-06,0.0002700088395406,0.0265669254861421,0.0
noncovid_39_7,39%7.jpg,NonCOVID,0,train,/Users/samehissa/Downloads/COVID-CT-Dataset-master/Images-processed/CT_NonCOVID/39%7.jpg,0.2370575875393115,0.3362615255887791,0.1130718135912931,0.0378620289266109,1.425628662109375,1.5855129740999865,1.955883517024324,3.923125079050164,21.66631851536019,0.1130718135912931,0.2650841528293313,0.0,1.425628662109375,0.390605941414833,0.0,0.0378620289266109,0.390605941414833,0.704977716812884,1.4184803324762452,0.0026481158414269,5.6598730961481305,0.4114220623657067,2.0983460527336784e-06,0.0007497174773789,0.0297216006244949,0.0378620289266109
noncovid_39_8,39%8.jpg,NonCOVID,0,train,/Users/samehissa/Downloads/COVID-CT-Dataset-master/Images-processed/CT_NonCOVID/39%8.jpg,0.240596538009413,0.3854619446950492,0.1485809108080891,0.0,1.6882643699645996,1.6331877594805049,1.7518348151603167,3.7294042236646745,26.42785342850613,0.1485809108080891,0.3035385643770496,0.0,1.6882643699645996,0.4163214862346649,0.0,0.0,0.4163214862346649,0.6241755305422572,1.602109273409281,-0.1196322962173562,5.380392978766714,0.454387065078006,1.7534170102742594e-06,0.0002485013173572,0.0340703443729029,0.0
noncovid_40_0,40%0.jpg,NonCOVID,0,train,/Users/samehissa/Downloads/COVID-CT-Dataset-master/Images-processed/CT_NonCOVID/40%0.jpg,0.2433856478637608,0.3703500294964253,0.137159144348003,0.0,1.6859797239303589,1.6589726508549487,2.2078415639251414,3.809937812040189,25.138651895560407,0.137159144348003,0.2905821796194914,0.0,1.6859797239303589,0.3832114711403847,0.0,0.0,0.3832114711403847,0.6571755671766265,1.5216592792017667,-0.2125122160079916,5.496578387341065,0.4431655649236137,1.855057222854748e-06,0.0003581058274086,0.032734627158695,0.0
noncovid_40_1,40%1.jpg,NonCOVID,0,train,/Users/samehissa/Downloads/COVID-CT-Dataset-master/Images-processed/CT_NonCOVID/40%1.jpg,0.249184153843089,0.3520749314229271,0.1239567573364588,0.0,1.5048121213912964,1.246796136587606,0.5243751803860062,3.867774000467272,23.814335982458253,0.1239567573364588,0.297429058562102,0.0,1.5048121213912964,0.4955848157405853,0.0,0.0,0.4955848157405853,0.7077568547102967,1.4129105964122757,0.0293088318496447,5.580018369568737,0.4313345567688208,1.855057347999224e-06,0.0003779687131958,0.0311193214368675,0.0
noncovid_41,41.jpg,NonCOVID,0,train,/Users/samehissa/Downloads/COVID-CT-Dataset-master/Images-processed/CT_NonCOVID/41.jpg,0.3004534928877547,0.3770034586017155,0.1421316077976554,0.1265564486384391,1.7906643152236938,1.3994131040021889,1.748335228204164,4.068511579199586,29.74770037582176,0.1421316077976554,0.3042819672272117,0.0,1.7906643152236938,0.5299180746078491,0.0,0.1265564486384391,0.5299180746078491,0.7969494419299887,1.2547814138494933,0.0069505050206034,5.869621478925905,0.4820828862198983,2.509766106822915e-06,0.0020815330953919,0.0333227127635068,0.1265564486384391
noncovid_42,42.jpg,NonCOVID,0,train,/Users/samehissa/Downloads/COVID-CT-Dataset-master/Images-processed/CT_NonCOVID/42.jpg,0.3138071012836008,0.4602560649916919,0.2118356453616365,0.0202765073627233,1.9570989608764648,1.562077134104462,1.732550948391271,3.8708895357502975,39.71974939873954,0.2118356453616365,0.3653951744885262,0.0,1.9570989608764648,0.5192190557718277,0.0,0.0202765073627233,0.5192190557718277,0.681808330936246,1.4666846706433805,0.0429186081826973,5.584513136871273,0.5570552415852962,2.098337295009169e-06,0.0007992975006578,0.0406812730797327,0.0202765073627233
noncovid_43_1,43%1.jpg,NonCOVID,0,train,/Users/samehissa/Downloads/COVID-CT-Dataset-master/Images-processed/CT_NonCOVID/43%1.jpg,0.3026320469361963,0.4721178375515328,0.2228952525343356,0.0,1.9836546182632449,1.680078662114827,2.0312982267612325,3.78849213878001,40.25362027099234,0.2228952525343356,0.3664645668875437,0.0,1.9836546182632449,0.4681798070669174,0.0,0.0,0.4681798070669174,0.6410082014640293,1.5600391377290892,0.1345741578852045,5.46563882088008,0.5607864195637478,1.882345004387588e-06,0.0004341198205289,0.0417297155564772,0.0
noncovid_43_2,43%2.jpg,NonCOVID,0,train,/Users/samehissa/Downloads/COVID-CT-Dataset-master/Images-processed/CT_NonCOVID/43%2.jpg,0.2967473472817801,0.4568720905827979,0.2087321071534963,0.0,1.7676575183868408,1.6615712343718174,1.879864061215705,3.8097826220936017,37.98926019485052,0.2087321071534963,0.3535334689440788,0.0,1.7676575183868408,0.4523159340023994,0.0,0.0,0.4523159340023994,0.6495181121375354,1.5395995777814635,0.0112807935176472,5.496354495574728,0.5447853662427706,1.8823466611396117e-06,0.0004422978610839,0.0403821691732463,0.0
noncovid_43_3,43%3.jpg,NonCOVID,0,train,/Users/samehissa/Downloads/COVID-CT-Dataset-master/Images-processed/CT_NonCOVID/43%3.jpg,0.4075798497360665,0.5374238439518043,0.2888243880479332,0.0551480762660503,2.147677421569824,1.1751358291258696,0.3499000193203407,3.96928922887277,58.2330524107274,0.2888243880479332,0.4504668304571169,0.0,2.147677421569824,0.7485593259334564,0.0,0.0551480762660503,0.7485593259334564,0.7583941351483517,1.3185731441331554,-0.0644096227003453,5.72647388616406,0.6744966434006976,2.0645095693058625e-06,0.000937493153101,0.0475020055537077,0.0551480762660503
noncovid_44_0,44%0.jpg,NonCOVID,0,train,/Users/samehissa/Downloads/COVID-CT-Dataset-master/Images-processed/CT_NonCOVID/44%0.jpg,0.2783925048133824,0.3862967061927412,0.149225145215361,0.0489908270537853,1.426094651222229,1.3209809888525006,0.6282351260167576,3.926694967609167,29.021124089808666,0.149225145215361,0.3164526913319605,0.0,1.426094651222229,0.4790846928954124,0.0,0.0489908270537853,0.4790846928954124,0.7206682834261509,1.3875973652799718,-0.0632996356198897,5.66502335666873,0.4761591456137645,2.0645065958236982e-06,0.0007551439907983,0.0341441275623643,0.0489908270537853
noncovid_44_1,44%1.jpg,NonCOVID,0,train,/Users/samehissa/Downloads/COVID-CT-Dataset-master/Images-processed/CT_NonCOVID/44%1.jpg,0.255117132786836,0.3602501316909757,0.1297801573833653,0.02130983537063,1.6568820476531982,1.5517300624120902,2.034190882413061,3.916982872702105,24.942708329566905,0.1297801573833653,0.2888827501714104,0.0,1.6568820476531982,0.4411727711558342,0.0,0.02130983537063,0.4411727711558342,0.7081646949708298,1.4120969758310349,-0.0035547170622044,5.6510117655096685,0.4414350561801152,2.0317347364293705e-06,0.0006596731672575,0.0318419138802544,0.02130983537063
noncovid_45,45.jpg,NonCOVID,0,train,/Users/samehissa/Downloads/COVID-CT-Dataset-master/Images-processed/CT_NonCOVID/45.jpg,0.271183453980484,0.3903191467012588,0.1523490362815987,0.0,2.1014583110809326,1.7884713984494756,3.757026792278515,3.904281924542149,28.91385625528116,0.1523490362815987,0.3076610296457147,0.0,2.1014583110809326,0.4810537472367286,0.0,0.0,0.4810537472367286,0.6947718591324497,1.4393177053101052,0.1057323204529043,5.632688170584714,0.4752783416003553,1.969223545119303e-06,0.0005801904933142,0.0344996644324258,0.0
noncovid_46,46.jpg,NonCOVID,0,train,/Users/samehissa/Downloads/COVID-CT-Dataset-master/Images-processed/CT_NonCOVID/46.jpg,0.3011271826580923,0.4130083953910323,0.1705759346634753,0.1375216096639633,1.9977868795394895,1.672215306264269,2.664294891732344,3.988409893789778,33.440449894281656,0.1705759346634753,0.3185476424063722,0.0,1.9977868795394895,0.4379159584641456,0.0,0.1375216096639633,0.4379159584641456,0.7291049211434737,1.3715413923955608,-0.1889775969606514,5.754059174618327,0.5111296457838025,2.327107040432005e-06,0.0014265389344672,0.0365051296334967,0.1375216096639633
noncovid_47,47.jpg,NonCOVID,0,train,/Users/samehissa/Downloads/COVID-CT-Dataset-master/Images-processed/CT_NonCOVID/47.jpg,0.253937399973438,0.3413738424080643,0.1165361002804459,0.089409340173006,1.473249435424805,1.3518712285349233,1.1321393908596695,3.967337390673357,23.170598833371614,0.1165361002804459,0.2805513896400669,0.0,1.473249435424805,0.4573915377259254,0.0,0.089409340173006,0.4573915377259254,0.7438667658757716,1.3443228230413171,0.0150753439305719,5.723657978873149,0.4254648086337056,2.098259329234272e-06,0.0007861849578381,0.0301734698608062,0.089409340173006
noncovid_48,48.jpg,NonCOVID,0,train,/Users/samehissa/Downloads/COVID-CT-Dataset-master/Images-processed/CT_NonCOVID/48.jpg,0.2444677508028689,0.3300017500685884,0.1089011550483311,0.0772709604352712,1.515587329864502,1.5396894188418917,1.9751894674398551,3.9931219808351086,21.589201437560927,0.1089011550483311,0.2626895788580441,0.0,1.515587329864502,0.409988671541214,0.0,0.0772709604352712,0.409988671541214,0.7408051925387238,1.3498784562986852,0.0505703672611403,5.760857279230862,0.4106892209821737,2.327250857110642e-06,0.0012919366214936,0.0291683094096158,0.0772709604352712
noncovid_49_0,49%0.jpg,NonCOVID,0,train,/Users/samehissa/Downloads/COVID-CT-Dataset-master/Images-processed/CT_NonCOVID/49%0.jpg,0.243677573329478,0.3323486480915005,0.110455623888248,0.0,1.656435489654541,1.4973698969728555,2.1988190917406136,3.9430042937161134,21.738801104894865,0.110455623888248,0.2714421531901507,0.0,1.656435489654541,0.4509394019842148,0.0,0.0,0.4509394019842148,0.733196423491895,1.3638868918073546,-0.0435551749228611,5.688552740563463,0.412109674276146,1.9692209923314254e-06,0.0005560665283228,0.0293757478479601,0.0
noncovid_49_1,49%1.jpg,NonCOVID,0,train,/Users/samehissa/Downloads/COVID-CT-Dataset-master/Images-processed/CT_NonCOVID/49%1.jpg,0.2730051564012683,0.3961508922259344,0.1569355294114039,0.0004297924460843,1.8329960107803345,1.625515134125468,2.3354854221836057,3.886799055989244,29.627820138634867,0.1569355294114039,0.3141220970280187,0.0,1.8329960107803345,0.4158174470067024,0.0,0.0004297924460843,0.4158174470067024,0.6891426287712069,1.4510747615464967,-0.0413320714635339,5.607465722822923,0.4811105328644187,1.999955989495137e-06,0.0006053459512981,0.0350151227832574,0.0004297924460843
noncovid_50,50.jpg,NonCOVID,0,train,/Users/samehissa/Downloads/COVID-CT-Dataset-master/Images-processed/CT_NonCOVID/50.jpg,0.2221107121949899,0.3151480535623119,0.0993182956641138,0.021155301015824,1.2340350151062012,1.405199816659345,0.9690666491152772,3.901679202800171,19.02738740939257,0.0993182956641138,0.2542600521314853,0.0,1.2340350151062012,0.3767857477068901,0.0,0.021155301015824,0.3767857477068901,0.7047798801371736,1.4188782272043008,-0.0871360262650035,5.628933236834747,0.3855534517234666,2.0317314180738136e-06,0.0006038344651795,0.0278554157189565,0.021155301015824
noncovid_51_0,51%0.jpg,NonCOVID,0,train,/Users/samehissa/Downloads/COVID-CT-Dataset-master/Images-processed/CT_NonCOVID/51%0.jpg,0.2662569849926512,0.4273366942361792,0.1826166502407057,0.0,2.1348230838775635,2.0029836521479902,4.246991888223032,3.777640708637161,32.44920733415458,0.1826166502407057,0.3257929194260214,0.0,2.1348230838775635,0.4912977740168571,0.0,0.0,0.4912977740168571,0.6230599092564427,1.6049783416873504,0.0019361088657488,5.449983516426439,0.5034972018771133,1.910439361769813e-06,0.0004461231148171,0.0377715842930305,0.0
noncovid_51_1,51%1.jpg,NonCOVID,0,train,/Users/samehissa/Downloads/COVID-CT-Dataset-master/Images-processed/CT_NonCOVID/51%1.jpg,0.2172000306291011,0.3287144024408069,0.1080531583720167,0.0,1.8089269399642944,1.857934075740027,4.034938209331385,3.827613050724485,19.869313494694296,0.1080531583720167,0.258408944925975,0.0,1.8089269399642944,0.4005595371127128,0.0,0.0,0.4005595371127128,0.6607540413875592,1.5134178457006386,-0.0495179256690998,5.5220783665374285,0.3939911314703659,1.8550335002715065e-06,0.0003451021951929,0.0290545228799472,0.0
noncovid_51_2,51%2.jpg,NonCOVID,0,train,/Users/samehissa/Downloads/COVID-CT-Dataset-master/Images-processed/CT_NonCOVID/51%2.jpg,0.2972763161815237,0.4429844381514678,0.1962352124443716,0.0,1.9350017309188845,1.6652828579747163,2.24194288780014,3.8565984064430334,36.4298778376741,0.1962352124443716,0.3469664509079848,0.0,1.9350017309188845,0.4937285929918289,0.0,0.0,0.4937285929918289,0.6710746913533476,1.4901437283721295,-0.0837083506902107,5.56389539549098,0.5334870388367733,1.939387649213867e-06,0.0005418926551356,0.0391546625221269,0.0
noncovid_51_3,51%3.jpg,NonCOVID,0,train,/Users/samehissa/Downloads/COVID-CT-Dataset-master/Images-processed/CT_NonCOVID/51%3.jpg,0.2768072507351462,0.3942524480538636,0.1554349927964644,0.0076272191945463,1.8183799982070925,1.5090770515472682,1.8473474492270592,3.898424455305896,29.70332759756986,0.1554349927964644,0.3198722759169641,0.0,1.8183799982070925,0.50706847012043,0.0,0.0076272191945463,0.50706847012043,0.7021048315532509,1.4242851190017811,-0.081174261637563,5.62423762876541,0.4817232056440861,2.031728783245138e-06,0.000662896136953,0.0348473224397855,0.0076272191945463
noncovid_52_0,52%0.jpg,NonCOVID,0,train,/Users/samehissa/Downloads/COVID-CT-Dataset-master/Images-processed/CT_NonCOVID/52%0.jpg,0.2866069403862639,0.387362905901653,0.1500500208685729,0.0015746059361845,1.7772061824798584,1.2865690628845006,0.9985116250568796,3.9360101502655223,29.72077557070699,0.1500500208685729,0.3220258301570879,0.0,1.7772061824798584,0.5221442729234695,0.0,0.0015746059361845,0.5221442729234695,0.739890671329171,1.3515475423574843,-0.0401694121849803,5.678462324492029,0.4818646689124949,1.9999792249431203e-06,0.000627371509327,0.0342383671928981,0.0015746059361845
noncovid_52_1,52%1.jpg,NonCOVID,0,train,/Users/samehissa/Downloads/COVID-CT-Dataset-master/Images-processed/CT_NonCOVID/52%1.jpg,0.2118312205529946,0.3181824286472268,0.1012400578998475,0.0012226349208503,1.3395822048187256,1.500537541067453,1.2628537212506463,3.826310689709272,18.702403059304835,0.1012400578998475,0.2542189477447323,0.0,1.3395822048187256,0.333824910223484,0.0,0.0012226349208503,0.333824910223484,0.665751894916734,1.5020563438033243,0.0713423460489472,5.520199456759331,0.3822466793849477,1.999963264143628e-06,0.000493578907739,0.0281236191188573,0.0012226349208503
noncovid_53,53.jpg,NonCOVID,0,train,/Users/samehissa/Downloads/COVID-CT-Dataset-master/Images-processed/CT_NonCOVID/53.jpg,0.2982516898428002,0.3865338763898354,0.1494084375969526,0.0510808527469635,1.5931144952774048,1.149423087615482,0.3771976550960332,3.9884947964127297,30.510401035652933,0.1494084375969526,0.3263327217687219,0.0,1.5931144952774048,0.5465076863765717,0.0,0.0510808527469635,0.5465076863765717,0.7716035681654813,1.295998948383381,0.1065771753599333,5.754181663211417,0.488223829909027,2.133308661668105e-06,0.0009281964763025,0.0341650906441969,0.0510808527469635
noncovid_54_0,54%0.jpg,NonCOVID,0,train,/Users/samehissa/Downloads/COVID-CT-Dataset-master/Images-processed/CT_NonCOVID/54%0.jpg,0.273646699017263,0.4009629435305239,0.1607712820846621,0.0173253994435071,2.107729196548462,1.7598162183853132,3.2592114463747874,3.883641343194518,30.163686139866456,0.1607712820846621,0.3136412671333346,0.0,2.107729196548462,0.460698626935482,0.0,0.0173253994435071,0.460698626935482,0.6824720861626086,1.4652577391596058,-0.0041748168440333,5.60291010623342,0.485441858483286,2.0317331081058742e-06,0.0006611418899578,0.035440452046869,0.0173253994435071
noncovid_54_1,54%1.jpg,NonCOVID,0,train,/Users/samehissa/Downloads/COVID-CT-Dataset-master/Images-processed/CT_NonCOVID/54%1.jpg,0.1684145603503566,0.2771921190271264,0.0768354708507486,0.0,1.11995267868042,1.5871041745647867,1.3205060340248955,3.674777131083236,13.465463678560322,0.0768354708507486,0.217897384527987,0.0,1.11995267868042,0.2381638064980507,0.0,0.0,0.2381638064980507,0.6075712158420332,1.6458916524229104,-0.0958389889530011,5.301582743201292,0.3243438530152105,1.6841557341855045e-06,0.0001564183228902,0.0245005533819437,0.0
noncovid_54_2,54%2.jpg,NonCOVID,0,train,/Users/samehissa/Downloads/COVID-CT-Dataset-master/Images-processed/CT_NonCOVID/54%2.jpg,0.2024686348886462,0.3083886566681476,0.0951035635615846,0.0082487622275948,1.3409541845321655,1.6561283606561812,1.9874782911722464,3.830868197180496,17.420430294432837,0.0951035635615846,0.2397287607923317,0.0,1.3409541845321655,0.3206901922821998,0.0,0.0082487622275948,0.3206901922821998,0.6565351026234935,1.5231428652529582,0.0857349943441927,5.526774550186882,0.3689134202970346,1.999985154024863e-06,0.0005093538239977,0.0272579637963821,0.0082487622275948
noncovid_54_3,54%3.jpg,NonCOVID,0,train,/Users/samehissa/Downloads/COVID-CT-Dataset-master/Images-processed/CT_NonCOVID/54%3.jpg,0.1586661971668945,0.2559044356935609,0.0654870802076399,0.0,1.1298052072525024,1.8652488403887368,3.2138661568939515,3.741519654132909,11.6047414183736,0.0654870802076399,0.1977248610626247,0.0,1.1298052072525024,0.2502963654696941,0.0,0.0,0.2502963654696941,0.620018862580522,1.6128478545709737,0.0435168809374382,5.397871850221474,0.3011013821473488,1.8027988247228805e-06,0.0002415980268789,0.0226189702268292,0.0
noncovid_56_0,56%0.jpg,NonCOVID,0,train,/Users/samehissa/Downloads/COVID-CT-Dataset-master/Images-processed/CT_NonCOVID/56%0.jpg,0.2774677103498106,0.4079061222565441,0.1663874045743707,0.0021962098544463,1.8660337924957275,1.749661793906226,2.833168154068109,3.8791954535634567,31.152094062225565,0.1663874045743707,0.3140905250155867,0.0,1.8660337924957275,0.4168943464756012,0.0,0.0021962098544463,0.4168943464756012,0.680222764473584,1.4701030319610395,-0.0600423551313203,5.596496043310349,0.4933312628053661,2.031706514417507e-06,0.0006414379967278,0.0360541481418889,0.0021962098544463
noncovid_56_1,56%1.jpg,NonCOVID,0,train,/Users/samehissa/Downloads/COVID-CT-Dataset-master/Images-processed/CT_NonCOVID/56%1.jpg,0.278777071958757,0.424925912967594,0.1805620315113432,0.0,1.7164615392684937,1.711479391582832,2.202245431124449,3.833575253445404,33.05967198223888,0.1805620315113432,0.3259272384082123,0.0,1.7164615392684937,0.4073233157396316,0.0,0.0,0.4073233157396316,0.656058873776294,1.5242498602268792,0.0180772219467796,5.530680006835672,0.5082112625289223,1.939385743611255e-06,0.0005140818158765,0.0375584993201588,0.0
noncovid_57_0,57%0.jpg,NonCOVID,0,train,/Users/samehissa/Downloads/COVID-CT-Dataset-master/Images-processed/CT_NonCOVID/57%0.jpg,0.3182534536645107,0.4426575655535127,0.1959457203417624,0.0413015969097614,1.8249636888504028,1.3669150072457723,0.8759497157262377,3.926390771421716,38.04556558222737,0.1959457203417624,0.3575096330565657,0.0,1.8249636888504028,0.5291628539562225,0.0,0.0413015969097614,0.5291628539562225,0.7189592124272071,1.3908963452134082,-0.0006449584442677,5.664584494337638,0.5451889407454551,2.1332830717535693e-06,0.0009090573404878,0.0391257707933021,0.0413015969097614
noncovid_59_0,59%0.jpg,NonCOVID,0,train,/Users/samehissa/Downloads/COVID-CT-Dataset-master/Images-processed/CT_NonCOVID/59%0.jpg,0.2645832172129303,0.4284844658039733,0.1835989374353163,0.0,1.6969066858291626,1.6387771231624737,1.6466837691313971,3.7151178909216975,32.46121168205582,0.1835989374353163,0.3358554354672378,0.0,1.6969066858291626,0.3975802063941955,0.0,0.0,0.3975802063941955,0.6174846951144285,1.6194695578863536,-0.0236203480798428,5.359782157365935,0.5035903258265205,1.7534153877085177e-06,0.0002543362175643,0.0378730339253856,0.0
noncovid_60,60.jpg,NonCOVID,0,train,/Users/samehissa/Downloads/COVID-CT-Dataset-master/Images-processed/CT_NonCOVID/60.jpg,0.3401253312986227,0.4988894709636833,0.2488907042384238,0.06340267136693,2.2590479850769043,1.6472686190123675,2.0296204091757115,3.899507391611436,46.66572098936598,0.2488907042384238,0.3868649384374976,0.0,2.2590479850769043,0.5261436551809311,0.0,0.06340267136693,0.5261436551809311,0.6817635354742668,1.4667812863537324,-0.0546320040468045,5.625799975603012,0.6038012464622955,2.2455941849308145e-06,0.0012234473710681,0.0440960159976237,0.06340267136693
noncovid_62,62.jpg,NonCOVID,0,train,/Users/samehissa/Downloads/COVID-CT-Dataset-master/Images-processed/CT_NonCOVID/62.jpg,0.2489721767051378,0.338948990195735,0.1148864179547084,0.1155967861413955,1.564556360244751,1.670722914572741,2.640347900782708,3.9888361927524656,22.63981602918436,0.1148864179547084,0.2589572646138549,0.0,1.564556360244751,0.3944642022252083,0.0,0.1155967861413955,0.3944642022252083,0.73453956013205,1.361393046730512,-0.0212371524591275,5.754674194017732,0.4205633872890064,2.1694796812697813e-06,0.000966573916021,0.0299591411804671,0.1155967861413955
noncovid_63_0,63%0.jpg,NonCOVID,0,train,/Users/samehissa/Downloads/COVID-CT-Dataset-master/Images-processed/CT_NonCOVID/63%0.jpg,0.3154741567850578,0.4730241054906735,0.2237518043752518,0.0,2.2100720405578613,1.775469141081239,2.930495779030076,3.861317105904768,41.37929574073537,0.2237518043752518,0.3650725204743139,0.0,2.2100720405578613,0.4291941970586777,0.0,0.0,0.4291941970586777,0.6669289919777376,1.4994068303761543,0.0347178120234977,5.57070303980387,0.5685734323502067,1.9692242986669605e-06,0.0006099062145907,0.0418098190821445,0.0
noncovid_63_1,63%1.jpg,NonCOVID,0,train,/Users/samehissa/Downloads/COVID-CT-Dataset-master/Images-processed/CT_NonCOVID/63%1.jpg,0.2112845188676146,0.3326122561584906,0.1106309129468414,0.0,1.4092442989349363,1.6999443705754325,2.1302085702602227,3.772769074978725,19.874823790074984,0.1106309129468414,0.2595633050045762,0.0,1.4092442989349363,0.328686960041523,0.0,0.0,0.328686960041523,0.635225791382582,1.5742386519425815,0.0499171258081196,5.442955234706386,0.3940457598553255,1.8550486097390435e-06,0.0003281741461496,0.0293990477294282,0.0
noncovid_63_2,63%2.jpg,NonCOVID,0,train,/Users/samehissa/Downloads/COVID-CT-Dataset-master/Images-processed/CT_NonCOVID/63%2.jpg,0.4149379964055697,0.6577787882688085,0.432672934296382,0.0,2.889122009277344,1.8010178929402436,2.640560567413016,3.7747112030989447,77.42034882015368,0.432672934296382,0.5010574532101373,0.0,2.889122009277344,0.6178817003965378,0.0,0.0,0.6178817003965378,0.6308159718583524,1.585245974017479,0.0868111617447464,5.445757133314197,0.7777187635369553,1.882307038915232e-06,0.0004801516049995,0.058139980213193,0.0
noncovid_63_3,63%3.jpg,NonCOVID,0,train,/Users/samehissa/Downloads/COVID-CT-Dataset-master/Images-processed/CT_NonCOVID/63%3.jpg,0.2805572536890395,0.4332167833367192,0.1876767813646139,0.0,2.131927251815796,1.808312924527523,3.019038283695715,3.812993190009408,34.097811707155195,0.1876767813646139,0.3340509843483232,0.0,2.131927251815796,0.4660163894295692,0.0,0.0,0.4660163894295692,0.6476125045655753,1.5441296834794462,0.1272259269623455,5.5009863659853,0.5161290090298645,1.882346084312769e-06,0.0004308496193554,0.0382913156526521,0.0
noncovid_63_4,63%4.jpg,NonCOVID,0,train,/Users/samehissa/Downloads/COVID-CT-Dataset-master/Images-processed/CT_NonCOVID/63%4.jpg,0.3207046804745914,0.5078662189274726,0.2579280963276876,0.0,2.3644518852233887,1.9448622296365772,3.4853903513875446,3.8025405038586015,46.17978731596766,0.2579280963276876,0.3797411832451871,0.0,2.3644518852233887,0.5149704813957214,0.0,0.0,0.5149704813957214,0.6314734807099068,1.5835946584125686,0.1310328883246099,5.485906327511564,0.6006493056734498,1.9692195831879707e-06,0.0005778339680106,0.0448894559173984,0.0
noncovid_63_5,63%5.jpg,NonCOVID,0,train,/Users/samehissa/Downloads/COVID-CT-Dataset-master/Images-processed/CT_NonCOVID/63%5.jpg,0.2711483853745449,0.4070481270936272,0.1656881777704296,0.0192386731505393,1.88025975227356,1.7819943677387464,3.019360245455127,3.856506036659435,30.61883195669151,0.1656881777704296,0.3191123215783022,0.0,1.88025975227356,0.4570531174540519,0.0,0.0192386731505393,0.4570531174540519,0.6661318433737283,1.5012006305379992,0.1486565805238154,5.563762134062255,0.4890906098686136,2.0644870057971576e-06,0.0006843446653347,0.0359783113671484,0.0192386731505393
noncovid_63_6,63%6.jpg,NonCOVID,0,train,/Users/samehissa/Downloads/COVID-CT-Dataset-master/Images-processed/CT_NonCOVID/63%6.jpg,0.3689888837543549,0.5524093372699996,0.3051560759030802,0.0076097836717963,2.496500253677368,1.733664495640323,2.5528228453163377,3.8580259904627847,56.487535646382725,0.3051560759030802,0.4290903298347075,0.0,2.496500253677368,0.6107082813978195,0.0,0.0076097836717963,0.6107082813978195,0.6679615837348197,1.4970893747513334,0.0584958027730189,5.565954963876729,0.6643108250189553,1.999989814482545e-06,0.0006944693492493,0.0488265485467979,0.0076097836717963
noncovid_63_7,63%7.jpg,NonCOVID,0,train,/Users/samehissa/Downloads/COVID-CT-Dataset-master/Images-processed/CT_NonCOVID/63%7.jpg,0.2761312732109218,0.413398003002398,0.1708979088863706,0.0,1.939469337463379,1.7201980828953918,2.749947615168733,3.840394513474045,31.63473778322629,0.1708979088863706,0.3270584990497127,0.0,1.939469337463379,0.4865641370415687,0.0,0.0,0.4865641370415687,0.6679534087055359,1.4971067861865308,0.0989511445193273,5.540518119461524,0.4971381990266443,1.910435892089401e-06,0.0004604778167592,0.0365395664064965,0.0
noncovid_64,64.jpg,NonCOVID,0,train,/Users/samehissa/Downloads/COVID-CT-Dataset-master/Images-processed/CT_NonCOVID/64.jpg,0.2540403230523225,0.3540167819010814,0.1253278818675978,0.0396053995937109,1.4848064184188845,1.442843233700685,1.3326139292376968,3.929593229193276,24.30263905332816,0.1253278818675978,0.2850775598708424,0.0,1.4848064184188845,0.3946987465023994,0.0,0.0396053995937109,0.3946987465023994,0.7175919856006151,1.3935456294793314,0.0922039158757388,5.669204664283322,0.43573428555041,2.098347407699464e-06,0.0007747250969327,0.0312909583920117,0.0396053995937109
noncovid_65_0,65%0.jpg,NonCOVID,0,train,/Users/samehissa/Downloads/COVID-CT-Dataset-master/Images-processed/CT_NonCOVID/65%0.jpg,0.1940147691202582,0.3293211000735091,0.1084523869536262,0.0,1.5329042673110962,2.2466040669460847,4.852665917192026,3.735023765717914,18.70004705157291,0.1084523869536262,0.2313090829550219,0.0,1.5329042673110962,0.2745745629072189,0.0,0.0,0.2745745629072189,0.5891337662335798,1.6974022213194628,-0.0159522744218934,5.38850026421899,0.3822226021448932,1.8285605041451264e-06,0.0003004513381128,0.0291081478812239,0.0
noncovid_65_1,65%1.jpg,NonCOVID,0,train,/Users/samehissa/Downloads/COVID-CT-Dataset-master/Images-processed/CT_NonCOVID/65%1.jpg,0.2600597445889434,0.3318356921100208,0.1101149265581365,0.087015688419342,1.6296967267990112,1.3294735355884946,1.431452354930042,4.042356798235188,22.751487656166788,0.1101149265581365,0.2715715003478749,0.0,1.6296967267990112,0.456436850130558,0.0,0.087015688419342,0.456436850130558,0.7836979778677409,1.2759979159193906,-0.1532502822275434,5.831888106133031,0.421599332677132,2.41506615997068e-06,0.001618320097041,0.0293304085163408,0.087015688419342
noncovid_65_2,65%2.jpg,NonCOVID,0,train,/Users/samehissa/Downloads/COVID-CT-Dataset-master/Images-processed/CT_NonCOVID/65%2.jpg,0.2610175744994194,0.3400291881808294,0.1156198488149139,0.0564338974654674,1.3041629791259766,1.0855154750186833,-0.0979830313196079,3.9850155722995786,23.52000294559665,0.1156198488149139,0.2859306000639208,0.0,1.3041629791259766,0.4759571179747581,0.0,0.0564338974654674,0.4759571179747581,0.7676305915538572,1.3027061064104162,-0.0495386846303982,5.749162203837233,0.4286607318293499,2.133320435162281e-06,0.0008865927721832,0.0300546180955026,0.0564338974654674
noncovid_65_3,65%3.jpg,NonCOVID,0,train,/Users/samehissa/Downloads/COVID-CT-Dataset-master/Images-processed/CT_NonCOVID/65%3.jpg,0.2564957295826389,0.3476842401209657,0.1208843308284933,0.0560386776924133,1.1781209707260132,1.2040616019062476,0.1487337541248816,3.9459896802041934,23.89432193569581,0.1208843308284933,0.2883651402023304,0.0,1.1781209707260132,0.4162090048193931,0.0,0.0560386776924133,0.4162090048193931,0.7377239525422465,1.3555166812590045,-0.096937601540317,5.692859742844957,0.4320583179648594,2.1330927084865817e-06,0.0008080063506236,0.0307312354876533,0.0560386776924133
noncovid_65_4,65%4.jpg,NonCOVID,0,train,/Users/samehissa/Downloads/COVID-CT-Dataset-master/Images-processed/CT_NonCOVID/65%4.jpg,0.207118865022494,0.3118877164046134,0.0972739476440845,0.0,1.3554021120071411,1.5104669504447434,1.550769696267884,3.80726731373316,17.9420380022132,0.0972739476440845,0.2524083662397061,0.0,1.3554021120071411,0.3448511362075805,0.0,0.0,0.3448511362075805,0.6640793787287854,1.5058392501848687,0.1953403353373695,5.492725672676811,0.3743957423533161,1.8550589588543748e-06,0.0003327669847982,0.0275672399048111,0.0
noncovid_66,66.jpg,NonCOVID,0,train,/Users/samehissa/Downloads/COVID-CT-Dataset-master/Images-processed/CT_NonCOVID/66.jpg,0.2071373034214048,0.3048581810898076,0.0929385105773859,0.0,1.2225701808929443,1.3366401259065943,0.6285831438390543,3.825347098271263,17.388079749897862,0.0929385105773859,0.2516839827620458,0.0,1.2225701808929443,0.4056180417537689,0.0,0.0,0.4056180417537689,0.6794524038309504,1.4717686097785934,-0.0331616773649,5.518809288170273,0.3685707164793169,1.910419059590578e-06,0.0003854382259004,0.0269459108935999,0.0
noncovid_67_0,67%0.jpg,NonCOVID,0,train,/Users/samehissa/Downloads/COVID-CT-Dataset-master/Images-processed/CT_NonCOVID/67%0.jpg,0.3060647281527053,0.4776191360256714,0.2281200390979088,0.0,2.723183870315552,2.112169754231348,5.414042317934189,3.8216342530031726,41.18984408538857,0.2281200390979088,0.3634339520849607,0.0,2.723183870315552,0.5337591916322708,0.0,0.0,0.5337591916322708,0.6408120283610799,1.5605167537873628,0.1550083602961907,5.5134527847144135,0.5672703561064144,1.9393810445113448e-06,0.0005260059387442,0.0422159662385265,0.0
noncovid_67_1,67%1.jpg,NonCOVID,0,train,/Users/samehissa/Downloads/COVID-CT-Dataset-master/Images-processed/CT_NonCOVID/67%1.jpg,0.3957713421259541,0.5668173638825316,0.3212819239987421,0.0318232420831918,2.218064069747925,1.5406384863334384,1.548710371644403,3.9051349068520618,61.17336054360591,0.3212819239987421,0.4482404511309141,0.0,2.218064069747925,0.6595009714365005,0.0,0.0318232420831918,0.6595009714365005,0.698233097839389,1.4321839495446391,0.1651158823871734,5.63391876393319,0.6913153254824611,2.031737000620746e-06,0.0008179450289106,0.0501000502119526,0.0318232420831918
noncovid_67_2,67%2.jpg,NonCOVID,0,train,/Users/samehissa/Downloads/COVID-CT-Dataset-master/Images-processed/CT_NonCOVID/67%2.jpg,0.376028614327879,0.5540865525568602,0.3070119077243462,0.0,2.3466715812683105,1.5642178465677583,1.7513199594048698,3.8487347600993536,57.39640659426445,0.3070119077243462,0.4371407798785185,0.0,2.3466715812683105,0.5579012036323547,0.0,0.0,0.5579012036323547,0.6786447603680668,1.4735223103891852,0.0850751596312054,5.55255055190765,0.6696338003100583,1.8550585199247656e-06,0.0004553017546283,0.048974794834654,0.0
noncovid_68,68.jpg,NonCOVID,0,train,/Users/samehissa/Downloads/COVID-CT-Dataset-master/Images-processed/CT_NonCOVID/68.jpg,0.2738757106053526,0.3766364060895643,0.1418549823920631,0.0618025995790958,1.7582852840423584,1.547627613816166,1.9863109447972145,3.95760082521707,27.7584495682112,0.1418549823920631,0.2971505561927188,0.0,1.7582852840423584,0.4597909301519394,0.0,0.0618025995790958,0.4597909301519394,0.7271601444181174,1.375209233623083,0.0722341144878679,5.709611084174073,0.4656853951453169,2.0983494646329824e-06,0.0008334751801952,0.0332902695984576,0.0618025995790958
noncovid_69_0,69%0.jpg,NonCOVID,0,train,/Users/samehissa/Downloads/COVID-CT-Dataset-master/Images-processed/CT_NonCOVID/69%0.jpg,0.2399271112299175,0.3713286731101397,0.1378849834737369,0.0,1.4658886194229126,1.7096096403702083,2.0270702432164587,3.8145420787666007,25.01760027863938,0.1378849834737369,0.282231487486797,0.0,1.4658886194229126,0.3586526736617088,0.0,0.0,0.3586526736617088,0.6461296486767784,1.547672837832414,-0.0164486491264565,5.503220940114187,0.4420972768258929,1.9104341870482648e-06,0.0004347012832312,0.0328211278506478,0.0
noncovid_69_1,69%1.jpg,NonCOVID,0,train,/Users/samehissa/Downloads/COVID-CT-Dataset-master/Images-processed/CT_NonCOVID/69%1.jpg,0.2953797492518788,0.4369277409577354,0.1909058508184299,0.0128339389339089,2.0124711990356445,1.6735863723455755,2.33601501428656,3.8702712795146086,35.60384602707619,0.1909058508184299,0.342119130111314,0.0,2.0124711990356445,0.4928917363286018,0.0,0.0128339389339089,0.4928917363286018,0.6760364369814968,1.479206824653218,0.0765244780515389,5.583621181666047,0.5274040643439646,2.03173245329259e-06,0.0006803641093574,0.0386193210649667,0.0128339389339089
noncovid_70_0,70%0.jpg,NonCOVID,0,train,/Users/samehissa/Downloads/COVID-CT-Dataset-master/Images-processed/CT_NonCOVID/70%0.jpg,0.2164277457159187,0.3325829721785932,0.1106114333831469,0.000909129390493,1.3932784795761108,1.6360135822166046,1.8304841249532275,3.810337893184584,20.153907519849128,0.1106114333831469,0.2611757483265364,0.0,1.3932784795761108,0.3662332221865654,0.0,0.000909129390493,0.3662332221865654,0.6507461688493511,1.536692862915732,-0.0679353750739177,5.497155582424036,0.3968027249135536,1.999965834875223e-06,0.0004999874607821,0.0293964593668325,0.000909129390493
noncovid_70_1,70%1.jpg,NonCOVID,0,train,/Users/samehissa/Downloads/COVID-CT-Dataset-master/Images-processed/CT_NonCOVID/70%1.jpg,0.200140518565604,0.2724743396194095,0.0742422657510333,0.0606158133596181,1.2049754858016968,1.48790591561693,1.6252404039330628,3.970101081119925,14.630207094111004,0.0742422657510333,0.2169448505484297,0.0,1.2049754858016968,0.3440225347876549,0.0,0.0606158133596181,0.3440225347876549,0.7345270909475993,1.3614151775573384,0.0255489004860654,5.727645141374964,0.3380806012221675,2.133315498568632e-06,0.0007738274882568,0.0240835566555263,0.0606158133596181
noncovid_71_0,71%0.jpg,NonCOVID,0,train,/Users/samehissa/Downloads/COVID-CT-Dataset-master/Images-processed/CT_NonCOVID/71%0.jpg,0.3690887746633962,0.4515175297595992,0.2038680796802105,0.208541490137577,1.862464189529419,1.1668817970671674,0.5791339149716248,4.076098830593836,43.53210921763044,0.2038680796802105,0.3713913594510813,0.0,1.862464189529419,0.63248710334301,0.0,0.208541490137577,0.63248710334301,0.8174388210820698,1.2233304309278354,0.0947638748235947,5.880567568886366,0.5831763054709422,2.285706493911269e-06,0.001634932096734,0.0399088883897014,0.208541490137577
noncovid_71_1,71%1.jpg,NonCOVID,0,train,/Users/samehissa/Downloads/COVID-CT-Dataset-master/Images-processed/CT_NonCOVID/71%1.jpg,0.3068072721798671,0.461171224183142,0.2126788980145778,0.0274414718151092,2.4050369262695312,1.841912669169584,3.4506613311322045,3.866810129218643,39.27162883545971,0.2126788980145778,0.3530415710720263,0.0,2.4050369262695312,0.52621890604496,0.0,0.0274414718151092,0.52621890604496,0.6652769965131876,1.5031300298279056,0.0857189968644322,5.578627797298286,0.5539039630450652,2.098344556731874e-06,0.0008131685250138,0.0407621624885001,0.0274414718151092
noncovid_72,72.jpg,NonCOVID,0,train,/Users/samehissa/Downloads/COVID-CT-Dataset-master/Images-processed/CT_NonCOVID/72.jpg,0.3329298686294351,0.5035849246883849,0.2535977763734063,0.0255717486143112,2.23221492767334,1.81202550742394,2.992679588011488,3.856075635650383,46.64832944627445,0.2535977763734063,0.3859569221813217,0.0,2.23221492767334,0.5053190514445305,0.0,0.0255717486143112,0.5053190514445305,0.6611182964167426,1.512585598767337,0.0919788250794812,5.563141196660903,0.6036887226038095,1.99999285480064e-06,0.000676332234484,0.0445110393938092,0.0255717486143112
noncovid_73,73.jpg,NonCOVID,0,train,/Users/samehissa/Downloads/COVID-CT-Dataset-master/Images-processed/CT_NonCOVID/73.jpg,0.3531958772800863,0.5125501029716834,0.2627076080562832,0.0326190190389752,2.517081022262573,1.6837051601228377,2.64478299930678,3.898993387283357,49.59423178034342,0.2627076080562832,0.4031862677002209,0.0,2.517081022262573,0.6103307604789734,0.0,0.0326190190389752,0.6103307604789734,0.6890939756686059,1.4511780457879702,0.051949180994191,5.625058424107897,0.6224587823976243,2.098349226373459e-06,0.0009015432211157,0.0453034566886425,0.0326190190389752
noncovid_74,74.jpg,NonCOVID,0,train,/Users/samehissa/Downloads/COVID-CT-Dataset-master/Images-processed/CT_NonCOVID/74.jpg,0.2207160934704006,0.2997083985880768,0.0898251241842295,0.0182965463027358,1.1064049005508425,1.2790224392962883,0.6422139186379217,3.941314650247888,17.733211916936213,0.0898251241842295,0.246584442149583,0.0,1.1064049005508425,0.3725007548928261,0.0,0.0182965463027358,0.3725007548928261,0.7364336737859689,1.3578910077450672,0.0743933708452141,5.686115100310984,0.372210583005191,2.06447901249971e-06,0.0006493781469126,0.0264907301275237,0.0182965463027358
noncovid_75_0,75%0.jpg,NonCOVID,0,train,/Users/samehissa/Downloads/COVID-CT-Dataset-master/Images-processed/CT_NonCOVID/75%0.jpg,0.4143474856537068,0.5138057324330593,0.2639963306810725,0.2116622850298881,2.0977370738983154,1.3134351261215182,1.1997073170955002,4.077537160666731,55.76706170222353,0.2639963306810725,0.4167399189495882,0.0,2.0977370738983154,0.7230576127767563,0.0,0.2116622850298881,0.7230576127767563,0.80642673499357,1.2400358400207,-0.0179140674242118,5.882642640549695,0.6600607317123337,2.37036102847791e-06,0.0020666123636169,0.0454144397019921,0.2116622850298881
noncovid_75_1,75%1.jpg,NonCOVID,0,train,/Users/samehissa/Downloads/COVID-CT-Dataset-master/Images-processed/CT_NonCOVID/75%1.jpg,0.2367599676690588,0.3351718070811696,0.1123401402620568,0.041980292648077,1.6358332633972168,1.6752576682371936,2.7116992650868568,3.933455458019773,21.554614086746955,0.1123401402620568,0.2623107690080815,0.0,1.6358332633972168,0.3771535828709602,0.0,0.041980292648077,0.3771535828709602,0.7063817907271998,1.4156608077834767,-0.0918625256621532,5.674776682658088,0.4103601132575029,2.1694634656343058e-06,0.0008688052332461,0.0296252822062055,0.041980292648077
noncovid_76_0,76%0.jpg,NonCOVID,0,train,/Users/samehissa/Downloads/COVID-CT-Dataset-master/Images-processed/CT_NonCOVID/76%0.jpg,0.3302715366298798,0.4809904326448764,0.2313517962959054,0.0,2.0121371746063232,1.4115472818151562,1.060747677306484,3.853413930622686,43.57517877808223,0.2313517962959054,0.3912385585031188,0.0,2.0121371746063232,0.565413773059845,0.0,0.0,0.565413773059845,0.6866474415433602,1.4563484263674238,0.044065741548488,5.559301168017134,0.5834647240440226,1.9104400605892364e-06,0.0005090358424218,0.0425139495761304,0.0
noncovid_76_1,76%1.jpg,NonCOVID,0,train,/Users/samehissa/Downloads/COVID-CT-Dataset-master/Images-processed/CT_NonCOVID/76%1.jpg,0.2802571164429537,0.41618134392329,0.1732069110297958,0.0,1.586340308189392,1.49423397868868,1.1898957085988835,3.8443492021778,32.224123180379536,0.1732069110297958,0.3303612135534877,0.0,1.586340308189392,0.4434328228235245,0.0,0.0,0.4434328228235245,0.6733998223014723,1.4849983087155745,-0.0220369309363271,5.546223529242692,0.5017479071672498,1.969218447645568e-06,0.0005490800099909,0.0367855813114361,0.0
noncovid_76_2,76%2.jpg,NonCOVID,0,train,/Users/samehissa/Downloads/COVID-CT-Dataset-master/Images-processed/CT_NonCOVID/76%2.jpg,0.233124444304849,0.3953300058294633,0.1562858135091235,0.0,2.0080368518829346,2.0576816241339,4.169520957449626,3.686603784472307,26.96100096532072,0.1562858135091235,0.2938730064236097,0.0,2.0080368518829346,0.3510886132717132,0.0,0.0,0.3510886132717132,0.5896943089898027,1.695789590011863,0.0964215483729519,5.31864499739602,0.4589475133842302,1.7066599994862814e-06,0.0002068953508792,0.0349425659910663,0.0
noncovid_77,77.jpg,NonCOVID,0,train,/Users/samehissa/Downloads/COVID-CT-Dataset-master/Images-processed/CT_NonCOVID/77.jpg,0.224749159257044,0.2912232703466721,0.0848109931914109,0.0561174545437097,1.1938903331756592,1.2120800080057428,0.5997903651881402,4.001901505110917,17.32136675560436,0.0848109931914109,0.2418559330114931,0.0,1.1938903331756592,0.393563412129879,0.0,0.0561174545437097,0.393563412129879,0.7717391101692989,1.295770232508866,-0.0271068600083723,5.773523455364933,0.3678629877796339,2.245579480175173e-06,0.0010220100529125,0.0257407436626818,0.0561174545437097
noncovid_78,78.jpg,NonCOVID,0,train,/Users/samehissa/Downloads/COVID-CT-Dataset-master/Images-processed/CT_NonCOVID/78.jpg,0.2532230143551714,0.3564927369512515,0.1270870714989942,0.0451933313161134,1.4983676671981812,1.5169137240141377,1.611236738711625,3.926604990380677,24.474747711758543,0.1270870714989942,0.2825144847292904,0.0,1.4983676671981812,0.4334994032979011,0.0,0.0451933313161134,0.4334994032979011,0.7103154645036535,1.4078212355976207,0.1378876263313929,5.664893546967396,0.4372744750132502,2.0645059642242383e-06,0.0007242878734867,0.0315098039677477,0.0451933313161134
noncovid_79,79.jpg,NonCOVID,0,train,/Users/samehissa/Downloads/COVID-CT-Dataset-master/Images-processed/CT_NonCOVID/79.jpg,0.306174983492383,0.4749948360356961,0.2256200942605778,0.0006032448727637,1.9352777004241943,1.7633130812691042,2.482405949170288,3.810868860035052,40.878491491473774,0.2256200942605778,0.3659560848608407,0.0,1.9352777004241943,0.498136967420578,0.0,0.0006032448727637,0.498136967420578,0.6445845631989369,1.5513835605302253,-0.0410522553528558,5.497921605666084,0.565122300725373,1.9999587860640112e-06,0.0005913384579059,0.0419840086986791,0.0006032448727637
noncovid_80_0,80%0.jpg,NonCOVID,0,train,/Users/samehissa/Downloads/COVID-CT-Dataset-master/Images-processed/CT_NonCOVID/80%0.jpg,0.3548827777776751,0.4972746127502989,0.2472820404859597,0.0645300708711147,2.221265316009521,1.6814349796069286,2.6361559298167574,3.950752055489196,47.77264978549228,0.2472820404859597,0.3904279564923172,0.0,2.221265316009521,0.6176852881908417,0.0,0.0645300708711147,0.6176852881908417,0.7136540957939059,1.401236250077564,0.1472756020963548,5.699730398051478,0.610920474733953,2.285683644158743e-06,0.0013766517362874,0.0439532813484563,0.0645300708711147
noncovid_80_1,80%1.jpg,NonCOVID,0,train,/Users/samehissa/Downloads/COVID-CT-Dataset-master/Images-processed/CT_NonCOVID/80%1.jpg,0.2730245281709358,0.3923343825596831,0.1539262677384878,0.0629554744809866,1.741909146308899,1.5941678919626197,1.8914015792384784,3.9109811826249863,29.24398857234559,0.1539262677384878,0.3082505211150419,0.0,1.741909146308899,0.4039098471403122,0.0,0.0629554744809866,0.4039098471403122,0.6958957573228883,1.436993171229105,0.1037166500272162,5.642353156998459,0.4779839544602411,2.0645073078852814e-06,0.0007510931126747,0.0346777878000736,0.0629554744809866
noncovid_81_0,81%0.jpg,NonCOVID,0,train,/Users/samehissa/Downloads/COVID-CT-Dataset-master/Images-processed/CT_NonCOVID/81%0.jpg,0.2737432898647967,0.3769973427348909,0.1421269964291688,0.0225009247660636,1.5692962408065796,1.3879148458105677,1.1891440358152965,3.933315358974576,27.783985302421883,0.1421269964291688,0.3070524129780096,0.0,1.5692962408065796,0.473864272236824,0.0,0.0225009247660636,0.473864272236824,0.7261127141274882,1.3771930004972617,-0.1066087342535941,5.674574562460348,0.4658995440813083,2.0645015213408624e-06,0.0007354942392693,0.0333221721921438,0.0225009247660636
noncovid_81_1,81%1.jpg,NonCOVID,0,train,/Users/samehissa/Downloads/COVID-CT-Dataset-master/Images-processed/CT_NonCOVID/81%1.jpg,0.303821623643671,0.4754255771793383,0.226029479436307,0.0,1.9504103660583496,1.6010449069377195,1.6288726213670597,3.768779094068421,40.74714347901229,0.226029479436307,0.3745217181615317,0.0,1.9504103660583496,0.4588745608925819,0.0,0.0,0.4588745608925819,0.6390505668534908,1.5648181043786678,0.1107346343273079,5.437198909033847,0.5642136638098935,1.85505435877704e-06,0.0003831777659107,0.0420220811966298,0.0
noncovid_81_2,81%2.jpg,NonCOVID,0,train,/Users/samehissa/Downloads/COVID-CT-Dataset-master/Images-processed/CT_NonCOVID/81%2.jpg,0.2898955241398653,0.4269202837633852,0.1822609286886093,0.0121566792950034,2.0290231704711914,1.7986936482031797,3.163919192202333,3.888600890516005,34.08644398143188,0.1822609286886093,0.3251838018047692,0.0,2.0290231704711914,0.439191572368145,0.0,0.0121566792950034,0.439191572368145,0.6790374131371151,1.4726694557636903,0.1520860797457713,5.610065220559184,0.5160429668205319,2.031733734955911e-06,0.000690941175743,0.0377347784593968,0.0121566792950034
noncovid_81_3,81%3.jpg,NonCOVID,0,train,/Users/samehissa/Downloads/COVID-CT-Dataset-master/Images-processed/CT_NonCOVID/81%3.jpg,0.2695010643801652,0.4078570589939897,0.1663473805712268,0.0,1.5794950723648071,1.5076991737733347,1.265418207696266,3.8066259030832494,30.5892101469784,0.1663473805712268,0.3262208216065119,0.0,1.5794950723648071,0.4653551205992698,0.0,0.0,0.4653551205992698,0.6607717033835456,1.5133782863976224,0.0996982211558044,5.491800312713014,0.4888539702950859,1.8028121795591317e-06,0.0003293912610308,0.0360498115211814,0.0
noncovid_82_0,82%0.jpg,NonCOVID,0,train,/Users/samehissa/Downloads/COVID-CT-Dataset-master/Images-processed/CT_NonCOVID/82%0.jpg,0.3135650099793565,0.4184549418495276,0.1751045383582915,0.074981041252613,1.6567726135253906,1.3325067826246737,1.0030830661664938,3.971598068238428,34.99872689173063,0.1751045383582915,0.3402499894417587,0.0,1.6567726135253906,0.5122719705104828,0.0,0.074981041252613,0.5122719705104828,0.7493381706887347,1.3345077688262363,0.0500142577346873,5.729804837267103,0.5229030061508975,2.0645062755786343e-06,0.0008262353321252,0.0369865408753529,0.074981041252613
noncovid_82_1,82%1.jpg,NonCOVID,0,train,/Users/samehissa/Downloads/COVID-CT-Dataset-master/Images-processed/CT_NonCOVID/82%1.jpg,0.3638291755924001,0.5441877616075683,0.2961403198834555,0.0,2.025678873062134,1.404444100060662,0.7448260458745466,3.812297049352166,54.84953457864973,0.2961403198834555,0.4369508326308278,0.0,2.025678873062134,0.4849855378270149,0.0,0.0,0.4849855378270149,0.6685716450990746,1.4957232627688577,0.0642501247233144,5.499982047311336,0.654608271331566,1.7777749135394466e-06,0.0003482519455531,0.0480998570589299,0.0
noncovid_82_2,82%2.jpg,NonCOVID,0,train,/Users/samehissa/Downloads/COVID-CT-Dataset-master/Images-processed/CT_NonCOVID/82%2.jpg,0.2621043112594634,0.3555390444393292,0.1264080121208313,0.0911170430481433,1.6219050884246826,1.5523718116082534,2.0300182642789304,3.988706631044399,24.97365530900851,0.1264080121208313,0.280812658231298,0.0,1.6219050884246826,0.4379392564296722,0.0,0.0911170430481433,0.4379392564296722,0.7372005358012211,1.356479192314286,0.0597912468770573,5.7544872759840136,0.4417088204933528,2.3272380492400515e-06,0.0013258926171144,0.0314255086624543,0.0911170430481433
noncovid_82_3,82%3.jpg,NonCOVID,0,train,/Users/samehissa/Downloads/COVID-CT-Dataset-master/Images-processed/CT_NonCOVID/82%3.jpg,0.2498971003660699,0.393309061221307,0.1546920176387858,0.0,1.680495262145996,1.653820726625778,2.0052612294804897,3.754055798582408,27.7939940364999,0.1546920176387858,0.311491653579651,0.0,1.680495262145996,0.4301031082868576,0.0,0.0,0.4301031082868576,0.6353692036000531,1.573884053256942,0.040950742233949,5.415957683650634,0.465983452935998,1.753416695658207e-06,0.0002561664830229,0.0347639380364626,0.0
noncovid_83_0,83%0.jpg,NonCOVID,0,train,/Users/samehissa/Downloads/COVID-CT-Dataset-master/Images-processed/CT_NonCOVID/83%0.jpg,0.1573583621466241,0.2361885127261241,0.0557850135437785,0.0,0.988987386226654,1.450157223457445,1.1058716000112945,3.81049058212213,10.309973463199569,0.0557850135437785,0.1924455005602112,0.0,0.988987386226654,0.2758063077926636,0.0,0.0,0.2758063077926636,0.6662377187300884,1.500959399323483,-0.0961953689980563,5.497375865997033,0.2838074482483619,1.8823308715858449e-06,0.000315265067728,0.0208763123733759,0.0
noncovid_83_1,83%1.jpg,NonCOVID,0,train,/Users/samehissa/Downloads/COVID-CT-Dataset-master/Images-processed/CT_NonCOVID/83%1.jpg,0.2253139066087897,0.3435472130488837,0.118024687593655,0.0019754651002585,1.3568477630615234,1.647875497946442,1.8896118340183428,3.825671631815319,21.605253645436093,0.118024687593655,0.2696227595981781,0.0,1.3568477630615234,0.3553989753127098,0.0,0.0019754651002585,0.3553989753127098,0.6558436284945242,1.5247492630154489,0.0177028594516327,5.519277491104884,0.4108418723851909,1.9999779714825845e-06,0.000524455765183,0.0303655705005756,0.0019754651002585
noncovid_83_2,83%2.jpg,NonCOVID,0,train,/Users/samehissa/Downloads/COVID-CT-Dataset-master/Images-processed/CT_NonCOVID/83%2.jpg,0.258774387606536,0.392031243253248,0.1536884956866873,0.0093747610226273,1.905372977256775,1.79093543988281,2.899698524561812,3.849331108105764,28.24354295908161,0.1536884956866873,0.2994666103923009,0.0,1.905372977256775,0.4297636449337005,0.0,0.0093747610226273,0.4297636449337005,0.660084449837895,1.5149538054335103,0.0632740276037328,5.5534109002191405,0.4697368192592795,1.9999888420805337e-06,0.0005861358203288,0.0346509938176705,0.0093747610226273
noncovid_83_3,83%3.jpg,NonCOVID,0,train,/Users/samehissa/Downloads/COVID-CT-Dataset-master/Images-processed/CT_NonCOVID/83%3.jpg,0.2941107715887483,0.4051222676448639,0.1641240517417167,0.0408202558755874,1.7285654544830322,1.4350681546165456,1.402458595431682,3.948253059210177,32.08002530639944,0.1641240517417167,0.3265639894502783,0.0,1.7285654544830322,0.5156439989805222,0.0,0.0408202558755874,0.5156439989805222,0.7259784739062913,1.3774479100389485,0.0388697979514793,5.696125108512538,0.5006248073220559,2.2455935034026235e-06,0.0011474857835161,0.0358080878326693,0.0408202558755874
noncovid_84_0,84%0.jpg,NonCOVID,0,train,/Users/samehissa/Downloads/COVID-CT-Dataset-master/Images-processed/CT_NonCOVID/84%0.jpg,0.3323743400542298,0.4647563068618642,0.2159984247678792,0.0049911206588149,1.7777087688446045,1.403173261423015,1.1059680420539575,3.915351598935317,41.7883042168786,0.2159984247678792,0.3770319788552569,0.0,1.7777087688446045,0.5714458376169205,0.0,0.0049911206588149,0.5714458376169205,0.7151567821461248,1.398291777837107,-0.0156127727603548,5.648658334935991,0.5713765192010992,1.9999906875848632e-06,0.0006883999389475,0.041079042022655,0.0049911206588149
noncovid_84_1,84%1.jpg,NonCOVID,0,train,/Users/samehissa/Downloads/COVID-CT-Dataset-master/Images-processed/CT_NonCOVID/84%1.jpg,0.2745387665781891,0.3785752288139757,0.1433192038715541,0.0225762352347373,1.5700697898864746,1.3797065220306666,1.0923714673124154,3.935557506425286,27.99241449290592,0.1433192038715541,0.3071084437644913,0.0,1.5700697898864746,0.4910719841718673,0.0,0.0225762352347373,0.4910719841718673,0.7251875466092499,1.378949987764868,-0.0185358000934243,5.67780929746843,0.4676438155539187,2.064503642098761e-06,0.00074591911729,0.0334616389354513,0.0225762352347373
noncovid_84_2,84%2.jpg,NonCOVID,0,train,/Users/samehissa/Downloads/COVID-CT-Dataset-master/Images-processed/CT_NonCOVID/84%2.jpg,0.2244670257496182,0.3501993099407207,0.1226395566829569,0.0,1.6147316694259644,1.6614337738690037,2.017489279751062,3.7817894308234257,22.1472002984751,0.1226395566829569,0.2743160186473687,0.0,1.6147316694259644,0.3688453435897827,0.0,0.0,0.3688453435897827,0.6409675245222208,1.5601369901490592,-0.0460491450453806,5.455968857350587,0.4159627415188008,1.828563820559348e-06,0.0003225805252207,0.0309535383532416,0.0
noncovid_84_3,84%3.jpg,NonCOVID,0,train,/Users/samehissa/Downloads/COVID-CT-Dataset-master/Images-processed/CT_NonCOVID/84%3.jpg,0.3204639378236606,0.4308863315682696,0.1856630307323608,0.1297404430806636,2.15527606010437,1.7584846016128504,3.6321255491381033,4.001717289468924,36.91010127075941,0.1856630307323608,0.3343077791305404,0.0,2.15527606010437,0.5387015044689178,0.0,0.1297404430806636,0.5387015044689178,0.7437302383834101,1.3445704202928763,-0.0033814623422993,5.7732576883717766,0.5369917747766794,2.169482407885733e-06,0.0011128259254939,0.0380853308715648,0.1297404430806636
noncovid_85_0,85%0.jpg,NonCOVID,0,train,/Users/samehissa/Downloads/COVID-CT-Dataset-master/Images-processed/CT_NonCOVID/85%0.jpg,0.2075307732593501,0.2967895393234379,0.0880840306518185,0.0,1.311536192893982,1.5303518116972863,1.7692226020376056,3.894169042470288,16.78759072018461,0.0880840306518185,0.2355300694953257,0.0,1.311536192893982,0.355236291885376,0.0,0.0,0.355236291885376,0.6992499617152087,1.4300989422544177,-0.0731675792303828,5.618098365770544,0.3621505936781579,1.939384260488052e-06,0.0004631153145011,0.0262327369801043,0.0
noncovid_85_1,85%1.jpg,NonCOVID,0,train,/Users/samehissa/Downloads/COVID-CT-Dataset-master/Images-processed/CT_NonCOVID/85%1.jpg,0.1702877593488665,0.2749077715516974,0.0755742828595202,0.0,1.078182816505432,1.58427962781344,1.4637059089395494,3.698135570670551,13.38524209197795,0.0755742828595202,0.2180148720540273,0.0,1.078182816505432,0.2754963412880897,0.0,0.0,0.2754963412880897,0.6194337066354516,1.6143718879317517,0.0552244106385238,5.335281848156816,0.3233762573900219,1.6623214652133767e-06,0.0001507056901459,0.0242986436831359,0.0
noncovid_86,86.jpg,NonCOVID,0,train,/Users/samehissa/Downloads/COVID-CT-Dataset-master/Images-processed/CT_NonCOVID/86.jpg,0.2854893532112328,0.3750158668072609,0.1406369003572013,0.0341602051630616,1.6062809228897097,1.1258637462142354,0.2548934680533339,3.96744777897972,28.43405710773368,0.1406369003572013,0.3181238773863697,0.0,1.6062809228897097,0.5411951541900635,0.0,0.0341602051630616,0.5411951541900635,0.7612707013467728,1.3135896753732448,0.2130308952317855,5.723817235535312,0.4713184392257207,2.1332769646705425e-06,0.000870142345465,0.0331470328089956,0.0341602051630616
noncovid_88,88.jpg,NonCOVID,0,train,/Users/samehissa/Downloads/COVID-CT-Dataset-master/Images-processed/CT_NonCOVID/88.jpg,0.2288272715231869,0.3256764468560577,0.1060651480367865,0.0630141776055097,1.4944401979446411,1.5548482619620958,1.6953767342051345,3.932235945137658,20.278664733380204,0.1060651480367865,0.2580075545110958,0.0,1.4944401979446411,0.375696487724781,0.0,0.0630141776055097,0.375696487724781,0.7026193361934688,1.4232414025137603,0.0158679196091938,5.673017297470761,0.3980289791328426,2.2455964596842435e-06,0.0010308843180164,0.0287860030055823,0.0630141776055097
noncovid_89_2,89%2.jpg,NonCOVID,0,train,/Users/samehissa/Downloads/COVID-CT-Dataset-master/Images-processed/CT_NonCOVID/89%2.jpg,0.2732175625715172,0.3802646115413808,0.1446011747907173,0.0205410663038492,1.9367159605026243,1.578205227823876,2.685653862636068,3.924796142126055,28.063873444894494,0.1446011747907173,0.3096443000358704,0.0,1.9367159605026243,0.5131461322307587,0.0,0.0205410663038492,0.5131461322307587,0.7184913762358062,1.3918014931483151,-0.0556256325628011,5.662283930560732,0.4682403349651098,2.031733472512661e-06,0.0006727065960549,0.0336109606832723,0.0205410663038492
noncovid_89_3,89%3.jpg,NonCOVID,0,train,/Users/samehissa/Downloads/COVID-CT-Dataset-master/Images-processed/CT_NonCOVID/89%3.jpg,0.3761034203489544,0.4789765246620732,0.2294185111773576,0.1390403136610984,1.9858909845352173,1.256805187871842,0.7858065073259586,4.036441229192093,47.47165362886912,0.2294185111773576,0.3928296402314117,0.0,1.9858909845352173,0.6277830898761749,0.0,0.1390403136610984,0.6277830898761749,0.7852214372987579,1.273523447932677,0.1202236638628882,5.82335374401052,0.6089928521547194,2.285703789589645e-06,0.0015812459685224,0.0423359435772147,0.1390403136610984
noncovid_90,90.jpg,NonCOVID,0,train,/Users/samehissa/Downloads/COVID-CT-Dataset-master/Images-processed/CT_NonCOVID/90.jpg,0.383889119279047,0.5515913665584639,0.3042530356618336,0.0554071832448244,2.738508939743042,1.623054153234609,2.414639644316205,3.904478146696241,57.80785812002253,0.3042530356618336,0.4415663963513907,0.0,2.738508939743042,0.7556660622358322,0.0,0.0554071832448244,0.7556660622358322,0.6959652499802282,1.4368507437625888,0.0344288880508459,5.632971259313335,0.6720296805667708,2.0983448063203665e-06,0.000933268030566,0.0487542494671805,0.0554071832448244
noncovid_91_0,91%0.jpg,NonCOVID,0,train,/Users/samehissa/Downloads/COVID-CT-Dataset-master/Images-processed/CT_NonCOVID/91%0.jpg,0.2781631135731004,0.4305791135432336,0.1853983730196768,0.0,2.5509819984436035,2.1532867742852724,5.9933188649012745,3.832148500358825,33.63495561886187,0.1853983730196768,0.323808990154248,0.0,2.5509819984436035,0.4520173743367195,0.0,0.0,0.4520173743367195,0.6460194161873913,1.5479374961413737,-0.0344225276883806,5.528621637233092,0.5126139783232198,1.939378805387828e-06,0.0005014986566689,0.0380581763779641,0.0
noncovid_91_1,91%1.jpg,NonCOVID,0,train,/Users/samehissa/Downloads/COVID-CT-Dataset-master/Images-processed/CT_NonCOVID/91%1.jpg,0.2590846408857032,0.4663226390291514,0.2174568036711122,0.0,2.2739479541778564,2.01076225893697,3.585984861906096,3.576341343256156,36.42645181619021,0.2174568036711122,0.3490995672509598,0.0,2.2739479541778564,0.2985005304217338,0.0,0.0,0.2985005304217338,0.5555897647073967,1.7998853094301042,-0.0905111099924096,5.1595699202571685,0.5334619525458081,1.6202483454229827e-06,0.000143919488117,0.0412174875347899,0.0
covid_2020_01_24_919183_p27_132_aug_0000,2020.01.24.919183-p27-132_aug_0000.png,COVID,1,train,/Users/samehissa/Downloads/SS-VIRULEX-outputs/02_SVIS-RULEX/covid_ct_run/exact_sequence/outputs/augmented_train_images/COVID/2020.01.24.919183-p27-132_aug_0000.png,0.2679464343746076,0.3825117040280886,0.146315203718472,0.0030304896645247,1.55129075050354,1.4899231439449472,1.4123493545062171,3.8966557045891146,27.91814341280486,0.146315203718472,0.3043536306611258,0.0,1.55129075050354,0.4462810605764389,0.0,0.0030304896645247,0.4462810605764389,0.7004902884347911,1.427567808173595,0.0325754587588378,5.621685860877742,0.4670230137932583,1.9999833823043355e-06,0.0006026058497628,0.0338095774751853,0.0030304896645247
covid_2020_01_24_919183_p27_133_aug_0001,2020.01.24.919183-p27-133_aug_0001.png,COVID,1,train,/Users/samehissa/Downloads/SS-VIRULEX-outputs/02_SVIS-RULEX/covid_ct_run/exact_sequence/outputs/augmented_train_images/COVID/2020.01.24.919183-p27-133_aug_0001.png,0.2244751275284215,0.3157057145147171,0.099670098177248,0.0,1.135504126548767,1.3560577534579572,0.8167859810044322,3.891573039674229,19.2075751751871,0.099670098177248,0.2573977102001663,0.0,1.135504126548767,0.3757397830486297,0.0,0.0,0.3757397830486297,0.7110242424633555,1.4064173522954988,0.1030374770626303,5.614353125410538,0.3873747295012275,1.8550660569517645e-06,0.0003760530159403,0.0279047064490875,0.0
covid_2020_01_24_919183_p27_134_aug_0002,2020.01.24.919183-p27-134_aug_0002.png,COVID,1,train,/Users/samehissa/Downloads/SS-VIRULEX-outputs/02_SVIS-RULEX/covid_ct_run/exact_sequence/outputs/augmented_train_images/COVID/2020.01.24.919183-p27-134_aug_0002.png,0.2201199650080525,0.3021936150726394,0.0913209809906705,0.0347348162904381,1.15752112865448,1.2412920953209658,0.3744904276129217,3.9303788177855687,17.89104383818455,0.0913209809906705,0.2519619758721774,0.0,1.15752112865448,0.3991656452417373,0.0,0.0347348162904381,0.3991656452417373,0.7284046572277327,1.3728587275651458,0.0969925541035478,5.670338029049603,0.3738633172508595,2.0983440542088544e-06,0.0007137114113732,0.0267103943061425,0.0347348162904381
covid_2020_01_24_919183_p27_135_aug_0003,2020.01.24.919183-p27-135_aug_0003.png,COVID,1,train,/Users/samehissa/Downloads/SS-VIRULEX-outputs/02_SVIS-RULEX/covid_ct_run/exact_sequence/outputs/augmented_train_images/COVID/2020.01.24.919183-p27-135_aug_0003.png,0.3313572616971214,0.4495434396252232,0.2020893041100767,0.0945055857300758,1.6799497604370115,1.35240260255706,0.875812162218347,3.96445402287138,39.9215281906549,0.2020893041100767,0.3646786206193155,0.0,1.6799497604370115,0.5524279177188873,0.0,0.0945055857300758,0.5524279177188873,0.7370956739524301,1.3566729677894622,0.0693234081329152,5.719498158444177,0.5584683867413548,2.206876222726682e-06,0.0011578228648578,0.039734401824615,0.0945055857300758
covid_2020_02_10_20021584_p6_52_0_aug_0004,2020.02.10.20021584-p6-52%0_aug_0004.png,COVID,1,train,/Users/samehissa/Downloads/SS-VIRULEX-outputs/02_SVIS-RULEX/covid_ct_run/exact_sequence/outputs/augmented_train_images/COVID/2020.02.10.20021584-p6-52%0_aug_0004.png,0.2392762113304343,0.3776657510781534,0.1426314195374257,0.0,1.65390145778656,1.6749227613954367,2.0857445794807514,3.758100642378616,25.585219180297265,0.1426314195374257,0.296023205921756,0.0,1.65390145778656,0.3815964758396148,0.0,0.0,0.3815964758396148,0.6335644073706639,1.5783673144030466,0.0854204366096008,5.421793159736593,0.447084471712083,1.777771400604163e-06,0.0002767891801409,0.0333812517011591,0.0
covid_2020_02_10_20021584_p6_52_1_aug_0005,2020.02.10.20021584-p6-52%1_aug_0005.png,COVID,1,train,/Users/samehissa/Downloads/SS-VIRULEX-outputs/02_SVIS-RULEX/covid_ct_run/exact_sequence/outputs/augmented_train_images/COVID/2020.02.10.20021584-p6-52%1_aug_0005.png,0.2036009909934364,0.2891586604240164,0.0836127308982116,0.0,1.0934540033340454,1.3568327193143266,0.7362669903833798,3.8895370235827578,16.008460087260293,0.0836127308982116,0.2340150236459521,0.0,1.0934540033340454,0.3618774265050888,0.0,0.0,0.3618774265050888,0.7041127060907496,1.420222264209599,-0.0318538437705179,5.611415775092201,0.3536468498823664,1.969218342727949e-06,0.0004884324231528,0.02555825620308,0.0
covid_2020_02_10_20021584_p6_52_10_aug_0006,2020.02.10.20021584-p6-52%10_aug_0006.png,COVID,1,train,/Users/samehissa/Downloads/SS-VIRULEX-outputs/02_SVIS-RULEX/covid_ct_run/exact_sequence/outputs/augmented_train_images/COVID/2020.02.10.20021584-p6-52%10_aug_0006.png,0.368206967414153,0.5579253592585409,0.3112807065037719,0.0116628028918057,2.226731061935425,1.5749353025100814,1.3339463481434608,3.840358612026762,57.19770590158068,0.3112807065037719,0.4318292819191924,0.0,2.226731061935425,0.5327230095863342,0.0,0.0116628028918057,0.5327230095863342,0.6599562134032949,1.5152493261513864,0.0653432735857602,5.54046632462157,0.6684736923440586,2.0317335960565846e-06,0.0007498935051675,0.0493141006159568,0.0116628028918057
covid_2020_02_10_20021584_p6_52_11_aug_0007,2020.02.10.20021584-p6-52%11_aug_0007.png,COVID,1,train,/Users/samehissa/Downloads/SS-VIRULEX-outputs/02_SVIS-RULEX/covid_ct_run/exact_sequence/outputs/augmented_train_images/COVID/2020.02.10.20021584-p6-52%11_aug_0007.png,0.2575864886021008,0.3771538005742359,0.1422449892875905,0.0,1.7249014377593994,1.50876645377218,1.6955347248398542,3.849696776918512,26.7002609149377,0.1422449892875905,0.3059980399439155,0.0,1.7249014377593994,0.4732465520501137,0.0,0.0,0.4732465520501137,0.6829728488406176,1.4641831666754583,0.0920426709684606,5.553938448801898,0.456722879214465,1.939373753206637e-06,0.0004739029056489,0.0333360012420401,0.0
covid_2020_02_10_20021584_p6_52_12_aug_0008,2020.02.10.20021584-p6-52%12_aug_0008.png,COVID,1,train,/Users/samehissa/Downloads/SS-VIRULEX-outputs/02_SVIS-RULEX/covid_ct_run/exact_sequence/outputs/augmented_train_images/COVID/2020.02.10.20021584-p6-52%12_aug_0008.png,0.2554120942077134,0.3933540088009528,0.15472737623978,0.0,1.8462985754013064,1.6352381321991645,2.0253958342001037,3.7908340582861815,28.15522740574079,0.15472737623978,0.3087600863646003,0.0,1.8462985754013064,0.4200924783945083,0.0,0.0,0.4200924783945083,0.6493169998934936,1.5400758919468331,0.0031649668487259,5.469017496537793,0.4690018274029963,1.8285535808034064e-06,0.0003341515517921,0.0347679108787583,0.0
covid_2020_02_10_20021584_p6_52_13_aug_0009,2020.02.10.20021584-p6-52%13_aug_0009.png,COVID,1,train,/Users/samehissa/Downloads/SS-VIRULEX-outputs/02_SVIS-RULEX/covid_ct_run/exact_sequence/outputs/augmented_train_images/COVID/2020.02.10.20021584-p6-52%13_aug_0009.png,0.2576661650309688,0.3680342508892388,0.1354492098276031,0.0171133992262184,1.438162088394165,1.4390414485097371,1.1140828405343974,3.894747721784026,25.83565599095931,0.1354492098276031,0.2940789016854523,0.0,1.438162088394165,0.3826975747942924,0.0,0.0171133992262184,0.3826975747942924,0.7001127321592197,1.4283375189948002,-0.0320031988348205,5.618933223546739,0.4492672505640374,2.031731859963982e-06,0.0006430469297685,0.0325299393140864,0.0171133992262184
covid_2020_02_10_20021584_p6_52_14_aug_0010,2020.02.10.20021584-p6-52%14_aug_0010.png,COVID,1,train,/Users/samehissa/Downloads/SS-VIRULEX-outputs/02_SVIS-RULEX/covid_ct_run/exact_sequence/outputs/augmented_train_images/COVID/2020.02.10.20021584-p6-52%14_aug_0010.png,0.2358064736181404,0.3177444232209389,0.1009615184880071,0.0245218481868505,1.2370635271072388,1.2625367500089142,0.509205284075775,3.9539797337173623,20.040475070493432,0.1009615184880071,0.2598112876803498,0.0,1.2370635271072388,0.3857885673642158,0.0,0.0245218481868505,0.3857885673642158,0.7421239029277108,1.347479644411658,-0.060266820917953,5.704386953424841,0.3956844847706692,2.031736068026544e-06,0.0006517370020893,0.0280849045429667,0.0245218481868505
covid_2020_02_10_20021584_p6_52_15_aug_0011,2020.02.10.20021584-p6-52%15_aug_0011.png,COVID,1,train,/Users/samehissa/Downloads/SS-VIRULEX-outputs/02_SVIS-RULEX/covid_ct_run/exact_sequence/outputs/augmented_train_images/COVID/2020.02.10.20021584-p6-52%15_aug_0011.png,0.2320261487584503,0.3418128938490838,0.116836054401485,0.0,1.3413753509521484,1.2517419758681994,0.3059535957570478,3.80184283581044,21.84604007797294,0.116836054401485,0.2888913264576445,0.0,1.3413753509521484,0.435590036213398,0.0,0.0,0.435590036213398,0.6788084186563038,1.4731653982884771,0.0771422808938021,5.484899805278291,0.4131249061835459,1.802795865314559e-06,0.0002883174993412,0.0302122768922105,0.0
covid_2020_02_10_20021584_p6_52_2_aug_0012,2020.02.10.20021584-p6-52%2_aug_0012.png,COVID,1,train,/Users/samehissa/Downloads/SS-VIRULEX-outputs/02_SVIS-RULEX/covid_ct_run/exact_sequence/outputs/augmented_train_images/COVID/2020.02.10.20021584-p6-52%2_aug_0012.png,0.2404342366644414,0.3488246324891685,0.1216786242312035,0.0042422944679856,1.84175443649292,1.6433288685015632,2.7761422693743683,3.880351824025497,22.97436753812687,0.1216786242312035,0.278913071613033,0.0,1.84175443649292,0.4065560549497604,0.0,0.0042422944679856,0.4065560549497604,0.6892676864046314,1.45081098818718,0.1105280916786353,5.598164333241367,0.4236593518283482,1.999985619933038e-06,0.0005664233723991,0.0308320328847495,0.0042422944679856
covid_2020_02_10_20021584_p6_52_3_aug_0013,2020.02.10.20021584-p6-52%3_aug_0013.png,COVID,1,train,/Users/samehissa/Downloads/SS-VIRULEX-outputs/02_SVIS-RULEX/covid_ct_run/exact_sequence/outputs/augmented_train_images/COVID/2020.02.10.20021584-p6-52%3_aug_0013.png,0.249898765803664,0.3429042736008983,0.1175833408537597,0.0070539182052016,1.3169944286346436,1.1872075720769728,0.1339613402551429,3.918276381801654,23.04418995250614,0.1175833408537597,0.2855074531798891,0.0,1.3169944286346436,0.4082270264625549,0.0,0.0070539182052016,0.4082270264625549,0.7287690946815737,1.372172737620902,0.1165656064682778,5.652877904672932,0.4243026443518284,1.999989063477184e-06,0.0005943438247304,0.0303087421451303,0.0070539182052016
covid_2020_02_10_20021584_p6_52_4_aug_0014,2020.02.10.20021584-p6-52%4_aug_0014.png,COVID,1,train,/Users/samehissa/Downloads/SS-VIRULEX-outputs/02_SVIS-RULEX/covid_ct_run/exact_sequence/outputs/augmented_train_images/COVID/2020.02.10.20021584-p6-52%4_aug_0014.png,0.2660396313312958,0.4307746065233515,0.1855667616253483,0.0,2.5242903232574463,2.16856882277527,5.778538103078928,3.7723832479090618,32.81201242422274,0.1855667616253483,0.3255662484140771,0.0,2.5242903232574463,0.4200625568628311,0.0,0.0,0.4200625568628311,0.6175828605487074,1.61921216161555,0.0626875891376027,5.442398603906341,0.5063041053203501,1.939367803912141e-06,0.0004623911661403,0.0380754556794535,0.0
covid_2020_02_10_20021584_p6_52_5_aug_0015,2020.02.10.20021584-p6-52%5_aug_0015.png,COVID,1,train,/Users/samehissa/Downloads/SS-VIRULEX-outputs/02_SVIS-RULEX/covid_ct_run/exact_sequence/outputs/augmented_train_images/COVID/2020.02.10.20021584-p6-52%5_aug_0015.png,0.2922776305131265,0.4020493298529204,0.1616436636351824,0.0059623639099299,2.131232500076294,1.5849708098910498,2.903485947344145,3.940202389634676,31.62494424749442,0.1616436636351824,0.3266403440971999,0.0,2.131232500076294,0.5385900288820267,0.0,0.0059623639099299,0.5385900288820267,0.72696776699586,1.375573385986048,-0.0392461360436431,5.684510447440127,0.4970612406268971,1.9999907491931253e-06,0.0006588234450234,0.0355364759388133,0.0059623639099299
covid_2020_02_10_20021584_p6_52_6_aug_0016,2020.02.10.20021584-p6-52%6_aug_0016.png,COVID,1,train,/Users/samehissa/Downloads/SS-VIRULEX-outputs/02_SVIS-RULEX/covid_ct_run/exact_sequence/outputs/augmented_train_images/COVID/2020.02.10.20021584-p6-52%6_aug_0016.png,0.306243410850584,0.4462413611294574,0.1991313523826708,0.0104241869412362,2.2012174129486084,1.64741628685941,2.5328679523135937,3.8784897242663066,37.49329652122502,0.1991313523826708,0.3571894979045282,0.0,2.2012174129486084,0.5907883644104004,0.0,0.0104241869412362,0.5907883644104004,0.6862714917415497,1.4571459999417855,-0.0588013646168338,5.59547789115314,0.5412174970121258,2.0644961015496063e-06,0.0007336324603603,0.0394425365625692,0.0104241869412362
covid_2020_02_10_20021584_p6_52_7_aug_0017,2020.02.10.20021584-p6-52%7_aug_0017.png,COVID,1,train,/Users/samehissa/Downloads/SS-VIRULEX-outputs/02_SVIS-RULEX/covid_ct_run/exact_sequence/outputs/augmented_train_images/COVID/2020.02.10.20021584-p6-52%7_aug_0017.png,0.2488549288755166,0.3655472005575861,0.1336247558354881,0.0,1.400228500366211,1.3582094378736536,0.6667836470756137,3.833046702345905,25.030852027024203,0.1336247558354881,0.2983939458113127,0.0,1.400228500366211,0.4248747453093529,0.0,0.0,0.4248747453093529,0.6807718612646094,1.4689168593499784,-0.0189808079123926,5.529917468785568,0.4422143501302581,1.8550639502807263e-06,0.0003732793449525,0.0323101130447535,0.0
covid_2020_02_10_20021584_p6_52_8_aug_0018,2020.02.10.20021584-p6-52%8_aug_0018.png,COVID,1,train,/Users/samehissa/Downloads/SS-VIRULEX-outputs/02_SVIS-RULEX/covid_ct_run/exact_sequence/outputs/augmented_train_images/COVID/2020.02.10.20021584-p6-52%8_aug_0018.png,0.2384878218108497,0.3717533797387235,0.1382005753471635,0.0,1.534758448600769,1.575623279687688,1.7196696204218824,3.758462446170501,24.96985811190364,0.1382005753471635,0.3004168886732259,0.0,1.534758448600769,0.4177049919962883,0.0,0.0,0.4177049919962883,0.641519871207607,1.5587939749542843,-0.0577362988246105,5.422315132272921,0.4416752387209941,1.802801882654752e-06,0.0002883798282125,0.0328586669677836,0.0
covid_2020_02_10_20021584_p6_52_9_aug_0019,2020.02.10.20021584-p6-52%9_aug_0019.png,COVID,1,train,/Users/samehissa/Downloads/SS-VIRULEX-outputs/02_SVIS-RULEX/covid_ct_run/exact_sequence/outputs/augmented_train_images/COVID/2020.02.10.20021584-p6-52%9_aug_0019.png,0.2973180278859217,0.399048933875772,0.1592400516273902,0.0015531391836702,1.8717727661132808,1.4264285169039457,1.8294533151165984,3.957844323951536,31.697671850670595,0.1592400516273902,0.3259631302195203,0.0,1.8717727661132808,0.5417520105838776,0.0,0.0015531391836702,0.5417520105838776,0.745064721595668,1.3421619156874116,0.0038729411969393,5.709962378590751,0.4976324560690993,1.9999826842154557e-06,0.0006616754301856,0.0352712758961025,0.0015531391836702
covid_2020_02_11_20021493_p16_109_0_aug_0020,2020.02.11.20021493-p16-109%0_aug_0020.png,COVID,1,train,/Users/samehissa/Downloads/SS-VIRULEX-outputs/02_SVIS-RULEX/covid_ct_run/exact_sequence/outputs/augmented_train_images/COVID/2020.02.11.20021493-p16-109%0_aug_0020.png,0.2331447356627904,0.3447753240283672,0.1188700240588656,0.0,1.567877173423767,1.6799446334141754,2.438419712056197,3.867346757034687,22.172990953745675,0.1188700240588656,0.2665704106836983,0.0,1.567877173423767,0.3526277616620064,0.0,0.0,0.3526277616620064,0.6762202605408832,1.478803812782777,-0.0550395383777758,5.579401987587294,0.4162048676146617,1.9393849074906794e-06,0.0004838247504391,0.0304741212007809,0.0
covid_2020_02_11_20021493_p16_109_1_aug_0021,2020.02.11.20021493-p16-109%1_aug_0021.png,COVID,1,train,/Users/samehissa/Downloads/SS-VIRULEX-outputs/02_SVIS-RULEX/covid_ct_run/exact_sequence/outputs/augmented_train_images/COVID/2020.02.11.20021493-p16-109%1_aug_0021.png,0.2138460529749863,0.3391323232343506,0.115010732662328,0.0,1.4512040615081787,1.802162018994217,2.622740115701156,3.7718399467270087,20.57483098051953,0.115010732662328,0.256946355134346,0.0,1.4512040615081787,0.3285938873887062,0.0,0.0,0.3285938873887062,0.6305663239917381,1.5858713243307747,0.0853731699533846,5.441614785985284,0.4009250142299789,1.8028075287299568e-06,0.0002891355470285,0.0299753456848196,0.0
covid_2020_02_11_20021493_p16_109_2_aug_0022,2020.02.11.20021493-p16-109%2_aug_0022.png,COVID,1,train,/Users/samehissa/Downloads/SS-VIRULEX-outputs/02_SVIS-RULEX/covid_ct_run/exact_sequence/outputs/augmented_train_images/COVID/2020.02.11.20021493-p16-109%2_aug_0022.png,0.1606593767355661,0.270870880456741,0.0733710338794101,0.0,1.217476487159729,2.0117111265861647,3.535846767240975,3.704069535799656,12.695356059196245,0.0733710338794101,0.2003644197202447,0.0,1.217476487159729,0.2437560148537159,0.0,0.0,0.2437560148537159,0.5931194351538601,1.6859948417612445,0.1260091427844721,5.343842750221384,0.3149324835777831,1.753415327638969e-06,0.0002110229109022,0.0239418295496165,0.0
covid_2020_02_11_20022053_p12_67_0_aug_0023,2020.02.11.20022053-p12-67%0_aug_0023.png,COVID,1,train,/Users/samehissa/Downloads/SS-VIRULEX-outputs/02_SVIS-RULEX/covid_ct_run/exact_sequence/outputs/augmented_train_images/COVID/2020.02.11.20022053-p12-67%0_aug_0023.png,0.2283889971713506,0.3111997370988928,0.09684527637042,0.0550621915608644,1.6274253129959106,1.736893458062343,3.6622503866056473,3.979996714244381,19.072871731117463,0.09684527637042,0.2472813730911127,0.0,1.6274253129959106,0.382765918970108,0.0,0.0550621915608644,0.382765918970108,0.7338960675365418,1.3625863809254035,0.1329479129686111,5.741921522210072,0.3860140028539835,2.245553652159287e-06,0.0010205111959096,0.0275064305507622,0.0550621915608644
covid_2020_02_11_20022053_p12_67_1_aug_0024,2020.02.11.20022053-p12-67%1_aug_0024.png,COVID,1,train,/Users/samehissa/Downloads/SS-VIRULEX-outputs/02_SVIS-RULEX/covid_ct_run/exact_sequence/outputs/augmented_train_images/COVID/2020.02.11.20022053-p12-67%1_aug_0024.png,0.2086960887245368,0.3041937878287519,0.0925338605536037,0.0,1.2142019271850586,1.4941418882197566,1.3951944244820806,3.865644750753568,17.41925350432301,0.0925338605536037,0.2456388949417487,0.0,1.2142019271850586,0.3496292531490326,0.0,0.0,0.3496292531490326,0.6860606988507094,1.4575921843473785,-0.0618510262156047,5.576946511565961,0.3689009596118225,1.9393834527005853e-06,0.0004523724029491,0.0268871862710665,0.0
covid_2020_02_11_20022053_p12_67_2_aug_0025,2020.02.11.20022053-p12-67%2_aug_0025.png,COVID,1,train,/Users/samehissa/Downloads/SS-VIRULEX-outputs/02_SVIS-RULEX/covid_ct_run/exact_sequence/outputs/augmented_train_images/COVID/2020.02.11.20022053-p12-67%2_aug_0025.png,0.2638163737137802,0.4014752315825422,0.1611823615742559,0.0,1.7516905069351196,1.8392953241810464,3.049942600929925,3.848775647255895,29.54002439855934,0.1611823615742559,0.307618315048785,0.0,1.7516905069351196,0.3987024053931236,0.0,0.0,0.3987024053931236,0.6571157965538003,1.5217980064350023,0.2007073352876066,5.552609539605628,0.4803971696562593,1.9692222776986336e-06,0.00055265176273,0.0354857323413068,0.0
covid_2020_02_11_20022053_p12_67_3_aug_0026,2020.02.11.20022053-p12-67%3_aug_0026.png,COVID,1,train,/Users/samehissa/Downloads/SS-VIRULEX-outputs/02_SVIS-RULEX/covid_ct_run/exact_sequence/outputs/augmented_train_images/COVID/2020.02.11.20022053-p12-67%3_aug_0026.png,0.2568529344844137,0.4021649773762745,0.1617366690280594,0.0,1.5186253786087036,1.5090977288175065,1.1228310594517996,3.756956717410444,29.146892669608185,0.1617366690280594,0.3239036388852128,0.0,1.5186253786087036,0.423558346927166,0.0,0.0,0.423558346927166,0.6386739528791541,1.565740248144522,0.1189093225116399,5.420142824857863,0.4771897934588647,1.882320092648636e-06,0.0003731441633444,0.0355466978323122,0.0
covid_2020_02_13_20022673_p13_77_0_aug_0027,2020.02.13.20022673-p13-77%0_aug_0027.png,COVID,1,train,/Users/samehissa/Downloads/SS-VIRULEX-outputs/02_SVIS-RULEX/covid_ct_run/exact_sequence/outputs/augmented_train_images/COVID/2020.02.13.20022673-p13-77%0_aug_0027.png,0.1986627745645819,0.2839760710319314,0.0806424089187325,0.0,1.3354125022888184,1.680469706485996,2.727690607504539,3.906565915401444,15.373991285303097,0.0806424089187325,0.2245693242257402,0.0,1.3354125022888184,0.33074951171875,0.0,0.0,0.33074951171875,0.6995732924586844,1.429437757800043,0.1727168722945221,5.6359832728708525,0.3465678965461608,1.9692186780843284e-06,0.0004940887053626,0.0251001756901739,0.0
covid_2020_02_13_20022673_p13_77_1_aug_0028,2020.02.13.20022673-p13-77%1_aug_0028.png,COVID,1,train,/Users/samehissa/Downloads/SS-VIRULEX-outputs/02_SVIS-RULEX/covid_ct_run/exact_sequence/outputs/augmented_train_images/COVID/2020.02.13.20022673-p13-77%1_aug_0028.png,0.2119075715891085,0.2974242239378725,0.0884611689850457,0.0,1.1642167568206787,1.4090323590214242,1.093662862001949,3.90920078701924,17.070846448875383,0.0884611689850457,0.2394312654359964,0.0,1.1642167568206787,0.370387889444828,0.0,0.0,0.370387889444828,0.7124734371331355,1.4035563793566652,-0.0855605619776385,5.639784589087226,0.3651930830147785,1.9692191357047646e-06,0.0005073566191504,0.0262888357044519,0.0
covid_2020_02_13_20022673_p13_77_2_aug_0029,2020.02.13.20022673-p13-77%2_aug_0029.png,COVID,1,train,/Users/samehissa/Downloads/SS-VIRULEX-outputs/02_SVIS-RULEX/covid_ct_run/exact_sequence/outputs/augmented_train_images/COVID/2020.02.13.20022673-p13-77%2_aug_0029.png,0.2262866152977949,0.3183375360951125,0.101338786887107,0.007762610563077,1.4320294857025146,1.3675353101415229,1.088606783119724,3.901957607446812,19.525685651205038,0.101338786887107,0.2629843811956789,0.0,1.4320294857025146,0.429421879351139,0.0,0.007762610563077,0.429421879351139,0.7108363884358175,1.406789065611229,0.1018317280109622,5.629334889837816,0.3905693525483525,2.031714372137194e-06,0.000596586827933,0.0281373288098839,0.007762610563077
covid_2020_02_17_20024018_p17_61_0_aug_0030,2020.02.17.20024018-p17-61%0_aug_0030.png,COVID,1,train,/Users/samehissa/Downloads/SS-VIRULEX-outputs/02_SVIS-RULEX/covid_ct_run/exact_sequence/outputs/augmented_train_images/COVID/2020.02.17.20024018-p17-61%0_aug_0030.png,0.1894274445003247,0.2908832118260201,0.0846130429222213,0.0,1.417344570159912,1.600879739439243,2.07261566976519,3.782932192705593,15.423462355474555,0.0846130429222213,0.2322411411728353,0.0,1.417344570159912,0.3042197972536087,0.0,0.0,0.3042197972536087,0.6512125333691973,1.5355917015790257,-0.0100271114267857,5.457617514250908,0.3471250490128089,1.8028016314916112e-06,0.0002674648799017,0.0257106864519377,0.0
covid_2020_02_17_20024018_p17_61_1_aug_0031,2020.02.17.20024018-p17-61%1_aug_0031.png,COVID,1,train,/Users/samehissa/Downloads/SS-VIRULEX-outputs/02_SVIS-RULEX/covid_ct_run/exact_sequence/outputs/augmented_train_images/COVID/2020.02.17.20024018-p17-61%1_aug_0031.png,0.17139901167684,0.2738398300172953,0.0749882525039011,0.0,1.1644847393035889,1.7805026600282643,2.5343522523774995,3.759039885318938,13.358831834585438,0.0749882525039011,0.2109211267414821,0.0,1.1644847393035889,0.2674973309040069,0.0,0.0,0.2674973309040069,0.6259074355932048,1.5976744984597682,0.0186302476286159,5.423148200868787,0.3230570750002214,1.855056967842527e-06,0.0002988793649128,0.0242042500955251,0.0
covid_2020_02_17_20024018_p17_61_2_aug_0032,2020.02.17.20024018-p17-61%2_aug_0032.png,COVID,1,train,/Users/samehissa/Downloads/SS-VIRULEX-outputs/02_SVIS-RULEX/covid_ct_run/exact_sequence/outputs/augmented_train_images/COVID/2020.02.17.20024018-p17-61%2_aug_0032.png,0.2948277376563055,0.3851175524238668,0.1483155291849498,0.0913725942373275,1.432456374168396,1.1598855047808343,0.2339784965507059,3.987826296216266,30.11058228179009,0.1483155291849498,0.3235015692559955,0.0,1.432456374168396,0.5319093465805054,0.0,0.0913725942373275,0.5319093465805054,0.7655505968245697,1.306245998037051,0.0960768372684355,5.753217221293145,0.4850143545056013,2.13332335885334e-06,0.0009534977955331,0.0340399041091102,0.0913725942373275
covid_2020_02_17_20024018_p17_61_3_aug_0033,2020.02.17.20024018-p17-61%3_aug_0033.png,COVID,1,train,/Users/samehissa/Downloads/SS-VIRULEX-outputs/02_SVIS-RULEX/covid_ct_run/exact_sequence/outputs/augmented_train_images/COVID/2020.02.17.20024018-p17-61%3_aug_0033.png,0.2073050860490184,0.2891205696121793,0.083590703772871,0.0421731751412153,1.337047100067139,1.4057246964922496,1.283710132864095,3.924123311133705,16.20046111675673,0.083590703772871,0.2341870083059802,0.0,1.337047100067139,0.3166170939803123,0.0,0.0421731751412153,0.3166170939803123,0.7170170192666444,1.3946622107660935,0.0279555397922348,5.661313240624711,0.3557612998552006,2.0645010622218868e-06,0.000644490420272,0.0255548894191611,0.0421731751412153
covid_2020_02_17_20024018_p17_61_4_aug_0034,2020.02.17.20024018-p17-61%4_aug_0034.png,COVID,1,train,/Users/samehissa/Downloads/SS-VIRULEX-outputs/02_SVIS-RULEX/covid_ct_run/exact_sequence/outputs/augmented_train_images/COVID/2020.02.17.20024018-p17-61%4_aug_0034.png,0.2814035761057312,0.3810543829018529,0.1452024427287119,0.0619697049260139,1.5317001342773438,1.388605135308995,1.091943970853709,3.969958714705526,28.721973167847167,0.1452024427287119,0.3076437019594777,0.0,1.5317001342773438,0.4534173160791397,0.0,0.0619697049260139,0.4534173160791397,0.7384847156934438,1.354120612734076,0.182060157712511,5.72743975005492,0.4736986546041755,2.2455588227002e-06,0.0011327000155452,0.0336807672688444,0.0619697049260139
covid_2020_02_19_20025023_p20_93_0_aug_0035,2020.02.19.20025023-p20-93%0_aug_0035.png,COVID,1,train,/Users/samehissa/Downloads/SS-VIRULEX-outputs/02_SVIS-RULEX/covid_ct_run/exact_sequence/outputs/augmented_train_images/COVID/2020.02.19.20025023-p20-93%0_aug_0035.png,0.2893629749887623,0.4454177621434767,0.1983969828329028,0.0,2.1514220237731934,1.7814483640960757,2.7890054011258787,3.812406966967113,36.11237300828798,0.1983969828329028,0.3394621419529358,0.0,2.1514220237731934,0.431955024600029,0.0,0.0,0.431955024600029,0.6496425377239806,1.539304612695439,0.1416792870133836,5.500140624909325,0.5311571463580715,1.8028131278784767e-06,0.000346333430161,0.0393697400090736,0.0
covid_2020_02_19_20025023_p20_93_1_aug_0036,2020.02.19.20025023-p20-93%1_aug_0036.png,COVID,1,train,/Users/samehissa/Downloads/SS-VIRULEX-outputs/02_SVIS-RULEX/covid_ct_run/exact_sequence/outputs/augmented_train_images/COVID/2020.02.19.20025023-p20-93%1_aug_0036.png,0.2659995211142814,0.3863266785281765,0.149248302542613,0.0,1.6409974098205566,1.4519312826707955,1.1922790476698495,3.8658991164688414,28.160518115281924,0.149248302542613,0.3105284240546098,0.0,1.6409974098205566,0.4478392079472542,0.0,0.0,0.4478392079472542,0.6885334287402888,1.4523585490298645,0.0486156159460694,5.577313483721962,0.469045890905826,1.910440769366753e-06,0.0004710591372874,0.0341467767675686,0.0
covid_2020_02_19_20025023_p20_93_2_aug_0037,2020.02.19.20025023-p20-93%2_aug_0037.png,COVID,1,train,/Users/samehissa/Downloads/SS-VIRULEX-outputs/02_SVIS-RULEX/covid_ct_run/exact_sequence/outputs/augmented_train_images/COVID/2020.02.19.20025023-p20-93%2_aug_0037.png,0.244086595455883,0.317324505608369,0.1006948418595958,0.0654081255197525,1.4291967153549194,1.3545010843989915,1.323225458805311,4.011414936472942,20.514957816427483,0.1006948418595958,0.2580148990600719,0.0,1.4291967153549194,0.4104753881692886,0.0,0.0654081255197525,0.4104753881692886,0.7691994218615551,1.3000488823062926,0.1731664035160762,5.787248435612768,0.4003412393706645,2.169479531114199e-06,0.0009598288159086,0.0280477887190432,0.0654081255197525
covid_2020_02_19_20025023_p20_93_3_aug_0038,2020.02.19.20025023-p20-93%3_aug_0038.png,COVID,1,train,/Users/samehissa/Downloads/SS-VIRULEX-outputs/02_SVIS-RULEX/covid_ct_run/exact_sequence/outputs/augmented_train_images/COVID/2020.02.19.20025023-p20-93%3_aug_0038.png,0.335605418018531,0.450008591515102,0.2025077324374058,0.0205384632572531,1.6569373607635498,1.1401514117906502,0.1274305419417944,3.94042332412541,40.337757317222255,0.2025077324374058,0.3820095471219247,0.0,1.6569373607635498,0.6749308705329895,0.0,0.0205384632572531,0.6749308705329895,0.7457739220371005,1.340885955214984,-0.0963082859874169,5.684829188534271,0.5613721840640119,2.0317355536191443e-06,0.0007505133071102,0.0397755158315669,0.0205384632572531
covid_2020_02_22_20024927_p18_66_0_aug_0039,2020.02.22.20024927-p18-66%0_aug_0039.png,COVID,1,train,/Users/samehissa/Downloads/SS-VIRULEX-outputs/02_SVIS-RULEX/covid_ct_run/exact_sequence/outputs/augmented_train_images/COVID/2020.02.22.20024927-p18-66%0_aug_0039.png,0.3829510956420563,0.5622005903090666,0.3160695037438629,0.0,2.662662982940674,1.5639788462897872,1.964857792616804,3.854327649687464,59.22829381085623,0.3160695037438629,0.4466238711429469,0.0,2.662662982940674,0.6186401844024658,0.0,0.0,0.6186401844024658,0.6811633091104056,1.4680741136579862,0.0562550713620215,5.560619385980656,0.6802360218316245,1.8550687559331765e-06,0.0004719988285627,0.0496919812243276,0.0
covid_2020_02_22_20024927_p18_66_1_aug_0040,2020.02.22.20024927-p18-66%1_aug_0040.png,COVID,1,train,/Users/samehissa/Downloads/SS-VIRULEX-outputs/02_SVIS-RULEX/covid_ct_run/exact_sequence/outputs/augmented_train_images/COVID/2020.02.22.20024927-p18-66%1_aug_0040.png,0.3738037100993097,0.5540306377798959,0.3069499475987982,0.0,2.7623019218444824,1.7209006142273455,2.904635271415477,3.860702133230709,57.17493264419929,0.3069499475987982,0.4328141075602616,0.0,2.7623019218444824,0.6409455090761185,0.0,0.0,0.6409455090761185,0.6746974082512835,1.482143228681986,0.1325454564644876,5.569815821776723,0.6683406027489329,1.939387973071744e-06,0.0005998430649395,0.048969852619909,0.0
covid_2020_02_22_20024927_p18_66_2_aug_0041,2020.02.22.20024927-p18-66%2_aug_0041.png,COVID,1,train,/Users/samehissa/Downloads/SS-VIRULEX-outputs/02_SVIS-RULEX/covid_ct_run/exact_sequence/outputs/augmented_train_images/COVID/2020.02.22.20024927-p18-66%2_aug_0041.png,0.4119049058645032,0.6140059175587591,0.3770032667971736,0.0267107523977756,2.450924158096313,1.6039455317827775,1.712957864984694,3.85808163125662,69.97362153886962,0.3770032667971736,0.4833639211365153,0.0,2.450924158096313,0.6297384202480316,0.0,0.0267107523977756,0.6297384202480316,0.6708473375221946,1.490649683499369,-0.1209284905142924,5.566035236574065,0.7393706230791286,2.03173699046042e-06,0.0008019298070618,0.0542709684993083,0.0267107523977756
covid_2020_02_22_20024927_p19_68_0_aug_0042,2020.02.22.20024927-p19-68%0_aug_0042.png,COVID,1,train,/Users/samehissa/Downloads/SS-VIRULEX-outputs/02_SVIS-RULEX/covid_ct_run/exact_sequence/outputs/augmented_train_images/COVID/2020.02.22.20024927-p19-68%0_aug_0042.png,0.3720978404562629,0.5382302316720053,0.2896917822857006,0.0550412721931934,2.499748706817627,1.7656966924538249,3.167348328627642,3.9050220289678057,54.80301890021312,0.2896917822857006,0.4229616220682146,0.0,2.499748706817627,0.6273641586303711,0.0,0.0550412721931934,0.6273641586303711,0.6913345390611166,1.4464750212256874,0.298026755117818,5.633755915569347,0.654330639018161,2.0983423746252777e-06,0.0009159622515167,0.0475732808318601,0.0550412721931934
covid_2020_02_22_20024927_p19_68_1_aug_0043,2020.02.22.20024927-p19-68%1_aug_0043.png,COVID,1,train,/Users/samehissa/Downloads/SS-VIRULEX-outputs/02_SVIS-RULEX/covid_ct_run/exact_sequence/outputs/augmented_train_images/COVID/2020.02.22.20024927-p19-68%1_aug_0043.png,0.3989172053261427,0.5679981845359507,0.322621937636136,0.0836480185389518,2.239649772644043,1.531134526752275,1.559008987693705,3.920031482532396,61.66487991569356,0.322621937636136,0.4484482344478238,0.0,2.239649772644043,0.629660576581955,0.0,0.0836480185389518,0.629660576581955,0.7023200317656332,1.4238498037996945,0.1481903111244213,5.655409979793438,0.6940870797971649,2.1694767291628403e-06,0.0011490539643038,0.0502044209983773,0.0836480185389518
covid_2020_02_22_20024927_p19_68_2_aug_0044,2020.02.22.20024927-p19-68%2_aug_0044.png,COVID,1,train,/Users/samehissa/Downloads/SS-VIRULEX-outputs/02_SVIS-RULEX/covid_ct_run/exact_sequence/outputs/augmented_train_images/COVID/2020.02.22.20024927-p19-68%2_aug_0044.png,0.3139771331480006,0.4572363904730949,0.2090651167728645,0.0,2.0393314361572266,1.5338192627158531,1.7800095001874645,3.864841739146147,39.37878488482583,0.2090651167728645,0.3660894858792289,0.0,2.0393314361572266,0.4989355057477951,0.0,0.0,0.4989355057477951,0.6866829784483163,1.4562729007961406,0.0345646188060233,5.575788010702159,0.5546591357876491,1.9104409413485457e-06,0.0005060295901092,0.0404143690385981,0.0
covid_2020_02_22_20024927_p19_68_3_aug_0045,2020.02.22.20024927-p19-68%3_aug_0045.png,COVID,1,train,/Users/samehissa/Downloads/SS-VIRULEX-outputs/02_SVIS-RULEX/covid_ct_run/exact_sequence/outputs/augmented_train_images/COVID/2020.02.22.20024927-p19-68%3_aug_0045.png,0.4260767609557661,0.5693048044752922,0.3241079603986506,0.0821423791348934,2.805194616317749,1.477649228279985,2.0091319339539027,3.989767093072621,64.72311892802658,0.3241079603986506,0.4629146785422904,0.0,2.805194616317749,0.7568498849868774,0.0,0.0821423791348934,0.7568498849868774,0.7484145736902595,1.3361554927291508,0.0708052635810467,5.756017199293182,0.7110902661583884,2.461389086247463e-06,0.0020721859552148,0.05031991097582,0.0821423791348934
covid_2020_02_22_20024927_p19_68_4_aug_0046,2020.02.22.20024927-p19-68%4_aug_0046.png,COVID,1,train,/Users/samehissa/Downloads/SS-VIRULEX-outputs/02_SVIS-RULEX/covid_ct_run/exact_sequence/outputs/augmented_train_images/COVID/2020.02.22.20024927-p19-68%4_aug_0046.png,0.3216028268798254,0.4153119730254041,0.1724840349382539,0.0604596231132745,1.609317421913147,1.1074420718135585,0.1106334627606862,3.9921829106256,35.31678888900466,0.1724840349382539,0.3507723169041128,0.0,1.609317421913147,0.5716550648212433,0.0,0.0604596231132745,0.5716550648212433,0.7743625838053305,1.291381599641832,0.0283011188171352,5.759502487296557,0.5252736555314277,2.0983521771642763e-06,0.0009187201584341,0.0367087390542784,0.0604596231132745
covid_2020_02_22_20024927_p19_68_5_aug_0047,2020.02.22.20024927-p19-68%5_aug_0047.png,COVID,1,train,/Users/samehissa/Downloads/SS-VIRULEX-outputs/02_SVIS-RULEX/covid_ct_run/exact_sequence/outputs/augmented_train_images/COVID/2020.02.22.20024927-p19-68%5_aug_0047.png,0.2267307733563939,0.3402396779822632,0.1157630384734741,0.0,1.5292376279830933,1.6537677642381152,2.0939683251747505,3.84400810944708,21.397744903713612,0.1157630384734741,0.2662142635665532,0.0,1.5292376279830933,0.3533096015453338,0.0,0.0,0.3533096015453338,0.666383498589823,1.500632988392126,0.0648655744664733,5.5457314364516,0.4088641364319725,1.939383080723309e-06,0.0004644146748777,0.0300732229412481,0.0
covid_2020_02_22_20024927_p20_70_0_aug_0048,2020.02.22.20024927-p20-70%0_aug_0048.png,COVID,1,train,/Users/samehissa/Downloads/SS-VIRULEX-outputs/02_SVIS-RULEX/covid_ct_run/exact_sequence/outputs/augmented_train_images/COVID/2020.02.22.20024927-p20-70%0_aug_0048.png,0.3249809964981978,0.4527924177328694,0.2050209735563773,0.0461341198533773,2.239070177078247,1.695913911620722,3.102942000490086,3.9499108188295295,39.76110357009139,0.2050209735563773,0.3569762471963713,0.0,2.239070177078247,0.5656732320785522,0.0,0.0461341198533773,0.5656732320785522,0.7177246483073303,1.3932889080035191,0.3510820299902309,5.698516750094367,0.5573451548558926,2.1694719988742926e-06,0.0010431912262902,0.0400215736310954,0.0461341198533773
covid_2020_02_22_20024927_p20_70_1_aug_0049,2020.02.22.20024927-p20-70%1_aug_0049.png,COVID,1,train,/Users/samehissa/Downloads/SS-VIRULEX-outputs/02_SVIS-RULEX/covid_ct_run/exact_sequence/outputs/augmented_train_images/COVID/2020.02.22.20024927-p20-70%1_aug_0049.png,0.3058466418588068,0.4375375324242491,0.1914390922799008,0.0,1.9550739526748655,1.5427712906905475,1.8975779127717889,3.893584092058562,36.47760135887489,0.1914390922799008,0.3515767751755447,0.0,1.9550739526748655,0.5151976346969604,0.0,0.0,0.5151976346969604,0.6990164732788602,1.430578180506023,0.1527743628816193,5.617254460712379,0.5338363612720757,1.9393881670209628e-06,0.0005604770917309,0.0386732195251019,0.0
covid_2020_02_22_20024927_p20_70_2_aug_0050,2020.02.22.20024927-p20-70%2_aug_0050.png,COVID,1,train,/Users/samehissa/Downloads/SS-VIRULEX-outputs/02_SVIS-RULEX/covid_ct_run/exact_sequence/outputs/augmented_train_images/COVID/2020.02.22.20024927-p20-70%2_aug_0050.png,0.3821473217685707,0.5333270216046432,0.2844377119736795,0.152023509144783,2.313694715499878,1.5692024397225413,1.841690549464582,3.949819372252276,55.100708801097085,0.2844377119736795,0.4144878908309692,0.0,2.313694715499878,0.5571721792221069,0.0,0.152023509144783,0.5571721792221069,0.7165333646238768,1.395605807562423,0.1385240462208371,5.698384820570852,0.6561053935981406,2.0983545603090684e-06,0.0010046145418181,0.0471398941958334,0.152023509144783
covid_2020_02_22_20024927_p20_70_3_aug_0051,2020.02.22.20024927-p20-70%3_aug_0051.png,COVID,1,train,/Users/samehissa/Downloads/SS-VIRULEX-outputs/02_SVIS-RULEX/covid_ct_run/exact_sequence/outputs/augmented_train_images/COVID/2020.02.22.20024927-p20-70%3_aug_0051.png,0.3235533754632342,0.4643076870440917,0.2155816282482341,0.0,1.7817277908325195,1.4175731610536384,1.0926230994110178,3.875290423098419,40.99435712280152,0.2155816282482341,0.3761485917070786,0.0,1.7817277908325195,0.5301156640052795,0.0,0.0,0.5301156640052795,0.6968497133298499,1.4350265590007776,0.0519503284784762,5.59086227522392,0.5659226228221371,1.910441819304368e-06,0.0005174992825189,0.0410393892582398,0.0
covid_2020_02_23_20026856_p17_115_0_aug_0052,2020.02.23.20026856-p17-115%0_aug_0052.png,COVID,1,train,/Users/samehissa/Downloads/SS-VIRULEX-outputs/02_SVIS-RULEX/covid_ct_run/exact_sequence/outputs/augmented_train_images/COVID/2020.02.23.20026856-p17-115%0_aug_0052.png,0.3182440590753685,0.4414792374920305,0.1949039171365446,0.1342602744698524,2.2813308238983154,1.807486609286656,3.5270247706061744,3.9819710032832822,37.911449378983846,0.1949039171365446,0.3349625349865164,0.0,2.2813308238983154,0.4887665957212448,0.0,0.1342602744698524,0.4887665957212448,0.7208568630008347,1.3872348120958218,0.1037406636318227,5.7447698192157794,0.544227156868629,2.285695283202913e-06,0.0013854531789422,0.0390216203229601,0.1342602744698524
covid_2020_02_23_20026856_p17_115_1_aug_0053,2020.02.23.20026856-p17-115%1_aug_0053.png,COVID,1,train,/Users/samehissa/Downloads/SS-VIRULEX-outputs/02_SVIS-RULEX/covid_ct_run/exact_sequence/outputs/augmented_train_images/COVID/2020.02.23.20026856-p17-115%1_aug_0053.png,0.2990328887390205,0.4217647101587075,0.1778854707352585,0.0,1.711393117904663,1.3315581564782772,0.8414422669625976,3.891419541440703,34.21518582820633,0.1778854707352585,0.3469661497654215,0.0,1.711393117904663,0.5824450701475143,0.0,0.0,0.5824450701475143,0.7090023715453221,1.4104291736511985,-0.0804796472901319,5.614131674270242,0.5170165754430528,1.9692170711797598e-06,0.0005825040494593,0.0372790858273001,0.0
covid_2020_02_23_20026856_p17_115_2_aug_0054,2020.02.23.20026856-p17-115%2_aug_0054.png,COVID,1,train,/Users/samehissa/Downloads/SS-VIRULEX-outputs/02_SVIS-RULEX/covid_ct_run/exact_sequence/outputs/augmented_train_images/COVID/2020.02.23.20026856-p17-115%2_aug_0054.png,0.3758466573926853,0.5082946362211993,0.2583634372112414,0.0657669361680746,2.5459353923797607,1.54731088192065,2.332632664843717,3.97713480155172,51.15189082681549,0.2583634372112414,0.408015884010183,0.0,2.5459353923797607,0.6302645653486252,0.0,0.0657669361680746,0.6302645653486252,0.7394253080487295,1.3523989803376968,0.1456671016442888,5.737792654960913,0.6321583243812392,2.169479988996642e-06,0.001166618860752,0.0449273230140949,0.0657669361680746
covid_2020_02_23_20026856_p17_115_3_aug_0055,2020.02.23.20026856-p17-115%3_aug_0055.png,COVID,1,train,/Users/samehissa/Downloads/SS-VIRULEX-outputs/02_SVIS-RULEX/covid_ct_run/exact_sequence/outputs/augmented_train_images/COVID/2020.02.23.20026856-p17-115%3_aug_0055.png,0.3309058293743874,0.4635400785011304,0.2148694043768341,0.0,1.7451523542404177,1.1608017286501549,0.0621810300750587,3.880400708709005,41.51911325322052,0.2148694043768341,0.3965889209387114,0.0,1.7451523542404177,0.6715112030506134,0.0,0.0,0.6715112030506134,0.7138651669111575,1.4008217364363211,-0.1218203616803448,5.598234858931839,0.5695332056085802,1.969220289709581e-06,0.0006007392998598,0.0409715416074867,0.0
covid_2020_02_23_20026856_p17_115_4_aug_0056,2020.02.23.20026856-p17-115%4_aug_0056.png,COVID,1,train,/Users/samehissa/Downloads/SS-VIRULEX-outputs/02_SVIS-RULEX/covid_ct_run/exact_sequence/outputs/augmented_train_images/COVID/2020.02.23.20026856-p17-115%4_aug_0056.png,0.344417329019052,0.4939649328513567,0.2440013548868453,0.0017984444275498,2.425690174102783,1.789852768210283,3.414620340185025,3.912906235581059,46.41595538117929,0.2440013548868453,0.3799088269893218,0.0,2.425690174102783,0.554324597120285,0.0,0.0017984444275498,0.554324597120285,0.6972491544729531,1.4342046442849927,0.2125096738326871,5.645130421351631,0.6021832374082354,1.9999853191808137e-06,0.0006996858003771,0.0436607442109439,0.0017984444275498
covid_2020_02_23_20026856_p17_115_5_aug_0057,2020.02.23.20026856-p17-115%5_aug_0057.png,COVID,1,train,/Users/samehissa/Downloads/SS-VIRULEX-outputs/02_SVIS-RULEX/covid_ct_run/exact_sequence/outputs/augmented_train_images/COVID/2020.02.23.20026856-p17-115%5_aug_0057.png,0.2077083138719899,0.2828535092952511,0.0800061077206387,0.0433051045984029,1.3205723762512207,1.5063453882533515,1.9437230392857965,3.966829602805364,15.763052975639528,0.0800061077206387,0.2275412866372335,0.0,1.3205723762512207,0.3611579313874244,0.0,0.0433051045984029,0.3611579313874244,0.7343291587944191,1.3617823187837006,-0.0607405851961116,5.722925395834171,0.3509257063427867,2.2455653953033743e-06,0.0009490257571261,0.0250009543131355,0.0433051045984029
covid_2020_02_24_20027052_p8_73_0_aug_0058,2020.02.24.20027052-p8-73%0_aug_0058.png,COVID,1,train,/Users/samehissa/Downloads/SS-VIRULEX-outputs/02_SVIS-RULEX/covid_ct_run/exact_sequence/outputs/augmented_train_images/COVID/2020.02.24.20027052-p8-73%0_aug_0058.png,0.2017190608894452,0.2988066413561484,0.0892854089185418,0.0,1.4160854816436768,1.5154936299179749,1.8741562531828773,3.818670258187137,16.636926520916685,0.0892854089185418,0.2450296794813766,0.0,1.4160854816436768,0.3816453590989113,0.0,0.0,0.3816453590989113,0.6750799945206777,1.481300973931825,0.0335632548630128,5.509176644092095,0.3605218279725398,1.777767379884529e-06,0.0002628347332818,0.0264110252958136,0.0
covid_2020_02_24_20027052_p8_73_1_aug_0059,2020.02.24.20027052-p8-73%1_aug_0059.png,COVID,1,train,/Users/samehissa/Downloads/SS-VIRULEX-outputs/02_SVIS-RULEX/covid_ct_run/exact_sequence/outputs/augmented_train_images/COVID/2020.02.24.20027052-p8-73%1_aug_0059.png,0.3255587434396148,0.4123516313396692,0.1700338678684864,0.0911609642207622,1.3718334436416626,0.97638827928987,-0.3832106404038211,4.008417945772383,35.330862502203814,0.1700338678684864,0.3604034191084793,0.0,1.3718334436416626,0.6403745114803314,0.0,0.0911609642207622,0.6403745114803314,0.7895153776075718,1.266596703817764,0.0821773828716519,5.782924691991479,0.5253783049369923,2.1694819921612463e-06,0.0011013815997397,0.0364470793442019,0.0911609642207622
covid_2020_02_24_20027052_p8_73_2_aug_0060,2020.02.24.20027052-p8-73%2_aug_0060.png,COVID,1,train,/Users/samehissa/Downloads/SS-VIRULEX-outputs/02_SVIS-RULEX/covid_ct_run/exact_sequence/outputs/augmented_train_images/COVID/2020.02.24.20027052-p8-73%2_aug_0060.png,0.194693979123258,0.2619975918497844,0.0686427381350862,0.0,0.966586709022522,1.149858473391799,0.2051317640367451,3.928887346364364,13.638205906167537,0.0686427381350862,0.2223250950771671,0.0,0.966586709022522,0.3519517555832863,0.0,0.0,0.3519517555832863,0.7431107844842344,1.3456892351248182,0.0235887138176415,5.668186290626602,0.3264176521604398,1.939381201216025e-06,0.0004487846211578,0.0231575342314409,0.0
covid_2020_02_24_20027052_p8_73_3_aug_0061,2020.02.24.20027052-p8-73%3_aug_0061.png,COVID,1,train,/Users/samehissa/Downloads/SS-VIRULEX-outputs/02_SVIS-RULEX/covid_ct_run/exact_sequence/outputs/augmented_train_images/COVID/2020.02.24.20027052-p8-73%3_aug_0061.png,0.2660650568141136,0.4190055143180778,0.1755656210289569,0.0,1.9746564626693728,1.7882074985026284,2.609558785990864,3.786438404349732,31.533598142266165,0.1755656210289569,0.3186854502728238,0.0,1.9746564626693728,0.3863345384597778,0.0,0.0,0.3863345384597778,0.634990263211367,1.5748235387814042,0.1406679738393507,5.462675908402215,0.4963428608194686,1.8550647073688248e-06,0.0003797849585128,0.0370352050661087,0.0
covid_2020_02_24_20027201_p19_669_aug_0062,2020.02.24.20027201-p19-669_aug_0062.png,COVID,1,train,/Users/samehissa/Downloads/SS-VIRULEX-outputs/02_SVIS-RULEX/covid_ct_run/exact_sequence/outputs/augmented_train_images/COVID/2020.02.24.20027201-p19-669_aug_0062.png,0.2999926778575172,0.409398934274625,0.1676074873851987,0.0394142186269164,1.7493962049484253,1.3489332529081717,1.063672048341779,3.942544263317147,32.97319605162532,0.1676074873851987,0.3374526552227053,0.0,1.7493962049484253,0.5605581700801849,0.0,0.0394142186269164,0.5605581700801849,0.7327619101577153,1.3646964225875895,0.1071589380097452,5.687889056988216,0.507546149776868,2.031738199724369e-06,0.000730719545326,0.0361860953295166,0.0394142186269164
covid_2020_02_24_20027201_p19_670_aug_0063,2020.02.24.20027201-p19-670_aug_0063.png,COVID,1,train,/Users/samehissa/Downloads/SS-VIRULEX-outputs/02_SVIS-RULEX/covid_ct_run/exact_sequence/outputs/augmented_train_images/COVID/2020.02.24.20027201-p19-670_aug_0063.png,0.3152336265411577,0.4752799610211282,0.2258910413482451,0.0067677567712962,2.077026605606079,1.669930292731202,2.231287223640839,3.844962643219784,41.63369992326852,0.2258910413482451,0.3728163901550942,0.0,2.077026605606079,0.5302872508764267,0.0,0.0067677567712962,0.5302872508764267,0.663257425384528,1.5077070496445737,0.0106887906829015,5.547108537591841,0.5703185782091754,2.0317290184826093e-06,0.0006860924865641,0.0420092104250147,0.0067677567712962
covid_2020_02_25_20021568_p23_108_0_aug_0064,2020.02.25.20021568-p23-108%0_aug_0064.png,COVID,1,train,/Users/samehissa/Downloads/SS-VIRULEX-outputs/02_SVIS-RULEX/covid_ct_run/exact_sequence/outputs/augmented_train_images/COVID/2020.02.25.20021568-p23-108%0_aug_0064.png,0.2853597535140579,0.377191843484678,0.1422736867913698,0.0107088517397642,1.325479507446289,1.0556552554069851,-0.1674654594959315,3.950685797722191,28.634096091772648,0.1422736867913698,0.3244560763882873,0.0,1.325479507446289,0.6098523288965225,0.0,0.0107088517397642,0.6098523288965225,0.7565354392139987,1.321811638956634,0.0832787725156507,5.699634808299601,0.4729734408156274,2.064496423314939e-06,0.0007420694914584,0.0333393637920338,0.0107088517397642
covid_2020_02_25_20021568_p23_108_1_aug_0065,2020.02.25.20021568-p23-108%1_aug_0065.png,COVID,1,train,/Users/samehissa/Downloads/SS-VIRULEX-outputs/02_SVIS-RULEX/covid_ct_run/exact_sequence/outputs/augmented_train_images/COVID/2020.02.25.20021568-p23-108%1_aug_0065.png,0.2478767979773692,0.3914330355122992,0.1532198212903728,0.0,1.813289999961853,1.856166145916936,3.284817386477357,3.7750443500387143,27.47682921803346,0.1532198212903728,0.3047433114570594,0.0,1.813289999961853,0.4268949925899505,0.0,0.0,0.4268949925899505,0.6332530528495159,1.579143504782712,0.1108612045360198,5.446237762752091,0.4633170925682393,1.8028108104044684e-06,0.0003104550589492,0.0345981192238976,0.0
covid_2020_02_25_20021568_p23_108_10_aug_0066,2020.02.25.20021568-p23-108%10_aug_0066.png,COVID,1,train,/Users/samehissa/Downloads/SS-VIRULEX-outputs/02_SVIS-RULEX/covid_ct_run/exact_sequence/outputs/augmented_train_images/COVID/2020.02.25.20021568-p23-108%10_aug_0066.png,0.312643944460433,0.3982802384995547,0.1586271483792621,0.0916901044547557,1.7032934427261353,1.154365036575841,0.4899599651587549,4.011315006402682,32.81579320154118,0.1586271483792621,0.3362002415788083,0.0,1.7032934427261353,0.5885969549417496,0.0,0.0916901044547557,0.5885969549417496,0.7849828569336001,1.273909971891234,0.0660340778781658,5.787104266995967,0.5063332740271377,2.098352766517087e-06,0.0009237659514434,0.0352033321819538,0.0916901044547557
covid_2020_02_25_20021568_p23_108_11_aug_0067,2020.02.25.20021568-p23-108%11_aug_0067.png,COVID,1,train,/Users/samehissa/Downloads/SS-VIRULEX-outputs/02_SVIS-RULEX/covid_ct_run/exact_sequence/outputs/augmented_train_images/COVID/2020.02.25.20021568-p23-108%11_aug_0067.png,0.2368573717831168,0.338042820884462,0.1142729487515244,0.0,1.5843541622161863,1.5006501011868905,1.6874353671726403,3.896081537276696,21.807918504899853,0.1142729487515244,0.2718013425433128,0.0,1.5843541622161863,0.3617652282118797,0.0,0.0,0.3617652282118797,0.7006706147250386,1.427199915035778,0.0382675167547147,5.620857512543475,0.4127642951122712,1.9692218549615107e-06,0.0005358095579153,0.029879046372354,0.0
covid_2020_02_25_20021568_p23_108_12_aug_0068,2020.02.25.20021568-p23-108%12_aug_0068.png,COVID,1,train,/Users/samehissa/Downloads/SS-VIRULEX-outputs/02_SVIS-RULEX/covid_ct_run/exact_sequence/outputs/augmented_train_images/COVID/2020.02.25.20021568-p23-108%12_aug_0068.png,0.3070965820079436,0.433686287787941,0.1880837962152848,0.0331615284085273,2.06532621383667,1.5181722283518455,1.8119628084223416,3.9166587761125022,36.14618968271955,0.1880837962152848,0.3458714979767592,0.0,2.06532621383667,0.5189727544784546,0.0,0.0331615284085273,0.5189727544784546,0.708106026289855,1.4122146360350012,0.1294513016495664,5.6505441929670805,0.531405783649601,2.098341870756936e-06,0.0008331455351363,0.0383328143753092,0.0331615284085273
covid_2020_02_25_20021568_p23_108_13_aug_0069,2020.02.25.20021568-p23-108%13_aug_0069.png,COVID,1,train,/Users/samehissa/Downloads/SS-VIRULEX-outputs/02_SVIS-RULEX/covid_ct_run/exact_sequence/outputs/augmented_train_images/COVID/2020.02.25.20021568-p23-108%13_aug_0069.png,0.1721641923850256,0.283584256288106,0.0804200304144782,0.0,1.279172420501709,1.9662257624066888,3.6181274989071497,3.72497796987178,14.087749062920487,0.0804200304144782,0.2140100597706862,0.0,1.279172420501709,0.2882832735776901,0.0,0.0,0.2882832735776901,0.6070985305742304,1.647173273138598,0.032664650561457,5.374007244369991,0.3317537332933366,1.8027905399132157e-06,0.0002469639478482,0.0250655438323829,0.0
covid_2020_02_25_20021568_p23_108_14_aug_0070,2020.02.25.20021568-p23-108%14_aug_0070.png,COVID,1,train,/Users/samehissa/Downloads/SS-VIRULEX-outputs/02_SVIS-RULEX/covid_ct_run/exact_sequence/outputs/augmented_train_images/COVID/2020.02.25.20021568-p23-108%14_aug_0070.png,0.3288184128796274,0.4610788059005585,0.2125936652506849,0.0768103934824466,2.23095965385437,1.7383007283110496,3.1574847711198792,3.957039252453685,41.05154737911834,0.2125936652506849,0.3649344436753381,0.0,2.23095965385437,0.5852374732494354,0.0,0.0768103934824466,0.5852374732494354,0.7131485887511282,1.4022292786546249,-0.0351483545706305,5.70880090593324,0.56631723786175,2.327247165269714e-06,0.0014628570526287,0.0407539937892101,0.0768103934824466
covid_2020_02_25_20021568_p23_108_15_aug_0071,2020.02.25.20021568-p23-108%15_aug_0071.png,COVID,1,train,/Users/samehissa/Downloads/SS-VIRULEX-outputs/02_SVIS-RULEX/covid_ct_run/exact_sequence/outputs/augmented_train_images/COVID/2020.02.25.20021568-p23-108%15_aug_0071.png,0.3021297485865943,0.454545215361291,0.2066113528078424,0.0168285656254738,2.6115996837615967,2.0307168180880364,5.063069646949364,3.876127346960852,38.13039843697167,0.2066113528078424,0.3444231667680242,0.0,2.6115996837615967,0.4646899178624153,0.0,0.0168285656254738,0.4646899178624153,0.6646843343452984,1.5044702399803984,0.0854447928552175,5.592069701129854,0.5457964252254142,2.0644959312628628e-06,0.0007499461914774,0.0401765005172335,0.0168285656254738
covid_2020_02_25_20021568_p23_108_2_aug_0072,2020.02.25.20021568-p23-108%2_aug_0072.png,COVID,1,train,/Users/samehissa/Downloads/SS-VIRULEX-outputs/02_SVIS-RULEX/covid_ct_run/exact_sequence/outputs/augmented_train_images/COVID/2020.02.25.20021568-p23-108%2_aug_0072.png,0.3143069311772706,0.4448160200914843,0.1978612917300277,0.0754778422415256,1.888324737548828,1.6267192535112365,2.214585672631566,3.930082361054642,37.971217755660966,0.1978612917300277,0.3496208936824132,0.0,1.888324737548828,0.5046021267771721,0.0,0.0754778422415256,0.5046021267771721,0.7065982572173789,1.4152281606561388,-0.0201616405452591,5.669910332394055,0.544655981988724,2.098351505861739e-06,0.0008811176685855,0.0393165530233875,0.0754778422415256
covid_2020_02_25_20021568_p23_108_3_aug_0073,2020.02.25.20021568-p23-108%3_aug_0073.png,COVID,1,train,/Users/samehissa/Downloads/SS-VIRULEX-outputs/02_SVIS-RULEX/covid_ct_run/exact_sequence/outputs/augmented_train_images/COVID/2020.02.25.20021568-p23-108%3_aug_0073.png,0.2208598693032399,0.3276800902322511,0.1073742415346162,0.0531606394797563,1.9293413162231443,2.072027261784048,5.462328529109652,3.9085337134527873,19.987625395617336,0.1073742415346162,0.2482847505674499,0.0,1.9293413162231443,0.3695569932460785,0.0,0.0531606394797563,0.3695569932460785,0.6740085891032063,1.4836560904704117,0.0682197767529163,5.638822205360997,0.3951624013026295,2.169474963330752e-06,0.0008525953684091,0.0289631017328805,0.0531606394797563
covid_2020_02_25_20021568_p23_108_4_aug_0074,2020.02.25.20021568-p23-108%4_aug_0074.png,COVID,1,train,/Users/samehissa/Downloads/SS-VIRULEX-outputs/02_SVIS-RULEX/covid_ct_run/exact_sequence/outputs/augmented_train_images/COVID/2020.02.25.20021568-p23-108%4_aug_0074.png,0.3127414650316495,0.4248162535120721,0.180468849248033,0.0650371443480253,1.664969563484192,1.3641234779366151,0.9687776568910512,3.964905732910876,35.61933736936648,0.180468849248033,0.3463812883890682,0.0,1.664969563484192,0.5488899499177933,0.0,0.0650371443480253,0.5488899499177933,0.7361788214723778,1.3583624207588862,0.1642313136078345,5.720149838278077,0.5275187894266664,2.285640280752784e-06,0.0012819708337614,0.0375488067020812,0.0650371443480253
covid_2020_02_25_20021568_p23_108_5_aug_0075,2020.02.25.20021568-p23-108%5_aug_0075.png,COVID,1,train,/Users/samehissa/Downloads/SS-VIRULEX-outputs/02_SVIS-RULEX/covid_ct_run/exact_sequence/outputs/augmented_train_images/COVID/2020.02.25.20021568-p23-108%5_aug_0075.png,0.2088260459568118,0.2990842773699204,0.0894514049698874,0.0,1.5132524967193604,1.6267225198329671,2.582749557878945,3.898265009774192,17.03164447230003,0.0894514049698874,0.2372314260026087,0.0,1.5132524967193604,0.3842003792524338,0.0,0.0,0.3842003792524338,0.6982157322927255,1.4322173079491012,0.1260978658380805,5.6240075974875285,0.364773522120019,1.9692204292016383e-06,0.0005036660703067,0.0264355650843186,0.0
covid_2020_02_25_20021568_p23_108_6_aug_0076,2020.02.25.20021568-p23-108%6_aug_0076.png,COVID,1,train,/Users/samehissa/Downloads/SS-VIRULEX-outputs/02_SVIS-RULEX/covid_ct_run/exact_sequence/outputs/augmented_train_images/COVID/2020.02.25.20021568-p23-108%6_aug_0076.png,0.2255099276808323,0.3226362020233196,0.1040941188560323,0.0217009047046303,1.587458848953247,1.591096815344852,2.270089717522512,3.9055340644262833,19.83345233134676,0.1040941188560323,0.254516346668197,0.0,1.587458848953247,0.4020286574959755,0.0,0.0217009047046303,0.4020286574959755,0.6989582300696151,1.4306962240702397,0.053267363182774,5.6344946265860525,0.3936354231248079,2.031734241133361e-06,0.0006176011530387,0.0285172807883702,0.0217009047046303
covid_2020_02_25_20021568_p23_108_7_aug_0077,2020.02.25.20021568-p23-108%7_aug_0077.png,COVID,1,train,/Users/samehissa/Downloads/SS-VIRULEX-outputs/02_SVIS-RULEX/covid_ct_run/exact_sequence/outputs/augmented_train_images/COVID/2020.02.25.20021568-p23-108%7_aug_0077.png,0.2911405612248927,0.4191142597720652,0.1756567627442861,0.0,1.6307518482208252,1.4261488043003518,1.0718175884973975,3.877443411900308,33.33370740923286,0.1756567627442861,0.3396205598401138,0.0,1.6307518482208252,0.4948316961526871,0.0,0.0,0.4948316961526871,0.6946551203676736,1.4395598401293137,-0.0200847958349255,5.593968381491494,0.5103132264939169,1.9692216737247526e-06,0.0005769661730416,0.0370448168971009,0.0
covid_2020_02_25_20021568_p23_108_8_aug_0078,2020.02.25.20021568-p23-108%8_aug_0078.png,COVID,1,train,/Users/samehissa/Downloads/SS-VIRULEX-outputs/02_SVIS-RULEX/covid_ct_run/exact_sequence/outputs/augmented_train_images/COVID/2020.02.25.20021568-p23-108%8_aug_0078.png,0.2661241216192138,0.4030831953957329,0.1624760624104346,0.0,1.7372682094573977,1.548572502277074,1.6218415471837029,3.804781328608443,29.86215814630819,0.1624760624104346,0.321773999645643,0.0,1.7372682094573977,0.4227888584136963,0.0,0.0,0.4227888584136963,0.6602196877452444,1.5146435916564085,0.0764242918061769,5.489139154265657,0.4830094310860117,1.8285605544005771e-06,0.0003461556283635,0.0356278576058331,0.0
covid_2020_02_25_20021568_p23_108_9_aug_0079,2020.02.25.20021568-p23-108%9_aug_0079.png,COVID,1,train,/Users/samehissa/Downloads/SS-VIRULEX-outputs/02_SVIS-RULEX/covid_ct_run/exact_sequence/outputs/augmented_train_images/COVID/2020.02.25.20021568-p23-108%9_aug_0079.png,0.3061200693482533,0.439177602271757,0.1928769663371696,0.0,2.091500759124756,1.5185457351737444,1.8912424744462752,3.879059351784191,36.68306728895348,0.1928769663371696,0.3543763139805378,0.0,2.091500759124756,0.5265981554985046,0.0,0.0,0.5265981554985046,0.6970286524998568,1.434657986347614,-0.0142864039227267,5.596299689948348,0.5353377094834149,1.882347920130039e-06,0.0004682828556666,0.0388181825889509,0.0
covid_2020_02_25_20021568_p24_111_0_aug_0080,2020.02.25.20021568-p24-111%0_aug_0080.png,COVID,1,train,/Users/samehissa/Downloads/SS-VIRULEX-outputs/02_SVIS-RULEX/covid_ct_run/exact_sequence/outputs/augmented_train_images/COVID/2020.02.25.20021568-p24-111%0_aug_0080.png,0.2889829189953161,0.4284134031592503,0.1835380440064904,0.0,1.8315131664276123,1.5081103675624967,1.5540438560026892,3.833876328504128,34.182293949125615,0.1835380440064904,0.3480695414834827,0.0,1.8315131664276123,0.5564557760953903,0.0,0.0,0.5564557760953903,0.6745406243680732,1.482486939534977,0.0449575190088378,5.531114366329829,0.5167680054700986,1.8823444902222805e-06,0.0004337850427208,0.037866752815639,0.0
covid_2020_02_25_20021568_p24_111_1_aug_0081,2020.02.25.20021568-p24-111%1_aug_0081.png,COVID,1,train,/Users/samehissa/Downloads/SS-VIRULEX-outputs/02_SVIS-RULEX/covid_ct_run/exact_sequence/outputs/augmented_train_images/COVID/2020.02.25.20021568-p24-111%1_aug_0081.png,0.278321420053544,0.413387699813325,0.1708893903569517,0.0153489937074482,1.746479630470276,1.5902925599991375,1.756176561099684,3.862075472606037,31.78908201184936,0.1708893903569517,0.3243281382447094,0.0,1.746479630470276,0.3935452625155449,0.0,0.0153489937074482,0.3935452625155449,0.6732680892806849,1.4852888424246928,0.130416158199989,5.571797131682965,0.4983494789979951,2.0317338824272754e-06,0.0006622467242714,0.0365386557246388,0.0153489937074482
covid_2020_02_25_20021568_p24_111_2_aug_0082,2020.02.25.20021568-p24-111%2_aug_0082.png,COVID,1,train,/Users/samehissa/Downloads/SS-VIRULEX-outputs/02_SVIS-RULEX/covid_ct_run/exact_sequence/outputs/augmented_train_images/COVID/2020.02.25.20021568-p24-111%2_aug_0082.png,0.2589398672571406,0.377641301648252,0.1426129527105861,0.0,1.568814396858215,1.5998958479809433,1.9320264254965869,3.875617976144796,26.83683936841365,0.1426129527105861,0.2957784287973481,0.0,1.568814396858215,0.3864188864827156,0.0,0.0,0.3864188864827156,0.6856749525330595,1.4584131275283108,0.2395018273229154,5.591334834379554,0.4578895145837384,1.910441452925959e-06,0.0004726312576816,0.0333790906564491,0.0
covid_2020_02_25_20021568_p24_111_3_aug_0083,2020.02.25.20021568-p24-111%3_aug_0083.png,COVID,1,train,/Users/samehissa/Downloads/SS-VIRULEX-outputs/02_SVIS-RULEX/covid_ct_run/exact_sequence/outputs/augmented_train_images/COVID/2020.02.25.20021568-p24-111%3_aug_0083.png,0.2607018343296658,0.3996280983549172,0.1597026169947674,0.0,1.6802082061767578,1.5424084346828406,1.615144345402352,3.784254376982976,29.14151211745536,0.1597026169947674,0.3257143498229879,0.0,1.6802082061767578,0.465685486793518,0.0,0.0,0.465685486793518,0.6523594888431579,1.532893312325431,0.0906465683920631,5.45952502295103,0.4771457465152759,1.8823251151430123e-06,0.0003826801781385,0.0353224672874308,0.0
covid_2020_02_25_20021568_p24_111_4_aug_0084,2020.02.25.20021568-p24-111%4_aug_0084.png,COVID,1,train,/Users/samehissa/Downloads/SS-VIRULEX-outputs/02_SVIS-RULEX/covid_ct_run/exact_sequence/outputs/augmented_train_images/COVID/2020.02.25.20021568-p24-111%4_aug_0084.png,0.3082258230715524,0.4965530817775975,0.2465649630228295,0.0,2.129232406616211,1.6480644385821848,1.821230680140471,3.718287127469594,43.72071949196358,0.2465649630228295,0.391929993947997,0.0,2.129232406616211,0.5127128809690475,0.0,0.0,0.5127128809690475,0.6207296131131276,1.611004155425116,0.1363131368736571,5.36435439921699,0.5844382953152244,1.7297246374930312e-06,0.000252634035205,0.0438895064180021,0.0
covid_2020_02_25_20021568_p24_111_5_aug_0085,2020.02.25.20021568-p24-111%5_aug_0085.png,COVID,1,train,/Users/samehissa/Downloads/SS-VIRULEX-outputs/02_SVIS-RULEX/covid_ct_run/exact_sequence/outputs/augmented_train_images/COVID/2020.02.25.20021568-p24-111%5_aug_0085.png,0.2589743300341069,0.4135999991462898,0.1710649592938109,0.0,1.977938532829285,1.8217521395565683,3.0840112906033488,3.745641093141282,30.48098085253446,0.1710649592938109,0.3218885252645123,0.0,1.977938532829285,0.4404120594263077,0.0,0.0,0.4404120594263077,0.6261453201724697,1.5970694821058853,-0.0463954726555177,5.403817829840179,0.4879883839912846,1.753415325212762e-06,0.0002573074677817,0.0365574205118864,0.0
covid_2020_02_25_20021568_p24_111_6_aug_0086,2020.02.25.20021568-p24-111%6_aug_0086.png,COVID,1,train,/Users/samehissa/Downloads/SS-VIRULEX-outputs/02_SVIS-RULEX/covid_ct_run/exact_sequence/outputs/augmented_train_images/COVID/2020.02.25.20021568-p24-111%6_aug_0086.png,0.2356317620142363,0.3487735840551103,0.121643012934647,0.0190696790814399,1.532864332199097,1.792497646431223,2.8993707964173803,3.8842719111366737,22.67716354618634,0.121643012934647,0.2669855561243821,0.0,1.532864332199097,0.3798926994204521,0.0,0.0190696790814399,0.3798926994204521,0.6755990051643324,1.4801637142366155,0.0140483458539703,5.603819823476512,0.4209101331692797,2.031733833813571e-06,0.0006244934665547,0.030827520798013,0.0190696790814399
covid_2020_02_25_20021568_p24_111_7_aug_0087,2020.02.25.20021568-p24-111%7_aug_0087.png,COVID,1,train,/Users/samehissa/Downloads/SS-VIRULEX-outputs/02_SVIS-RULEX/covid_ct_run/exact_sequence/outputs/augmented_train_images/COVID/2020.02.25.20021568-p24-111%7_aug_0087.png,0.4304801949765533,0.6116747840640736,0.3741460414598311,0.1165757924318313,2.7218246459960938,1.557968278935134,1.716855986547034,3.9299534677470698,71.61078268504095,0.3741460414598311,0.4823531532165361,0.0,2.7218246459960938,0.6264059096574783,0.0,0.1165757924318313,0.6264059096574783,0.7037718448102894,1.4209127184059869,-0.0549143158909074,5.669724378658421,0.7479700794329158,2.206886942895516e-06,0.0013321097309621,0.0540649234615654,0.1165757924318313
covid_2020_02_25_20021568_p24_111_8_aug_0088,2020.02.25.20021568-p24-111%8_aug_0088.png,COVID,1,train,/Users/samehissa/Downloads/SS-VIRULEX-outputs/02_SVIS-RULEX/covid_ct_run/exact_sequence/outputs/augmented_train_images/COVID/2020.02.25.20021568-p24-111%8_aug_0088.png,0.3102676731941756,0.5109848123336987,0.2611054784357053,0.0,2.163599967956543,1.808666332348056,2.528194801627317,3.716705074336317,45.74355295552424,0.2611054784357053,0.3912708893317358,0.0,2.163599967956543,0.4503712505102157,0.0,0.0,0.4503712505102157,0.6071943011043046,1.6469160550087596,0.0130140108893957,5.3620719790071885,0.5978055766426348,1.8285617109046375e-06,0.0003499635360378,0.0451651032355617,0.0
covid_2020_02_25_20021568_p24_111_9_aug_0089,2020.02.25.20021568-p24-111%9_aug_0089.png,COVID,1,train,/Users/samehissa/Downloads/SS-VIRULEX-outputs/02_SVIS-RULEX/covid_ct_run/exact_sequence/outputs/augmented_train_images/COVID/2020.02.25.20021568-p24-111%9_aug_0089.png,0.2637969182324013,0.3831304558448804,0.1467889461959058,0.0,1.793537139892578,1.542863344338076,2.1741916162181045,3.8580361001303216,27.69635331389672,0.1467889461959058,0.3119263247567687,0.0,1.793537139892578,0.4942364394664764,0.0,0.0,0.4942364394664764,0.688528478171225,1.452368960229277,0.1181877873962518,5.565969549043947,0.4651642293478918,1.9104307782689546e-06,0.0004475753439291,0.033864267925876,0.0
covid_2020_02_25_20027763_p15_53_0_aug_0090,2020.02.25.20027763-p15-53%0_aug_0090.png,COVID,1,train,/Users/samehissa/Downloads/SS-VIRULEX-outputs/02_SVIS-RULEX/covid_ct_run/exact_sequence/outputs/augmented_train_images/COVID/2020.02.25.20027763-p15-53%0_aug_0090.png,0.1571620434478973,0.2912265765657144,0.0848129188981859,0.0,1.563819408416748,2.728817318248632,8.651485307955099,3.612885612059416,14.017641830259803,0.0848129188981859,0.2042690810307021,0.0,1.563819408416748,0.2478204518556594,0.0,0.0,0.2478204518556594,0.5396537144635212,1.8530337871450653,0.0157649137919067,5.212292155632543,0.3309272228132716,1.706655033789414e-06,0.0001682492047429,0.0257410358939199,0.0
covid_2020_02_25_20027763_p15_53_1_aug_0091,2020.02.25.20027763-p15-53%1_aug_0091.png,COVID,1,train,/Users/samehissa/Downloads/SS-VIRULEX-outputs/02_SVIS-RULEX/covid_ct_run/exact_sequence/outputs/augmented_train_images/COVID/2020.02.25.20027763-p15-53%1_aug_0091.png,0.2816563743544975,0.3967541798815095,0.1574138792534492,0.0428653750568628,2.1482248306274414,1.7646285649106823,3.768824662088989,3.9386411473955056,30.303256635900173,0.1574138792534492,0.3128085536563958,0.0,2.1482248306274414,0.4972720891237259,0.0,0.0428653750568628,0.4972720891237259,0.7098996777776508,1.4086461944658422,0.0529819186175152,5.68225805100405,0.48656365715903,2.169476775851325e-06,0.0009674463438906,0.0350684463822903,0.0428653750568628
covid_2020_02_26_20026989_p34_114_1_0_aug_0092,2020.02.26.20026989-p34-114_1%0_aug_0092.png,COVID,1,train,/Users/samehissa/Downloads/SS-VIRULEX-outputs/02_SVIS-RULEX/covid_ct_run/exact_sequence/outputs/augmented_train_images/COVID/2020.02.26.20026989-p34-114_1%0_aug_0092.png,0.1982980712200515,0.2994939640541376,0.0896966345048611,0.0,1.265715718269348,1.4241795230633232,1.0738817890536607,3.791772740723224,16.514401222970076,0.0896966345048611,0.2485512759758421,0.0,1.265715718269348,0.4031848385930061,0.0,0.0,0.4031848385930061,0.6621081988684342,1.5103221237174262,0.0664489669576297,5.470371729034685,0.3591918144313059,1.855059310471327e-06,0.0003207873297616,0.0264717766133901,0.0
covid_2020_02_26_20026989_p34_114_1_1_aug_0093,2020.02.26.20026989-p34-114_1%1_aug_0093.png,COVID,1,train,/Users/samehissa/Downloads/SS-VIRULEX-outputs/02_SVIS-RULEX/covid_ct_run/exact_sequence/outputs/augmented_train_images/COVID/2020.02.26.20026989-p34-114_1%1_aug_0093.png,0.2639219529228285,0.3756710599511464,0.1411287452848179,0.0,1.5198692083358765,1.4616133640091162,1.3019718581300337,3.894610494577428,26.98029344248545,0.1411287452848179,0.2988754523721582,0.0,1.5198692083358765,0.4349738135933876,0.0,0.0,0.4349738135933876,0.7025328233277442,1.4234172481324194,0.0322031278407712,5.618735246536305,0.4591116885022833,1.939385843050724e-06,0.0005180007399528,0.0332049442483742,0.0
covid_2020_02_26_20026989_p34_114_2_0_aug_0094,2020.02.26.20026989-p34-114_2%0_aug_0094.png,COVID,1,train,/Users/samehissa/Downloads/SS-VIRULEX-outputs/02_SVIS-RULEX/covid_ct_run/exact_sequence/outputs/augmented_train_images/COVID/2020.02.26.20026989-p34-114_2%0_aug_0094.png,0.2709837327711284,0.3558301368566079,0.1266150862953923,0.0501477010548114,1.384216547012329,1.289035062705972,0.8965051756310709,3.9901288677004256,25.60605052441173,0.1266150862953923,0.2922905505693052,0.0,1.384216547012329,0.4773280471563339,0.0,0.0501477010548114,0.4773280471563339,0.7615514908700328,1.313105156600453,-0.1161671887011469,5.756539129754636,0.4472664415334182,2.169475683856192e-06,0.0009760124602041,0.0314512378402305,0.0501477010548114
covid_2020_02_26_20026989_p34_114_2_1_aug_0095,2020.02.26.20026989-p34-114_2%1_aug_0095.png,COVID,1,train,/Users/samehissa/Downloads/SS-VIRULEX-outputs/02_SVIS-RULEX/covid_ct_run/exact_sequence/outputs/augmented_train_images/COVID/2020.02.26.20026989-p34-114_2%1_aug_0095.png,0.2675433992371836,0.4477216964486151,0.2004547174708258,0.0,1.8183391094207764,1.7413345310149932,1.9905350989313255,3.6890030924966286,34.82037605711525,0.2004547174708258,0.3444379019148869,0.0,1.8183391094207764,0.3549987450242042,0.0,0.0,0.3549987450242042,0.5975649690296401,1.6734544665469362,0.0484879657142451,5.322106467184272,0.5215689675835908,1.910371385086212e-06,0.0003855893893781,0.039573380955395,0.0
covid_2020_02_26_20027938_p6_80_1_0_aug_0096,2020.02.26.20027938-p6-80_1%0_aug_0096.png,COVID,1,train,/Users/samehissa/Downloads/SS-VIRULEX-outputs/02_SVIS-RULEX/covid_ct_run/exact_sequence/outputs/augmented_train_images/COVID/2020.02.26.20027938-p6-80_1%0_aug_0096.png,0.3168577392934821,0.4354561628317912,0.1896220697481875,0.0103765465319156,1.9652940034866333,1.4551336381688558,1.519168046963287,3.942219674782812,37.12267477739057,0.1896220697481875,0.3482768451767697,0.0,1.9652940034866333,0.5105952173471451,0.0,0.0103765465319156,0.5105952173471451,0.7276438794414279,1.3742954923643511,0.0670747385231458,5.687420774719403,0.5385358824612932,1.999992923622619e-06,0.0006937283418256,0.0384892507059791,0.0103765465319156
covid_2020_02_26_20027938_p6_80_1_1_aug_0097,2020.02.26.20027938-p6-80_1%1_aug_0097.png,COVID,1,train,/Users/samehissa/Downloads/SS-VIRULEX-outputs/02_SVIS-RULEX/covid_ct_run/exact_sequence/outputs/augmented_train_images/COVID/2020.02.26.20027938-p6-80_1%1_aug_0097.png,0.3064584610110614,0.4923335679883033,0.2423923421680932,0.0,2.124367475509644,1.8279640340372048,2.73904296642994,3.7506097695442095,43.04756870315027,0.2423923421680932,0.3731562217758437,0.0,2.124367475509644,0.4384678825736046,0.0,0.0,0.4384678825736046,0.622459768086693,1.6065262690545614,0.0820336149968127,5.410986114646467,0.5799216589276188,1.75342065954157e-06,0.000285949319893,0.0435165505662871,0.0
covid_2020_02_26_20027938_p6_80_2_0_aug_0098,2020.02.26.20027938-p6-80_2%0_aug_0098.png,COVID,1,train,/Users/samehissa/Downloads/SS-VIRULEX-outputs/02_SVIS-RULEX/covid_ct_run/exact_sequence/outputs/augmented_train_images/COVID/2020.02.26.20027938-p6-80_2%0_aug_0098.png,0.2674098351271823,0.3869282251419707,0.1497134514115156,0.0138722732663154,1.870526671409607,1.639624453630394,2.386426751380885,3.8923610559087862,28.316348330785583,0.1497134514115156,0.3034608248617587,0.0,1.870526671409607,0.4486942291259765,0.0,0.0138722732663154,0.4486942291259765,0.6911078764574199,1.4469483703093586,-0.0286434067178765,5.615489992524273,0.470341866448504,1.999990561368832e-06,0.0006139108231482,0.0341999464787953,0.0138722732663154
covid_2020_02_26_20027938_p6_80_2_1_aug_0099,2020.02.26.20027938-p6-80_2%1_aug_0099.png,COVID,1,train,/Users/samehissa/Downloads/SS-VIRULEX-outputs/02_SVIS-RULEX/covid_ct_run/exact_sequence/outputs/augmented_train_images/COVID/2020.02.26.20027938-p6-80_2%1_aug_0099.png,0.2011922062447411,0.2752063645191646,0.0757385430718553,0.0225659515708684,1.0752947330474854,1.300660730081368,0.7147763905923625,3.935576580059081,14.875756406461663,0.0757385430718553,0.2265408737313237,0.0,1.0752947330474854,0.3440348729491234,0.0,0.0225659515708684,0.3440348729491234,0.7310567673080227,1.367877859962372,0.0134418341369956,5.677836814905318,0.3409059209305138,2.098255611343755e-06,0.0006562327035011,0.0243250358221497,0.0225659515708684
covid_2020_02_26_20027938_p6_80_3_0_aug_0100,2020.02.26.20027938-p6-80_3%0_aug_0100.png,COVID,1,train,/Users/samehissa/Downloads/SS-VIRULEX-outputs/02_SVIS-RULEX/covid_ct_run/exact_sequence/outputs/augmented_train_images/COVID/2020.02.26.20027938-p6-80_3%0_aug_0100.png,0.2860258332220837,0.3905848498641832,0.1525565249434265,0.0076264664530754,1.6517906188964844,1.324833612859004,1.014068454268804,3.935788024247653,29.999014683368166,0.1525565249434265,0.3222851219125004,0.0,1.6517906188964844,0.5398721247911453,0.0,0.0076264664530754,0.5398721247911453,0.7322995272909717,1.3655579479106523,0.0269330622263596,5.678141864387596,0.4841149679712597,1.999991455207729e-06,0.0006508325125131,0.0345231494959616,0.0076264664530754
covid_2020_02_26_20027938_p6_80_3_1_aug_0101,2020.02.26.20027938-p6-80_3%1_aug_0101.png,COVID,1,train,/Users/samehissa/Downloads/SS-VIRULEX-outputs/02_SVIS-RULEX/covid_ct_run/exact_sequence/outputs/augmented_train_images/COVID/2020.02.26.20027938-p6-80_3%1_aug_0101.png,0.2653610325360205,0.4040927713457489,0.1632909678538877,0.0,1.6664313077926636,1.66828887411505,2.1727026402288345,3.809136428784538,29.914553016636248,0.1632909678538877,0.3174717053620952,0.0,1.6664313077926636,0.4584416598081589,0.0,0.0,0.4584416598081589,0.6566818183123477,1.5228037345343717,0.1096741961304173,5.495422235692288,0.483432979266486,1.7777735347829524e-06,0.0003030338407494,0.0357170923558805,0.0
covid_2020_02_27_20027557_p25_137_0_aug_0102,2020.02.27.20027557-p25-137%0_aug_0102.png,COVID,1,train,/Users/samehissa/Downloads/SS-VIRULEX-outputs/02_SVIS-RULEX/covid_ct_run/exact_sequence/outputs/augmented_train_images/COVID/2020.02.27.20027557-p25-137%0_aug_0102.png,0.3670671135914745,0.5472964166097566,0.2995333676338803,0.0,2.706361055374145,1.668056678341424,2.5573472630535177,3.835100869325597,55.586769089824855,0.2995333676338803,0.4346571408166255,0.0,2.706361055374145,0.610078364610672,0.0,0.0,0.610078364610672,0.6706903823249855,1.490998229873754,0.1101192779478439,5.532881005300329,0.6589928933715876,1.8550622257792457e-06,0.0004418498171676,0.048374625937982,0.0
covid_2020_02_27_20027557_p25_137_1_aug_0103,2020.02.27.20027557-p25-137%1_aug_0103.png,COVID,1,train,/Users/samehissa/Downloads/SS-VIRULEX-outputs/02_SVIS-RULEX/covid_ct_run/exact_sequence/outputs/augmented_train_images/COVID/2020.02.27.20027557-p25-137%1_aug_0103.png,0.370240225631278,0.5582364716792403,0.3116279583128872,0.0,2.284440279006958,1.4432550217142632,1.0873112047736706,3.798111339000496,57.434340222513526,0.3116279583128872,0.4575240833646603,0.0,2.284440279006958,0.6614646166563034,0.0,0.0,0.6614646166563034,0.6632306937718715,1.5077682894326767,-0.0075631768861393,5.479516393335494,0.6698550462513415,1.882332808430108e-06,0.0004508769785114,0.0493415993287553,0.0
covid_2020_02_27_20027557_p25_137_2_aug_0104,2020.02.27.20027557-p25-137%2_aug_0104.png,COVID,1,train,/Users/samehissa/Downloads/SS-VIRULEX-outputs/02_SVIS-RULEX/covid_ct_run/exact_sequence/outputs/augmented_train_images/COVID/2020.02.27.20027557-p25-137%2_aug_0104.png,0.3535263393205241,0.565548827773005,0.31984547659542,0.0,2.4353084564208984,1.7599238252322444,2.4346103756664457,3.748135303604081,56.93777269616517,0.31984547659542,0.4378094694029641,0.0,2.4353084564208984,0.6044515371322632,0.0,0.0,0.6044515371322632,0.6251020192378507,1.5997360447314537,0.0770439862297735,5.407416214905795,0.6669530337203591,1.777771717822791e-06,0.0003243836553244,0.0499879264012993,0.0
covid_2020_02_27_20027557_p25_137_3_aug_0105,2020.02.27.20027557-p25-137%3_aug_0105.png,COVID,1,train,/Users/samehissa/Downloads/SS-VIRULEX-outputs/02_SVIS-RULEX/covid_ct_run/exact_sequence/outputs/augmented_train_images/COVID/2020.02.27.20027557-p25-137%3_aug_0105.png,0.2630989352473989,0.3800948239839461,0.144472075219387,0.0,1.2516430616378784,1.2739475090671295,0.2443580969452177,3.849050010654314,27.35271999330585,0.144472075219387,0.3109158166025736,0.0,1.2516430616378784,0.429843932390213,0.0,0.0,0.429843932390213,0.6921910703720631,1.4446840068985185,-0.0057813245495998,5.553005362319928,0.4622695371184456,1.8285664138445075e-06,0.0003618843464492,0.0335959534416194,0.0
covid_2020_02_27_20027557_p25_137_4_aug_0106,2020.02.27.20027557-p25-137%4_aug_0106.png,COVID,1,train,/Users/samehissa/Downloads/SS-VIRULEX-outputs/02_SVIS-RULEX/covid_ct_run/exact_sequence/outputs/augmented_train_images/COVID/2020.02.27.20027557-p25-137%4_aug_0106.png,0.3515374105481896,0.5572776665007891,0.3105583975805648,0.0,2.374408006668091,1.6535658267767808,1.9088373556220208,3.751986592380769,55.56952942022288,0.3105583975805648,0.4409728560735857,0.0,2.374408006668091,0.6201848387718201,0.0,0.0,0.6201848387718201,0.6308108163471063,1.5852584953384246,0.1466894111851464,5.412972450124953,0.6588906954840774,1.8028109948020752e-06,0.0003517913554188,0.0492568521233154,0.0
covid_2020_02_28_20029025_p23_182_aug_0107,2020.02.28.20029025-p23-182_aug_0107.png,COVID,1,train,/Users/samehissa/Downloads/SS-VIRULEX-outputs/02_SVIS-RULEX/covid_ct_run/exact_sequence/outputs/augmented_train_images/COVID/2020.02.28.20029025-p23-182_aug_0107.png,0.2135206832390395,0.3459477042106615,0.1196798140486273,0.0,1.8195233345031736,1.888582374499536,3.5876354894155824,3.734361497706352,21.15467471609518,0.1196798140486273,0.2654939383053261,0.0,1.8195233345031736,0.3804715424776077,0.0,0.0,0.3804715424776077,0.6172033039586658,1.6202069933588965,-0.0955787515088033,5.3875448134429735,0.4065352336753772,1.7777606434908285e-06,0.0002533709150458,0.0305777459479095,0.0
covid_2020_02_28_20029025_p23_183_aug_0108,2020.02.28.20029025-p23-183_aug_0108.png,COVID,1,train,/Users/samehissa/Downloads/SS-VIRULEX-outputs/02_SVIS-RULEX/covid_ct_run/exact_sequence/outputs/augmented_train_images/COVID/2020.02.28.20029025-p23-183_aug_0108.png,0.1422433253319468,0.2314499323821126,0.0535690711996845,0.0,1.0138548612594604,1.6288611478581063,1.9785600517070876,3.672068639684316,9.446686054550348,0.0535690711996845,0.1879107433060198,0.0,1.0138548612594604,0.2450120225548744,0.0,0.0,0.2450120225548744,0.614572271833025,1.6271408998769423,0.1153063336665888,5.297675216091779,0.2716656673213871,1.5999899534129614e-06,0.0001093466667459,0.0204574770865699,0.0
covid_2020_03_01_20029769_p21_73_1_0_aug_0109,2020.03.01.20029769-p21-73_1%0_aug_0109.png,COVID,1,train,/Users/samehissa/Downloads/SS-VIRULEX-outputs/02_SVIS-RULEX/covid_ct_run/exact_sequence/outputs/augmented_train_images/COVID/2020.03.01.20029769-p21-73_1%0_aug_0109.png,0.3132342553053604,0.4884955864053049,0.2386279379374627,0.0,2.1969082355499268,1.6239252256879098,1.8387499522233317,3.773789722504182,43.1031854891733,0.2386279379374627,0.385419303649769,0.0,2.1969082355499268,0.5041913837194443,0.0,0.0,0.5041913837194443,0.6412209706732125,1.559521598073904,0.1534710599207418,5.444427717829859,0.5802961628635558,1.8549062051289696e-06,0.0003785084934179,0.0431773177158612,0.0
covid_2020_03_01_20029769_p21_73_1_1_aug_0110,2020.03.01.20029769-p21-73_1%1_aug_0110.png,COVID,1,train,/Users/samehissa/Downloads/SS-VIRULEX-outputs/02_SVIS-RULEX/covid_ct_run/exact_sequence/outputs/augmented_train_images/COVID/2020.03.01.20029769-p21-73_1%1_aug_0110.png,0.2732304371893406,0.3652190842251663,0.1333849794822691,0.0290011586621403,1.4058144092559814,1.2548183979570962,0.6826736040198296,3.959590128596044,26.629100964985263,0.1333849794822691,0.3042886551702395,0.0,1.4058144092559814,0.5005017295479774,0.0,0.0290011586621403,0.5005017295479774,0.7481254426875602,1.3366705700217445,0.1043032739725434,5.71248104229374,0.4561138578128791,2.064505075441383e-06,0.0007560505170327,0.0322811113842944,0.0290011586621403
covid_2020_03_01_20029769_p21_73_1_2_aug_0111,2020.03.01.20029769-p21-73_1%2_aug_0111.png,COVID,1,train,/Users/samehissa/Downloads/SS-VIRULEX-outputs/02_SVIS-RULEX/covid_ct_run/exact_sequence/outputs/augmented_train_images/COVID/2020.03.01.20029769-p21-73_1%2_aug_0111.png,0.3351069307973375,0.4444312949677946,0.1975191759467508,0.0729128196835517,1.8466147184371948,1.2820848132685347,0.7926208548901919,3.9834974584391887,39.65642636994079,0.1975191759467508,0.3676836600591286,0.0,1.8466147184371948,0.605866864323616,0.0,0.0729128196835517,0.605866864323616,0.754011206187482,1.3262372518238756,0.1306293513843176,5.7469720284993455,0.5566110230808966,2.2455995323845938e-06,0.0012836419076475,0.0392825478054057,0.0729128196835517
covid_2020_03_01_20029769_p21_73_2_0_aug_0112,2020.03.01.20029769-p21-73_2%0_aug_0112.png,COVID,1,train,/Users/samehissa/Downloads/SS-VIRULEX-outputs/02_SVIS-RULEX/covid_ct_run/exact_sequence/outputs/augmented_train_images/COVID/2020.03.01.20029769-p21-73_2%0_aug_0112.png,0.3507420650566928,0.4674838506344702,0.2185411506040316,0.095568299293518,1.9180212020874023,1.4141657449390208,1.3361929857017405,3.993185572227072,43.71982679094592,0.2185411506040316,0.3733207707946349,0.0,1.9180212020874023,0.5978377163410187,0.0,0.095568299293518,0.5978377163410187,0.7502747192356413,1.332842271310992,0.0782167586112895,5.760949022216689,0.5844323286782354,2.245597184803788e-06,0.0013363238287073,0.0413201251098541,0.095568299293518
covid_2020_03_01_20029769_p21_73_2_1_aug_0113,2020.03.01.20029769-p21-73_2%1_aug_0113.png,COVID,1,train,/Users/samehissa/Downloads/SS-VIRULEX-outputs/02_SVIS-RULEX/covid_ct_run/exact_sequence/outputs/augmented_train_images/COVID/2020.03.01.20029769-p21-73_2%1_aug_0113.png,0.2522107084078016,0.3357357576316346,0.1127184989524877,0.0583519414067268,1.4510308504104614,1.4414576710548503,1.762106492658761,3.986549378960701,22.57007876967076,0.1127184989524877,0.2725582443865733,0.0,1.4510308504104614,0.4204569980502128,0.0,0.0583519414067268,0.4204569980502128,0.75121565534544,1.331171700643181,0.0759275260427867,5.751375019100918,0.4199151585595033,2.1694712968542003e-06,0.0009409376146699,0.0296751288635165,0.0583519414067268
covid_2020_03_01_20029769_p21_73_2_2_aug_0114,2020.03.01.20029769-p21-73_2%2_aug_0114.png,COVID,1,train,/Users/samehissa/Downloads/SS-VIRULEX-outputs/02_SVIS-RULEX/covid_ct_run/exact_sequence/outputs/augmented_train_images/COVID/2020.03.01.20029769-p21-73_2%2_aug_0114.png,0.1952925874502398,0.3113102159054776,0.0969140505271151,0.0,1.3091821670532229,1.6812335409222114,2.093292419541389,3.736705920901385,17.286815390735956,0.0969140505271151,0.2448941701932199,0.0,1.3091821670532229,0.2967698648571968,0.0,0.0,0.2967698648571968,0.6273226837722925,1.594070824550875,0.1183892935500153,5.390927101160191,0.3674959118685875,1.7066614151220325e-06,0.0001978177516216,0.0275161955899264,0.0
covid_2020_03_01_20029769_p21_73_3_aug_0115,2020.03.01.20029769-p21-73_3_aug_0115.png,COVID,1,train,/Users/samehissa/Downloads/SS-VIRULEX-outputs/02_SVIS-RULEX/covid_ct_run/exact_sequence/outputs/augmented_train_images/COVID/2020.03.01.20029769-p21-73_3_aug_0115.png,0.2791927255475457,0.4091566552717822,0.167409168553192,0.0111588482977822,1.49665629863739,1.4262931131586465,0.8744195680284723,3.8617430961058266,31.405791558637976,0.167409168553192,0.3264541127979612,0.0,1.49665629863739,0.4015294536948204,0.0,0.0111588482977822,0.4015294536948204,0.6823597748943313,1.4654989827165252,0.1004611548345275,5.571317613754403,0.4953359935961238,2.0317226369676355e-06,0.0006476742879609,0.0361646806887854,0.0111588482977822
covid_2020_03_01_20029769_p21_73_4_aug_0116,2020.03.01.20029769-p21-73_4_aug_0116.png,COVID,1,train,/Users/samehissa/Downloads/SS-VIRULEX-outputs/02_SVIS-RULEX/covid_ct_run/exact_sequence/outputs/augmented_train_images/COVID/2020.03.01.20029769-p21-73_4_aug_0116.png,0.3322727255581412,0.4682215597218297,0.2192314289883429,0.0117942560464143,1.8882248401641848,1.4445268225272836,1.239284825042633,3.912142702619864,42.19348392168688,0.2192314289883429,0.3737289836240052,0.0,1.8882248401641848,0.547701820731163,0.0,0.0117942560464143,0.547701820731163,0.7096469801787081,1.4091483402236098,0.0709195141601858,5.644028876134961,0.5741398724511116,1.9999925426864022e-06,0.0006931040374083,0.0413853299971309,0.0117942560464143
covid_2020_03_03_20030353_p17_106_0_aug_0117,2020.03.03.20030353-p17-106%0_aug_0117.png,COVID,1,train,/Users/samehissa/Downloads/SS-VIRULEX-outputs/02_SVIS-RULEX/covid_ct_run/exact_sequence/outputs/augmented_train_images/COVID/2020.03.03.20030353-p17-106%0_aug_0117.png,0.3555329267146589,0.476129719928806,0.2266995101994832,0.036670234054327,1.9194073677062988,1.1627154626574596,0.2535273562932949,3.947521865730323,45.19720603875511,0.2266995101994832,0.4016069604110157,0.0,1.9194073677062988,0.686982199549675,0.0,0.036670234054327,0.686982199549675,0.746712849714508,1.3392000688333847,0.0759003382376583,5.695070219305223,0.594224849848754,2.098322301467044e-06,0.0008968312440206,0.0420843192107637,0.036670234054327
covid_2020_03_03_20030353_p17_106_1_aug_0118,2020.03.03.20030353-p17-106%1_aug_0118.png,COVID,1,train,/Users/samehissa/Downloads/SS-VIRULEX-outputs/02_SVIS-RULEX/covid_ct_run/exact_sequence/outputs/augmented_train_images/COVID/2020.03.03.20030353-p17-106%1_aug_0118.png,0.3675192640221212,0.5051259601833583,0.2551522356511597,0.0,2.50783634185791,1.4166228107596197,1.7362100592487018,3.9254496927779785,49.94849857005072,0.2551522356511597,0.4178944149243762,0.0,2.50783634185791,0.6898215860128403,0.0,0.0,0.6898215860128403,0.7275780011597752,1.3744203627730232,0.1387997905964266,5.66322680484523,0.6246780331326861,1.9692236328377883e-06,0.0006663785459149,0.0446472489748773,0.0
covid_2020_03_03_20030353_p17_106_2_aug_0119,2020.03.03.20030353-p17-106%2_aug_0119.png,COVID,1,train,/Users/samehissa/Downloads/SS-VIRULEX-outputs/02_SVIS-RULEX/covid_ct_run/exact_sequence/outputs/augmented_train_images/COVID/2020.03.03.20030353-p17-106%2_aug_0119.png,0.3159443852055119,0.437430681156369,0.1913456008169249,0.048316340893507,2.186528205871582,1.5258377214553167,2.169503843109424,3.94175827982139,37.26930628605617,0.1913456008169249,0.3543296197838117,0.0,2.186528205871582,0.582255482673645,0.0,0.048316340893507,0.582255482673645,0.7222713827455288,1.3845179773390626,-0.0332981091729319,5.686755122496666,0.5395984204571154,2.13278835185063e-06,0.0009113023441001,0.0386637751180898,0.048316340893507
covid_2020_03_03_20030775_p10_88_0_aug_0120,2020.03.03.20030775-p10-88%0_aug_0120.png,COVID,1,train,/Users/samehissa/Downloads/SS-VIRULEX-outputs/02_SVIS-RULEX/covid_ct_run/exact_sequence/outputs/augmented_train_images/COVID/2020.03.03.20030775-p10-88%0_aug_0120.png,0.281221932702465,0.3791180277878092,0.1437304789937181,0.0,1.4531835317611694,1.1894202190010676,0.4140107351809443,3.930015772377107,28.520480566608363,0.1437304789937181,0.3199939976116184,0.0,1.4531835317611694,0.5024831295013428,0.0,0.0,0.5024831295013428,0.7417774157720812,1.348109744302622,0.0063640845533904,5.669814265239198,0.4720341665882119,1.910442232272376e-06,0.0005025300448804,0.0335096160398537,0.0
covid_2020_03_03_20030775_p10_88_1_aug_0121,2020.03.03.20030775-p10-88%1_aug_0121.png,COVID,1,train,/Users/samehissa/Downloads/SS-VIRULEX-outputs/02_SVIS-RULEX/covid_ct_run/exact_sequence/outputs/augmented_train_images/COVID/2020.03.03.20030775-p10-88%1_aug_0121.png,0.2585733772366438,0.3283278826021892,0.1077991984940369,0.1129216291010379,1.4852949380874634,1.3358163517020996,1.1209543410082778,4.059395381724281,22.35640190842889,0.1077991984940369,0.2656999017277854,0.0,1.4852949380874634,0.4300214648246765,0.0,0.1129216291010379,0.4300214648246765,0.7875438042102963,1.2697667722447183,-0.0074073776860618,5.856469586036516,0.4179227080568854,2.461492224541277e-06,0.0017815885414118,0.0290203590300785,0.1129216291010379
covid_2020_03_03_20030775_p11_91_aug_0122,2020.03.03.20030775-p11-91_aug_0122.png,COVID,1,train,/Users/samehissa/Downloads/SS-VIRULEX-outputs/02_SVIS-RULEX/covid_ct_run/exact_sequence/outputs/augmented_train_images/COVID/2020.03.03.20030775-p11-91_aug_0122.png,0.2883886104100384,0.4306519920204049,0.1854611382311428,0.0,2.035922050476074,1.7146341606487376,2.817795468000412,3.8478820708067514,34.3845284922081,0.1854611382311428,0.3435177897226822,0.0,2.035922050476074,0.492230124771595,0.0,0.0,0.492230124771595,0.6696542593540699,1.493304438785196,0.0194360254822741,5.551320381293792,0.5182944422289089,1.9692187475663915e-06,0.0005583143552915,0.0380646179861404,0.0
covid_2020_03_03_20030775_p12_93_0_aug_0123,2020.03.03.20030775-p12-93%0_aug_0123.png,COVID,1,train,/Users/samehissa/Downloads/SS-VIRULEX-outputs/02_SVIS-RULEX/covid_ct_run/exact_sequence/outputs/augmented_train_images/COVID/2020.03.03.20030775-p12-93%0_aug_0123.png,0.2907127557582498,0.424079801302832,0.1798436778730494,0.0857467986643314,1.7500226497650146,1.7393480944884938,2.4198546835365367,3.924136767027002,33.83777078190148,0.1798436778730494,0.3256313163001181,0.0,1.7500226497650146,0.4929329305887222,0.0,0.0857467986643314,0.4929329305887222,0.6855126543459219,1.4587588363528403,0.0210496614326262,5.661332653375243,0.5141571590803782,2.461389188942717e-06,0.0016338094027642,0.0374837129081845,0.0857467986643314
covid_2020_03_03_20030775_p12_93_1_aug_0124,2020.03.03.20030775-p12-93%1_aug_0124.png,COVID,1,train,/Users/samehissa/Downloads/SS-VIRULEX-outputs/02_SVIS-RULEX/covid_ct_run/exact_sequence/outputs/augmented_train_images/COVID/2020.03.03.20030775-p12-93%1_aug_0124.png,0.2490882574347779,0.3527709225389941,0.124447323789013,0.0291032176464796,1.858947277069092,1.7627409890009311,3.454352618902589,3.932132264255932,23.871012323956123,0.124447323789013,0.2753686002415634,0.0,1.858947277069092,0.4472934603691101,0.0,0.0291032176464796,0.4472934603691101,0.7060886695347603,1.4162487070726923,-0.0649349182930039,5.672867717576862,0.4318475237637785,2.0983474285343274e-06,0.0007739333491106,0.0311808389415946,0.0291032176464796
covid_2020_03_04_20026005_p12_1946_0_aug_0125,2020.03.04.20026005-p12-1946%0_aug_0125.png,COVID,1,train,/Users/samehissa/Downloads/SS-VIRULEX-outputs/02_SVIS-RULEX/covid_ct_run/exact_sequence/outputs/augmented_train_images/COVID/2020.03.04.20026005-p12-1946%0_aug_0125.png,0.2723146309435833,0.3790770192228448,0.1436993865028771,0.0910116136074066,1.6206741333007812,1.5276518306830855,1.5562147642367543,3.9614664539521782,27.88539452528859,0.1436993865028771,0.2987698730094053,0.0,1.6206741333007812,0.4374262392520904,0.0,0.0910116136074066,0.4374262392520904,0.718360382651204,1.392055277784101,-0.0348392607742146,5.715188007580132,0.4667490168482598,2.327249582666341e-06,0.0013421921687912,0.0335059913605571,0.0910116136074066
covid_2020_03_04_20026005_p12_1946_1_aug_0126,2020.03.04.20026005-p12-1946%1_aug_0126.png,COVID,1,train,/Users/samehissa/Downloads/SS-VIRULEX-outputs/02_SVIS-RULEX/covid_ct_run/exact_sequence/outputs/augmented_train_images/COVID/2020.03.04.20026005-p12-1946%1_aug_0126.png,0.2842945022275671,0.3863633770182861,0.1492766591009743,0.0804187916219234,1.57693612575531,1.417470997063506,1.3286341247254043,3.958412263728384,29.45280295651769,0.1492766591009743,0.3121655906925298,0.0,1.57693612575531,0.5097334533929825,0.0,0.0804187916219234,0.5097334533929825,0.7358196540311785,1.3590251446685264,-0.1437325816299583,5.710781742490332,0.4796874222843397,2.031739507006856e-06,0.0007301402637057,0.0341500204864706,0.0804187916219234
covid_2020_03_04_20026005_p12_1946_2_aug_0127,2020.03.04.20026005-p12-1946%2_aug_0127.png,COVID,1,train,/Users/samehissa/Downloads/SS-VIRULEX-outputs/02_SVIS-RULEX/covid_ct_run/exact_sequence/outputs/augmented_train_images/COVID/2020.03.04.20026005-p12-1946%2_aug_0127.png,0.1925933594156959,0.2737666357084011,0.0749481708270963,0.0061078508151695,1.1316368579864502,1.4501765241274014,1.3218655000335984,3.8984591453714166,14.341167733519336,0.0749481708270963,0.2211383645434637,0.0,1.1316368579864502,0.3397902324795723,0.0,0.0061078508151695,0.3397902324795723,0.7034920651498536,1.421474948767573,-0.0871249972236537,5.624287675950905,0.3347243237622862,2.031721606067905e-06,0.0005521578535706,0.0241977805715047,0.0061078508151695
covid_2020_03_04_20026005_p12_1946_3_aug_0128,2020.03.04.20026005-p12-1946%3_aug_0128.png,COVID,1,train,/Users/samehissa/Downloads/SS-VIRULEX-outputs/02_SVIS-RULEX/covid_ct_run/exact_sequence/outputs/augmented_train_images/COVID/2020.03.04.20026005-p12-1946%3_aug_0128.png,0.2428470428276341,0.3114702931743128,0.0970137435300923,0.0477853827178478,1.232310771942139,1.135089259209673,0.2505395217482551,4.008399575930193,19.96651900674805,0.0970137435300923,0.2613590687219584,0.0,1.232310771942139,0.4174129292368889,0.0,0.0477853827178478,0.4174129292368889,0.7796771264301601,1.2825780769147992,0.0101705695507428,5.782898189911251,0.3949537058190733,2.206880197190133e-06,0.0010127363030178,0.0275303445552148,0.0477853827178478
covid_2020_03_04_20026005_p12_1946_4_aug_0129,2020.03.04.20026005-p12-1946%4_aug_0129.png,COVID,1,train,/Users/samehissa/Downloads/SS-VIRULEX-outputs/02_SVIS-RULEX/covid_ct_run/exact_sequence/outputs/augmented_train_images/COVID/2020.03.04.20026005-p12-1946%4_aug_0129.png,0.34865400394483,0.4949157233037347,0.2449415731732588,0.0590673610568046,2.0304012298583984,1.4671208865027132,1.1970068765866824,3.915852270390364,46.912152017922615,0.2449415731732588,0.3956603375527265,0.0,2.0304012298583984,0.561926543712616,0.0,0.0590673610568046,0.561926543712616,0.7044700401664505,1.419503914207303,0.0217874704588543,5.649380651161303,0.6053934155902428,2.098350869526528e-06,0.0009141392452043,0.0437447830079894,0.0590673610568046
covid_2020_03_04_20026005_p12_1946_5_aug_0130,2020.03.04.20026005-p12-1946%5_aug_0130.png,COVID,1,train,/Users/samehissa/Downloads/SS-VIRULEX-outputs/02_SVIS-RULEX/covid_ct_run/exact_sequence/outputs/augmented_train_images/COVID/2020.03.04.20026005-p12-1946%5_aug_0130.png,0.2324865025293547,0.3287347095954437,0.1080665092928007,0.0477561168372631,1.364792823791504,1.5790067570103932,1.8208568618243364,3.932350446647136,20.75090984334495,0.1080665092928007,0.2578774382445772,0.0,1.364792823791504,0.4137295037508011,0.0,0.0477561168372631,0.4137295037508011,0.7072140194792426,1.413994816984854,-0.025839116169994,5.673182488230659,0.4026369123057801,2.0983490596288246e-06,0.0007586933284413,0.029056317795791,0.0477561168372631
covid_2020_03_04_20030395_p27_108_0_aug_0131,2020.03.04.20030395-p27-108%0_aug_0131.png,COVID,1,train,/Users/samehissa/Downloads/SS-VIRULEX-outputs/02_SVIS-RULEX/covid_ct_run/exact_sequence/outputs/augmented_train_images/COVID/2020.03.04.20030395-p27-108%0_aug_0131.png,0.3688779694839468,0.4911718016858993,0.2412497387713724,0.083124853670597,1.997692942619324,1.249002451075914,0.6911526085349551,3.966655091566817,48.29704897817241,0.2412497387713724,0.4090133117539949,0.0,1.997692942619324,0.7055691182613373,0.0,0.083124853670597,0.7055691182613373,0.7510146494631049,1.33152923817337,-0.0074564466092983,5.72267362933574,0.6142643528172312,2.1332244978387435e-06,0.0010085260121394,0.0434138639624641,0.083124853670597
covid_2020_03_04_20030395_p27_108_1_aug_0132,2020.03.04.20030395-p27-108%1_aug_0132.png,COVID,1,train,/Users/samehissa/Downloads/SS-VIRULEX-outputs/02_SVIS-RULEX/covid_ct_run/exact_sequence/outputs/augmented_train_images/COVID/2020.03.04.20030395-p27-108%1_aug_0132.png,0.41297251576907,0.5953314526773791,0.3544195385469585,0.0606414508074522,2.55416202545166,1.5809165961935328,1.7073399662390658,3.907631911452012,67.19562717793194,0.3544195385469585,0.463027075154514,0.0,2.55416202545166,0.6639931797981262,0.0,0.0606414508074522,0.6639931797981262,0.6936838633805621,1.441576448661979,-0.0202022333558579,5.637521180086615,0.7245452624423082,2.098352008794222e-06,0.0009946942172522,0.0526203634052266,0.0606414508074522
covid_2020_03_04_20030395_p27_108_2_aug_0133,2020.03.04.20030395-p27-108%2_aug_0133.png,COVID,1,train,/Users/samehissa/Downloads/SS-VIRULEX-outputs/02_SVIS-RULEX/covid_ct_run/exact_sequence/outputs/augmented_train_images/COVID/2020.03.04.20030395-p27-108%2_aug_0133.png,0.3288104326129542,0.4674042196071926,0.2184667045066087,0.0417079776525497,1.8689178228378296,1.4760529508639983,1.3927822097098703,3.908609302853296,41.80262465302104,0.2184667045066087,0.3749034547768133,0.0,1.8689178228378296,0.5443822741508484,0.0,0.0417079776525497,0.5443822741508484,0.7034804465583129,1.4215005767696505,0.07092239422982,5.638931257814255,0.571474413339501,2.133315194263041e-06,0.000930141141994,0.0413130866549315,0.0417079776525497
covid_2020_03_04_20030395_p27_108_3_aug_0134,2020.03.04.20030395-p27-108%3_aug_0134.png,COVID,1,train,/Users/samehissa/Downloads/SS-VIRULEX-outputs/02_SVIS-RULEX/covid_ct_run/exact_sequence/outputs/augmented_train_images/COVID/2020.03.04.20030395-p27-108%3_aug_0134.png,0.4246809645856046,0.610273859052967,0.3724341830434007,0.0551286358386278,2.574515581130981,1.5139940755254782,1.4307997605852023,3.901504605365895,70.75687740476931,0.3724341830434007,0.4806569288433309,0.0,2.574515581130981,0.6650031059980392,0.0,0.0551286358386278,0.6650031059980392,0.6958847448584567,1.4370172198522255,0.0974998487563144,5.628681345982166,0.7434972123180827,2.1331699674687334e-06,0.001032872174259,0.0539410980146545,0.0551286358386278
covid_2020_03_04_20030395_p27_108_4_aug_0135,2020.03.04.20030395-p27-108%4_aug_0135.png,COVID,1,train,/Users/samehissa/Downloads/SS-VIRULEX-outputs/02_SVIS-RULEX/covid_ct_run/exact_sequence/outputs/augmented_train_images/COVID/2020.03.04.20030395-p27-108%4_aug_0135.png,0.311462057645258,0.4021725856019466,0.161742788609755,0.1643217653036117,1.8378746509552,1.518960133757338,2.0916819192941576,4.045709828705995,33.12017945118375,0.161742788609755,0.3161591020758578,0.0,1.8378746509552,0.4607685580849647,0.0,0.1643217653036117,0.4607685580849647,0.7744468279265093,1.2912410219160757,0.1221152433276077,5.836725506565212,0.5086761267863601,2.370350083165256e-06,0.001678493855792,0.0355473703108079,0.1643217653036117
covid_2020_03_04_20030395_p27_108_5_aug_0136,2020.03.04.20030395-p27-108%5_aug_0136.png,COVID,1,train,/Users/samehissa/Downloads/SS-VIRULEX-outputs/02_SVIS-RULEX/covid_ct_run/exact_sequence/outputs/augmented_train_images/COVID/2020.03.04.20030395-p27-108%5_aug_0136.png,0.3554683291586116,0.5193145158118754,0.2696875663329225,0.0,2.5069165229797363,1.5680560427854715,2.034551840370576,3.8665007015193615,50.69379831907041,0.2696875663329225,0.4170980162216438,0.0,2.5069165229797363,0.6154665052890778,0.0,0.0,0.6154665052890778,0.6844939508554598,1.4609304773820084,0.0024103862432428,5.57818138749102,0.6293213005832057,1.9692225264165923e-06,0.0006298735612996,0.0459013519623982,0.0
covid_2020_03_04_20030395_p27_108_6_aug_0137,2020.03.04.20030395-p27-108%6_aug_0137.png,COVID,1,train,/Users/samehissa/Downloads/SS-VIRULEX-outputs/02_SVIS-RULEX/covid_ct_run/exact_sequence/outputs/augmented_train_images/COVID/2020.03.04.20030395-p27-108%6_aug_0137.png,0.4447626739856787,0.6234205222418125,0.3886531475522543,0.0538413878530263,2.6895980834960938,1.4593773621801354,1.3975676820012763,3.923695752345864,75.0677739165626,0.3886531475522543,0.4983395684430434,0.0,2.6895980834960938,0.7651821225881577,0.0,0.0538413878530263,0.7651821225881577,0.713422071773076,1.4016925401026046,0.1232319267337254,5.660696403681808,0.7658113238410263,2.0645095032842958e-06,0.0009561465374272,0.0551031098510055,0.0538413878530263
covid_2020_03_04_20030395_p27_108_7_aug_0138,2020.03.04.20030395-p27-108%7_aug_0138.png,COVID,1,train,/Users/samehissa/Downloads/SS-VIRULEX-outputs/02_SVIS-RULEX/covid_ct_run/exact_sequence/outputs/augmented_train_images/COVID/2020.03.04.20030395-p27-108%7_aug_0138.png,0.4658067200798541,0.6728056157117952,0.4526673965333277,0.0625934656709432,3.132041454315185,1.6026936833407184,1.943013332191848,3.902879001287943,85.71434201662456,0.4526673965333277,0.5266190496586205,0.0,3.132041454315185,0.7374864965677261,0.0,0.0625934656709432,0.7374864965677261,0.6923337392975161,1.444387954721767,-0.0018471670275022,5.630664180163123,0.8183173571450623,2.064509709266015e-06,0.0009724228677365,0.059468176661275,0.0625934656709432
covid_2020_03_04_20030395_p27_108_8_aug_0139,2020.03.04.20030395-p27-108%8_aug_0139.png,COVID,1,train,/Users/samehissa/Downloads/SS-VIRULEX-outputs/02_SVIS-RULEX/covid_ct_run/exact_sequence/outputs/augmented_train_images/COVID/2020.03.04.20030395-p27-108%8_aug_0139.png,0.4076391946582589,0.5435789947961426,0.2954781235835848,0.0948535166680812,2.3679120540618896,1.4656276935199593,1.7789915623874073,3.988320192852868,59.09092308546799,0.2954781235835848,0.4398155887743087,0.0,2.3679120540618896,0.7231081277132034,0.0,0.0948535166680812,0.7231081277132034,0.7499157411249743,1.333480690569629,0.1120139580758362,5.7539297635214846,0.6794467135877682,2.2068831493759333e-06,0.0013186773054912,0.0480460491663649,0.0948535166680812
covid_2020_03_04_20031039_p23_97_1_0_aug_0140,2020.03.04.20031039-p23-97_1%0_aug_0140.png,COVID,1,train,/Users/samehissa/Downloads/SS-VIRULEX-outputs/02_SVIS-RULEX/covid_ct_run/exact_sequence/outputs/augmented_train_images/COVID/2020.03.04.20031039-p23-97_1%0_aug_0140.png,0.3462127853690617,0.4825668982217679,0.232870811259378,0.0509071219712495,2.0104055404663086,1.533507781362074,1.7632849818430278,3.941806939504,45.14996531358491,0.232870811259378,0.3837109606764954,0.0,2.0104055404663086,0.6240063607692719,0.0,0.0509071219712495,0.6240063607692719,0.7174384923755474,1.3938448220719322,0.0425576913563375,5.686825323579461,0.593914222773274,2.169470671308644e-06,0.0010685131877917,0.0426532907635963,0.0509071219712495
covid_2020_03_04_20031039_p23_97_1_1_aug_0141,2020.03.04.20031039-p23-97_1%1_aug_0141.png,COVID,1,train,/Users/samehissa/Downloads/SS-VIRULEX-outputs/02_SVIS-RULEX/covid_ct_run/exact_sequence/outputs/augmented_train_images/COVID/2020.03.04.20031039-p23-97_1%1_aug_0141.png,0.3137204869271954,0.4084199832034025,0.1668068826798675,0.0867925100028514,1.7055493593215942,1.202731513881077,0.6105655942377561,3.998215366596104,33.94911060450613,0.1668068826798675,0.3427885577305005,0.0,1.7055493593215942,0.5936935544013977,0.0,0.0867925100028514,0.5936935544013977,0.768130188773763,1.3018594584107726,0.0217053031966999,5.768205481609585,0.5150023559147124,2.2068853109556406e-06,0.001169761290106,0.0360995674619027,0.0867925100028514
covid_2020_03_04_20031039_p23_97_1_2_aug_0142,2020.03.04.20031039-p23-97_1%2_aug_0142.png,COVID,1,train,/Users/samehissa/Downloads/SS-VIRULEX-outputs/02_SVIS-RULEX/covid_ct_run/exact_sequence/outputs/augmented_train_images/COVID/2020.03.04.20031039-p23-97_1%2_aug_0142.png,0.2844706488485826,0.3791872739617267,0.1437829887345256,0.0398873258382082,1.716734528541565,1.3001265757019038,0.9401913991496847,3.975419579824656,28.76243696522998,0.1437829887345256,0.3122038156276119,0.0,1.716734528541565,0.5001871958374977,0.0,0.0398873258382082,0.5001871958374977,0.750209509055904,1.3329574615044368,0.0300089203562222,5.735318113081254,0.4740322128198243,2.244932311954176e-06,0.0011063034944041,0.0335157365947472,0.0398873258382082
covid_2020_03_04_20031039_p23_97_2_0_aug_0143,2020.03.04.20031039-p23-97_2%0_aug_0143.png,COVID,1,train,/Users/samehissa/Downloads/SS-VIRULEX-outputs/02_SVIS-RULEX/covid_ct_run/exact_sequence/outputs/augmented_train_images/COVID/2020.03.04.20031039-p23-97_2%0_aug_0143.png,0.2588648282062422,0.398413806410452,0.1587335611384651,0.0104090344975702,1.7845851182937622,1.757767568631268,2.439585280916232,3.829107041640008,28.895303733851183,0.1587335611384651,0.3045824131533692,0.0,1.7845851182937622,0.3967015072703361,0.0,0.0104090344975702,0.3967015072703361,0.6497369677058549,1.5390804891154568,-0.041764028252632,5.524233739822385,0.4751258364062223,2.0316981752980004e-06,0.0006095271268716,0.0352151380288968,0.0104090344975702
covid_2020_03_04_20031039_p23_97_2_1_aug_0144,2020.03.04.20031039-p23-97_2%1_aug_0144.png,COVID,1,train,/Users/samehissa/Downloads/SS-VIRULEX-outputs/02_SVIS-RULEX/covid_ct_run/exact_sequence/outputs/augmented_train_images/COVID/2020.03.04.20031039-p23-97_2%1_aug_0144.png,0.2700161860557273,0.352454670357307,0.1242242946566779,0.0422574765980243,1.4434361457824707,1.1992342051236369,0.5887861132902197,3.983227235459934,25.233028529761164,0.1242242946566779,0.295483202471587,0.0,1.4434361457824707,0.495581641793251,0.0,0.0422574765980243,0.495581641793251,0.7660997077504657,1.3053094168383137,-0.1549600073711452,5.746582179147241,0.4439966614612762,2.064507243633558e-06,0.0007704062628673,0.0311528859338151,0.0422574765980243
covid_2020_03_04_20031039_p23_97_2_2_aug_0145,2020.03.04.20031039-p23-97_2%2_aug_0145.png,COVID,1,train,/Users/samehissa/Downloads/SS-VIRULEX-outputs/02_SVIS-RULEX/covid_ct_run/exact_sequence/outputs/augmented_train_images/COVID/2020.03.04.20031039-p23-97_2%2_aug_0145.png,0.2231671828922117,0.2994714512295468,0.0896831501015308,0.0,1.1471067667007446,1.1179067142226995,0.0982305641560956,3.925985220538232,17.854302927561818,0.0896831501015308,0.2540070791912967,0.0,1.1471067667007446,0.44489636272192,0.0,0.0,0.44489636272192,0.7452010426199543,1.3419152733320543,-0.0407742336350455,5.663999408089207,0.3734792385415509,1.882344932596421e-06,0.000410933536377,0.0264697867420236,0.0
covid_2020_03_04_20031047_p12_81_0_aug_0146,2020.03.04.20031047-p12-81%0_aug_0146.png,COVID,1,train,/Users/samehissa/Downloads/SS-VIRULEX-outputs/02_SVIS-RULEX/covid_ct_run/exact_sequence/outputs/augmented_train_images/COVID/2020.03.04.20031047-p12-81%0_aug_0146.png,0.2869842230065842,0.4101021796827386,0.1681837977805332,0.0061885272152721,1.6207634210586548,1.4269337140528768,1.0701637129911594,3.889858662263159,32.06959898050894,0.1681837977805332,0.3312336484800653,0.0,1.6207634210586548,0.4599539637565613,0.0,0.0061885272152721,0.4599539637565613,0.6997854130967702,1.4290060108054434,-0.1524515951219556,5.611879801621374,0.5005434467009093,2.03168409054721e-06,0.0006561427313513,0.036248254029131,0.0061885272152721
covid_2020_03_04_20031047_p12_81_1_aug_0147,2020.03.04.20031047-p12-81%1_aug_0147.png,COVID,1,train,/Users/samehissa/Downloads/SS-VIRULEX-outputs/02_SVIS-RULEX/covid_ct_run/exact_sequence/outputs/augmented_train_images/COVID/2020.03.04.20031047-p12-81%1_aug_0147.png,0.2283043601728422,0.3270893195049713,0.1069874229342252,0.0416694171726703,1.2527903318405151,1.540347301625412,1.4782925104246347,3.918040043647639,20.366118887443974,0.1069874229342252,0.2568666738096397,0.0,1.2527903318405151,0.3361106738448143,0.0,0.0416694171726703,0.3361106738448143,0.6979856833377559,1.4326897622863703,0.003427790542315,5.652536940790162,0.398886329432529,2.2455752278776445e-06,0.0009777883812866,0.0289108844844573,0.0416694171726703
covid_2020_03_04_20031047_p12_81_2_aug_0148,2020.03.04.20031047-p12-81%2_aug_0148.png,COVID,1,train,/Users/samehissa/Downloads/SS-VIRULEX-outputs/02_SVIS-RULEX/covid_ct_run/exact_sequence/outputs/augmented_train_images/COVID/2020.03.04.20031047-p12-81%2_aug_0148.png,0.1945638731849612,0.2905306684105794,0.084408069287098,0.0,1.2128697633743286,1.5998391694585588,1.7823846013638196,3.83755406304844,15.649685764586463,0.084408069287098,0.2289324029779891,0.0,1.2128697633743286,0.3367840424180031,0.0,0.0,0.3367840424180031,0.6696821528935825,1.4932405675044709,0.0192102676592528,5.536420215718613,0.3496615077983731,1.8550623631745008e-06,0.0003388310385661,0.0256795257219726,0.0
covid_2020_03_04_20031047_p12_81_3_aug_0149,2020.03.04.20031047-p12-81%3_aug_0149.png,COVID,1,train,/Users/samehissa/Downloads/SS-VIRULEX-outputs/02_SVIS-RULEX/covid_ct_run/exact_sequence/outputs/augmented_train_images/COVID/2020.03.04.20031047-p12-81%3_aug_0149.png,0.2277156621821632,0.3292519460528519,0.1084068439795901,0.0280997715890407,1.3657771348953247,1.4532926346624615,1.149053031744586,3.886392028969651,20.51344214817935,0.1084068439795901,0.2640789343569736,0.0,1.3657771348953247,0.3385640308260917,0.0,0.0280997715890407,0.3385640308260917,0.6916131348620042,1.4458906466849164,0.0338597031344388,5.60687850696025,0.4003264502660937,2.13330393132582e-06,0.0007503775660178,0.0291020354716048,0.0280997715890407
covid_2020_03_04_20031047_p13_84_0_aug_0150,2020.03.04.20031047-p13-84%0_aug_0150.png,COVID,1,train,/Users/samehissa/Downloads/SS-VIRULEX-outputs/02_SVIS-RULEX/covid_ct_run/exact_sequence/outputs/augmented_train_images/COVID/2020.03.04.20031047-p13-84%0_aug_0150.png,0.2816967697581276,0.3963437157428593,0.1570883410088565,0.016666954383254,1.7976609468460083,1.406179614966276,1.2539921379750254,3.904985328806184,30.26450062093057,0.1570883410088565,0.3228523763536941,0.0,1.7976609468460083,0.5146250873804092,0.0,0.016666954383254,0.5146250873804092,0.7107367868653179,1.4069870807647906,0.0729379629166474,5.633702968428178,0.4862524150079051,1.9999911784287146e-06,0.0006305261960646,0.0350321661353061,0.016666954383254
covid_2020_03_04_20031047_p13_84_1_aug_0151,2020.03.04.20031047-p13-84%1_aug_0151.png,COVID,1,train,/Users/samehissa/Downloads/SS-VIRULEX-outputs/02_SVIS-RULEX/covid_ct_run/exact_sequence/outputs/augmented_train_images/COVID/2020.03.04.20031047-p13-84%1_aug_0151.png,0.2415970773727167,0.3656186945821125,0.1336770298279281,0.0,1.51039719581604,1.4087948782436084,0.9148004470800846,3.788144728425824,24.58191073573972,0.1336770298279281,0.3005445517728731,0.0,1.51039719581604,0.4438299685716629,0.0,0.0,0.4438299685716629,0.6607879196684187,1.5133407181828824,-0.085096532132905,5.465137613684941,0.4382307355982309,1.8285616883541763e-06,0.0003246104706915,0.0323164322834481,0.0
covid_2020_03_04_20031047_p13_84_2_aug_0152,2020.03.04.20031047-p13-84%2_aug_0152.png,COVID,1,train,/Users/samehissa/Downloads/SS-VIRULEX-outputs/02_SVIS-RULEX/covid_ct_run/exact_sequence/outputs/augmented_train_images/COVID/2020.03.04.20031047-p13-84%2_aug_0152.png,0.2789730102958856,0.39975383432372,0.1598031280565162,0.0069199707359075,1.6371405124664309,1.4976999821927015,1.491570856450891,3.8926137744842415,30.41652077184826,0.1598031280565162,0.3190188922551442,0.0,1.6371405124664309,0.4858415573835373,0.0,0.0069199707359075,0.4858415573835373,0.6978602541926342,1.432948061533735,-0.0240021253269252,5.615854588359823,0.487472120772116,1.999989436476832e-06,0.0006213331540555,0.0353335808819532,0.0069199707359075
covid_2020_03_04_20031047_p13_84_3_aug_0153,2020.03.04.20031047-p13-84%3_aug_0153.png,COVID,1,train,/Users/samehissa/Downloads/SS-VIRULEX-outputs/02_SVIS-RULEX/covid_ct_run/exact_sequence/outputs/augmented_train_images/COVID/2020.03.04.20031047-p13-84%3_aug_0153.png,0.251940782967722,0.3652207800484958,0.1333862181792317,0.0,1.4583956003189087,1.4189208266524096,1.0416619039030337,3.864162726134629,25.19812816660744,0.1333862181792317,0.2950553188356934,0.0,1.4583956003189087,0.4578625038266182,0.0,0.0,0.4578625038266182,0.6898295685823234,1.4496294555664968,0.0637501698596569,5.574808401997743,0.4436895043852408,1.9393833937729466e-06,0.0004898347536809,0.0322812612753164,0.0
covid_2020_03_04_20031047_p13_84_4_aug_0154,2020.03.04.20031047-p13-84%4_aug_0154.png,COVID,1,train,/Users/samehissa/Downloads/SS-VIRULEX-outputs/02_SVIS-RULEX/covid_ct_run/exact_sequence/outputs/augmented_train_images/COVID/2020.03.04.20031047-p13-84%4_aug_0154.png,0.3055116661125794,0.4363134611717678,0.1903694363996877,0.0552520100027322,1.7157776355743408,1.561686508012036,1.6692197936089137,3.916492972996572,36.3144722599132,0.1903694363996877,0.3417028348267195,0.0,1.7157776355743408,0.4979836419224739,0.0,0.0552520100027322,0.4979836419224739,0.7002098103558065,1.428140099275255,-0.1098443866049393,5.650304989633964,0.5326413563839855,2.0983487465037397e-06,0.0008538837154979,0.0385650258896912,0.0552520100027322
covid_2020_03_04_20031047_p13_84_5_aug_0155,2020.03.04.20031047-p13-84%5_aug_0155.png,COVID,1,train,/Users/samehissa/Downloads/SS-VIRULEX-outputs/02_SVIS-RULEX/covid_ct_run/exact_sequence/outputs/augmented_train_images/COVID/2020.03.04.20031047-p13-84%5_aug_0155.png,0.289725395372443,0.4268257412020956,0.1821802133527183,0.0093777957372367,1.973090648651123,1.701298122289694,2.594171626913508,3.873962368741547,34.0634903137839,0.1821802133527183,0.3309678925529624,0.0,1.973090648651123,0.457336775958538,0.0,0.0093777957372367,0.457336775958538,0.6787892308632619,1.4732078996851818,-0.0226943420400245,5.58894629778923,0.5158691869809988,2.064392396622837e-06,0.0006960276037412,0.037726421998622,0.0093777957372367
covid_2020_03_04_20031047_p14_87_0_aug_0156,2020.03.04.20031047-p14-87%0_aug_0156.png,COVID,1,train,/Users/samehissa/Downloads/SS-VIRULEX-outputs/02_SVIS-RULEX/covid_ct_run/exact_sequence/outputs/augmented_train_images/COVID/2020.03.04.20031047-p14-87%0_aug_0156.png,0.416373182888492,0.5855726958853534,0.3428953821664405,0.0731360353529453,2.615445375442505,1.5520463853422095,1.8423875178905276,3.931125092071405,66.08153722817718,0.3428953821664405,0.4634796989460028,0.0,2.615445375442505,0.6458587795495987,0.0,0.0731360353529453,0.6458587795495987,0.7110517187063191,1.406365058919211,-0.0942760675689612,5.671414675260923,0.7185137504565478,2.1333171063132234e-06,0.0010776126558911,0.0517578030172776,0.0731360353529453
covid_2020_03_04_20031047_p14_87_1_aug_0157,2020.03.04.20031047-p14-87%1_aug_0157.png,COVID,1,train,/Users/samehissa/Downloads/SS-VIRULEX-outputs/02_SVIS-RULEX/covid_ct_run/exact_sequence/outputs/augmented_train_images/COVID/2020.03.04.20031047-p14-87%1_aug_0157.png,0.3633808309787127,0.4707913296658433,0.2216444760885328,0.1360166147351265,2.298285722732544,1.4393774825182026,1.8049118334120375,4.03026600011806,45.272333364648006,0.2216444760885328,0.3767195686036189,0.0,2.298285722732544,0.6054631769657135,0.0,0.1360166147351265,0.6054631769657135,0.7718495142786872,1.2955865844597148,0.0892984206554858,5.814444771649059,0.5947185085494755,2.327238824048637e-06,0.0016396719754258,0.0416124677163186,0.1360166147351265
covid_2020_03_07_20031393_p7_50_0_aug_0158,2020.03.07.20031393-p7-50%0_aug_0158.png,COVID,1,train,/Users/samehissa/Downloads/SS-VIRULEX-outputs/02_SVIS-RULEX/covid_ct_run/exact_sequence/outputs/augmented_train_images/COVID/2020.03.07.20031393-p7-50%0_aug_0158.png,0.2351558970185578,0.3510445684683489,0.1232322890511293,0.0,1.443100929260254,1.5226711724306792,1.402989940319289,3.830380107455408,22.85191487407769,0.1232322890511293,0.27971832295691,0.0,1.443100929260254,0.4066965878009796,0.0,0.0,0.4066965878009796,0.6698728545258935,1.4928163525520497,0.0850833043036355,5.526070385560987,0.4225287977803784,1.882339955100711e-06,0.0003916044004081,0.0310282493578343,0.0
covid_2020_03_07_20031393_p7_50_1_aug_0159,2020.03.07.20031393-p7-50%1_aug_0159.png,COVID,1,train,/Users/samehissa/Downloads/SS-VIRULEX-outputs/02_SVIS-RULEX/covid_ct_run/exact_sequence/outputs/augmented_train_images/COVID/2020.03.07.20031393-p7-50%1_aug_0159.png,0.2044063085049856,0.2827233785460341,0.0799325087764841,0.0,1.26447331905365,1.4668735002751263,1.597077994718494,3.9342103457219615,15.57944930983929,0.0799325087764841,0.2280978859416791,0.0,1.26447331905365,0.3548337444663048,0.0,0.0,0.3548337444663048,0.7229879133740975,1.383144094787751,-0.0219322745540503,5.675865755402464,0.3488759775810301,1.9692228876283814e-06,0.0005170190706209,0.024989452271234,0.0
covid_2020_03_07_20031393_p7_50_2_aug_0160,2020.03.07.20031393-p7-50%2_aug_0160.png,COVID,1,train,/Users/samehissa/Downloads/SS-VIRULEX-outputs/02_SVIS-RULEX/covid_ct_run/exact_sequence/outputs/augmented_train_images/COVID/2020.03.07.20031393-p7-50%2_aug_0160.png,0.2556125922965293,0.3819923044225803,0.1459181206380732,0.0,1.617855668067932,1.5150137456706756,1.6023998167027171,3.815197837514789,27.040757501264,0.1459181206380732,0.3114971425840735,0.0,1.617855668067932,0.5117297768592834,0.0,0.0,0.5117297768592834,0.6691546405058393,1.4944189603125704,0.0415538715920409,5.50416700000822,0.459625845638194,1.8028080190608533e-06,0.0003173685493081,0.0337636686022853,0.0
covid_2020_03_07_20031393_p7_50_3_aug_0161,2020.03.07.20031393-p7-50%3_aug_0161.png,COVID,1,train,/Users/samehissa/Downloads/SS-VIRULEX-outputs/02_SVIS-RULEX/covid_ct_run/exact_sequence/outputs/augmented_train_images/COVID/2020.03.07.20031393-p7-50%3_aug_0161.png,0.1820234001206699,0.293339240176203,0.0860479098271521,0.0,1.1380103826522827,1.640026337195064,1.632015224873547,3.726956156820672,15.255094786386133,0.0860479098271521,0.2306223979358037,0.0,1.1380103826522827,0.3107141032814979,0.0,0.0,0.3107141032814979,0.6205197078018772,1.6115468669508302,0.0605752595603013,5.3768611648711095,0.3452251845080855,1.8028025822205347e-06,0.0002549595353839,0.0259277707395878,0.0
covid_2020_03_08_20031658_p15_103_aug_0162,2020.03.08.20031658-p15-103_aug_0162.png,COVID,1,train,/Users/samehissa/Downloads/SS-VIRULEX-outputs/02_SVIS-RULEX/covid_ct_run/exact_sequence/outputs/augmented_train_images/COVID/2020.03.08.20031658-p15-103_aug_0162.png,0.1889090409786149,0.2772407541760862,0.076862435776125,0.0030373304616659,1.5100325345993042,1.7607567710789354,3.435335831674813,3.880573077279351,14.406279877066892,0.076862435776125,0.2175878702492468,0.0,1.5100325345993042,0.3093312755227089,0.0,0.0030373304616659,0.3093312755227089,0.6813874105652643,1.4675885957595365,-0.0695344023753924,5.598483534213481,0.3354833252780011,1.9999835798073776e-06,0.0005104358297771,0.0245048521623979,0.0030373304616659
covid_2020_03_08_20031658_p15_104_aug_0163,2020.03.08.20031658-p15-104_aug_0163.png,COVID,1,train,/Users/samehissa/Downloads/SS-VIRULEX-outputs/02_SVIS-RULEX/covid_ct_run/exact_sequence/outputs/augmented_train_images/COVID/2020.03.08.20031658-p15-104_aug_0163.png,0.2102409285207613,0.3137900538559628,0.098464197898928,0.0,1.5272144079208374,1.5947294581400606,2.112336264125364,3.834668716661821,18.261177078297592,0.098464197898928,0.2518484278555633,0.0,1.5272144079208374,0.3477281033992767,0.0,0.0,0.3477281033992767,0.6700029396544451,1.4925260084407206,-0.012400591084789,5.532257540795393,0.377710796674122,1.9691622396532945e-06,0.0004498350247749,0.0277353843688054,0.0
covid_2020_03_08_20031658_p15_105_aug_0164,2020.03.08.20031658-p15-105_aug_0164.png,COVID,1,train,/Users/samehissa/Downloads/SS-VIRULEX-outputs/02_SVIS-RULEX/covid_ct_run/exact_sequence/outputs/augmented_train_images/COVID/2020.03.08.20031658-p15-105_aug_0164.png,0.2632767215945932,0.3867441728556411,0.149571055237794,0.0,1.3431614637374878,1.2938864016964422,0.2933928622375883,3.832887218323696,28.017367983538044,0.149571055237794,0.3172355428910123,0.0,1.3431614637374878,0.4800228103995323,0.0,0.0,0.4800228103995323,0.6807498582351164,1.4689645575698456,0.0777512735002868,5.529687381977627,0.4678522067612709,1.910433922502645e-06,0.0004458806957017,0.0341836784013257,0.0
covid_2020_03_08_20031658_p15_106_aug_0165,2020.03.08.20031658-p15-106_aug_0165.png,COVID,1,train,/Users/samehissa/Downloads/SS-VIRULEX-outputs/02_SVIS-RULEX/covid_ct_run/exact_sequence/outputs/augmented_train_images/COVID/2020.03.08.20031658-p15-106_aug_0165.png,0.329289435831015,0.4309295084481743,0.1857002412513851,0.0988892689347267,1.7383462190628052,1.2123102375617496,0.4635262481476419,3.9924448524673055,37.64886704656554,0.1857002412513851,0.3576410384091559,0.0,1.7383462190628052,0.6067950576543808,0.0,0.0988892689347267,0.6067950576543808,0.7641358162753912,1.3086648448367442,-0.0665757558444129,5.759880389492587,0.5423391686032766,2.1694810877992106e-06,0.0010997205486105,0.0380891472046362,0.0988892689347267
covid_2020_03_09_20033118_p20_93_0_aug_0166,2020.03.09.20033118-p20-93%0_aug_0166.png,COVID,1,train,/Users/samehissa/Downloads/SS-VIRULEX-outputs/02_SVIS-RULEX/covid_ct_run/exact_sequence/outputs/augmented_train_images/COVID/2020.03.09.20033118-p20-93%0_aug_0166.png,0.2270381358684972,0.3250477968626173,0.1056560702452413,0.0,1.2490301132202148,1.3203218810652593,0.6462563305744178,3.8670881528736754,20.121905329137093,0.1056560702452413,0.2704286047155619,0.0,1.2490301132202148,0.4307126477360725,0.0,0.0,0.4307126477360725,0.6984740077793778,1.431688097769127,-0.0460284457192459,5.579028900646652,0.3964875601880638,1.910437787466273e-06,0.0004304178009873,0.028730437671413,0.0
covid_2020_03_09_20033118_p20_93_1_aug_0167,2020.03.09.20033118-p20-93%1_aug_0167.png,COVID,1,train,/Users/samehissa/Downloads/SS-VIRULEX-outputs/02_SVIS-RULEX/covid_ct_run/exact_sequence/outputs/augmented_train_images/COVID/2020.03.09.20033118-p20-93%1_aug_0167.png,0.2482816276733501,0.4008554991405323,0.1606851311912052,0.0,1.971224069595337,1.9355483714975084,3.740620941825356,3.751628541096239,28.45809892241067,0.1606851311912052,0.303244157379936,0.0,1.971224069595337,0.3708541318774223,0.0,0.0,0.3708541318774223,0.619377827740564,1.6145193782437854,-0.0043528813805678,5.412455891312376,0.4715176537854477,1.8550523720061885e-06,0.0003443905913023,0.0354309552147735,0.0
covid_2020_03_09_20033118_p20_93_2_aug_0168,2020.03.09.20033118-p20-93%2_aug_0168.png,COVID,1,train,/Users/samehissa/Downloads/SS-VIRULEX-outputs/02_SVIS-RULEX/covid_ct_run/exact_sequence/outputs/augmented_train_images/COVID/2020.03.09.20033118-p20-93%2_aug_0168.png,0.2633017079497222,0.3770802802117294,0.1421895377245564,0.0,1.6629842519760132,1.5800811185235262,1.957621716202928,3.901965975910853,27.07421787312604,0.1421895377245564,0.2980290216069079,0.0,1.6629842519760132,0.4314654916524887,0.0,0.0,0.4314654916524887,0.6982624748751236,1.432122423921889,-0.0230765360457452,5.629346962979388,0.4599101294098632,1.9692234104909794e-06,0.0005709467694984,0.0333295028986796,0.0
covid_2020_03_09_20033118_p20_93_3_aug_0169,2020.03.09.20033118-p20-93%3_aug_0169.png,COVID,1,train,/Users/samehissa/Downloads/SS-VIRULEX-outputs/02_SVIS-RULEX/covid_ct_run/exact_sequence/outputs/augmented_train_images/COVID/2020.03.09.20033118-p20-93%3_aug_0169.png,0.2505684344032488,0.3844119187930909,0.1477725233101859,0.0,1.5863767862319946,1.637262180069192,1.9825479439728584,3.798095555191395,26.951304144573584,0.1477725233101859,0.3047407273161866,0.0,1.5863767862319946,0.4328136593103409,0.0,0.0,0.4328136593103409,0.6518210553119225,1.5341593992419769,-0.0629109370561547,5.479493622112377,0.4588649731996125,1.910426615834241e-06,0.0004146936170137,0.0339775343184408,0.0
covid_2020_03_10_20032136_p34_118_1_0_aug_0170,2020.03.10.20032136-p34-118_1%0_aug_0170.png,COVID,1,train,/Users/samehissa/Downloads/SS-VIRULEX-outputs/02_SVIS-RULEX/covid_ct_run/exact_sequence/outputs/augmented_train_images/COVID/2020.03.10.20032136-p34-118_1%0_aug_0170.png,0.2401354712346801,0.3909523176868222,0.1528437147046979,0.0,1.597447156906128,1.6213953136095134,1.5267400054843652,3.7044052356603783,26.945121183974383,0.1528437147046979,0.3070982466765599,0.0,1.597447156906128,0.3746704235672951,0.0,0.0,0.3746704235672951,0.614230549712443,1.628049016152018,0.1289906157175377,5.344327062745675,0.4588123355466806,1.729722921500483e-06,0.0002259159512091,0.0345556293696186,0.0
covid_2020_03_10_20032136_p34_118_1_1_aug_0171,2020.03.10.20032136-p34-118_1%1_aug_0171.png,COVID,1,train,/Users/samehissa/Downloads/SS-VIRULEX-outputs/02_SVIS-RULEX/covid_ct_run/exact_sequence/outputs/augmented_train_images/COVID/2020.03.10.20032136-p34-118_1%1_aug_0171.png,0.2207314424158539,0.3700883826000284,0.136965410935505,0.0,1.5502145290374756,1.7327657585589369,2.026421218023854,3.673592068448463,23.76803591763053,0.136965410935505,0.2862323605836536,0.0,1.5502145290374756,0.308301143348217,0.0,0.0,0.308301143348217,0.5964273842851848,1.6766455134325122,0.0945139008716677,5.299873059214962,0.430915050336477,1.7534135104018715e-06,0.0002290881276542,0.0327115006218552,0.0
covid_2020_03_10_20032136_p34_118_2_0_aug_0172,2020.03.10.20032136-p34-118_2%0_aug_0172.png,COVID,1,train,/Users/samehissa/Downloads/SS-VIRULEX-outputs/02_SVIS-RULEX/covid_ct_run/exact_sequence/outputs/augmented_train_images/COVID/2020.03.10.20032136-p34-118_2%0_aug_0172.png,0.1932497348861943,0.3016835723754023,0.0910129778411846,0.0,1.6597785949707031,1.8875528383187472,3.936812998303684,3.800470502431804,16.429880047970432,0.0910129778411846,0.2323968963254969,0.0,1.6597785949707031,0.3059649914503097,0.0,0.0,0.3059649914503097,0.6405688344106749,1.561107302698579,-0.0311241043189705,5.482919946718488,0.3582714583591176,1.9393630736379405e-06,0.0004064760481913,0.0266653124749036,0.0
covid_2020_03_10_20032136_p34_118_2_1_aug_0173,2020.03.10.20032136-p34-118_2%1_aug_0173.png,COVID,1,train,/Users/samehissa/Downloads/SS-VIRULEX-outputs/02_SVIS-RULEX/covid_ct_run/exact_sequence/outputs/augmented_train_images/COVID/2020.03.10.20032136-p34-118_2%1_aug_0173.png,0.211312791749151,0.2844367042386286,0.0809042387181331,0.0513578150421381,1.19465970993042,1.3316689776231556,0.8836256049587634,3.967174633578084,16.07133883839401,0.0809042387181331,0.2310741031684813,0.0,1.19465970993042,0.3357320725917816,0.0,0.0513578150421381,0.3357320725917816,0.7429141376133119,1.346045839838616,-0.1105317199707786,5.723423170018927,0.3543407042310454,2.206839346565505e-06,0.0008786215576461,0.0251408902981858,0.0513578150421381
covid_2020_03_11_20033159_p12_45_0_aug_0174,2020.03.11.20033159-p12-45%0_aug_0174.png,COVID,1,train,/Users/samehissa/Downloads/SS-VIRULEX-outputs/02_SVIS-RULEX/covid_ct_run/exact_sequence/outputs/augmented_train_images/COVID/2020.03.11.20033159-p12-45%0_aug_0174.png,0.2861748643426836,0.4552715152438439,0.2072721525924256,0.0,2.140376329421997,1.7785754326868708,2.7381253181874854,3.74736483411058,37.0135303134693,0.2072721525924256,0.3562537240307222,0.0,2.140376329421997,0.5109090358018875,0.0,0.0,0.5109090358018875,0.6285792679345213,1.5908857554263518,0.0932443290660187,5.406304662388365,0.5377436243917532,1.729717475153851e-06,0.000248165945123,0.0402406969637495,0.0
covid_2020_03_11_20033159_p12_45_1_aug_0175,2020.03.11.20033159-p12-45%1_aug_0175.png,COVID,1,train,/Users/samehissa/Downloads/SS-VIRULEX-outputs/02_SVIS-RULEX/covid_ct_run/exact_sequence/outputs/augmented_train_images/COVID/2020.03.11.20033159-p12-45%1_aug_0175.png,0.2093244858351681,0.3135758229498591,0.0983297967386813,0.0,1.330431580543518,1.5832960558322056,1.8027442540881315,3.837025109304976,18.19475674993138,0.0983297967386813,0.25001035411222,0.0,1.330431580543518,0.3549760282039642,0.0,0.0,0.3549760282039642,0.6675381294638576,1.498036991223202,0.1215748113666184,5.535657096776061,0.3770232580476155,1.969204297448583e-06,0.0004679075596571,0.0277164488529996,0.0
covid_2020_03_11_20033159_p12_45_2_aug_0176,2020.03.11.20033159-p12-45%2_aug_0176.png,COVID,1,train,/Users/samehissa/Downloads/SS-VIRULEX-outputs/02_SVIS-RULEX/covid_ct_run/exact_sequence/outputs/augmented_train_images/COVID/2020.03.11.20033159-p12-45%2_aug_0176.png,0.3001649968500715,0.4347047428658092,0.1889682134700293,0.0,1.6324453353881836,1.2528197772724246,0.4181505049359706,3.823187952039429,35.72060656691619,0.1889682134700293,0.3673280841198902,0.0,1.6324453353881836,0.5859605669975281,0.0,0.0,0.5859605669975281,0.6905015674999501,1.4482193041413771,0.0288071472209834,5.515694298609054,0.5282681504728756,1.7297265015388964e-06,0.0002682605383584,0.038422833936796,0.0
covid_2020_03_11_20033159_p12_45_3_aug_0177,2020.03.11.20033159-p12-45%3_aug_0177.png,COVID,1,train,/Users/samehissa/Downloads/SS-VIRULEX-outputs/02_SVIS-RULEX/covid_ct_run/exact_sequence/outputs/augmented_train_images/COVID/2020.03.11.20033159-p12-45%3_aug_0177.png,0.1726860933267744,0.3059153495181554,0.0935842010708152,0.0,1.2793570756912231,1.9380549825234763,2.860017910004709,3.602720410625741,15.795800051107667,0.0935842010708152,0.2275241667016416,0.0,1.2793570756912231,0.2447647899389267,0.0,0.0,0.2447647899389267,0.5644879510322671,1.7715112064019591,0.0095348533860931,5.197626869934544,0.3512900338741175,1.6202473939712171e-06,0.000126570454337,0.0270393522641675,0.0
covid_2020_03_11_20033159_p12_45_4_aug_0178,2020.03.11.20033159-p12-45%4_aug_0178.png,COVID,1,train,/Users/samehissa/Downloads/SS-VIRULEX-outputs/02_SVIS-RULEX/covid_ct_run/exact_sequence/outputs/augmented_train_images/COVID/2020.03.11.20033159-p12-45%4_aug_0178.png,0.2007888832813478,0.3257297170090278,0.1060998485427813,0.0,1.7173192501068115,1.990820259364915,4.116997781089842,3.752495350853372,18.741251096595462,0.1060998485427813,0.2454386062092908,0.0,1.7173192501068115,0.2862598821520805,0.0,0.0,0.2862598821520805,0.6164260009773128,1.6222497564898124,0.1032511079017575,5.413706433450386,0.3826434687697571,1.8285575091062369e-06,0.0002975752126122,0.0287907114663823,0.0
covid_2020_03_11_20033159_p12_45_5_aug_0179,2020.03.11.20033159-p12-45%5_aug_0179.png,COVID,1,train,/Users/samehissa/Downloads/SS-VIRULEX-outputs/02_SVIS-RULEX/covid_ct_run/exact_sequence/outputs/augmented_train_images/COVID/2020.03.11.20033159-p12-45%5_aug_0179.png,0.2540898855222622,0.3766716309514573,0.1418815175636308,0.0,1.4126266241073608,1.3221465327404778,0.5600597051810356,3.807883451691527,26.42472799850843,0.1418815175636308,0.3135527441224894,0.0,1.4126266241073608,0.5127990394830704,0.0,0.0,0.5127990394830704,0.6745642360063251,1.48243457301434,-0.067930608965114,5.493614571853852,0.4543601957570085,1.8028095767835255e-06,0.0003131852004196,0.0332933830657965,0.0
covid_2020_03_12_20027185_p8_216_aug_0180,2020.03.12.20027185-p8-216_aug_0180.png,COVID,1,train,/Users/samehissa/Downloads/SS-VIRULEX-outputs/02_SVIS-RULEX/covid_ct_run/exact_sequence/outputs/augmented_train_images/COVID/2020.03.12.20027185-p8-216_aug_0180.png,0.2773011398385279,0.3887087845178679,0.1510945191613583,0.0113438125699758,1.6649327278137207,1.5405066007573682,1.8666184870577207,3.9239481340449975,29.18277648858945,0.1510945191613583,0.3095246666243838,0.0,1.6649327278137207,0.4777727648615837,0.0,0.0113438125699758,0.4777727648615837,0.7133886279257813,1.40175689412677,0.1301561496005179,5.661060513507555,0.4774834461184022,1.9999913930872558e-06,0.0006390975249802,0.0343573271799206,0.0113438125699758
covid_2020_03_12_20027185_p8_217_aug_0181,2020.03.12.20027185-p8-217_aug_0181.png,COVID,1,train,/Users/samehissa/Downloads/SS-VIRULEX-outputs/02_SVIS-RULEX/covid_ct_run/exact_sequence/outputs/augmented_train_images/COVID/2020.03.12.20027185-p8-217_aug_0181.png,0.2402812931031803,0.326215269005157,0.1064164017321069,0.0651717670261859,1.1195170879364014,1.3031681658297372,0.5393850920556393,3.959763736397233,21.011392198072755,0.1064164017321069,0.2651889288549682,0.0,1.1195170879364014,0.3894756734371185,0.0,0.0651717670261859,0.3894756734371185,0.7365705390352002,1.3576390604202189,-0.0364306061044961,5.712731505407578,0.4051561446497429,2.133319248494678e-06,0.0008422315289362,0.0288336286050175,0.0651717670261859
covid_2020_03_12_20027185_p8_218_aug_0182,2020.03.12.20027185-p8-218_aug_0182.png,COVID,1,train,/Users/samehissa/Downloads/SS-VIRULEX-outputs/02_SVIS-RULEX/covid_ct_run/exact_sequence/outputs/augmented_train_images/COVID/2020.03.12.20027185-p8-218_aug_0182.png,0.2766909312758798,0.4114317171720932,0.1692760578951772,0.0007451929850503,1.7370188236236572,1.5362881321329092,1.5112141717591712,3.848749706377721,31.46674295622284,0.1692760578951772,0.3271504703254777,0.0,1.7370188236236572,0.4363567009568214,0.0,0.0007451929850503,0.4363567009568214,0.6725059037056262,1.4869721796623234,0.0579440585749965,5.552572114829328,0.4958164270629715,1.999969197704436e-06,0.0005887632647916,0.0363657696509516,0.0007451929850503
covid_2020_03_12_20027185_p8_221_aug_0183,2020.03.12.20027185-p8-221_aug_0183.png,COVID,1,train,/Users/samehissa/Downloads/SS-VIRULEX-outputs/02_SVIS-RULEX/covid_ct_run/exact_sequence/outputs/augmented_train_images/COVID/2020.03.12.20027185-p8-221_aug_0183.png,0.2785000003714231,0.3899685994718919,0.1520755085740688,0.019943578634411,1.7591997385025024,1.615794443370586,2.3495811194421057,3.935719401173596,29.39363312396179,0.1520755085740688,0.3071161855008313,0.0,1.7591997385025024,0.4404981136322021,0.0,0.019943578634411,0.4404981136322021,0.714158233740722,1.400246315805415,0.034524099022727,5.678042862218965,0.4792053409353359,2.06450304346457e-06,0.0007549314955159,0.0344686801420494,0.019943578634411
covid_2020_03_12_20034686_p17_91_3_aug_0184,2020.03.12.20034686-p17-91-3_aug_0184.png,COVID,1,train,/Users/samehissa/Downloads/SS-VIRULEX-outputs/02_SVIS-RULEX/covid_ct_run/exact_sequence/outputs/augmented_train_images/COVID/2020.03.12.20034686-p17-91-3_aug_0184.png,0.2924654873058898,0.4080026330443714,0.16646614857114,0.0632338486611843,1.9031511545181277,1.588569910580249,2.2399784132524703,3.943734522113055,32.25628285903508,0.16646614857114,0.3233591862567664,0.0,1.9031511545181277,0.4878077879548073,0.0,0.0632338486611843,0.4878077879548073,0.7168207918238892,1.395045401092544,0.0030201790793393,5.689606237450446,0.5019982169651717,2.0983510674009707e-06,0.0008577928585574,0.0360626785709551,0.0632338486611843
covid_2020_03_12_20034686_p17_91_4_aug_0185,2020.03.12.20034686-p17-91-4_aug_0185.png,COVID,1,train,/Users/samehissa/Downloads/SS-VIRULEX-outputs/02_SVIS-RULEX/covid_ct_run/exact_sequence/outputs/augmented_train_images/COVID/2020.03.12.20034686-p17-91-4_aug_0185.png,0.2399180111606256,0.327628982796506,0.1073407503682732,0.0356626734137535,1.2340348958969116,1.281542222224256,0.4922741587228967,3.947809153963995,21.107379513285544,0.1073407503682732,0.2664829822308547,0.0,1.2340348958969116,0.3760292679071426,0.0,0.0356626734137535,0.3760292679071426,0.7322834409500332,1.3655872738006225,0.1752713499149949,5.695484688615246,0.4060805368982159,2.2068715815520755e-06,0.0009458420478146,0.0289585844310825,0.0356626734137535
covid_2020_03_12_20034686_p17_91_5_aug_0186,2020.03.12.20034686-p17-91-5_aug_0186.png,COVID,1,train,/Users/samehissa/Downloads/SS-VIRULEX-outputs/02_SVIS-RULEX/covid_ct_run/exact_sequence/outputs/augmented_train_images/COVID/2020.03.12.20034686-p17-91-5_aug_0186.png,0.2235385962085274,0.3313751261899619,0.1098094742574131,0.0173450615257024,1.5120197534561155,1.711183079346394,2.4139971006732983,3.8774797834822734,20.45170921629341,0.1098094742574131,0.2561008482410329,0.0,1.5120197534561155,0.3574192225933075,0.0,0.0173450615257024,0.3574192225933075,0.6745766473242663,1.4824067602215745,0.0741356779017952,5.594020854592424,0.3997236273380549,2.1333024413277097e-06,0.0007384004808404,0.0292896998556837,0.0173450615257024
covid_2020_03_12_20034686_p17_91_6_aug_0187,2020.03.12.20034686-p17-91-6_aug_0187.png,COVID,1,train,/Users/samehissa/Downloads/SS-VIRULEX-outputs/02_SVIS-RULEX/covid_ct_run/exact_sequence/outputs/augmented_train_images/COVID/2020.03.12.20034686-p17-91-6_aug_0187.png,0.403226478563738,0.537375640461366,0.2887725789612633,0.108562421053648,1.758588790893555,1.1704916739814593,0.0297979876192924,3.968918091649009,57.77461401295053,0.2887725789612633,0.4433854550586602,0.0,1.758588790893555,0.6542997360229492,0.0,0.108562421053648,0.6542997360229492,0.7503610097706275,1.3326893669668147,0.1003651886689575,5.725938448331851,0.6718364175721468,2.133324662378084e-06,0.0011080387963026,0.0474977449268369,0.108562421053648
covid_2020_03_13_20035212_p23_152_aug_0188,2020.03.13.20035212-p23-152_aug_0188.png,COVID,1,train,/Users/samehissa/Downloads/SS-VIRULEX-outputs/02_SVIS-RULEX/covid_ct_run/exact_sequence/outputs/augmented_train_images/COVID/2020.03.13.20035212-p23-152_aug_0188.png,0.2625523554161191,0.359743422209122,0.1294153298227306,0.0,1.402151107788086,1.3960540630167386,1.2370598816629288,3.938539485321036,25.388680852132183,0.1294153298227306,0.2931573725363705,0.0,1.402151107788086,0.5208284109830856,0.0,0.0,0.5208284109830856,0.7298302328187192,1.3701778513430771,0.0348680728249523,5.682111383633366,0.4453639737981539,1.9692244695787974e-06,0.0005842534636111,0.0317971266664156,0.0
covid_2020_03_13_20035212_p23_153_aug_0189,2020.03.13.20035212-p23-153_aug_0189.png,COVID,1,train,/Users/samehissa/Downloads/SS-VIRULEX-outputs/02_SVIS-RULEX/covid_ct_run/exact_sequence/outputs/augmented_train_images/COVID/2020.03.13.20035212-p23-153_aug_0189.png,0.2539164176141639,0.3488818363305629,0.1217185357213857,0.0626755151897668,1.5840284824371338,1.4083793815336398,1.278039250560579,3.946326767730423,23.832586605490715,0.1217185357213857,0.281447802477146,0.0,1.5840284824371338,0.4498515725135803,0.0,0.0626755151897668,0.4498515725135803,0.7277985362787545,1.3740026722521848,-0.0435732618532818,5.69334605734739,0.431499806321389,2.0983291128625765e-06,0.0007799147290024,0.0308370890377695,0.0626755151897668
covid_2020_03_13_20035212_p23_154_aug_0190,2020.03.13.20035212-p23-154_aug_0190.png,COVID,1,train,/Users/samehissa/Downloads/SS-VIRULEX-outputs/02_SVIS-RULEX/covid_ct_run/exact_sequence/outputs/augmented_train_images/COVID/2020.03.13.20035212-p23-154_aug_0190.png,0.3629186429498077,0.4780425742853162,0.228524702829332,0.1051585711538791,2.2498881816864014,1.4897339113614592,2.087377857669183,4.001631295942191,46.110034461422345,0.228524702829332,0.3819407898718623,0.0,2.2498881816864014,0.6196990311145782,0.0,0.1051585711538791,0.6196990311145782,0.7591748168404473,1.3172169123078925,-0.0007870326654279,5.773133625937212,0.6001955050063787,2.1694699716272725e-06,0.0011488699788665,0.0422533932466276,0.1051585711538791
covid_2020_01_24_919183_p27_132_aug_0191,2020.01.24.919183-p27-132_aug_0191.png,COVID,1,train,/Users/samehissa/Downloads/SS-VIRULEX-outputs/02_SVIS-RULEX/covid_ct_run/exact_sequence/outputs/augmented_train_images/COVID/2020.01.24.919183-p27-132_aug_0191.png,0.2754249063436873,0.3606560044403842,0.1300727535389024,0.1127477549016475,1.4583889245986938,1.3431622130546508,1.0298931253251329,4.0054573802749065,26.35924896938641,0.1300727535389024,0.2906565911789585,0.0,1.4583889245986938,0.4421951696276665,0.0,0.1127477549016475,0.4421951696276665,0.7636754671410089,1.3094531254567872,-0.0168196964796434,5.778653498830044,0.4537969067472048,2.133325054526436e-06,0.0009506976889142,0.0318777883019301,0.1127477549016475
covid_2020_01_24_919183_p27_133_aug_0192,2020.01.24.919183-p27-133_aug_0192.png,COVID,1,train,/Users/samehissa/Downloads/SS-VIRULEX-outputs/02_SVIS-RULEX/covid_ct_run/exact_sequence/outputs/augmented_train_images/COVID/2020.01.24.919183-p27-133_aug_0192.png,0.274666196484759,0.3751045686055226,0.1407034373887352,0.0967337898910045,1.5726633071899414,1.4237487202910253,1.211245463328284,3.9611181355548055,27.666554480657847,0.1407034373887352,0.297872943905304,0.0,1.5726633071899414,0.4375849068164825,0.0,0.0967337898910045,0.4375849068164825,0.7322370539734908,1.365674310876973,0.0899647887062816,5.714685490355591,0.4649139241624619,2.133312338895013e-06,0.0008957620175626,0.0331548730143774,0.0967337898910045
covid_2020_01_24_919183_p27_134_aug_0193,2020.01.24.919183-p27-134_aug_0193.png,COVID,1,train,/Users/samehissa/Downloads/SS-VIRULEX-outputs/02_SVIS-RULEX/covid_ct_run/exact_sequence/outputs/augmented_train_images/COVID/2020.01.24.919183-p27-134_aug_0193.png,0.2386587186629185,0.3591396421953703,0.1289812825962186,0.0,1.565807580947876,1.7112296744092248,2.387246327829555,3.848827389119183,23.800226123525725,0.1289812825962186,0.279032887960966,0.0,1.565807580947876,0.3713872283697128,0.0,0.0,0.3713872283697128,0.6645271813405336,1.5048251503546326,0.0224399091936808,5.552684187335199,0.4312067561971226,1.96921951676402e-06,0.0005184299547336,0.031743759548657,0.0
covid_2020_01_24_919183_p27_135_aug_0194,2020.01.24.919183-p27-135_aug_0194.png,COVID,1,train,/Users/samehissa/Downloads/SS-VIRULEX-outputs/02_SVIS-RULEX/covid_ct_run/exact_sequence/outputs/augmented_train_images/COVID/2020.01.24.919183-p27-135_aug_0194.png,0.3158815199276432,0.4548725904283221,0.2069090735229721,0.0,1.74416983127594,1.3755247750731558,0.956921721861741,3.859798233349768,39.25634664381058,0.2069090735229721,0.3744372664386901,0.0,1.74416983127594,0.5724290907382965,0.0,0.0,0.5724290907382965,0.6944380297616314,1.440010135865234,0.0811962313338801,5.568511769901028,0.5537961792525931,1.939378209561778e-06,0.0005256568614342,0.0402054366584697,0.0
covid_2020_02_10_20021584_p6_52_0_aug_0195,2020.02.10.20021584-p6-52%0_aug_0195.png,COVID,1,train,/Users/samehissa/Downloads/SS-VIRULEX-outputs/02_SVIS-RULEX/covid_ct_run/exact_sequence/outputs/augmented_train_images/COVID/2020.02.10.20021584-p6-52%0_aug_0195.png,0.2813875620049657,0.3998549738954781,0.1598840001489535,0.0448096394538879,1.645809292793274,1.5969873005786546,2.0775637031628342,3.9216598471433928,30.600058905606645,0.1598840001489535,0.3190478237870593,0.0,1.645809292793274,0.4520324990153312,0.0,0.0448096394538879,0.4520324990153312,0.7037222909629959,1.4210115438166446,-0.0391183676743075,5.657759213342482,0.4889406509997424,2.133320446314906e-06,0.000885892617888,0.0353425204415828,0.0448096394538879
covid_2020_02_10_20021584_p6_52_1_aug_0196,2020.02.10.20021584-p6-52%1_aug_0196.png,COVID,1,train,/Users/samehissa/Downloads/SS-VIRULEX-outputs/02_SVIS-RULEX/covid_ct_run/exact_sequence/outputs/augmented_train_images/COVID/2020.02.10.20021584-p6-52%1_aug_0196.png,0.2366097375197569,0.3276106134983699,0.1073287140767783,0.0667261462658643,1.4866400957107544,1.484466706685783,1.5928411376139169,3.948167445276494,20.904048891641168,0.1073287140767783,0.2610316226880513,0.0,1.4866400957107544,0.3498505055904388,0.0,0.0667261462658643,0.3498505055904388,0.7222263429343727,1.3846032582281804,0.1036095836386526,5.696001593714982,0.4041198856353726,2.098349759395424e-06,0.000773970297289,0.0289569607991728,0.0667261462658643
covid_2020_02_10_20021584_p6_52_10_aug_0197,2020.02.10.20021584-p6-52%10_aug_0197.png,COVID,1,train,/Users/samehissa/Downloads/SS-VIRULEX-outputs/02_SVIS-RULEX/covid_ct_run/exact_sequence/outputs/augmented_train_images/COVID/2020.02.10.20021584-p6-52%10_aug_0197.png,0.3235178704053396,0.4945047662637721,0.2445349638575878,0.0039934329688549,1.854048609733581,1.5728491488391294,1.3187805448168053,3.819254795569504,44.69744337013684,0.2445349638575878,0.3819765505077157,0.0,1.854048609733581,0.4343379065394401,0.0,0.0039934329688549,0.4343379065394401,0.6542246672868389,1.5285238050194905,0.0359691992628723,5.510019953274853,0.590930432732309,1.99998262280378e-06,0.0006206315678526,0.0437084591942727,0.0039934329688549
covid_2020_02_10_20021584_p6_52_11_aug_0198,2020.02.10.20021584-p6-52%11_aug_0198.png,COVID,1,train,/Users/samehissa/Downloads/SS-VIRULEX-outputs/02_SVIS-RULEX/covid_ct_run/exact_sequence/outputs/augmented_train_images/COVID/2020.02.10.20021584-p6-52%11_aug_0198.png,0.2906855616820394,0.4144228978503705,0.1717463382626987,0.0,1.6597448587417605,1.3203242334532426,0.6544981047939982,3.8687891150765994,32.79928755623698,0.1717463382626987,0.3405136819972085,0.0,1.6597448587417605,0.5075102001428604,0.0,0.0,0.5075102001428604,0.701420847566548,1.4256741733312464,0.0373489761070839,5.581482870381547,0.5062059205828211,1.8823311009267488e-06,0.0004368346618692,0.0366301551686221,0.0
covid_2020_02_10_20021584_p6_52_12_aug_0199,2020.02.10.20021584-p6-52%12_aug_0199.png,COVID,1,train,/Users/samehissa/Downloads/SS-VIRULEX-outputs/02_SVIS-RULEX/covid_ct_run/exact_sequence/outputs/augmented_train_images/COVID/2020.02.10.20021584-p6-52%12_aug_0199.png,0.275499710765871,0.4120529105657148,0.1697876011056769,0.0573669951409101,2.4415533542633057,2.179571485248428,6.203553711647157,3.900240124235376,31.448024542432705,0.1697876011056769,0.3073552940082322,0.0,2.4415533542633057,0.4432902634143829,0.0,0.0573669951409101,0.4432902634143829,0.6686011313122437,1.4956564180057936,0.0013909395444411,5.626857085325868,0.4956689336016082,2.133314340791405e-06,0.0008641169669741,0.0364206759085838,0.0573669951409101
covid_2020_02_10_20021584_p6_52_13_aug_0200,2020.02.10.20021584-p6-52%13_aug_0200.png,COVID,1,train,/Users/samehissa/Downloads/SS-VIRULEX-outputs/02_SVIS-RULEX/covid_ct_run/exact_sequence/outputs/augmented_train_images/COVID/2020.02.10.20021584-p6-52%13_aug_0200.png,0.3076334022734954,0.4774700300791242,0.2279776296237597,0.0218259776011109,2.122885465621948,1.6815618497436478,1.9819705586673504,3.8112016327903646,41.29484029672014,0.2279776296237597,0.3714756108352048,0.0,2.122885465621948,0.4827248752117157,0.0,0.0218259776011109,0.4827248752117157,0.644297523605811,1.5520747309963396,0.0725522315972254,5.498401695269916,0.5679929047251613,2.0983346382112974e-06,0.0007610023703905,0.0422027870102866,0.0218259776011109
covid_2020_02_10_20021584_p6_52_14_aug_0201,2020.02.10.20021584-p6-52%14_aug_0201.png,COVID,1,train,/Users/samehissa/Downloads/SS-VIRULEX-outputs/02_SVIS-RULEX/covid_ct_run/exact_sequence/outputs/augmented_train_images/COVID/2020.02.10.20021584-p6-52%14_aug_0201.png,0.2284754047432216,0.3400854978073643,0.1156581458188827,0.0,1.490779161453247,1.478239240629674,1.3101462209576455,3.830034323175669,21.48597201810709,0.1156581458188827,0.2746173929342603,0.0,1.490779161453247,0.3826092481613159,0.0,0.0,0.3826092481613159,0.6718155710863807,1.48849937781959,0.0440443098123241,5.5255715242953904,0.4097061830037004,1.910434785684977e-06,0.0004180216438347,0.0300595952103487,0.0
covid_2020_02_10_20021584_p6_52_15_aug_0202,2020.02.10.20021584-p6-52%15_aug_0202.png,COVID,1,train,/Users/samehissa/Downloads/SS-VIRULEX-outputs/02_SVIS-RULEX/covid_ct_run/exact_sequence/outputs/augmented_train_images/COVID/2020.02.10.20021584-p6-52%15_aug_0202.png,0.3030491843092022,0.4244615545214112,0.1801676112667329,0.0,1.729353904724121,1.4221522121560335,1.2592747595938798,3.9099070096969193,34.81682168028233,0.1801676112667329,0.344585171369772,0.0,1.729353904724121,0.5448624938726425,0.0,0.0,0.5448624938726425,0.7139597617766199,1.4006358587929129,0.1299305314567183,5.640803453042079,0.5215423466768597,1.939387465625352e-06,0.0005608440725934,0.0375174554443841,0.0
covid_2020_02_10_20021584_p6_52_2_aug_0203,2020.02.10.20021584-p6-52%2_aug_0203.png,COVID,1,train,/Users/samehissa/Downloads/SS-VIRULEX-outputs/02_SVIS-RULEX/covid_ct_run/exact_sequence/outputs/augmented_train_images/COVID/2020.02.10.20021584-p6-52%2_aug_0203.png,0.2084236321679782,0.3233383118708229,0.1045476639234735,0.0,1.2643094062805176,1.618800990364937,1.6476187005317922,3.792503371310017,18.94247351930448,0.1045476639234735,0.2543127577700943,0.0,1.2643094062805176,0.3376300036907196,0.0,0.0,0.3376300036907196,0.64459725284269,1.55135148786885,0.0220967603598664,5.471425806158971,0.3846921813210742,1.9104326791932493e-06,0.0003915481261659,0.0285793391176587,0.0
covid_2020_02_10_20021584_p6_52_3_aug_0204,2020.02.10.20021584-p6-52%3_aug_0204.png,COVID,1,train,/Users/samehissa/Downloads/SS-VIRULEX-outputs/02_SVIS-RULEX/covid_ct_run/exact_sequence/outputs/augmented_train_images/COVID/2020.02.10.20021584-p6-52%3_aug_0204.png,0.2608547023110077,0.3746755859717928,0.1403817947233063,0.0007048006518743,1.81362783908844,1.4760240046141635,1.6667280122246677,3.883617572007444,26.678652216457053,0.1403817947233063,0.3033396408128794,0.0,1.81362783908844,0.4276608154177665,0.0,0.0007048006518743,0.4276608154177665,0.6962129796139596,1.436338247508686,0.0038300337062459,5.602875811659711,0.4565380273767682,1.999968317299467e-06,0.0005858542027467,0.0331169559482122,0.0007048006518743
covid_2020_02_10_20021584_p6_52_4_aug_0205,2020.02.10.20021584-p6-52%4_aug_0205.png,COVID,1,train,/Users/samehissa/Downloads/SS-VIRULEX-outputs/02_SVIS-RULEX/covid_ct_run/exact_sequence/outputs/augmented_train_images/COVID/2020.02.10.20021584-p6-52%4_aug_0205.png,0.2953086975612677,0.4568233715510804,0.2086875927952964,0.0,2.2966413497924805,1.7549989859665045,3.0113210398551398,3.790680173759083,37.87453691528049,0.2086875927952964,0.3632346515296376,0.0,2.2966413497924805,0.5287722796201706,0.0,0.0,0.5287722796201706,0.6464381411144731,1.5469350389055274,-0.0812135774108684,5.468795488093679,0.5439621490973695,1.8285640196186436e-06,0.0003626725915266,0.0403778629785338,0.0
covid_2020_02_10_20021584_p6_52_5_aug_0206,2020.02.10.20021584-p6-52%5_aug_0206.png,COVID,1,train,/Users/samehissa/Downloads/SS-VIRULEX-outputs/02_SVIS-RULEX/covid_ct_run/exact_sequence/outputs/augmented_train_images/COVID/2020.02.10.20021584-p6-52%5_aug_0206.png,0.2647868550411658,0.3606811949471118,0.1300909243884764,0.0789926387369632,1.690114974975586,1.6318498958119825,2.6108439520839117,3.979001851615757,25.62598438285669,0.1300909243884764,0.2840782042701448,0.0,1.690114974975586,0.4565025418996811,0.0,0.0789926387369632,0.4565025418996811,0.7341278797529569,1.3621567237204335,-0.0418331349441695,5.740486238829391,0.4474405021799746,2.1694796552532973e-06,0.000982527589917,0.0318800148491962,0.0789926387369632
covid_2020_02_10_20021584_p6_52_6_aug_0207,2020.02.10.20021584-p6-52%6_aug_0207.png,COVID,1,train,/Users/samehissa/Downloads/SS-VIRULEX-outputs/02_SVIS-RULEX/covid_ct_run/exact_sequence/outputs/augmented_train_images/COVID/2020.02.10.20021584-p6-52%6_aug_0207.png,0.2716142157587455,0.3633680924050813,0.1320363705781077,0.0264749890193343,1.50045907497406,1.217391118569818,0.4749208526884407,3.954079655749048,26.34376355588429,0.1320363705781077,0.3032203486902745,0.0,1.50045907497406,0.497557483613491,0.0,0.0264749890193343,0.497557483613491,0.7474884943047164,1.3378095523830529,-0.0450315148139501,5.704531110444428,0.4536635898772856,2.03173644940891e-06,0.0006939305094282,0.0321175052758066,0.0264749890193343
covid_2020_02_10_20021584_p6_52_7_aug_0208,2020.02.10.20021584-p6-52%7_aug_0208.png,COVID,1,train,/Users/samehissa/Downloads/SS-VIRULEX-outputs/02_SVIS-RULEX/covid_ct_run/exact_sequence/outputs/augmented_train_images/COVID/2020.02.10.20021584-p6-52%7_aug_0208.png,0.2754167172679445,0.388447499404315,0.1508914597934653,0.0094966245815157,1.689787745475769,1.5385009481692624,1.863020394617647,3.915500145068354,29.02346597684687,0.1508914597934653,0.3092913976740874,0.0,1.689787745475769,0.4799324050545692,0.0,0.0094966245815157,0.4799324050545692,0.7090173283982186,1.4103991335660515,-0.0420978412778455,5.648872641705466,0.4761783572823487,1.999990880216264e-06,0.0006315273043793,0.0343342326204685,0.0094966245815157
covid_2020_02_10_20021584_p6_52_8_aug_0209,2020.02.10.20021584-p6-52%8_aug_0209.png,COVID,1,train,/Users/samehissa/Downloads/SS-VIRULEX-outputs/02_SVIS-RULEX/covid_ct_run/exact_sequence/outputs/augmented_train_images/COVID/2020.02.10.20021584-p6-52%8_aug_0209.png,0.26855298634473,0.3865808456900203,0.1494447502544112,0.0043184948153793,1.6051671504974363,1.5011585876799802,1.5143549130188303,3.886419138240504,28.360378461322757,0.1494447502544112,0.3108887885416607,0.0,1.6051671504974363,0.4501330405473709,0.0,0.0043184948153793,0.4501330405473709,0.6946859748816776,1.4394956129580438,-0.1127901115203286,5.60691761737087,0.4707074003338847,2.064259317925083e-06,0.000666192162749,0.0341692421830304,0.0043184948153793
covid_2020_02_10_20021584_p6_52_9_aug_0210,2020.02.10.20021584-p6-52%9_aug_0210.png,COVID,1,train,/Users/samehissa/Downloads/SS-VIRULEX-outputs/02_SVIS-RULEX/covid_ct_run/exact_sequence/outputs/augmented_train_images/COVID/2020.02.10.20021584-p6-52%9_aug_0210.png,0.3184619834210025,0.4501478862576002,0.2026331195021854,0.0,1.6985448598861694,1.2616324534368328,0.445436920504521,3.875243155345976,38.91854776148791,0.2026331195021854,0.3750000621223535,0.0,1.6985448598861694,0.6107713580131531,0.0,0.0,0.6107713580131531,0.7074592276981907,1.4135058804256415,0.0731228827727255,5.590794082271875,0.5514083372480183,1.910433913875496e-06,0.0004975168555185,0.0397878278636924,0.0
covid_2020_02_11_20021493_p16_109_0_aug_0211,2020.02.11.20021493-p16-109%0_aug_0211.png,COVID,1,train,/Users/samehissa/Downloads/SS-VIRULEX-outputs/02_SVIS-RULEX/covid_ct_run/exact_sequence/outputs/augmented_train_images/COVID/2020.02.11.20021493-p16-109%0_aug_0211.png,0.2468396866061084,0.3573433044795743,0.1276942372563817,0.0137803286779671,1.861278772354126,1.7473092468263551,3.106720724662768,3.903453736852416,24.143880721943496,0.1276942372563817,0.2750251881766985,0.0,1.861278772354126,0.3606262654066086,0.0,0.0137803286779671,0.3606262654066086,0.6907614967184058,1.4476736273361128,0.0131693425781608,5.631493348311809,0.4343087244578257,2.031684174128087e-06,0.0006318286987895,0.0315849842261395,0.0137803286779671
covid_2020_02_11_20021493_p16_109_1_aug_0212,2020.02.11.20021493-p16-109%1_aug_0212.png,COVID,1,train,/Users/samehissa/Downloads/SS-VIRULEX-outputs/02_SVIS-RULEX/covid_ct_run/exact_sequence/outputs/augmented_train_images/COVID/2020.02.11.20021493-p16-109%1_aug_0212.png,0.2385590603516902,0.346577504392856,0.1201159665511801,0.0225542914122343,1.5053848028182983,1.522788307569109,1.5081476378496443,3.8835407076918447,22.65937815386388,0.1201159665511801,0.2754507738727625,0.0,1.5053848028182983,0.3786597177386284,0.0,0.0225542914122343,0.3786597177386284,0.688326186788772,1.452795395328612,0.1915113370971427,5.602764919892778,0.4207450437343992,2.0317336388831663e-06,0.0006224386579096,0.0306334129453623,0.0225542914122343
covid_2020_02_11_20021493_p16_109_2_aug_0213,2020.02.11.20021493-p16-109%2_aug_0213.png,COVID,1,train,/Users/samehissa/Downloads/SS-VIRULEX-outputs/02_SVIS-RULEX/covid_ct_run/exact_sequence/outputs/augmented_train_images/COVID/2020.02.11.20021493-p16-109%2_aug_0213.png,0.1566534655721625,0.2810069792117489,0.0789649223657123,0.0,1.3069710731506348,2.2056506539405585,4.395857139532312,3.641957925669356,13.248669522109571,0.0789649223657123,0.1984680793091229,0.0,1.3069710731506348,0.1794410906732082,0.0,0.0,0.1794410906732082,0.5574698128202221,1.7938127202318603,0.1203511461109855,5.254234638304772,0.3217222880707537,1.777766802310368e-06,0.0002191680618542,0.0248377425701718,0.0
covid_2020_02_11_20022053_p12_67_0_aug_0214,2020.02.11.20022053-p12-67%0_aug_0214.png,COVID,1,train,/Users/samehissa/Downloads/SS-VIRULEX-outputs/02_SVIS-RULEX/covid_ct_run/exact_sequence/outputs/augmented_train_images/COVID/2020.02.11.20022053-p12-67%0_aug_0214.png,0.2433576458570314,0.297831191689102,0.0887034187429506,0.094960268586874,1.219835877418518,1.1523217860369674,0.6794932753974954,4.066937226502024,18.934574405123453,0.0887034187429506,0.2503672753746286,0.0,1.219835877418518,0.4455897808074951,0.0,0.094960268586874,0.4455897808074951,0.8170965149095271,1.223841521971629,0.136320583060362,5.86735016809652,0.384611963594513,2.28569845171904e-06,0.0012585245157891,0.0263248069115293,0.094960268586874
covid_2020_02_11_20022053_p12_67_1_aug_0215,2020.02.11.20022053-p12-67%1_aug_0215.png,COVID,1,train,/Users/samehissa/Downloads/SS-VIRULEX-outputs/02_SVIS-RULEX/covid_ct_run/exact_sequence/outputs/augmented_train_images/COVID/2020.02.11.20022053-p12-67%1_aug_0215.png,0.1842473925244121,0.2815866920198877,0.079291065122703,0.0126350827049463,1.410262107849121,1.7517254580785695,2.806672167880292,3.8315823936128166,14.494485347167732,0.079291065122703,0.2198754513906919,0.0,1.410262107849121,0.2979177236557007,0.0,0.0126350827049463,0.2979177236557007,0.6543162139039773,1.5283076094690375,-0.0649973942277102,5.52780491783801,0.3365087915266819,2.0644855283518705e-06,0.0005539375512676,0.0248889824273938,0.0126350827049463
covid_2020_02_11_20022053_p12_67_2_aug_0216,2020.02.11.20022053-p12-67%2_aug_0216.png,COVID,1,train,/Users/samehissa/Downloads/SS-VIRULEX-outputs/02_SVIS-RULEX/covid_ct_run/exact_sequence/outputs/augmented_train_images/COVID/2020.02.11.20022053-p12-67%2_aug_0216.png,0.2185776768710639,0.3150605366730443,0.0992631417687067,0.0,1.3632527589797974,1.3909626985970165,1.0815636997462337,3.860184764442205,18.82103585216742,0.0992631417687067,0.2590204085767027,0.0,1.3632527589797974,0.4092257842421531,0.0,0.0,0.4092257842421531,0.693761857379288,1.44141223011943,0.0016033369124762,5.569069416391235,0.3834570935516228,1.939375478770764e-06,0.000443713187629,0.0278476802457228,0.0
covid_2020_02_11_20022053_p12_67_3_aug_0217,2020.02.11.20022053-p12-67%3_aug_0217.png,COVID,1,train,/Users/samehissa/Downloads/SS-VIRULEX-outputs/02_SVIS-RULEX/covid_ct_run/exact_sequence/outputs/augmented_train_images/COVID/2020.02.11.20022053-p12-67%3_aug_0217.png,0.2129600321204634,0.3191919989691286,0.1018835322059081,0.0,1.3677979707717896,1.663900946003143,2.1733289412014445,3.8447614793357614,18.846144958292097,0.1018835322059081,0.2487637079741489,0.0,1.3677979707717896,0.335872009396553,0.0,0.0,0.335872009396553,0.6671826537807627,1.4988352311506683,0.031773034996119,5.546818319453955,0.3837127929671579,1.9692110730662117e-06,0.0004770623954734,0.028212853371445,0.0
covid_2020_02_13_20022673_p13_77_0_aug_0218,2020.02.13.20022673-p13-77%0_aug_0218.png,COVID,1,train,/Users/samehissa/Downloads/SS-VIRULEX-outputs/02_SVIS-RULEX/covid_ct_run/exact_sequence/outputs/augmented_train_images/COVID/2020.02.13.20022673-p13-77%0_aug_0218.png,0.2311576991050969,0.3889776831279291,0.1513036379715716,0.0,1.6313397884368896,1.9081805769618467,2.840773333438396,3.699597245086421,26.20640253787317,0.1513036379715716,0.2895820166263547,0.0,1.6313397884368896,0.3287873342633247,0.0,0.0,0.3287873342633247,0.5942682957489287,1.6827373028621406,0.0760523510053957,5.3373905985879855,0.4524793032030682,1.802803445941367e-06,0.0002816614458802,0.0343810946837488,0.0
covid_2020_02_13_20022673_p13_77_1_aug_0219,2020.02.13.20022673-p13-77%1_aug_0219.png,COVID,1,train,/Users/samehissa/Downloads/SS-VIRULEX-outputs/02_SVIS-RULEX/covid_ct_run/exact_sequence/outputs/augmented_train_images/COVID/2020.02.13.20022673-p13-77%1_aug_0219.png,0.25249120384251,0.3511582067610039,0.1233120861756039,0.0256417877972126,1.3299487829208374,1.3929472680812376,1.0390388309757217,3.9276749790567713,23.944178456760824,0.1233120861756039,0.2859245358142743,0.0,1.3299487829208374,0.4404932036995888,0.0,0.0256417877972126,0.4404932036995888,0.7190220247147142,1.39077402070623,-0.1308577461772404,5.666437214324203,0.4325088371275712,2.0645037431534413e-06,0.0007140311466464,0.0310382936587517,0.0256417877972126
covid_2020_02_13_20022673_p13_77_2_aug_0220,2020.02.13.20022673-p13-77%2_aug_0220.png,COVID,1,train,/Users/samehissa/Downloads/SS-VIRULEX-outputs/02_SVIS-RULEX/covid_ct_run/exact_sequence/outputs/augmented_train_images/COVID/2020.02.13.20022673-p13-77%2_aug_0220.png,0.2493808563303901,0.3489589682125598,0.1217723614959743,0.0,1.243959665298462,1.2823475256404056,0.4709883727984927,3.8978691096981297,23.54728614400678,0.1217723614959743,0.2876821885124627,0.0,1.243959665298462,0.4329413399100303,0.0,0.0,0.4329413399100303,0.714640299882439,1.3993013471340578,0.0088096016717557,5.623436434411106,0.4289092829492653,1.939382996255667e-06,0.0004982244639232,0.0308439065973702,0.0
covid_2020_02_17_20024018_p17_61_0_aug_0221,2020.02.17.20024018-p17-61%0_aug_0221.png,COVID,1,train,/Users/samehissa/Downloads/SS-VIRULEX-outputs/02_SVIS-RULEX/covid_ct_run/exact_sequence/outputs/augmented_train_images/COVID/2020.02.17.20024018-p17-61%0_aug_0221.png,0.2611557704440201,0.3984639383815743,0.158773510190555,0.0043639591895043,1.602980375289917,1.6046275418558011,1.6709220606941262,3.822877543266823,29.052908368225893,0.158773510190555,0.3139239073863109,0.0,1.602980375289917,0.3877013549208641,0.0,0.0043639591895043,0.3877013549208641,0.655404642387719,1.5257711430388887,0.1101415629961668,5.515246473412166,0.4764198218239505,1.9999842398127006e-06,0.0005678862596001,0.0352195691109887,0.0043639591895043
covid_2020_02_17_20024018_p17_61_1_aug_0222,2020.02.17.20024018-p17-61%1_aug_0222.png,COVID,1,train,/Users/samehissa/Downloads/SS-VIRULEX-outputs/02_SVIS-RULEX/covid_ct_run/exact_sequence/outputs/augmented_train_images/COVID/2020.02.17.20024018-p17-61%1_aug_0222.png,0.1654531484964536,0.2769008774769617,0.0766740959475113,0.0,1.350849151611328,2.0018299451673824,4.006750587430254,3.702327553330182,13.318251557747317,0.0766740959475113,0.2094238111862978,0.0,1.350849151611328,0.2340999543666839,0.0,0.0,0.2340999543666839,0.5975154448355787,1.6735908623878306,-0.0584928678628667,5.341329600751359,0.3225660247064171,1.777765144858305e-06,0.000226003078093,0.0244748110225581,0.0
covid_2020_02_17_20024018_p17_61_2_aug_0223,2020.02.17.20024018-p17-61%2_aug_0223.png,COVID,1,train,/Users/samehissa/Downloads/SS-VIRULEX-outputs/02_SVIS-RULEX/covid_ct_run/exact_sequence/outputs/augmented_train_images/COVID/2020.02.17.20024018-p17-61%2_aug_0223.png,0.2376548214342619,0.341044248879862,0.1163111796940292,0.0171081393491476,1.3244855403900146,1.4973691696077724,1.4076363816880546,3.895654501620133,22.117247212157466,0.1163111796940292,0.2737266798116025,0.0,1.3244855403900146,0.3855440393090248,0.0,0.0171081393491476,0.3855440393090248,0.6968424929384641,1.4350403110765364,0.0451315080729135,5.620241430319468,0.4156813609544939,2.031731909084409e-06,0.0006238425899148,0.0301443376334528,0.0171081393491476
covid_2020_02_17_20024018_p17_61_3_aug_0224,2020.02.17.20024018-p17-61%3_aug_0224.png,COVID,1,train,/Users/samehissa/Downloads/SS-VIRULEX-outputs/02_SVIS-RULEX/covid_ct_run/exact_sequence/outputs/augmented_train_images/COVID/2020.02.17.20024018-p17-61%3_aug_0224.png,0.2275598865207939,0.3178171968154714,0.1010077705916441,0.0214640088379383,1.2579971551895142,1.4220476712876005,1.147540517806335,3.924211839648336,19.55728288576009,0.1010077705916441,0.2527572833025289,0.0,1.2579971551895142,0.3586510792374611,0.0,0.0214640088379383,0.3586510792374611,0.7160064741444544,1.396631021726362,0.2622696106622098,5.661440960273747,0.3908852421683386,2.0644816196102472e-06,0.0006613292520308,0.0280913368807399,0.0214640088379383
covid_2020_02_17_20024018_p17_61_4_aug_0225,2020.02.17.20024018-p17-61%4_aug_0225.png,COVID,1,train,/Users/samehissa/Downloads/SS-VIRULEX-outputs/02_SVIS-RULEX/covid_ct_run/exact_sequence/outputs/augmented_train_images/COVID/2020.02.17.20024018-p17-61%4_aug_0225.png,0.3586254458859912,0.4826115309260574,0.2329138897827928,0.1327003873884678,1.849030375480652,1.3853493427002,0.9446256789503008,3.9858504667326384,46.275340828124016,0.2329138897827928,0.3822621681738383,0.0,1.849030375480652,0.542908102273941,0.0,0.1327003873884678,0.542908102273941,0.7430918654305256,1.345725844226575,0.1282819273301413,5.750366701895475,0.6012704052418669,2.2856956857453567e-06,0.0014559941727244,0.0426572357745795,0.1327003873884678
covid_2020_02_19_20025023_p20_93_0_aug_0226,2020.02.19.20025023-p20-93%0_aug_0226.png,COVID,1,train,/Users/samehissa/Downloads/SS-VIRULEX-outputs/02_SVIS-RULEX/covid_ct_run/exact_sequence/outputs/augmented_train_images/COVID/2020.02.19.20025023-p20-93%0_aug_0226.png,0.2551760982460109,0.4075731863380408,0.1661159022217433,0.0,2.0117695331573486,1.7018704946689294,2.4504044947590504,3.7373148197169233,29.597535147238546,0.1661159022217433,0.3220189951648535,0.0,2.0117695331573486,0.4124831780791282,0.0,0.0,0.4124831780791282,0.6260850338406091,1.5972232083629807,0.1235657304096588,5.391805556461772,0.4808645790009918,1.777770528081268e-06,0.0002777714389149,0.0360247204861796,0.0
covid_2020_02_19_20025023_p20_93_1_aug_0227,2020.02.19.20025023-p20-93%1_aug_0227.png,COVID,1,train,/Users/samehissa/Downloads/SS-VIRULEX-outputs/02_SVIS-RULEX/covid_ct_run/exact_sequence/outputs/augmented_train_images/COVID/2020.02.19.20025023-p20-93%1_aug_0227.png,0.2581466468836879,0.3713021575630154,0.1378652922109503,0.0028787357732653,1.4205507040023804,1.3331405804754155,0.6098493504568174,3.872291672278487,26.176637889054945,0.1378652922109503,0.3048098699821366,0.0,1.4205507040023804,0.4429889321327209,0.0,0.0028787357732653,0.4429889321327209,0.6952449544948371,1.4383380998565185,0.1256358225365145,5.586535992287139,0.452222272238157,1.9999829672258987e-06,0.0005784923674327,0.0328187841852505,0.0028787357732653
covid_2020_02_19_20025023_p20_93_2_aug_0228,2020.02.19.20025023-p20-93%2_aug_0228.png,COVID,1,train,/Users/samehissa/Downloads/SS-VIRULEX-outputs/02_SVIS-RULEX/covid_ct_run/exact_sequence/outputs/augmented_train_images/COVID/2020.02.19.20025023-p20-93%2_aug_0228.png,0.3162686863943236,0.426303427777302,0.1817346125346773,0.0449464367702603,1.8786189556121824,1.3753934574404512,1.3584651854689325,3.958189513202744,36.06534329961835,0.1817346125346773,0.3489474680106923,0.0,1.8786189556121824,0.6158341467380524,0.0,0.0449464367702603,0.6158341467380524,0.7418845918239907,1.3479153837120226,0.1383744884581738,5.710460381411634,0.5308111665444392,2.0317389533293837e-06,0.0007603369468786,0.0376802555780499,0.0449464367702603
covid_2020_02_19_20025023_p20_93_3_aug_0229,2020.02.19.20025023-p20-93%3_aug_0229.png,COVID,1,train,/Users/samehissa/Downloads/SS-VIRULEX-outputs/02_SVIS-RULEX/covid_ct_run/exact_sequence/outputs/augmented_train_images/COVID/2020.02.19.20025023-p20-93%3_aug_0229.png,0.3216848425508942,0.4357620483023766,0.1898885627406827,0.0440590661019086,1.6893203258514404,1.2683367702007764,0.5940820493281249,3.9480168061252696,37.551321685462575,0.1898885627406827,0.3599296574407162,0.0,1.6893203258514404,0.5984580367803574,0.0,0.0440590661019086,0.5984580367803574,0.7382104650775178,1.3546241248013855,-0.1541108393158805,5.695784267358548,0.541636133089066,2.1333180662867546e-06,0.0009440652518917,0.0385162874172937,0.0440590661019086
covid_2020_02_22_20024927_p18_66_0_aug_0230,2020.02.22.20024927-p18-66%0_aug_0230.png,COVID,1,train,/Users/samehissa/Downloads/SS-VIRULEX-outputs/02_SVIS-RULEX/covid_ct_run/exact_sequence/outputs/augmented_train_images/COVID/2020.02.22.20024927-p18-66%0_aug_0230.png,0.3709325997260748,0.5172653168923401,0.267563408059733,0.0486826859414577,2.0913503170013428,1.4060451473778757,1.016623383254835,3.931067562029777,51.85976340470752,0.267563408059733,0.4139169731456604,0.0,2.0913503170013428,0.6237335652112961,0.0,0.0486826859414577,0.6237335652112961,0.7171017860868716,1.3944994785422704,0.0911536103877598,5.671331676955166,0.6365174008613413,2.133320853537736e-06,0.0010205346346518,0.0457202266558977,0.0486826859414577
covid_2020_02_22_20024927_p18_66_1_aug_0231,2020.02.22.20024927-p18-66%1_aug_0231.png,COVID,1,train,/Users/samehissa/Downloads/SS-VIRULEX-outputs/02_SVIS-RULEX/covid_ct_run/exact_sequence/outputs/augmented_train_images/COVID/2020.02.22.20024927-p18-66%1_aug_0231.png,0.3536028165835887,0.5090755681924354,0.2591579341304509,0.0,1.851757287979126,1.273173989033201,0.4173803642690905,3.8460701463632767,49.17668941136614,0.2591579341304509,0.4248896072531352,0.0,1.851757287979126,0.6346412599086761,0.0,0.0,0.6346412599086761,0.6945965276679632,1.439681881244558,0.0999442277479519,5.548706326884725,0.6198329500972807,1.8028134791278717e-06,0.0003782836622148,0.0449963483006582,0.0
covid_2020_02_22_20024927_p18_66_2_aug_0232,2020.02.22.20024927-p18-66%2_aug_0232.png,COVID,1,train,/Users/samehissa/Downloads/SS-VIRULEX-outputs/02_SVIS-RULEX/covid_ct_run/exact_sequence/outputs/augmented_train_images/COVID/2020.02.22.20024927-p18-66%2_aug_0232.png,0.4036505421063339,0.6123456583755029,0.3749672053313281,0.0060321481432765,2.886038064956665,1.6732542627093436,2.2516927025604003,3.837496431340164,68.85132358068037,0.3749672053313281,0.4745480231903798,0.0,2.886038064956665,0.5167900323867798,0.0,0.0060321481432765,0.5167900323867798,0.6591863229517413,1.5170192889625609,-0.0198484627151933,5.536337070738888,0.7334173201350411,2.0317288786878936e-06,0.0007674438489799,0.0541242209334323,0.0060321481432765
covid_2020_02_22_20024927_p19_68_0_aug_0233,2020.02.22.20024927-p19-68%0_aug_0233.png,COVID,1,train,/Users/samehissa/Downloads/SS-VIRULEX-outputs/02_SVIS-RULEX/covid_ct_run/exact_sequence/outputs/augmented_train_images/COVID/2020.02.22.20024927-p19-68%0_aug_0233.png,0.3818986542173661,0.5101853980310617,0.2602891403641127,0.0583170820027589,2.232822895050049,1.5458135207875243,2.430546597376837,3.982204914849042,51.98537247451496,0.2602891403641127,0.4090439460169364,0.0,2.232822895050049,0.6619448810815811,0.0,0.0583170820027589,0.6619448810815811,0.7485473068102356,1.3359182924501176,0.3348279435679954,5.745107282271709,0.6372877862136918,2.098351915770854e-06,0.0009970511680421,0.0450944443262651,0.0583170820027589
covid_2020_02_22_20024927_p19_68_1_aug_0234,2020.02.22.20024927-p19-68%1_aug_0234.png,COVID,1,train,/Users/samehissa/Downloads/SS-VIRULEX-outputs/02_SVIS-RULEX/covid_ct_run/exact_sequence/outputs/augmented_train_images/COVID/2020.02.22.20024927-p19-68%1_aug_0234.png,0.3635385225497884,0.4890987287723758,0.239217566486754,0.1311592310667038,1.787247657775879,1.3174252584768482,0.6912963939455943,3.9746399245028954,47.53636145464795,0.239217566486754,0.3986738406708809,0.0,1.787247657775879,0.6358559131622314,0.0,0.1311592310667038,0.6358559131622314,0.7432809735189552,1.3453834970278598,0.0687482383784156,5.734193308214945,0.609407764854073,2.1694818118735217e-06,0.0011560742309828,0.0432306284730833,0.1311592310667038
covid_2020_02_22_20024927_p19_68_2_aug_0235,2020.02.22.20024927-p19-68%2_aug_0235.png,COVID,1,train,/Users/samehissa/Downloads/SS-VIRULEX-outputs/02_SVIS-RULEX/covid_ct_run/exact_sequence/outputs/augmented_train_images/COVID/2020.02.22.20024927-p19-68%2_aug_0235.png,0.2655405131663428,0.4359323138197503,0.1900369822322412,0.0,1.681321620941162,1.7501211600199114,2.126228638284781,3.704105218534112,33.3502395347054,0.1900369822322412,0.3348985706531948,0.0,1.681321620941162,0.3836022168397903,0.0,0.0,0.3836022168397903,0.6091310407998288,1.641679111867456,0.0333162639860968,5.34389422952543,0.5104397578215141,1.7066598097249976e-06,0.0002172475654427,0.0385313369050359,0.0
covid_2020_02_22_20024927_p19_68_3_aug_0236,2020.02.22.20024927-p19-68%3_aug_0236.png,COVID,1,train,/Users/samehissa/Downloads/SS-VIRULEX-outputs/02_SVIS-RULEX/covid_ct_run/exact_sequence/outputs/augmented_train_images/COVID/2020.02.22.20024927-p19-68%3_aug_0236.png,0.3895559959782986,0.5163503494024585,0.2666176833280409,0.1141065657138824,2.190648078918457,1.382393542198226,1.1644282838167488,3.998703363899329,53.55155933832769,0.2666176833280409,0.4143284514150309,0.0,2.190648078918457,0.6331989616155624,0.0,0.1141065657138824,0.6331989616155624,0.7544397752210925,1.3254842814207983,0.1510762968973491,5.768909512898914,0.6468164788645115,2.245603090813032e-06,0.0014359882121206,0.0456393541913151,0.1141065657138824
covid_2020_02_22_20024927_p19_68_4_aug_0237,2020.02.22.20024927-p19-68%4_aug_0237.png,COVID,1,train,/Users/samehissa/Downloads/SS-VIRULEX-outputs/02_SVIS-RULEX/covid_ct_run/exact_sequence/outputs/augmented_train_images/COVID/2020.02.22.20024927-p19-68%4_aug_0237.png,0.3909142792108468,0.4905454035564369,0.2406347929503475,0.1241309680044651,2.004589080810547,1.1536072661264154,0.5867098425608508,4.023670899786367,50.36144213008429,0.2406347929503475,0.4102102914921488,0.0,2.004589080810547,0.7108154147863388,0.0,0.1241309680044651,0.7108154147863388,0.7968956175740722,1.254866935397497,0.1409736120154826,5.804930053106364,0.6272549454896976,2.0317419749673167e-06,0.0008934641613716,0.043358497666831,0.1241309680044651
covid_2020_02_22_20024927_p19_68_5_aug_0238,2020.02.22.20024927-p19-68%5_aug_0238.png,COVID,1,train,/Users/samehissa/Downloads/SS-VIRULEX-outputs/02_SVIS-RULEX/covid_ct_run/exact_sequence/outputs/augmented_train_images/COVID/2020.02.22.20024927-p19-68%5_aug_0238.png,0.1926514849328668,0.2941099618686612,0.0865006696703853,0.0,1.2560665607452393,1.619682221271204,1.9144038715432057,3.813903683039892,15.822753832604668,0.0865006696703853,0.2329315841957395,0.0,1.2560665607452393,0.2986375465989113,0.0,0.0,0.2986375465989113,0.6550299373707049,1.5266425897062224,0.0448148762777926,5.50229992976514,0.3515896248714173,1.9104358424738024e-06,0.0003881425495827,0.0259958935564809,0.0
covid_2020_02_22_20024927_p20_70_0_aug_0239,2020.02.22.20024927-p20-70%0_aug_0239.png,COVID,1,train,/Users/samehissa/Downloads/SS-VIRULEX-outputs/02_SVIS-RULEX/covid_ct_run/exact_sequence/outputs/augmented_train_images/COVID/2020.02.22.20024927-p20-70%0_aug_0239.png,0.3601058887143153,0.5206069213910487,0.2710315666002655,0.0680785663425922,2.7632181644439697,1.968044136215265,4.5426294133589415,3.931805332962036,51.29060066393502,0.2710315666002655,0.3990058965646312,0.0,2.7632181644439697,0.5944871008396149,0.0,0.0680785663425922,0.5944871008396149,0.6917026689723108,1.4457051042674407,0.2397334652675332,5.672396055420446,0.6330148637172688,2.206884161821333e-06,0.0012056293491238,0.0460155855560328,0.0680785663425922
covid_2020_02_22_20024927_p20_70_1_aug_0240,2020.02.22.20024927-p20-70%1_aug_0240.png,COVID,1,train,/Users/samehissa/Downloads/SS-VIRULEX-outputs/02_SVIS-RULEX/covid_ct_run/exact_sequence/outputs/augmented_train_images/COVID/2020.02.22.20024927-p20-70%1_aug_0240.png,0.3668961546281934,0.5169307877984707,0.2672174393739475,0.0526028163731098,2.217471122741699,1.4428362483093249,1.3173341810538377,3.914757914454308,51.43426913982756,0.2672174393739475,0.4206659247344078,0.0,2.217471122741699,0.6500284373760223,0.0,0.0526028163731098,0.6500284373760223,0.7097573863482939,1.4089294239737122,0.1935631657569416,5.6478018292793895,0.6339008026930576,2.133318727612226e-06,0.0009911396462744,0.0456906581820503,0.0526028163731098
covid_2020_02_22_20024927_p20_70_2_aug_0241,2020.02.22.20024927-p20-70%2_aug_0241.png,COVID,1,train,/Users/samehissa/Downloads/SS-VIRULEX-outputs/02_SVIS-RULEX/covid_ct_run/exact_sequence/outputs/augmented_train_images/COVID/2020.02.22.20024927-p20-70%2_aug_0241.png,0.3836688880764995,0.5147155074121069,0.2649320535705026,0.062140267342329,2.3285396099090576,1.2567510518065377,0.7422086887184891,3.961562996930985,52.7531352637901,0.2649320535705026,0.4288383852313018,0.0,2.3285396099090576,0.7351015210151672,0.0,0.062140267342329,0.7351015210151672,0.7453984524520324,1.3415617565255331,0.2208331420788754,5.715327289656886,0.6419765332536386,2.206880627571055e-06,0.0012307660846902,0.0454948532091219,0.062140267342329
covid_2020_02_22_20024927_p20_70_3_aug_0242,2020.02.22.20024927-p20-70%3_aug_0242.png,COVID,1,train,/Users/samehissa/Downloads/SS-VIRULEX-outputs/02_SVIS-RULEX/covid_ct_run/exact_sequence/outputs/augmented_train_images/COVID/2020.02.22.20024927-p20-70%3_aug_0242.png,0.4080672300697188,0.5475115999968136,0.2997689521310708,0.0955334156751632,2.6670854091644287,1.5628320554422166,2.353478648149561,3.9936299294258033,59.68484049764399,0.2997689521310708,0.4367373395270988,0.0,2.6670854091644287,0.6859240680932999,0.0,0.0955334156751632,0.6859240680932999,0.7453111217387391,1.341719108155954,0.1106967383704954,5.761590094143685,0.6828527047525283,2.327256060016685e-06,0.0016938513207589,0.0483936456420054,0.0955334156751632
covid_2020_02_23_20026856_p17_115_0_aug_0243,2020.02.23.20026856-p17-115%0_aug_0243.png,COVID,1,train,/Users/samehissa/Downloads/SS-VIRULEX-outputs/02_SVIS-RULEX/covid_ct_run/exact_sequence/outputs/augmented_train_images/COVID/2020.02.23.20026856-p17-115%0_aug_0243.png,0.259558523313899,0.3745587282236741,0.1402942408885361,0.0244997749105095,1.7350035905838013,1.57233488269517,2.058119490437991,3.890664090260316,26.581103092918788,0.1402942408885361,0.3005296527757082,0.0,1.7350035905838013,0.4957462921738624,0.0,0.0244997749105095,0.4957462921738624,0.6929696487789517,1.4430607919998786,0.1987617295228168,5.613041788598664,0.4557026090702444,2.0644992168985914e-06,0.0006959549800126,0.0331066270849461,0.0244997749105095
covid_2020_02_23_20026856_p17_115_1_aug_0244,2020.02.23.20026856-p17-115%1_aug_0244.png,COVID,1,train,/Users/samehissa/Downloads/SS-VIRULEX-outputs/02_SVIS-RULEX/covid_ct_run/exact_sequence/outputs/augmented_train_images/COVID/2020.02.23.20026856-p17-115%1_aug_0244.png,0.2736680440139025,0.3908518821765844,0.1527651938009786,0.0,1.884919047355652,1.6002245034756208,2.348545242325516,3.893884222697428,29.140402190767865,0.1527651938009786,0.3110082115272234,0.0,1.884919047355652,0.4586885422468185,0.0,0.0,0.4586885422468185,0.7001817218025819,1.4281970099392711,0.0997187428955947,5.617687457696693,0.4771366597898069,1.882347903048124e-06,0.0004522208091537,0.0345467520408235,0.0
covid_2020_02_23_20026856_p17_115_2_aug_0245,2020.02.23.20026856-p17-115%2_aug_0245.png,COVID,1,train,/Users/samehissa/Downloads/SS-VIRULEX-outputs/02_SVIS-RULEX/covid_ct_run/exact_sequence/outputs/augmented_train_images/COVID/2020.02.23.20026856-p17-115%2_aug_0245.png,0.4054029530961998,0.5643683552639239,0.3185116404233066,0.0386461429297924,2.3035330772399902,1.320931522364322,0.77136725049114,3.914887294907967,61.80648893471055,0.3185116404233066,0.4647510327285999,0.0,2.3035330772399902,0.6560387909412384,0.0,0.0386461429297924,0.6560387909412384,0.7183291390912172,1.3921170306078223,0.1643674158288345,5.647988485818269,0.6948835836328457,2.031739047736404e-06,0.0008262517154181,0.0498835863867773,0.0386461429297924
covid_2020_02_23_20026856_p17_115_3_aug_0246,2020.02.23.20026856-p17-115%3_aug_0246.png,COVID,1,train,/Users/samehissa/Downloads/SS-VIRULEX-outputs/02_SVIS-RULEX/covid_ct_run/exact_sequence/outputs/augmented_train_images/COVID/2020.02.23.20026856-p17-115%3_aug_0246.png,0.2946118482868769,0.4313431992766039,0.186056955562176,0.0,2.0141773223876958,1.6424218255708465,2.374086465684769,3.867769933446008,34.92519637928778,0.186056955562176,0.3427663383362187,0.0,2.0141773223876958,0.4991267174482345,0.0,0.0,0.4991267174482345,0.6830087173560297,1.464106762116999,-0.091796949233946,5.580012502097331,0.5223534212706813,1.910440126071256e-06,0.0004935067419523,0.0381257126533983,0.0
covid_2020_02_23_20026856_p17_115_4_aug_0247,2020.02.23.20026856-p17-115%4_aug_0247.png,COVID,1,train,/Users/samehissa/Downloads/SS-VIRULEX-outputs/02_SVIS-RULEX/covid_ct_run/exact_sequence/outputs/augmented_train_images/COVID/2020.02.23.20026856-p17-115%4_aug_0247.png,0.3482311079078499,0.5350300713013394,0.2862571771967163,0.0051022121915593,2.342848300933838,1.7987309236765132,2.6780995665703653,3.830559621910247,52.16282645906495,0.2862571771967163,0.4093408992625598,0.0,2.342848300933838,0.5239444226026535,0.0,0.0051022121915593,0.5239444226026535,0.6508614669066943,1.5364223906237602,0.1738321480549674,5.5263293701747545,0.6383745622371281,2.031719286934961e-06,0.0006954690554663,0.0472904239444873,0.0051022121915593
covid_2020_02_23_20026856_p17_115_5_aug_0248,2020.02.23.20026856-p17-115%5_aug_0248.png,COVID,1,train,/Users/samehissa/Downloads/SS-VIRULEX-outputs/02_SVIS-RULEX/covid_ct_run/exact_sequence/outputs/augmented_train_images/COVID/2020.02.23.20026856-p17-115%5_aug_0248.png,0.2303175366687355,0.3425451686596906,0.1173371925720959,0.0,1.774263620376587,1.6786622418979216,2.735650392808654,3.850131475475607,21.80907011446403,0.1173371925720959,0.2707982315821482,0.0,1.774263620376587,0.3741653934121132,0.0,0.0,0.3741653934121132,0.6723693263594758,1.4872734990751983,0.0484063476952366,5.5545655862545,0.4127751933792173,1.939381504059337e-06,0.0004655530041433,0.0302770014527446,0.0
covid_2020_02_24_20027052_p8_73_0_aug_0249,2020.02.24.20027052-p8-73%0_aug_0249.png,COVID,1,train,/Users/samehissa/Downloads/SS-VIRULEX-outputs/02_SVIS-RULEX/covid_ct_run/exact_sequence/outputs/augmented_train_images/COVID/2020.02.24.20027052-p8-73%0_aug_0249.png,0.182746251593926,0.2573556741590102,0.0662319430218386,0.0,0.9111493825912476,1.303492859858635,0.5459717578682013,3.8925416500692505,12.752401343164047,0.0662319430218386,0.2121213753316624,0.0,0.9111493825912476,0.3228403106331825,0.0,0.0,0.3228403106331825,0.7100894204166416,1.4082678682289536,-0.0683324510670628,5.615750534823986,0.3156392489749479,1.9393795431384954e-06,0.0004287657902267,0.0227472427968339,0.0
covid_2020_02_24_20027052_p8_73_1_aug_0250,2020.02.24.20027052-p8-73%1_aug_0250.png,COVID,1,train,/Users/samehissa/Downloads/SS-VIRULEX-outputs/02_SVIS-RULEX/covid_ct_run/exact_sequence/outputs/augmented_train_images/COVID/2020.02.24.20027052-p8-73%1_aug_0250.png,0.307752047014219,0.417066553474448,0.1739445100270545,0.0015123540069907,1.676347732543945,1.1773786353879454,0.275345333057015,3.927253818011112,34.387946555967574,0.1739445100270545,0.3512809838555881,0.0,1.676347732543945,0.5885027647018433,0.0,0.0015123540069907,0.5885027647018433,0.7378949631790853,1.3552031823046764,0.1440724071383192,5.665829607372217,0.5183202026435944,1.9999783673515914e-06,0.0006458041316576,0.0368638235209855,0.0015123540069907
covid_2020_02_24_20027052_p8_73_2_aug_0251,2020.02.24.20027052-p8-73%2_aug_0251.png,COVID,1,train,/Users/samehissa/Downloads/SS-VIRULEX-outputs/02_SVIS-RULEX/covid_ct_run/exact_sequence/outputs/augmented_train_images/COVID/2020.02.24.20027052-p8-73%2_aug_0251.png,0.2274535454635042,0.3152489570756166,0.0993819049372639,0.0,1.3502782583236694,1.413800780675025,1.3991425520984588,3.918309084976477,19.342978595991344,0.0993819049372639,0.2548653040325916,0.0,1.3502782583236694,0.3746574744582176,0.0,0.0,0.3746574744582176,0.7215022250072717,1.3859927152738072,0.0975412899449024,5.652925085381069,0.3887377268560158,1.9104412709870576e-06,0.0004553282640054,0.0278643344137694,0.0
covid_2020_02_24_20027052_p8_73_3_aug_0252,2020.02.24.20027052-p8-73%3_aug_0252.png,COVID,1,train,/Users/samehissa/Downloads/SS-VIRULEX-outputs/02_SVIS-RULEX/covid_ct_run/exact_sequence/outputs/augmented_train_images/COVID/2020.02.24.20027052-p8-73%3_aug_0252.png,0.2373346316398965,0.3730716990467908,0.1391824926296592,0.0,1.927331805229187,1.9635455986674009,4.122915841288103,3.792265815204536,25.025308160678996,0.1391824926296592,0.2834012109692878,0.0,1.927331805229187,0.3742895796895027,0.0,0.0,0.3742895796895027,0.6361618854617127,1.5719227171736387,0.0234053580507915,5.471083085143664,0.4421653763076714,1.9102491688599345e-06,0.000390510072487,0.0329751910330965,0.0
covid_2020_02_24_20027201_p19_669_aug_0253,2020.02.24.20027201-p19-669_aug_0253.png,COVID,1,train,/Users/samehissa/Downloads/SS-VIRULEX-outputs/02_SVIS-RULEX/covid_ct_run/exact_sequence/outputs/augmented_train_images/COVID/2020.02.24.20027201-p19-669_aug_0253.png,0.2680973978131078,0.3756290950793725,0.1410972170701482,0.0270804669708013,1.6610770225524902,1.4599694508719758,1.463524274340786,3.920151469610307,27.260599268391424,0.1410972170701482,0.3027929599002164,0.0,1.6610770225524902,0.4763830453157425,0.0,0.0270804669708013,0.4763830453157425,0.7137271515916677,1.4010919096694314,0.0743813955885742,5.655583084555707,0.4614904460379521,2.0317360181405697e-06,0.0006772975366535,0.0332012350426988,0.0270804669708013
covid_2020_02_24_20027201_p19_670_aug_0254,2020.02.24.20027201-p19-670_aug_0254.png,COVID,1,train,/Users/samehissa/Downloads/SS-VIRULEX-outputs/02_SVIS-RULEX/covid_ct_run/exact_sequence/outputs/augmented_train_images/COVID/2020.02.24.20027201-p19-670_aug_0254.png,0.2590784606845773,0.4142448889279159,0.1715988280029014,0.0,1.6903727054595947,1.6992179546434234,2.0255139176588166,3.7491492885213615,30.556221029579707,0.1715988280029014,0.3217315503078453,0.0,1.6903727054595947,0.3958086892962456,0.0,0.0,0.3958086892962456,0.6254219235707618,1.598916744500233,0.0769955071790167,5.408879085917491,0.4885902954353386,1.8550440799180932e-06,0.0003503066392226,0.0366144212540996,0.0
covid_2020_02_25_20021568_p23_108_0_aug_0255,2020.02.25.20021568-p23-108%0_aug_0255.png,COVID,1,train,/Users/samehissa/Downloads/SS-VIRULEX-outputs/02_SVIS-RULEX/covid_ct_run/exact_sequence/outputs/augmented_train_images/COVID/2020.02.25.20021568-p23-108%0_aug_0255.png,0.3227433952197316,0.4522185189135595,0.2045015888483733,0.0608159210532903,2.2982969284057617,1.5401474035449687,2.243554319662896,3.926744511902069,39.50910566481066,0.2045015888483733,0.3679320636939565,0.0,2.2982969284057617,0.6315440237522125,0.0,0.0608159210532903,0.6315440237522125,0.7136874498365541,1.4011704828403322,0.0035725495433962,5.665094833974404,0.555576176600773,2.1333069246267926e-06,0.0009275157395082,0.0399708476627393,0.0608159210532903
covid_2020_02_25_20021568_p23_108_1_aug_0256,2020.02.25.20021568-p23-108%1_aug_0256.png,COVID,1,train,/Users/samehissa/Downloads/SS-VIRULEX-outputs/02_SVIS-RULEX/covid_ct_run/exact_sequence/outputs/augmented_train_images/COVID/2020.02.25.20021568-p23-108%1_aug_0256.png,0.1866965756089484,0.3146397230479178,0.0989981553196704,0.0,1.7713383436203003,2.210881346815148,5.379060844533354,3.7358460269441527,17.133282132963615,0.0989981553196704,0.2296744312457121,0.0,1.7713383436203003,0.2544505372643471,0.0,0.0,0.2544505372643471,0.5933643102533672,1.68529991523228,-0.0329137212649997,5.389686536412403,0.3658603103149865,1.9393766080503373e-06,0.0003958074212538,0.0278104852247299,0.0
covid_2020_02_25_20021568_p23_108_10_aug_0257,2020.02.25.20021568-p23-108%10_aug_0257.png,COVID,1,train,/Users/samehissa/Downloads/SS-VIRULEX-outputs/02_SVIS-RULEX/covid_ct_run/exact_sequence/outputs/augmented_train_images/COVID/2020.02.25.20021568-p23-108%10_aug_0257.png,0.3192422559513943,0.4325974124665926,0.1871405212727912,0.0,1.7897320985794067,1.223774216102762,0.5441378471089573,3.9275842770661007,36.99918582498903,0.1871405212727912,0.3643077780791373,0.0,1.7897320985794067,0.5828025490045547,0.0,0.0,0.5828025490045547,0.7379644648512154,1.355075665586253,0.0494721581866644,5.666306359012065,0.5376394137874629,1.969221521014494e-06,0.0006154350409178,0.0382365704848601,0.0
covid_2020_02_25_20021568_p23_108_11_aug_0258,2020.02.25.20021568-p23-108%11_aug_0258.png,COVID,1,train,/Users/samehissa/Downloads/SS-VIRULEX-outputs/02_SVIS-RULEX/covid_ct_run/exact_sequence/outputs/augmented_train_images/COVID/2020.02.25.20021568-p23-108%11_aug_0258.png,0.2615229407347215,0.4409225641984471,0.1944127076193337,0.0,2.301097869873047,2.012241239899508,4.029348389467017,3.69552731681638,33.639290387183415,0.1944127076193337,0.3326058300257273,0.0,2.301097869873047,0.4055530130863189,0.0,0.0,0.4055530130863189,0.593125344094827,1.685980445767859,0.1084149809287944,5.331518933256027,0.5126470093054971,1.8285567711962708e-06,0.00031658315595,0.0389724168903603,0.0
covid_2020_02_25_20021568_p23_108_12_aug_0259,2020.02.25.20021568-p23-108%12_aug_0259.png,COVID,1,train,/Users/samehissa/Downloads/SS-VIRULEX-outputs/02_SVIS-RULEX/covid_ct_run/exact_sequence/outputs/augmented_train_images/COVID/2020.02.25.20021568-p23-108%12_aug_0259.png,0.3293017645519285,0.4595046491484213,0.2111445225890137,0.0217894054949283,1.897420048713684,1.362923702096834,0.9471032678844628,3.915055760589604,40.90677436493152,0.2111445225890137,0.3745427383220772,0.0,1.897420048713684,0.5753137320280075,0.0,0.0217894054949283,0.5753137320280075,0.7166435606661352,1.3953907892769908,0.0278715587982807,5.648231530421727,0.565317764382146,2.0645003736320605e-06,0.0007905781034362,0.0406148566749492,0.0217894054949283
covid_2020_02_25_20021568_p23_108_13_aug_0260,2020.02.25.20021568-p23-108%13_aug_0260.png,COVID,1,train,/Users/samehissa/Downloads/SS-VIRULEX-outputs/02_SVIS-RULEX/covid_ct_run/exact_sequence/outputs/augmented_train_images/COVID/2020.02.25.20021568-p23-108%13_aug_0260.png,0.2264828246406978,0.3234901608253439,0.1046458841508068,0.0409851372241973,1.618171215057373,1.658136351001067,2.509086596663208,3.9228903458597184,19.9603653130286,0.1046458841508068,0.2520172303482013,0.0,1.618171215057373,0.3364346921443939,0.0,0.0409851372241973,0.3364346921443939,0.7001205969982535,1.4283209392965792,0.0738240632917323,5.659534447738341,0.3948928386385804,2.1333178772516763e-06,0.0007958472023871,0.0285927607958409,0.0409851372241973
covid_2020_02_25_20021568_p23_108_14_aug_0261,2020.02.25.20021568-p23-108%14_aug_0261.png,COVID,1,train,/Users/samehissa/Downloads/SS-VIRULEX-outputs/02_SVIS-RULEX/covid_ct_run/exact_sequence/outputs/augmented_train_images/COVID/2020.02.25.20021568-p23-108%14_aug_0261.png,0.3034803585142072,0.4074354779280283,0.1660036686744408,0.0031145906541496,1.665427565574646,1.1553538060967508,0.2173496943890636,3.939465449207842,33.03731157482913,0.1660036686744408,0.3431172024260149,0.0,1.665427565574646,0.5677909702062607,0.0,0.0031145906541496,0.5677909702062607,0.7448531855996838,1.3425431547622038,-0.1376562306225418,5.683447267140904,0.5080393652841801,1.9999853966622225e-06,0.0006566148024769,0.0360125486673613,0.0031145906541496
covid_2020_02_25_20021568_p23_108_15_aug_0262,2020.02.25.20021568-p23-108%15_aug_0262.png,COVID,1,train,/Users/samehissa/Downloads/SS-VIRULEX-outputs/02_SVIS-RULEX/covid_ct_run/exact_sequence/outputs/augmented_train_images/COVID/2020.02.25.20021568-p23-108%15_aug_0262.png,0.3370269776205532,0.4515902955292636,0.2039337950162076,0.1056421585381031,2.161083936691284,1.5534071922170074,2.395008908802253,3.9932403593143615,40.64268526851232,0.2039337950162076,0.361103589681079,0.0,2.161083936691284,0.6544801592826843,0.0,0.1056421585381031,0.6544801592826843,0.7463097295211562,1.339923286609101,0.1065112806523861,5.7610280632758295,0.563489998722473,2.206886560453023e-06,0.0012264840759663,0.0399153200358474,0.1056421585381031
covid_2020_02_25_20021568_p23_108_2_aug_0263,2020.02.25.20021568-p23-108%2_aug_0263.png,COVID,1,train,/Users/samehissa/Downloads/SS-VIRULEX-outputs/02_SVIS-RULEX/covid_ct_run/exact_sequence/outputs/augmented_train_images/COVID/2020.02.25.20021568-p23-108%2_aug_0263.png,0.3447421140153892,0.4636779665785502,0.2149972566904191,0.0899990834295749,2.019355773925781,1.348784476994323,1.0164826564478506,3.972079608522244,42.732080878876005,0.2149972566904191,0.3785067644685114,0.0,2.019355773925781,0.5957076847553253,0.0,0.0899990834295749,0.5957076847553253,0.7434931037722362,1.3449994872336708,0.0638799161601693,5.7304995530465535,0.577792680696302,2.133325575527841e-06,0.0010369896580044,0.0409837293068102,0.0899990834295749
covid_2020_02_25_20021568_p23_108_3_aug_0264,2020.02.25.20021568-p23-108%3_aug_0264.png,COVID,1,train,/Users/samehissa/Downloads/SS-VIRULEX-outputs/02_SVIS-RULEX/covid_ct_run/exact_sequence/outputs/augmented_train_images/COVID/2020.02.25.20021568-p23-108%3_aug_0264.png,0.2480150680275983,0.3296598122662914,0.1086755918234465,0.0832905583083629,1.3523740768432615,1.286897578681213,0.8602157289388193,3.972287471967354,21.78394442139913,0.1086755918234465,0.2745365782898261,0.0,1.3523740768432615,0.4480355083942413,0.0,0.0832905583083629,0.4480355083942413,0.7523340924952227,1.3291926772352716,0.0646338351228606,5.730799436607995,0.4125373507843632,2.064497770950221e-06,0.0007293775991262,0.0291380860922723,0.0832905583083629
covid_2020_02_25_20021568_p23_108_4_aug_0265,2020.02.25.20021568-p23-108%4_aug_0265.png,COVID,1,train,/Users/samehissa/Downloads/SS-VIRULEX-outputs/02_SVIS-RULEX/covid_ct_run/exact_sequence/outputs/augmented_train_images/COVID/2020.02.25.20021568-p23-108%4_aug_0265.png,0.330624044247088,0.4365491705439475,0.1905751783026086,0.00188325997442,1.6215016841888428,1.1770011293213651,0.324336012761063,3.962472452188533,38.38559192792436,0.1905751783026086,0.3637348518182079,0.0,1.6215016841888428,0.594910278916359,0.0,0.00188325997442,0.594910278916359,0.7573563511271245,1.3203793799633567,-0.0412041282409037,5.716639356246863,0.54761979231663,1.99998600692924e-06,0.0007011174865891,0.0385858598516234,0.00188325997442
covid_2020_02_25_20021568_p23_108_5_aug_0266,2020.02.25.20021568-p23-108%5_aug_0266.png,COVID,1,train,/Users/samehissa/Downloads/SS-VIRULEX-outputs/02_SVIS-RULEX/covid_ct_run/exact_sequence/outputs/augmented_train_images/COVID/2020.02.25.20021568-p23-108%5_aug_0266.png,0.1827231823262991,0.2511897165267572,0.0630962736887926,0.049441123381257,1.5334395170211792,1.924239135441416,5.432568074079947,3.9800889009271354,12.349956486175053,0.0630962736887926,0.1930491860875918,0.0,1.5334395170211792,0.3098340108990669,0.0,0.049441123381257,0.3098340108990669,0.7274280867256303,1.374700863507256,0.0225804681656641,5.74205451948012,0.31061879377823,2.169470785579782e-06,0.0008018172479223,0.0222022439900495,0.049441123381257
covid_2020_02_25_20021568_p23_108_6_aug_0267,2020.02.25.20021568-p23-108%6_aug_0267.png,COVID,1,train,/Users/samehissa/Downloads/SS-VIRULEX-outputs/02_SVIS-RULEX/covid_ct_run/exact_sequence/outputs/augmented_train_images/COVID/2020.02.25.20021568-p23-108%6_aug_0267.png,0.3031463125589653,0.4206017150614647,0.1769058027126455,0.0102959922514855,1.6869667768478394,1.355035757800941,1.0262820846970513,3.9156497462025217,34.40684665993516,0.1769058027126455,0.3469444249998332,0.0,1.6869667768478394,0.5608663260936737,0.0,0.0102959922514855,0.5608663260936737,0.7207426431250332,1.387454498492879,0.1023851379685907,5.6490884705198425,0.5184626211509789,2.031730110222724e-06,0.0006940862286615,0.0371762906123317,0.0102959922514855
covid_2020_02_25_20021568_p23_108_7_aug_0268,2020.02.25.20021568-p23-108%7_aug_0268.png,COVID,1,train,/Users/samehissa/Downloads/SS-VIRULEX-outputs/02_SVIS-RULEX/covid_ct_run/exact_sequence/outputs/augmented_train_images/COVID/2020.02.25.20021568-p23-108%7_aug_0268.png,0.2848535876255482,0.3947931238451293,0.1558616106353956,0.1278053782880306,1.7369967699050903,1.653447502623757,2.31980769505713,3.968437813426906,30.33640665837331,0.1558616106353956,0.3012636323546758,0.0,1.7369967699050903,0.4419339820742607,0.0,0.1278053782880306,0.4419339820742607,0.7215243855485833,1.3859510323742217,0.0888676374209567,5.725245553322575,0.4868297207633707,2.1333246768136053e-06,0.0009507072886833,0.0348951118795889,0.1278053782880306
covid_2020_02_25_20021568_p23_108_8_aug_0269,2020.02.25.20021568-p23-108%8_aug_0269.png,COVID,1,train,/Users/samehissa/Downloads/SS-VIRULEX-outputs/02_SVIS-RULEX/covid_ct_run/exact_sequence/outputs/augmented_train_images/COVID/2020.02.25.20021568-p23-108%8_aug_0269.png,0.2969277193369635,0.4010067574928718,0.1608064195549468,0.0078264095354825,1.7735974788665771,1.3584262079954696,1.2580742016821669,3.950794850722029,31.868478728396475,0.1608064195549468,0.3282583838011419,0.0,1.7735974788665771,0.5589474886655807,0.0,0.0078264095354825,0.5589474886655807,0.740453803670473,1.3505197776358355,0.0365147512689547,5.69979213852166,0.4989714321137007,2.0317300263319355e-06,0.0007135473167539,0.0354443246906048,0.0078264095354825
covid_2020_02_25_20021568_p23_108_9_aug_0270,2020.02.25.20021568-p23-108%9_aug_0270.png,COVID,1,train,/Users/samehissa/Downloads/SS-VIRULEX-outputs/02_SVIS-RULEX/covid_ct_run/exact_sequence/outputs/augmented_train_images/COVID/2020.02.25.20021568-p23-108%9_aug_0270.png,0.2592100899637444,0.445264232446887,0.1982602366965155,0.0,2.4215099811553955,2.732215322140595,8.895404114046972,3.751960120658741,33.977613751747576,0.1982602366965155,0.3069687869826794,0.0,2.4215099811553955,0.3910830616950989,0.0,0.0,0.3910830616950989,0.5821476079308842,1.7177735346226914,0.0157565361729178,5.412934259502862,0.5152185045546481,1.9104337205746656e-06,0.0004335636365019,0.0393561697728771,0.0
covid_2020_02_25_20021568_p24_111_0_aug_0271,2020.02.25.20021568-p24-111%0_aug_0271.png,COVID,1,train,/Users/samehissa/Downloads/SS-VIRULEX-outputs/02_SVIS-RULEX/covid_ct_run/exact_sequence/outputs/augmented_train_images/COVID/2020.02.25.20021568-p24-111%0_aug_0271.png,0.3044920768152224,0.4792632231356896,0.2296932370504098,0.0,2.1659207344055176,1.688477039070063,2.4203564793748447,3.761832318053546,41.26830872238811,0.2296932370504098,0.3821916807780781,0.0,2.1659207344055176,0.5206054002046585,0.0,0.0,0.5206054002046585,0.6353323743279172,1.573976006694339,0.071436542406988,5.427176829727021,0.5678104101666833,1.855062793051117e-06,0.0003854235637926,0.0423612843815709,0.0
covid_2020_02_25_20021568_p24_111_1_aug_0272,2020.02.25.20021568-p24-111%1_aug_0272.png,COVID,1,train,/Users/samehissa/Downloads/SS-VIRULEX-outputs/02_SVIS-RULEX/covid_ct_run/exact_sequence/outputs/augmented_train_images/COVID/2020.02.25.20021568-p24-111%1_aug_0272.png,0.2846696588967461,0.4441088253168455,0.1972326487243084,0.0,1.6744880676269531,1.629737564272926,1.625720568046682,3.785707455595651,35.61849131784937,0.1972326487243084,0.342801389394026,0.0,1.6744880676269531,0.3887875601649284,0.0,0.0,0.3887875601649284,0.6409893289202767,1.5600848613020974,0.0621059632707032,5.4616213722595575,0.5275125244206986,1.8285662501570517e-06,0.0003638221187011,0.0392540452457916,0.0
covid_2020_02_25_20021568_p24_111_2_aug_0273,2020.02.25.20021568-p24-111%2_aug_0273.png,COVID,1,train,/Users/samehissa/Downloads/SS-VIRULEX-outputs/02_SVIS-RULEX/covid_ct_run/exact_sequence/outputs/augmented_train_images/COVID/2020.02.25.20021568-p24-111%2_aug_0273.png,0.3004440700751729,0.4342733186273364,0.1885933152716,0.0370466969907283,2.035749673843384,1.6741958749059624,2.463623737821565,3.9041961258501368,35.694074177911745,0.1885933152716,0.3396407372874819,0.0,2.035749673843384,0.4915079399943352,0.0,0.0370466969907283,0.4915079399943352,0.6918301570878587,1.4454381426755356,0.226975333704609,5.632564389237232,0.528071921725569,2.0983476385356896e-06,0.0008313687592932,0.0383847010612219,0.0370466969907283
covid_2020_02_25_20021568_p24_111_3_aug_0274,2020.02.25.20021568-p24-111%3_aug_0274.png,COVID,1,train,/Users/samehissa/Downloads/SS-VIRULEX-outputs/02_SVIS-RULEX/covid_ct_run/exact_sequence/outputs/augmented_train_images/COVID/2020.02.25.20021568-p24-111%3_aug_0274.png,0.2329578330900403,0.3539482249311201,0.1252793459318907,0.0,1.544182538986206,1.4830980663286553,1.2145483236467003,3.7980945197268894,22.98223333502693,0.1252793459318907,0.2856192455902828,0.0,1.544182538986206,0.3893848955631256,0.0,0.0,0.3893848955631256,0.6581673773558195,1.51936605966933,0.0940821985110704,5.479492128252867,0.4237318703259148,1.855058453163651e-06,0.0003504573642312,0.031284898754717,0.0
covid_2020_02_25_20021568_p24_111_4_aug_0275,2020.02.25.20021568-p24-111%4_aug_0275.png,COVID,1,train,/Users/samehissa/Downloads/SS-VIRULEX-outputs/02_SVIS-RULEX/covid_ct_run/exact_sequence/outputs/augmented_train_images/COVID/2020.02.25.20021568-p24-111%4_aug_0275.png,0.2569270004350983,0.402083297753208,0.1616709783320949,0.0167946456931531,1.5685678720474243,1.7501806986528865,2.102596738251416,3.8163850712180993,29.143355121238,0.1616709783320949,0.3022264029818871,0.0,1.5685678720474243,0.3439611345529556,0.0,0.0167946456931531,0.3439611345529556,0.6389878984848979,1.5649709725808956,-0.0333065345052889,5.505879816184361,0.4771608343993374,2.0983373884359628e-06,0.0007117068676906,0.0355394783053928,0.0167946456931531
covid_2020_02_25_20021568_p24_111_5_aug_0276,2020.02.25.20021568-p24-111%5_aug_0276.png,COVID,1,train,/Users/samehissa/Downloads/SS-VIRULEX-outputs/02_SVIS-RULEX/covid_ct_run/exact_sequence/outputs/augmented_train_images/COVID/2020.02.25.20021568-p24-111%5_aug_0276.png,0.2042595001130394,0.308454814704524,0.0951443727144022,0.0,1.6653296947479248,1.839942204072412,3.717858272812373,3.841151756236199,17.518888460906368,0.0951443727144022,0.2408696185813426,0.0,1.6653296947479248,0.3537250906229019,0.0,0.0,0.3537250906229019,0.6622001932714533,1.51011245270757,-0.0371582742302797,5.541610589839233,0.3699544784170493,1.9393591126964893e-06,0.0004300366487272,0.0272638113959011,0.0
noncovid_14_aug_0000,14_aug_0000.png,NonCOVID,0,train,/Users/samehissa/Downloads/SS-VIRULEX-outputs/02_SVIS-RULEX/covid_ct_run/exact_sequence/outputs/augmented_train_images/NonCOVID/14_aug_0000.png,0.166208156842913,0.2931062175613713,0.0859112547731339,0.0,1.4267442226409912,2.0599594312274183,3.847538359452268,3.635157961757523,14.532659990304293,0.0859112547731339,0.2177597595477891,0.0,1.4267442226409912,0.2163490578532219,0.0,0.0,0.2163490578532219,0.5670558310564703,1.7634887669104735,-0.1046690385780669,5.244424364090946,0.3369516377378989,1.777763060876339e-06,0.0002163038074635,0.0259071742556981,0.0
noncovid_15_aug_0001,15_aug_0001.png,NonCOVID,0,train,/Users/samehissa/Downloads/SS-VIRULEX-outputs/02_SVIS-RULEX/covid_ct_run/exact_sequence/outputs/augmented_train_images/NonCOVID/15_aug_0001.png,0.2796740688499994,0.4287871438042467,0.1838584146918038,0.0411394294351339,2.0636372566223145,1.9282586943019824,3.6406586828628607,3.857186257060399,33.54572793330151,0.1838584146918038,0.3213574108594912,0.0,2.0636372566223145,0.4337620586156845,0.0,0.0411394294351339,0.4337620586156845,0.6522430083273901,1.5331673242620956,0.0937673932874068,5.564743484661435,0.5119335889340706,2.0983477530682757e-06,0.0007878900963095,0.0378997871336992,0.0411394294351339
noncovid_33_aug_0002,33_aug_0002.png,NonCOVID,0,train,/Users/samehissa/Downloads/SS-VIRULEX-outputs/02_SVIS-RULEX/covid_ct_run/exact_sequence/outputs/augmented_train_images/NonCOVID/33_aug_0002.png,0.2049542594468221,0.3221880466564471,0.1038051374082969,0.0,1.77410089969635,1.977735171638345,4.344830116985533,3.7965259140317897,18.663857391832604,0.1038051374082969,0.2451060896310082,0.0,1.77410089969635,0.3248394653201103,0.0,0.0,0.3248394653201103,0.6361304382435029,1.5719997599759217,0.0579284511674421,5.477229108595436,0.3818525708617034,1.8285642490026776e-06,0.0003165142360503,0.0284776690760026,0.0
noncovid_43_aug_0003,43_aug_0003.png,NonCOVID,0,train,/Users/samehissa/Downloads/SS-VIRULEX-outputs/02_SVIS-RULEX/covid_ct_run/exact_sequence/outputs/augmented_train_images/NonCOVID/43_aug_0003.png,0.1754728930791316,0.2566574040448213,0.0658730230510266,0.0038112464826554,1.1305779218673706,1.4644637268045,1.3001903834172888,3.858925401589707,12.37296118484314,0.0658730230510266,0.2088425048248154,0.0,1.1305779218673706,0.3196331039071083,0.0,0.0038112464826554,0.3196331039071083,0.6836826315201744,1.4626612665984746,-0.0077797986675949,5.5672525398492585,0.3109079594616178,1.9999800144524008e-06,0.0004745522929749,0.0226855238552286,0.0038112464826554
noncovid_44_aug_0004,44_aug_0004.png,NonCOVID,0,train,/Users/samehissa/Downloads/SS-VIRULEX-outputs/02_SVIS-RULEX/covid_ct_run/exact_sequence/outputs/augmented_train_images/NonCOVID/44_aug_0004.png,0.1868235143574566,0.2646450828694827,0.0700370198869953,0.0088181212777271,1.1930609941482544,1.5516272149480412,1.942951114343184,3.9128029510960016,13.43232581169487,0.0700370198869953,0.2116474913007664,0.0,1.1930609941482544,0.3251206651329994,0.0,0.0088181212777271,0.3251206651329994,0.705937198585303,1.4165512504123392,-0.096809553364977,5.644981413337238,0.3239445097603387,2.0317242431470063e-06,0.0005557528436405,0.0233915415880858,0.0088181212777271
noncovid_59_aug_0005,59_aug_0005.png,NonCOVID,0,train,/Users/samehissa/Downloads/SS-VIRULEX-outputs/02_SVIS-RULEX/covid_ct_run/exact_sequence/outputs/augmented_train_images/NonCOVID/59_aug_0005.png,0.2247757306322455,0.3462566741342204,0.1198936843824917,0.0,1.4991669654846191,1.6104576143849785,1.881344931685386,3.789215491870801,21.8134801233602,0.1198936843824917,0.2749991509044776,0.0,1.4991669654846191,0.3816011920571327,0.0,0.0,0.3816011920571327,0.6491573975776068,1.540454003465033,-0.0245607924947136,5.466682398796975,0.4128169248756058,1.855060931081705e-06,0.0003437438344869,0.0306050552889259,0.0
noncovid_81_aug_0006,81_aug_0006.png,NonCOVID,0,train,/Users/samehissa/Downloads/SS-VIRULEX-outputs/02_SVIS-RULEX/covid_ct_run/exact_sequence/outputs/augmented_train_images/NonCOVID/81_aug_0006.png,0.1353909463832678,0.229239405721573,0.0525507051355799,0.0,1.172139286994934,2.073503183245265,4.247175705547729,3.702981648425885,9.072820927761525,0.0525507051355799,0.1704837411483026,0.0,1.172139286994934,0.213691059499979,0.0,0.0,0.213691059499979,0.5906068171407302,1.6931664328029492,-0.0696516747216804,5.342273260502199,0.2662356352897502,1.855039804736966e-06,0.0002560038560518,0.0202620922876123,0.0
noncovid_82_aug_0007,82_aug_0007.png,NonCOVID,0,train,/Users/samehissa/Downloads/SS-VIRULEX-outputs/02_SVIS-RULEX/covid_ct_run/exact_sequence/outputs/augmented_train_images/NonCOVID/82_aug_0007.png,0.2227630427441909,0.3359923234816133,0.112890841438573,0.0,1.6029396057128906,1.6344738210610226,2.101006915352764,3.830256058589848,20.801819475356584,0.112890841438573,0.2646244172776733,0.0,1.6029396057128906,0.3438218906521797,0.0,0.0,0.3438218906521797,0.6629984204325454,1.5082947303222505,0.1557968355461372,5.525891420877817,0.4031305181342927,1.8823379134284e-06,0.0003877876550332,0.0296978062950591,0.0
noncovid_102_aug_0008,102_aug_0008.png,NonCOVID,0,train,/Users/samehissa/Downloads/SS-VIRULEX-outputs/02_SVIS-RULEX/covid_ct_run/exact_sequence/outputs/augmented_train_images/NonCOVID/102_aug_0008.png,0.2444779958750587,0.3624110971040936,0.1313418033041927,0.0,1.6715409755706787,1.634083624559175,2.1843530762476835,3.855680354680066,24.462245602723577,0.1313418033041927,0.2851688957121041,0.0,1.6715409755706787,0.3880766183137893,0.0,0.0,0.3880766183137893,0.6745856383619521,1.4823873854451302,0.1611830721078495,5.562570926765268,0.4371627772023573,1.9692142727169607e-06,0.0005176926031349,0.0320329180424451,0.0
noncovid_103_aug_0009,103_aug_0009.png,NonCOVID,0,train,/Users/samehissa/Downloads/SS-VIRULEX-outputs/02_SVIS-RULEX/covid_ct_run/exact_sequence/outputs/augmented_train_images/NonCOVID/103_aug_0009.png,0.2333039354998618,0.3850607106994757,0.1482717509243853,0.0,1.560498595237732,1.916817254668824,3.0993206913932614,3.723007322203426,25.945917087245952,0.1482717509243853,0.2913777145913627,0.0,1.560498595237732,0.3720415309071541,0.0,0.0,0.3720415309071541,0.6058871318990884,1.6504681323719197,0.0164417508672104,5.371164200751519,0.4502249185064161,1.7777706749602616e-06,0.0002692564253063,0.0340348799630138,0.0
noncovid_104_aug_0010,104_aug_0010.png,NonCOVID,0,train,/Users/samehissa/Downloads/SS-VIRULEX-outputs/02_SVIS-RULEX/covid_ct_run/exact_sequence/outputs/augmented_train_images/NonCOVID/104_aug_0010.png,0.2362544179977703,0.3504082738954673,0.1227859584144008,0.0,1.4508806467056274,1.4090033346420687,1.02580082417834,3.811331570649995,22.86106988004685,0.1227859584144008,0.2869501425668375,0.0,1.4508806467056274,0.4684619680047035,0.0,0.0,0.4684619680047035,0.6742242160755393,1.483181888682286,0.047674499244835,5.498589155975628,0.4226134267127182,1.777746419104455e-06,0.0002756177551268,0.0309720083319197,0.0
noncovid_114_aug_0011,114_aug_0011.png,NonCOVID,0,train,/Users/samehissa/Downloads/SS-VIRULEX-outputs/02_SVIS-RULEX/covid_ct_run/exact_sequence/outputs/augmented_train_images/NonCOVID/114_aug_0011.png,0.261074318215833,0.3761056532895061,0.1414554624363261,0.0141733987256884,1.4485958814620972,1.4187929940854656,0.9650359455879274,3.882060695750549,26.83075354472809,0.1414554624363261,0.3039228172631283,0.0,1.4485958814620972,0.4688376113772392,0.0,0.0141733987256884,0.4688376113772392,0.6941496937967553,1.4406076241423922,0.0919138877385031,5.600629714004613,0.4578375935505823,1.999990414934243e-06,0.0006005126378037,0.0332433572354507,0.0141733987256884
noncovid_115_aug_0012,115_aug_0012.png,NonCOVID,0,train,/Users/samehissa/Downloads/SS-VIRULEX-outputs/02_SVIS-RULEX/covid_ct_run/exact_sequence/outputs/augmented_train_images/NonCOVID/115_aug_0012.png,0.2566582669096533,0.3856752476253912,0.1487453966309068,0.0,2.036298513412476,1.699332325967707,2.9040521653192157,3.8381296310738255,27.471214413308623,0.1487453966309068,0.3087782683155637,0.0,2.036298513412476,0.4798797070980072,0.0,0.0,0.4798797070980072,0.6654759490373037,1.5026800121001105,0.1017450658104946,5.537250584854531,0.4632697514450664,1.9393847760085595e-06,0.000490515844881,0.0340891978664643,0.0
noncovid_116_aug_0013,116_aug_0013.png,NonCOVID,0,train,/Users/samehissa/Downloads/SS-VIRULEX-outputs/02_SVIS-RULEX/covid_ct_run/exact_sequence/outputs/augmented_train_images/NonCOVID/116_aug_0013.png,0.2541507262649247,0.3393153621606999,0.1151349149982469,0.0353715792298316,1.482601761817932,1.3058836309584088,0.912999391818285,3.975159506178844,23.005120852382166,0.1151349149982469,0.2778236287069831,0.0,1.482601761817932,0.4393708929419517,0.0,0.0353715792298316,0.4393708929419517,0.7490081664395517,1.335094993224612,0.0907184304234803,5.734942906122175,0.4239428105997738,2.2856870419435344e-06,0.0011579090003916,0.029991524193075,0.0353715792298316
noncovid_117_aug_0014,117_aug_0014.png,NonCOVID,0,train,/Users/samehissa/Downloads/SS-VIRULEX-outputs/02_SVIS-RULEX/covid_ct_run/exact_sequence/outputs/augmented_train_images/NonCOVID/117_aug_0014.png,0.2607411122444318,0.3577505161954041,0.1279854318380781,0.0241683712229132,1.511365294456482,1.5109373846312515,1.8733652897347453,3.949041670434256,25.084334009925318,0.1279854318380781,0.2862811195197992,0.0,1.511365294456482,0.434952862560749,0.0,0.0241683712229132,0.434952862560749,0.7288330040284579,1.3720525816428624,0.0625199554038224,5.697262834014706,0.4426865250406223,2.031736322638875e-06,0.0006840955347829,0.0316209769968447,0.0241683712229132
noncovid_118_aug_0015,118_aug_0015.png,NonCOVID,0,train,/Users/samehissa/Downloads/SS-VIRULEX-outputs/02_SVIS-RULEX/covid_ct_run/exact_sequence/outputs/augmented_train_images/NonCOVID/118_aug_0015.png,0.2395088747362024,0.3496919377829185,0.1222844513503725,0.0,1.422345757484436,1.4616513628561123,1.2131351564980308,3.8599087614619454,22.995065910755123,0.1222844513503725,0.2822236539645928,0.0,1.422345757484436,0.4047712534666061,0.0,0.0,0.4047712534666061,0.6849119580587131,1.4600374961807694,0.16474237287814,5.568671228260349,0.4238501532709106,1.9692158568985296e-06,0.0005113451695249,0.0309086925665707,0.0
noncovid_120_aug_0016,120_aug_0016.png,NonCOVID,0,train,/Users/samehissa/Downloads/SS-VIRULEX-outputs/02_SVIS-RULEX/covid_ct_run/exact_sequence/outputs/augmented_train_images/NonCOVID/120_aug_0016.png,0.2251703977963188,0.415568928495734,0.1726975343310924,0.0,1.807722806930542,2.0921306660863244,3.6538560503598343,3.5549968339732203,28.59510302398015,0.1726975343310924,0.3056979249950018,0.0,1.807722806930542,0.2947360277175903,0.0,0.0,0.2947360277175903,0.5418351578310372,1.845575317904989,0.034247532165333,5.128776302564467,0.4726512904614193,1.6410194806204414e-06,0.0001466057667365,0.0367314509237201,0.0
noncovid_158_aug_0017,158_aug_0017.png,NonCOVID,0,train,/Users/samehissa/Downloads/SS-VIRULEX-outputs/02_SVIS-RULEX/covid_ct_run/exact_sequence/outputs/augmented_train_images/NonCOVID/158_aug_0017.png,0.2625244317168835,0.4306806549081641,0.1854858265121251,0.0,1.970676302909851,1.9987853757645837,3.733890090664184,3.747536766292505,32.563827681330906,0.1854858265121251,0.3225772597347713,0.0,1.970676302909851,0.3740171194076538,0.0,0.0,0.3740171194076538,0.6095556398213958,1.6405355192716946,-0.1077465136485634,5.406552708094596,0.5043856696620134,1.8550628612277444e-06,0.0003665376339945,0.0380671514514282,0.0
noncovid_171_aug_0018,171_aug_0018.png,NonCOVID,0,train,/Users/samehissa/Downloads/SS-VIRULEX-outputs/02_SVIS-RULEX/covid_ct_run/exact_sequence/outputs/augmented_train_images/NonCOVID/171_aug_0018.png,0.3723534878154169,0.5518861464890363,0.3045783186865181,0.0574654880911111,2.276711225509644,1.6209461587312646,2.0177785261311696,3.863083542435594,56.73285613757746,0.3045783186865181,0.4411897822058108,0.0,2.276711225509644,0.7051410675048828,0.0,0.0574654880911111,0.7051410675048828,0.6746913570722451,1.4821565113487467,-0.0281905644053,5.573251469026937,0.6657517845074273,2.098342509992652e-06,0.0008805852190623,0.0487803045781637,0.0574654880911111
noncovid_174_aug_0019,174_aug_0019.png,NonCOVID,0,train,/Users/samehissa/Downloads/SS-VIRULEX-outputs/02_SVIS-RULEX/covid_ct_run/exact_sequence/outputs/augmented_train_images/NonCOVID/174_aug_0019.png,0.2903401833009411,0.3957130204365791,0.1565887945430405,0.0710195489227771,1.850703716278076,1.6293143176734404,2.423185134240555,3.982974384990699,30.833435722529863,0.1565887945430405,0.3103135051802042,0.0,1.850703716278076,0.4886831641197204,0.0,0.0710195489227771,0.4886831641197204,0.7337121464147713,1.3629288785921092,0.0625288206443126,5.746217393029186,0.4908016061325233,2.2455632265860616e-06,0.0011840862593331,0.0349764200193144,0.0710195489227771
noncovid_226_aug_0020,226_aug_0020.png,NonCOVID,0,train,/Users/samehissa/Downloads/SS-VIRULEX-outputs/02_SVIS-RULEX/covid_ct_run/exact_sequence/outputs/augmented_train_images/NonCOVID/226_aug_0020.png,0.2107469378152018,0.3564849875725736,0.1270815463646179,0.0,1.602161169052124,1.7880724818715374,2.4081547131223857,3.649412340804692,21.951464724877123,0.1270815463646179,0.2753197255213706,0.0,1.602161169052124,0.3458017185330391,0.0,0.0,0.3458017185330391,0.591178742396706,1.6915310431943995,0.116093137854816,5.26498908605325,0.4141205357901278,1.662278360233219e-06,0.0001542918604084,0.0315091190129711,0.0
noncovid_227_aug_0021,227_aug_0021.png,NonCOVID,0,train,/Users/samehissa/Downloads/SS-VIRULEX-outputs/02_SVIS-RULEX/covid_ct_run/exact_sequence/outputs/augmented_train_images/NonCOVID/227_aug_0021.png,0.3227536946506006,0.4847969239835174,0.2350280575038804,0.0,2.35376524925232,1.802368844410813,3.403547385838997,3.84481872023199,43.4173446290552,0.2350280575038804,0.3783846393248495,0.0,2.35376524925232,0.5337231159210205,0.0,0.0,0.5337231159210205,0.6657489207020076,1.502064676620783,0.0992033703418184,5.54690090061108,0.5824070783519837,1.910440645067398e-06,0.000506664223168,0.0428503990558905,0.0
noncovid_294_aug_0022,294_aug_0022.png,NonCOVID,0,train,/Users/samehissa/Downloads/SS-VIRULEX-outputs/02_SVIS-RULEX/covid_ct_run/exact_sequence/outputs/augmented_train_images/NonCOVID/294_aug_0022.png,0.2209562466014176,0.3184922783316932,0.1014373313569127,0.0209426842629909,1.596102237701416,1.6836137330776322,2.6500679763751034,3.905519259440458,19.2331512664447,0.1014373313569127,0.2481300867293612,0.0,1.596102237701416,0.3526816591620445,0.0,0.0209426842629909,0.3526816591620445,0.6937548188106624,1.4414269034277205,-0.1094364203894069,5.634473267506422,0.3876325505799264,2.0644996711200217e-06,0.0006552883315093,0.0281510062204866,0.0209426842629909
noncovid_354_aug_0023,354_aug_0023.png,NonCOVID,0,train,/Users/samehissa/Downloads/SS-VIRULEX-outputs/02_SVIS-RULEX/covid_ct_run/exact_sequence/outputs/augmented_train_images/NonCOVID/354_aug_0023.png,0.353334771702066,0.575548681869106,0.3312562852012654,0.0,2.5323522090911865,2.0319845833267958,3.7154654361465713,3.771168540577271,58.38102350016212,0.3312562852012654,0.4237192530126776,0.0,2.5323522090911865,0.5151039361953735,0.0,0.0,0.5151039361953735,0.6139083780823338,1.6289047327456694,-0.0780900261418311,5.440646151662634,0.675353052924925,1.8823462420840432e-06,0.0004707491207872,0.0508717969815779,0.0
noncovid_361_aug_0024,361_aug_0024.png,NonCOVID,0,train,/Users/samehissa/Downloads/SS-VIRULEX-outputs/02_SVIS-RULEX/covid_ct_run/exact_sequence/outputs/augmented_train_images/NonCOVID/361_aug_0024.png,0.2360193540916952,0.364901628362914,0.1331531983819062,0.0,1.838934063911438,1.7434860513744297,2.942666876070077,3.791101870723924,24.173866737634214,0.1331531983819062,0.2907781639113977,0.0,1.838934063911438,0.3901990354061126,0.0,0.0,0.3901990354061126,0.6468009154950842,1.546066549360808,0.0269343713571331,5.469403868213611,0.4345783403343605,1.8823310316819888e-06,0.0003741034855204,0.0322530519851787,0.0
noncovid_378_aug_0025,378_aug_0025.png,NonCOVID,0,train,/Users/samehissa/Downloads/SS-VIRULEX-outputs/02_SVIS-RULEX/covid_ct_run/exact_sequence/outputs/augmented_train_images/NonCOVID/378_aug_0025.png,0.1931725274043856,0.2912702884893922,0.0848383809566937,0.0,1.227035403251648,1.543986823843507,1.5258280392784966,3.827639302962143,15.635712806462958,0.0848383809566937,0.2324772064889657,0.0,1.227035403251648,0.3262385576963424,0.0,0.0,0.3262385576963424,0.663204836996561,1.5078245980581368,-0.0531013847176913,5.522116240510509,0.3495053737791335,1.9692159507260163e-06,0.0004556744680057,0.0257448995186264,0.0
noncovid_381_aug_0026,381_aug_0026.png,NonCOVID,0,train,/Users/samehissa/Downloads/SS-VIRULEX-outputs/02_SVIS-RULEX/covid_ct_run/exact_sequence/outputs/augmented_train_images/NonCOVID/381_aug_0026.png,0.2541277759009972,0.3403840387883225,0.1158612938618502,0.0942479409277439,1.456865668296814,1.5453530754073073,2.014404697180429,3.994997579092836,23.096604204318428,0.1158612938618502,0.2676109537533193,0.0,1.456865668296814,0.40933807939291,0.0,0.0942479409277439,0.40933807939291,0.7465891474126551,1.3394208389126614,-0.0755442159632389,5.763563195535983,0.424784910685676,2.1333242259679457e-06,0.0009076239088861,0.0300859827543609,0.0942479409277439
noncovid_382_aug_0027,382_aug_0027.png,NonCOVID,0,train,/Users/samehissa/Downloads/SS-VIRULEX-outputs/02_SVIS-RULEX/covid_ct_run/exact_sequence/outputs/augmented_train_images/NonCOVID/382_aug_0027.png,0.1730307715315575,0.2589235967517955,0.0670414289548864,0.0,1.0966434478759766,1.5159273599215606,1.5451445665522243,3.818121294349544,12.413577837016636,0.0670414289548864,0.2100045554981022,0.0,1.0966434478759766,0.3142425864934921,0.0,0.0,0.3142425864934921,0.6682670310284367,1.496402024102243,-0.0238178582619036,5.508384656685973,0.311417849282427,1.882327839804208e-06,0.0003296333940647,0.0228858288840507,0.0
noncovid_383_aug_0028,383_aug_0028.png,NonCOVID,0,train,/Users/samehissa/Downloads/SS-VIRULEX-outputs/02_SVIS-RULEX/covid_ct_run/exact_sequence/outputs/augmented_train_images/NonCOVID/383_aug_0028.png,0.2360722701487247,0.3397418222619116,0.1154245057938443,0.0,1.5916483402252195,1.4182779430992536,1.3257695563126504,3.868458751493546,21.90779168345815,0.1154245057938443,0.2787931900289777,0.0,1.5916483402252195,0.4039632156491279,0.0,0.0,0.4039632156491279,0.6948557987981098,1.439143284587704,0.130235405201378,5.581006256478585,0.4137083786038383,1.939373850071309e-06,0.0004689549038051,0.030029218296759,0.0
noncovid_385_aug_0029,385_aug_0029.png,NonCOVID,0,train,/Users/samehissa/Downloads/SS-VIRULEX-outputs/02_SVIS-RULEX/covid_ct_run/exact_sequence/outputs/augmented_train_images/NonCOVID/385_aug_0029.png,0.1979079927950806,0.284421788096251,0.0808957535438687,0.0,1.358134627342224,1.479802544715954,1.8214367517789647,3.873467665655073,15.368105875973937,0.0808957535438687,0.2327241208250825,0.0,1.358134627342224,0.4042956829071045,0.0,0.0,0.4042956829071045,0.6958232640912969,1.4371414922627663,0.0145791329580324,5.588232592099658,0.346501554334243,1.939358406853694e-06,0.0004319850491997,0.0251395718850077,0.0
noncovid_575_aug_0030,575_aug_0030.png,NonCOVID,0,train,/Users/samehissa/Downloads/SS-VIRULEX-outputs/02_SVIS-RULEX/covid_ct_run/exact_sequence/outputs/augmented_train_images/NonCOVID/575_aug_0030.png,0.1761208419402464,0.3237989521716793,0.1048457614274774,0.0,1.4852670431137085,2.301646342808956,5.054819145669146,3.590802820456689,17.390631986331996,0.1048457614274774,0.231267535673453,0.0,1.4852670431137085,0.2184527665376663,0.0,0.0,0.2184527665376663,0.54391867805733,1.8385044529910688,-0.0187626295074958,5.180433421698304,0.3685977650409979,1.706622974447336e-06,0.0001681172363645,0.0286200543527116,0.0
noncovid_576_aug_0031,576_aug_0031.png,NonCOVID,0,train,/Users/samehissa/Downloads/SS-VIRULEX-outputs/02_SVIS-RULEX/covid_ct_run/exact_sequence/outputs/augmented_train_images/NonCOVID/576_aug_0031.png,0.1820592176663922,0.2730743687715879,0.0745696108800012,0.0,1.1189072132110596,1.5527334836093385,1.6057862947039023,3.8202000778530745,13.7875417110144,0.0745696108800012,0.2172470094913023,0.0,1.1189072132110596,0.2896449044346809,0.0,0.0,0.2896449044346809,0.6666995214009009,1.4999205877725628,-0.118135659488826,5.5113837073376,0.3281998927746625,1.8028096239427328e-06,0.0002783226096104,0.0241365922408282,0.0
noncovid_577_aug_0032,577_aug_0032.png,NonCOVID,0,train,/Users/samehissa/Downloads/SS-VIRULEX-outputs/02_SVIS-RULEX/covid_ct_run/exact_sequence/outputs/augmented_train_images/NonCOVID/577_aug_0032.png,0.2063566350025212,0.3121748538575373,0.0974531393809747,0.0001730261137709,1.373414397239685,1.6181241630048897,1.8732074068491225,3.834969093012897,17.92463362438893,0.0974531393809747,0.2462905775394119,0.0,1.373414397239685,0.3146847486495971,0.0,0.0001730261137709,0.3146847486495971,0.6610268938246996,1.5127929075492204,0.0643557452929998,5.532690892267489,0.3742141100901174,1.999897860122273e-06,0.0005028166808999,0.027592619509823,0.0001730261137709
noncovid_578_aug_0033,578_aug_0033.png,NonCOVID,0,train,/Users/samehissa/Downloads/SS-VIRULEX-outputs/02_SVIS-RULEX/covid_ct_run/exact_sequence/outputs/augmented_train_images/NonCOVID/578_aug_0033.png,0.1456141429880517,0.2153742610090715,0.0463860723052036,0.0,0.8832781314849854,1.5010954368999452,1.4356317389246191,3.844514254262128,8.651462520748604,0.0463860723052036,0.1741600899017612,0.0,0.8832781314849854,0.2461715191602707,0.0,0.0,0.2461715191602707,0.6760950273760482,1.4790751543051963,0.0246497768321514,5.546461649066239,0.2599799048837207,1.969206178931969e-06,0.0003952100663333,0.0190365750565694,0.0
noncovid_579_aug_0034,579_aug_0034.png,NonCOVID,0,train,/Users/samehissa/Downloads/SS-VIRULEX-outputs/02_SVIS-RULEX/covid_ct_run/exact_sequence/outputs/augmented_train_images/NonCOVID/579_aug_0034.png,0.2290996280535182,0.365033749473629,0.1332496382547761,0.0,1.545676827430725,1.6605938809791023,1.9226229578029197,3.7483834522723702,23.77424356211668,0.1332496382547761,0.2863362587935398,0.0,1.545676827430725,0.3285515382885933,0.0,0.0,0.3285515382885933,0.6276104627953207,1.59334064649095,0.0110267159400499,5.407774217758937,0.4309713190329915,1.8822821177779087e-06,0.0003523255939312,0.0322647299518443,0.0
noncovid_580_aug_0035,580_aug_0035.png,NonCOVID,0,train,/Users/samehissa/Downloads/SS-VIRULEX-outputs/02_SVIS-RULEX/covid_ct_run/exact_sequence/outputs/augmented_train_images/NonCOVID/580_aug_0035.png,0.25185911769222,0.3751765836248911,0.1407574689004448,0.0,1.588457107543945,1.519992315535207,1.5282429203491343,3.826205091211624,26.136381960339,0.1407574689004448,0.3030626074969405,0.0,1.588457107543945,0.4278131872415542,0.0,0.0,0.4278131872415542,0.6713064124428955,1.4896287538153334,-0.0963209642466041,5.5200471103304505,0.4518744118282738,1.855063005395847e-06,0.0003722278905532,0.0331612383029452,0.0
noncovid_585_aug_0036,585_aug_0036.png,NonCOVID,0,train,/Users/samehissa/Downloads/SS-VIRULEX-outputs/02_SVIS-RULEX/covid_ct_run/exact_sequence/outputs/augmented_train_images/NonCOVID/585_aug_0036.png,0.2001589646115462,0.3524544369010319,0.1242241300912235,0.0,2.1051034927368164,2.3486827325825392,6.706735937227009,3.647521797919445,21.028830874315485,0.1242241300912235,0.2588944679799283,0.0,2.1051034927368164,0.2858331203460693,0.0,0.0,0.2858331203460693,0.5678986437872714,1.7608726023590775,0.1324045852634761,5.262261609208114,0.4053242420650284,1.72971335678448e-06,0.0002004321506776,0.0311528652990007,0.0
noncovid_586_aug_0037,586_aug_0037.png,NonCOVID,0,train,/Users/samehissa/Downloads/SS-VIRULEX-outputs/02_SVIS-RULEX/covid_ct_run/exact_sequence/outputs/augmented_train_images/NonCOVID/586_aug_0037.png,0.263112829066813,0.3998836466045286,0.1599069308217355,0.0,1.5263911485671997,1.6787879131956382,1.842323346023272,3.840103609644972,29.32931733008352,0.1599069308217355,0.3025946031411877,0.0,1.5263911485671997,0.3506932035088539,0.0,0.0,0.3506932035088539,0.6579718208761889,1.5198181252613303,0.0797852758122786,5.540098433949948,0.4786807826112069,1.9104417031008792e-06,0.0004706284361071,0.0353450547749583,0.0
noncovid_587_aug_0038,587_aug_0038.png,NonCOVID,0,train,/Users/samehissa/Downloads/SS-VIRULEX-outputs/02_SVIS-RULEX/covid_ct_run/exact_sequence/outputs/augmented_train_images/NonCOVID/587_aug_0038.png,0.222206018768702,0.3643078122454341,0.1327201820630544,0.0,1.9093130826950075,2.1426222842658498,5.060353960617354,3.752282838140022,23.30824919553168,0.1327201820630544,0.2695582457271541,0.0,1.9093130826950075,0.3390974849462509,0.0,0.0,0.3390974849462509,0.6099386325549608,1.6395047004763998,0.1589815829358666,5.413399842412711,0.4267267238410213,1.8285488626597389e-06,0.0003098478249283,0.0322005655597477,0.0
noncovid_672_aug_0039,672_aug_0039.png,NonCOVID,0,train,/Users/samehissa/Downloads/SS-VIRULEX-outputs/02_SVIS-RULEX/covid_ct_run/exact_sequence/outputs/augmented_train_images/NonCOVID/672_aug_0039.png,0.1887758341254084,0.2779168083055608,0.0772377523387498,0.0184492096304893,1.2615801095962524,1.6730332559621557,2.3632030686003223,3.878784105311443,14.447880689727176,0.0772377523387498,0.2179053163880553,0.0,1.2615801095962524,0.3212175890803337,0.0,0.0184492096304893,0.3212175890803337,0.6792505859065213,1.4722054313420956,-0.0103166448656548,5.595902593227089,0.335967361344065,2.0644975207343875e-06,0.0005931962949974,0.0245646074698229,0.0184492096304893
noncovid_673_aug_0040,673_aug_0040.png,NonCOVID,0,train,/Users/samehissa/Downloads/SS-VIRULEX-outputs/02_SVIS-RULEX/covid_ct_run/exact_sequence/outputs/augmented_train_images/NonCOVID/673_aug_0040.png,0.2462706039659679,0.3616528703531425,0.1307927986346668,0.0,1.4142996072769165,1.472881835418324,1.2298617058090642,3.850024621480751,24.50457715359097,0.1307927986346668,0.2898697333657765,0.0,1.4142996072769165,0.3990354835987091,0.0,0.0,0.3990354835987091,0.6809566388035422,1.4685182255983715,0.043727038423692,5.554411428526026,0.4375408655342144,1.8550670231041043e-06,0.0003849338039894,0.0319658996327857,0.0
noncovid_704_aug_0041,704_aug_0041.png,NonCOVID,0,train,/Users/samehissa/Downloads/SS-VIRULEX-outputs/02_SVIS-RULEX/covid_ct_run/exact_sequence/outputs/augmented_train_images/NonCOVID/704_aug_0041.png,0.2426646408566739,0.3707555474740486,0.1374596759827815,0.0,1.6344832181930542,1.6803230424709543,2.1801752835747754,3.8240168489284265,25.132262899824653,0.1374596759827815,0.2898044181065415,0.0,1.6344832181930542,0.3976775333285332,0.0,0.0,0.3976775333285332,0.654512084843652,1.5278515492210896,-0.1238590708487378,5.516890144040218,0.4431092460160136,1.969219056994818e-06,0.0005111291024905,0.0327704702226788,0.0
noncovid_705_aug_0042,705_aug_0042.png,NonCOVID,0,train,/Users/samehissa/Downloads/SS-VIRULEX-outputs/02_SVIS-RULEX/covid_ct_run/exact_sequence/outputs/augmented_train_images/NonCOVID/705_aug_0042.png,0.2206674674816895,0.3237033196484532,0.1047838391514286,0.0371576603502035,1.590988278388977,1.6963796678738037,2.700345926668742,3.8878117604852624,19.645180205595032,0.1047838391514286,0.2543501314307832,0.0,1.590988278388977,0.3904732093214988,0.0,0.0371576603502035,0.3904732093214988,0.6816945406268815,1.4669281491405768,0.0427498807794226,5.608926746577215,0.391762645432424,2.098345513454158e-06,0.0007060837857457,0.0286116015520022,0.0371576603502035
noncovid_706_aug_0043,706_aug_0043.png,NonCOVID,0,train,/Users/samehissa/Downloads/SS-VIRULEX-outputs/02_SVIS-RULEX/covid_ct_run/exact_sequence/outputs/augmented_train_images/NonCOVID/706_aug_0043.png,0.3272696593048749,0.459948434236526,0.2115525621566319,0.0098461704328656,2.0030317306518555,1.396720570947257,1.155636884734048,3.9044807007541182,40.78822298344458,0.2115525621566319,0.3748486168699401,0.0,2.0030317306518555,0.5871032923460007,0.0,0.0098461704328656,0.5871032923460007,0.7115339968797062,1.405411168311363,-0.0444996730678459,5.632974944039969,0.5644980000479726,1.9999908691168865e-06,0.0006730682927628,0.0406540821055977,0.0098461704328656
noncovid_781_aug_0044,781_aug_0044.png,NonCOVID,0,train,/Users/samehissa/Downloads/SS-VIRULEX-outputs/02_SVIS-RULEX/covid_ct_run/exact_sequence/outputs/augmented_train_images/NonCOVID/781_aug_0044.png,0.2155415573979553,0.3288981948698918,0.1081740225886733,0.0,1.571778655052185,1.6810364013255843,2.386083457851603,3.822676640425319,19.7929197509388,0.1081740225886733,0.2594065415686373,0.0,1.571778655052185,0.3841502740979194,0.0,0.0,0.3841502740979194,0.6553423077950092,1.5259154607602914,0.0869833008368465,5.514956631879027,0.393232991436641,1.9692027122300235e-06,0.0004758325394305,0.0290707679890643,0.0
noncovid_782_aug_0045,782_aug_0045.png,NonCOVID,0,train,/Users/samehissa/Downloads/SS-VIRULEX-outputs/02_SVIS-RULEX/covid_ct_run/exact_sequence/outputs/augmented_train_images/NonCOVID/782_aug_0045.png,0.1160428708426479,0.2089389684224453,0.0436554925254356,0.0,1.170554757118225,2.3302258008380505,5.781127318591423,3.628136024640821,7.311544371051403,0.0436554925254356,0.1479047260330048,0.0,1.170554757118225,0.139263816177845,0.0,0.0,0.139263816177845,0.555388572702503,1.8005325696032013,0.0344008936420065,5.234293850235246,0.2390009213347076,1.7066223015999367e-06,0.0001484058124046,0.0184677701782041,0.0
noncovid_921_aug_0046,921_aug_0046.png,NonCOVID,0,train,/Users/samehissa/Downloads/SS-VIRULEX-outputs/02_SVIS-RULEX/covid_ct_run/exact_sequence/outputs/augmented_train_images/NonCOVID/921_aug_0046.png,0.1691232513258,0.2618466450654585,0.0685636655320362,0.0,1.3192176818847656,1.8212215064454709,3.1968015538939527,3.806257459390328,12.43729147789388,0.0685636655320362,0.2027953273684488,0.0,1.3192176818847656,0.2945679053664207,0.0,0.0,0.2945679053664207,0.6458841792658532,1.5482592902677557,0.1065745366153521,5.491268760824388,0.3117151579103043,1.8550607005110808e-06,0.0003121143297683,0.0231441922945915,0.0
noncovid_956_aug_0047,956_aug_0047.png,NonCOVID,0,train,/Users/samehissa/Downloads/SS-VIRULEX-outputs/02_SVIS-RULEX/covid_ct_run/exact_sequence/outputs/augmented_train_images/NonCOVID/956_aug_0047.png,0.2987802876596106,0.4047766559380678,0.1638441411924049,0.0123239653185009,1.651843547821045,1.286636816341866,0.7480544504258404,3.942356447210389,32.39856659025466,0.1638441411924049,0.3338438837927242,0.0,1.651843547821045,0.4945605993270874,0.0,0.0123239653185009,0.4945605993270874,0.7381343393750096,1.3547635927013195,0.1356700697229355,5.687618095622397,0.5031041656420313,2.0317337579107416e-06,0.0007127490746738,0.0357775397849777,0.0123239653185009
noncovid_957_aug_0048,957_aug_0048.png,NonCOVID,0,train,/Users/samehissa/Downloads/SS-VIRULEX-outputs/02_SVIS-RULEX/covid_ct_run/exact_sequence/outputs/augmented_train_images/NonCOVID/957_aug_0048.png,0.2269984299209682,0.3551487066998051,0.1261306038705442,0.0,1.7650562524795532,1.712643673648702,2.4808883777860107,3.779240481498962,22.740338055312503,0.1261306038705442,0.2757293793850692,0.0,1.7650562524795532,0.3463221490383148,0.0,0.0,0.3463221490383148,0.6391626563071937,1.5645425689660222,0.059712937598461,5.452291500800707,0.4214960154700504,1.882261291740247e-06,0.000360197440463,0.031391007354633,0.0
noncovid_1029_aug_0049,1029_aug_0049.png,NonCOVID,0,train,/Users/samehissa/Downloads/SS-VIRULEX-outputs/02_SVIS-RULEX/covid_ct_run/exact_sequence/outputs/augmented_train_images/NonCOVID/1029_aug_0049.png,0.2865625652157177,0.3923379532131743,0.1539290695315029,0.0479395315051078,2.221580266952514,1.762193106463735,3.965355136125256,3.9679872758655232,30.214038184257976,0.1539290695315029,0.3066566015956482,0.0,2.221580266952514,0.517361655831337,0.0,0.0479395315051078,0.517361655831337,0.7303953962991185,1.3691179548097332,0.1376543008486068,5.724595565017036,0.4858468619992471,2.0645040097406083e-06,0.0007899320035048,0.0346781034042357,0.0479395315051078
noncovid_1030_aug_0050,1030_aug_0050.png,NonCOVID,0,train,/Users/samehissa/Downloads/SS-VIRULEX-outputs/02_SVIS-RULEX/covid_ct_run/exact_sequence/outputs/augmented_train_images/NonCOVID/1030_aug_0050.png,0.1308240253783879,0.2250708138444994,0.0506568712446253,0.0,1.2325459718704224,2.3732000465185483,6.481350620739619,3.7091633311421055,8.674789998186288,0.0506568712446253,0.1632298675426682,0.0,1.2325459718704224,0.1693432591855526,0.0,0.0,0.1693432591855526,0.5812545922288311,1.720408871333209,-0.0766127442278227,5.35119154350124,0.260330168940963,1.8823265815765136e-06,0.0002782377128162,0.0198936373395775,0.0
noncovid_1058_aug_0051,1058_aug_0051.png,NonCOVID,0,train,/Users/samehissa/Downloads/SS-VIRULEX-outputs/02_SVIS-RULEX/covid_ct_run/exact_sequence/outputs/augmented_train_images/NonCOVID/1058_aug_0051.png,0.2173307856210158,0.3182829424959803,0.1013040314838995,0.0,1.207347750663757,1.289928904512275,0.4403491742559322,3.816482299636207,19.01269783840608,0.1013040314838995,0.2648789701165697,0.0,1.207347750663757,0.4108007401227951,0.0,0.0,0.4108007401227951,0.682820452444787,1.4645092345591857,0.1357963410831523,5.506020087141,0.3854045950200224,1.7777650184179249e-06,0.0002676406462749,0.0281325033718644,0.0
noncovid_1059_aug_0052,1059_aug_0052.png,NonCOVID,0,train,/Users/samehissa/Downloads/SS-VIRULEX-outputs/02_SVIS-RULEX/covid_ct_run/exact_sequence/outputs/augmented_train_images/NonCOVID/1059_aug_0052.png,0.1410607237248768,0.2408254349502856,0.0579968901189942,0.0,0.997904896736145,1.75930482145089,2.1689939023667257,3.6348459227714063,9.970562290787878,0.0579968901189942,0.1857887650385521,0.0,0.997904896736145,0.1763391941785812,0.0,0.0,0.1763391941785812,0.5857360457708738,1.7072465573052684,0.0389614878993885,5.243974186993111,0.2790967894777371,1.7295990896003887e-06,0.0001583986577005,0.0212861622669433,0.0
noncovid_1060_aug_0053,1060_aug_0053.png,NonCOVID,0,train,/Users/samehissa/Downloads/SS-VIRULEX-outputs/02_SVIS-RULEX/covid_ct_run/exact_sequence/outputs/augmented_train_images/NonCOVID/1060_aug_0053.png,0.1434847627315321,0.257606930833996,0.0663613308137111,0.0,1.1535561084747314,1.9132738083619976,2.7605553623491383,3.574950474478004,11.12949861757891,0.0663613308137111,0.1945212643090599,0.0,1.1535561084747314,0.1945883706212043,0.0,0.0,0.1945883706212043,0.5569889182643003,1.79536088661897,0.0123580890682556,5.1575633207684,0.2948715109159161,1.6623225095532088e-06,0.0001310381992905,0.0227694509591715,0.0
noncovid_1061_aug_0054,1061_aug_0054.png,NonCOVID,0,train,/Users/samehissa/Downloads/SS-VIRULEX-outputs/02_SVIS-RULEX/covid_ct_run/exact_sequence/outputs/augmented_train_images/NonCOVID/1061_aug_0054.png,0.1722661343083018,0.2531580371029912,0.0640889917498394,0.0,1.1706750392913818,1.5362836614218918,1.729055463501583,3.85071658132046,12.00187043575876,0.0640889917498394,0.2023878231088929,0.0,1.1706750392913818,0.2655870020389557,0.0,0.0,0.2655870020389557,0.6804660670210239,1.4695751902687877,0.234808632622191,5.555409715555266,0.3062100794868864,1.855063843938731e-06,0.0003249672352223,0.022376220593425,0.0
noncovid_1062_aug_0055,1062_aug_0055.png,NonCOVID,0,train,/Users/samehissa/Downloads/SS-VIRULEX-outputs/02_SVIS-RULEX/covid_ct_run/exact_sequence/outputs/augmented_train_images/NonCOVID/1062_aug_0055.png,0.137991912473808,0.2374535433098987,0.0563841852304259,0.0,1.470737338066101,2.439227750961684,7.739736452662598,3.694680398041808,9.654522001741448,0.0563841852304259,0.1734545244823948,0.0,1.470737338066101,0.1979525461792946,0.0,0.0,0.1979525461792946,0.581129805100072,1.720778696758546,-0.0534663024124779,5.330297087739913,0.2746378581670871,1.753413938131165e-06,0.0001965925239769,0.0209881263364003,0.0
noncovid_1065_aug_0056,1065_aug_0056.png,NonCOVID,0,train,/Users/samehissa/Downloads/SS-VIRULEX-outputs/02_SVIS-RULEX/covid_ct_run/exact_sequence/outputs/augmented_train_images/NonCOVID/1065_aug_0056.png,0.2621456201304681,0.3935404765149669,0.1548741066556271,0.0,1.5743560791015625,1.521162826561338,1.343288202500907,3.819122444776736,28.620087399579507,0.1548741066556271,0.3100277931544042,0.0,1.5743560791015625,0.4053109958767891,0.0,0.0,0.4053109958767891,0.6661194201229218,1.501228501620986,0.0031296702117107,5.509829011442468,0.4728577299877997,1.8028114285963684e-06,0.0003270472921268,0.0347843924518897,0.0
noncovid_1093_aug_0057,1093_aug_0057.png,NonCOVID,0,train,/Users/samehissa/Downloads/SS-VIRULEX-outputs/02_SVIS-RULEX/covid_ct_run/exact_sequence/outputs/augmented_train_images/NonCOVID/1093_aug_0057.png,0.2374181447958108,0.3815053245601887,0.1455463126677749,0.0,1.8717312812805176,1.7255366530166736,2.4155916616367845,3.7408961617296894,25.844952082695617,0.1455463126677749,0.2965509543082589,0.0,1.8717312812805176,0.3140282556414604,0.0,0.0,0.3140282556414604,0.6223177166709181,1.6068920296226672,-0.0873614269980583,5.396972340823317,0.4493480701483645,1.802808302992312e-06,0.0002948163036158,0.0337206252569105,0.0
noncovid_1094_aug_0058,1094_aug_0058.png,NonCOVID,0,train,/Users/samehissa/Downloads/SS-VIRULEX-outputs/02_SVIS-RULEX/covid_ct_run/exact_sequence/outputs/augmented_train_images/NonCOVID/1094_aug_0058.png,0.1796660761392559,0.2928488337819341,0.0857604394474388,0.0,1.321101427078247,1.8691608914443751,3.016131391079326,3.7312074719041535,15.10916331042762,0.0857604394474388,0.2236926475773089,0.0,1.321101427078247,0.2943674027919769,0.0,0.0,0.2943674027919769,0.6135092303758701,1.629961760588306,0.0059219788242769,5.382994516059305,0.3435699904862411,1.7777657488852612e-06,0.0002381107125293,0.0258844245287222,0.0
noncovid_1099_aug_0059,1099_aug_0059.png,NonCOVID,0,train,/Users/samehissa/Downloads/SS-VIRULEX-outputs/02_SVIS-RULEX/covid_ct_run/exact_sequence/outputs/augmented_train_images/NonCOVID/1099_aug_0059.png,0.222689013404306,0.3502710304337332,0.1226897947611092,0.0,1.360339641571045,1.5295201781085914,1.2522928028755578,3.742817417904114,22.05186450586784,0.1226897947611092,0.2803580664776746,0.0,1.360339641571045,0.3560196012258529,0.0,0.0,0.3560196012258529,0.6357601922384603,1.5729156327878375,0.1660135211554322,5.399744127578437,0.415066490398939,1.7534125890851984e-06,0.0002395221478409,0.0309598776091115,0.0
noncovid_1100_aug_0060,1100_aug_0060.png,NonCOVID,0,train,/Users/samehissa/Downloads/SS-VIRULEX-outputs/02_SVIS-RULEX/covid_ct_run/exact_sequence/outputs/augmented_train_images/NonCOVID/1100_aug_0060.png,0.1993305276782848,0.2967964880949856,0.0880881553455169,0.0,1.2305724620819092,1.4788158603276702,1.2797543519147094,3.8245535279976575,16.36106427008261,0.0880881553455169,0.2390608580288358,0.0,1.2305724620819092,0.3391967192292213,0.0,0.0,0.3391967192292213,0.6716044969170766,1.488966549940653,0.1071963400831704,5.517664408271946,0.3575203695036416,1.910406483769812e-06,0.0003764650398753,0.0262333511705395,0.0
noncovid_1101_aug_0061,1101_aug_0061.png,NonCOVID,0,train,/Users/samehissa/Downloads/SS-VIRULEX-outputs/02_SVIS-RULEX/covid_ct_run/exact_sequence/outputs/augmented_train_images/NonCOVID/1101_aug_0061.png,0.2234293907386018,0.3448097158477291,0.1188937401429917,0.0209195772185921,1.3996198177337646,1.7192508433217868,2.0916146677685807,3.826046274647851,21.60824739696825,0.1188937401429917,0.2632391922027182,0.0,1.3996198177337646,0.3196380138397217,0.0,0.0209195772185921,0.3196380138397217,0.6479769347924496,1.5432603325277587,0.1475248808137544,5.519817986461483,0.4108703357372182,2.0317302168938373e-06,0.0005773259917634,0.0304771610368669,0.0209195772185921
noncovid_1115_aug_0062,1115_aug_0062.png,NonCOVID,0,train,/Users/samehissa/Downloads/SS-VIRULEX-outputs/02_SVIS-RULEX/covid_ct_run/exact_sequence/outputs/augmented_train_images/NonCOVID/1115_aug_0062.png,0.2100208715346525,0.3520552825397722,0.1239429219641588,0.0,1.5817569494247437,1.9682850390079911,3.273600754311285,3.723881662237854,21.51061612087474,0.1239429219641588,0.2598298036052711,0.0,1.5817569494247437,0.257495753467083,0.0,0.0,0.257495753467083,0.5965548179385954,1.6762871231190213,0.0489448266063207,5.372425606783237,0.4099410792349723,1.882341200148864e-06,0.0003560351970758,0.0311175847045523,0.0
noncovid_1123_aug_0063,1123_aug_0063.png,NonCOVID,0,train,/Users/samehissa/Downloads/SS-VIRULEX-outputs/02_SVIS-RULEX/covid_ct_run/exact_sequence/outputs/augmented_train_images/NonCOVID/1123_aug_0063.png,0.2188593651226256,0.2911304422609652,0.0847569344110652,0.066766045987606,1.278885006904602,1.3500489487184288,1.1405340983368468,3.986272073299528,16.980013582456827,0.0847569344110652,0.2390205788005914,0.0,1.278885006904602,0.3715753257274627,0.0,0.066766045987606,0.3715753257274627,0.751754477025686,1.330216973341975,0.1165280873065152,5.750974951598733,0.3642202027797798,2.206879116448733e-06,0.0009523577914935,0.0257325387415708,0.066766045987606
noncovid_1124_aug_0064,1124_aug_0064.png,NonCOVID,0,train,/Users/samehissa/Downloads/SS-VIRULEX-outputs/02_SVIS-RULEX/covid_ct_run/exact_sequence/outputs/augmented_train_images/NonCOVID/1124_aug_0064.png,0.2378683191818709,0.3199211043694296,0.1023495130209555,0.0671720914542675,1.4646679162979126,1.4556941439864168,1.624105944021638,3.991947083045313,20.34314883729458,0.1023495130209555,0.2597910341143574,0.0,1.4646679162979126,0.4241718053817749,0.0,0.0671720914542675,0.4241718053817749,0.7435194878162991,1.3449504560749106,0.0505791630379213,5.759162260015972,0.3986613227933754,2.41505361824372e-06,0.001457100328649,0.0282772977930391,0.0671720914542675
noncovid_1221_aug_0065,1221_aug_0065.png,NonCOVID,0,train,/Users/samehissa/Downloads/SS-VIRULEX-outputs/02_SVIS-RULEX/covid_ct_run/exact_sequence/outputs/augmented_train_images/NonCOVID/1221_aug_0065.png,0.3058527384600893,0.4895821168906765,0.239690649179156,0.0,2.2707321643829346,1.827442937835104,2.8716512802785017,3.754632580784069,42.65427799074455,0.239690649179156,0.3747776274890952,0.0,2.2707321643829346,0.4659507200121879,0.0,0.0,0.4659507200121879,0.6247207632537418,1.600711896043926,-0.0678966247885327,5.416789804472643,0.5772664435100068,1.7777613488294472e-06,0.0003042250804265,0.0432733543501327,0.0
noncovid_1239_aug_0066,1239_aug_0066.png,NonCOVID,0,train,/Users/samehissa/Downloads/SS-VIRULEX-outputs/02_SVIS-RULEX/covid_ct_run/exact_sequence/outputs/augmented_train_images/NonCOVID/1239_aug_0066.png,0.2910461500432575,0.401259338987336,0.1610090571245538,0.0687377154827117,1.5121653079986572,1.317241499370397,0.5480657674428624,3.944949106880976,31.4517655781832,0.1610090571245538,0.3239483588745315,0.0,1.5121653079986572,0.4911403805017471,0.0,0.0687377154827117,0.4911403805017471,0.7253299710052906,1.3786794256776729,-0.0192094594263861,5.691358512871867,0.4956984149455758,2.169479166309691e-06,0.0009998670031384,0.0354666499515471,0.0687377154827117
noncovid_1240_aug_0067,1240_aug_0067.png,NonCOVID,0,train,/Users/samehissa/Downloads/SS-VIRULEX-outputs/02_SVIS-RULEX/covid_ct_run/exact_sequence/outputs/augmented_train_images/NonCOVID/1240_aug_0067.png,0.2863717121799709,0.4053400989074264,0.1643005957822822,0.0477629266679286,1.8191958665847776,1.5938898441278593,2.040218040455783,3.927872828743037,31.5275972248538,0.1643005957822822,0.3197882941747139,0.0,1.8191958665847776,0.4705977961421013,0.0,0.0477629266679286,0.4705977961421013,0.7064956229503236,1.4154334442526555,-0.03714542923938,5.666722651085422,0.4962956309692544,2.0983490448862094e-06,0.0008344587310816,0.0358273415780333,0.0477629266679286
noncovid_1277_aug_0068,1277_aug_0068.png,NonCOVID,0,train,/Users/samehissa/Downloads/SS-VIRULEX-outputs/02_SVIS-RULEX/covid_ct_run/exact_sequence/outputs/augmented_train_images/NonCOVID/1277_aug_0068.png,0.2738941942807287,0.3841173128267976,0.1475461100132798,0.0,1.6002631187438965,1.3621613560586234,0.8069624188462998,3.912060223168454,28.48820987826809,0.1475461100132798,0.3085795580227568,0.0,1.6002631187438965,0.4503175243735313,0.0,0.0,0.4503175243735313,0.7130464368259112,1.4024295543595766,-0.0833438397941227,5.643909883439434,0.4717670396222795,1.969224167694706e-06,0.0005858192450911,0.0339514945838728,0.0
noncovid_1305_aug_0069,1305_aug_0069.png,NonCOVID,0,train,/Users/samehissa/Downloads/SS-VIRULEX-outputs/02_SVIS-RULEX/covid_ct_run/exact_sequence/outputs/augmented_train_images/NonCOVID/1305_aug_0069.png,0.3174144247022923,0.4274888109703978,0.1827466835048845,0.0766829550266265,1.8675956726074217,1.427922202850443,1.523221125963607,3.968178682703311,36.28782086578838,0.1827466835048845,0.350430119435714,0.0,1.8675956726074217,0.5731721222400665,0.0,0.0766829550266265,0.5731721222400665,0.7425075792608122,1.346784448663119,-0.0250625958725596,5.724871706712703,0.5324458662755978,2.064509210899017e-06,0.000838708750403,0.0377850296398178,0.0766829550266265
noncovid_1306_aug_0070,1306_aug_0070.png,NonCOVID,0,train,/Users/samehissa/Downloads/SS-VIRULEX-outputs/02_SVIS-RULEX/covid_ct_run/exact_sequence/outputs/augmented_train_images/NonCOVID/1306_aug_0070.png,0.2586054181083455,0.356093371589271,0.1268024892898146,0.0,1.4035564661026,1.2759352196692717,0.6509087474799058,3.914661457451373,24.79094420029527,0.1268024892898146,0.2974925711345122,0.0,1.4035564661026,0.4848034903407097,0.0,0.0,0.4848034903407097,0.7262271991387386,1.3769756805330426,-0.0278940813514454,5.647662671239594,0.4400900493817223,1.969190044483642e-06,0.0005425768496894,0.0314745047232943,0.0
noncovid_1307_aug_0071,1307_aug_0071.png,NonCOVID,0,train,/Users/samehissa/Downloads/SS-VIRULEX-outputs/02_SVIS-RULEX/covid_ct_run/exact_sequence/outputs/augmented_train_images/NonCOVID/1307_aug_0071.png,0.2501205504850077,0.3578619497650216,0.1280651750896228,0.0246738046407699,1.735551118850708,1.7239291043930494,2.842111527132293,3.91894390717681,24.4000595026619,0.1280651750896228,0.2781584453101118,0.0,1.735551118850708,0.4237417727708816,0.0,0.0246738046407699,0.4237417727708816,0.6989283206021768,1.430757884832306,0.0660896252394042,5.65384094022134,0.4366067622753295,2.0644921425652107e-06,0.0007016227356212,0.0316308264259358,0.0246738046407699
noncovid_1308_aug_0072,1308_aug_0072.png,NonCOVID,0,train,/Users/samehissa/Downloads/SS-VIRULEX-outputs/02_SVIS-RULEX/covid_ct_run/exact_sequence/outputs/augmented_train_images/NonCOVID/1308_aug_0072.png,0.2622926159392591,0.359718009269274,0.1293970461926495,0.0297968778759241,1.401580810546875,1.2812937362535752,0.5867139821758665,3.931354363274589,25.36889120882038,0.1293970461926495,0.2969522446863095,0.0,1.401580810546875,0.4596858397126198,0.0,0.0297968778759241,0.4596858397126198,0.7291597307355957,1.371437804229214,0.0044114359406322,5.671745443688776,0.4451903666622956,2.064268798968127e-06,0.0006980354810304,0.0317948804586536,0.0297968778759241
noncovid_1309_aug_0073,1309_aug_0073.png,NonCOVID,0,train,/Users/samehissa/Downloads/SS-VIRULEX-outputs/02_SVIS-RULEX/covid_ct_run/exact_sequence/outputs/augmented_train_images/NonCOVID/1309_aug_0073.png,0.2081483215879416,0.284984351543966,0.0812160806249348,0.0322564840316772,1.3660122156143188,1.4886121688050482,1.9085577371293576,3.9517074163444272,15.941350963815932,0.0812160806249348,0.2291569567578335,0.0,1.3660122156143188,0.3486765697598457,0.0,0.0322564840316772,0.3486765697598457,0.7303825282957731,1.3691407615965887,0.0038711024350983,5.701108692419579,0.3529048092684654,2.1333128646912357e-06,0.0007593719717288,0.0251892959385986,0.0322564840316772
noncovid_1310_aug_0074,1310_aug_0074.png,NonCOVID,0,train,/Users/samehissa/Downloads/SS-VIRULEX-outputs/02_SVIS-RULEX/covid_ct_run/exact_sequence/outputs/augmented_train_images/NonCOVID/1310_aug_0074.png,0.2355016911315033,0.3298450526560363,0.1087977587616633,0.0132508380338549,1.3158810138702393,1.4150075592012463,1.13337941065779,3.9169388286471296,21.02512707679505,0.1087977587616633,0.2668177233342703,0.0,1.3158810138702393,0.4285668805241585,0.0,0.0132508380338549,0.4285668805241585,0.7139745624819851,1.4006058770586576,-0.1119244573000459,5.650948223369976,0.4052885457146073,1.999990743114191e-06,0.0005876977940078,0.0291544591842396,0.0132508380338549
noncovid_1312_aug_0075,1312_aug_0075.png,NonCOVID,0,train,/Users/samehissa/Downloads/SS-VIRULEX-outputs/02_SVIS-RULEX/covid_ct_run/exact_sequence/outputs/augmented_train_images/NonCOVID/1312_aug_0075.png,0.2487519670758047,0.3716694287510363,0.1381381642681217,0.0,1.494673490524292,1.4086096387738911,0.8622751047940129,3.810165939045255,25.602010290202102,0.1381381642681217,0.3034046909340304,0.0,1.494673490524292,0.4220449849963188,0.0,0.0,0.4220449849963188,0.6692810291949036,1.494136641893464,-0.0793913594513192,5.496907505039967,0.4472311543175452,1.802809340858884e-06,0.0003132961400895,0.0328512466786985,0.0
noncovid_1313_aug_0076,1313_aug_0076.png,NonCOVID,0,train,/Users/samehissa/Downloads/SS-VIRULEX-outputs/02_SVIS-RULEX/covid_ct_run/exact_sequence/outputs/augmented_train_images/NonCOVID/1313_aug_0076.png,0.1911453097272897,0.3374687834688946,0.1138851798159756,0.0,1.8622157573699951,2.200364232185572,5.314250676640187,3.620833063793155,19.2539787835798,0.1138851798159756,0.2505550493499413,0.0,1.8622157573699951,0.2880846709012985,0.0,0.0,0.2880846709012985,0.5664071839632067,1.765509098551082,0.0875732390197567,5.223757904836514,0.3878423768062448,1.6410190580518966e-06,0.000142661728775,0.0298283081537037,0.0
noncovid_1328_aug_0077,1328_aug_0077.png,NonCOVID,0,train,/Users/samehissa/Downloads/SS-VIRULEX-outputs/02_SVIS-RULEX/covid_ct_run/exact_sequence/outputs/augmented_train_images/NonCOVID/1328_aug_0077.png,0.1707595883017347,0.2440197484793285,0.0595456376479147,0.0010006767697632,1.19183087348938,1.5452436685614457,2.121247839822866,3.888840421109969,11.354172754546273,0.0595456376479147,0.1975299822050829,0.0,1.19183087348938,0.3188550174236297,0.0,0.0010006767697632,0.3188550174236297,0.6997748731034652,1.4290251628397113,0.1349489723819824,5.610410790159237,0.2978329643355361,1.999961877078528e-06,0.0004680162242881,0.0215685023616461,0.0010006767697632
noncovid_1330_aug_0078,1330_aug_0078.png,NonCOVID,0,train,/Users/samehissa/Downloads/SS-VIRULEX-outputs/02_SVIS-RULEX/covid_ct_run/exact_sequence/outputs/augmented_train_images/NonCOVID/1330_aug_0078.png,0.197285767266294,0.3024440969642739,0.0914724317885351,0.0,1.330105185508728,1.6427945545092042,1.9591231909960485,3.8079718285907536,16.69044553656134,0.0914724317885351,0.2382650440190445,0.0,1.330105185508728,0.3452854081988334,0.0,0.0,0.3452854081988334,0.6523027460074785,1.5330254237551688,-0.0849145759341805,5.493742072768095,0.3611012403113363,1.9104340071165345e-06,0.0003866196142365,0.0267325339866599,0.0
noncovid_1331_aug_0079,1331_aug_0079.png,NonCOVID,0,train,/Users/samehissa/Downloads/SS-VIRULEX-outputs/02_SVIS-RULEX/covid_ct_run/exact_sequence/outputs/augmented_train_images/NonCOVID/1331_aug_0079.png,0.1890449544771399,0.3138644991029925,0.0985109237971723,0.0,1.444164752960205,1.8683772919011612,3.0772578962189288,3.697608463248295,17.183861582135847,0.0985109237971723,0.239886724148846,0.0,1.444164752960205,0.2669603899121284,0.0,0.0,0.2669603899121284,0.6023119935686412,1.6602638243960444,0.0069914167920666,5.334521392892711,0.3663999435186041,1.753408211542444e-06,0.0002175250630781,0.0277419644611806,0.0
noncovid_1332_aug_0080,1332_aug_0080.png,NonCOVID,0,train,/Users/samehissa/Downloads/SS-VIRULEX-outputs/02_SVIS-RULEX/covid_ct_run/exact_sequence/outputs/augmented_train_images/NonCOVID/1332_aug_0080.png,0.1904493254696717,0.2829111279184556,0.0800387063000927,0.0,1.1419637203216553,1.4846674867935925,1.2692759895909915,3.837016489349187,14.887635439609053,0.0800387063000927,0.2281544525089884,0.0,1.1419637203216553,0.3257684633135795,0.0,0.0,0.3257684633135795,0.6731748365505398,1.4854929374034882,-0.0057036011916737,5.535644660808589,0.3410420089548291,1.969210268129764e-06,0.0004458872629907,0.0250060471280343,0.0
noncovid_1333_aug_0081,1333_aug_0081.png,NonCOVID,0,train,/Users/samehissa/Downloads/SS-VIRULEX-outputs/02_SVIS-RULEX/covid_ct_run/exact_sequence/outputs/augmented_train_images/NonCOVID/1333_aug_0081.png,0.2492520898158545,0.3529627777345042,0.124582722466057,0.0038044676184654,1.7088793516159058,1.3750324479204554,1.2998401995222435,3.887741585785105,23.898793823184363,0.124582722466057,0.2921944329805228,0.0,1.7088793516159058,0.4550893753767013,0.0,0.0038044676184654,0.4550893753767013,0.7061690335922783,1.4160875360975722,0.0700147486184278,5.608825505885302,0.4320987465193897,1.9999842860927373e-06,0.0005732108411323,0.0311977967053135,0.0038044676184654
noncovid_1335_aug_0082,1335_aug_0082.png,NonCOVID,0,train,/Users/samehissa/Downloads/SS-VIRULEX-outputs/02_SVIS-RULEX/covid_ct_run/exact_sequence/outputs/augmented_train_images/NonCOVID/1335_aug_0082.png,0.2355059918627375,0.3579857799428273,0.1281538186412744,0.0,1.842646241188049,1.792025040056931,3.4362251091292717,3.821670811963674,23.502962028099358,0.1281538186412744,0.2869286468530845,0.0,1.842646241188049,0.4836146160960197,0.0,0.0,0.4836146160960197,0.6578622593279823,1.520070793576564,-0.0082084992066411,5.513505528145427,0.4285054151869334,1.939378936336304e-06,0.0004539686798443,0.031641771570741,0.0
noncovid_1336_aug_0083,1336_aug_0083.png,NonCOVID,0,train,/Users/samehissa/Downloads/SS-VIRULEX-outputs/02_SVIS-RULEX/covid_ct_run/exact_sequence/outputs/augmented_train_images/NonCOVID/1336_aug_0083.png,0.2201702466481947,0.3314968983779288,0.1098901936341868,0.0,1.743560791015625,1.7494489880780004,3.1888929542732383,3.835977427405491,20.270736786344163,0.1098901936341868,0.2631135815792049,0.0,1.743560791015625,0.4128756299614906,0.0,0.0,0.4128756299614906,0.6641678506123938,1.5056389472444047,-0.0679171392715323,5.5341456112952425,0.3979511667821993,1.939380892331809e-06,0.0004492311036384,0.0293004630981676,0.0
noncovid_1463_aug_0084,1463_aug_0084.png,NonCOVID,0,train,/Users/samehissa/Downloads/SS-VIRULEX-outputs/02_SVIS-RULEX/covid_ct_run/exact_sequence/outputs/augmented_train_images/NonCOVID/1463_aug_0084.png,0.2467520297504961,0.362867609174937,0.1316729017883348,0.0,1.3186054229736328,1.40192715668599,0.7185450012890606,3.846501348863109,24.647611644713542,0.1316729017883348,0.2898460193828214,0.0,1.3186054229736328,0.360142283141613,0.0,0.0,0.360142283141613,0.6800037906600467,1.4705759848940307,0.0203317119736827,5.549328420592851,0.4388159819039464,1.882346232713099e-06,0.0004147916772691,0.0320732683900684,0.0
noncovid_1561_aug_0085,1561_aug_0085.png,NonCOVID,0,train,/Users/samehissa/Downloads/SS-VIRULEX-outputs/02_SVIS-RULEX/covid_ct_run/exact_sequence/outputs/augmented_train_images/NonCOVID/1561_aug_0085.png,0.2549800082779256,0.4315797400887333,0.1862610720550586,0.0,2.202703952789306,2.2579052359694414,5.444266198216646,3.72822006339385,32.16331221458812,0.1862610720550586,0.3140952050155192,0.0,2.202703952789306,0.3629734143614769,0.0,0.0,0.3629734143614769,0.5908048821305177,1.6926022671483942,-0.0974785031914688,5.37868459661638,0.5012742529558741,1.939374617556901e-06,0.0004441096426518,0.0381466201049338,0.0
noncovid_1562_aug_0086,1562_aug_0086.png,NonCOVID,0,train,/Users/samehissa/Downloads/SS-VIRULEX-outputs/02_SVIS-RULEX/covid_ct_run/exact_sequence/outputs/augmented_train_images/NonCOVID/1562_aug_0086.png,0.2570997351140249,0.3563412613996595,0.1269790945759004,0.0,1.5267281532287598,1.3147240059226315,0.8622975027345996,3.9136756598763895,24.714159151565088,0.1269790945759004,0.2948787701038782,0.0,1.5267281532287598,0.4761720597743988,0.0,0.0,0.4761720597743988,0.72149661424995,1.386004000516066,-0.0165710771227735,5.646240465966846,0.4394079748611787,1.969222492543966e-06,0.0005600591893995,0.0314964152940334,0.0
noncovid_1575_aug_0087,1575_aug_0087.png,NonCOVID,0,train,/Users/samehissa/Downloads/SS-VIRULEX-outputs/02_SVIS-RULEX/covid_ct_run/exact_sequence/outputs/augmented_train_images/NonCOVID/1575_aug_0087.png,0.2715823555190582,0.4117471151672301,0.1695356868485363,0.0,1.856256604194641,1.5847714965798052,1.7284106312020828,3.817202567982406,31.141460822760504,0.1695356868485363,0.3268913756000984,0.0,1.856256604194641,0.4511762261390686,0.0,0.0,0.4511762261390686,0.6595837248915053,1.5161040722998516,-0.0643725729524405,5.50705921471217,0.4932470604857331,1.8823408465709672e-06,0.0004182682497339,0.0363936471585933,0.0
noncovid_1576_aug_0088,1576_aug_0088.png,NonCOVID,0,train,/Users/samehissa/Downloads/SS-VIRULEX-outputs/02_SVIS-RULEX/covid_ct_run/exact_sequence/outputs/augmented_train_images/NonCOVID/1576_aug_0088.png,0.2715152812597807,0.4103872547068941,0.1684176988258612,0.0,1.8414169549942017,1.656118882634244,2.163189042116011,3.830562852097351,30.993695588280204,0.1684176988258612,0.323925227541622,0.0,1.8414169549942017,0.4807032942771911,0.0,0.0,0.4807032942771911,0.6616058772288728,1.5114701935109254,0.1853514971113907,5.52633403034967,0.49207544826321,1.9104391875683438e-06,0.0004627904110179,0.0362734513394719,0.0
noncovid_1577_aug_0089,1577_aug_0089.png,NonCOVID,0,train,/Users/samehissa/Downloads/SS-VIRULEX-outputs/02_SVIS-RULEX/covid_ct_run/exact_sequence/outputs/augmented_train_images/NonCOVID/1577_aug_0089.png,0.2495325824602332,0.3925305162844377,0.1540802062145272,0.0,1.6251356601715088,1.6542842186953726,1.7083679638489435,3.774141566562896,27.69237963824644,0.1540802062145272,0.3017721459839322,0.0,1.6251356601715088,0.3692205846309662,0.0,0.0,0.3692205846309662,0.6357007580492364,1.5730631744132788,0.0854840411473199,5.444935321508528,0.4651308589244539,1.910403674776597e-06,0.000402088718775,0.0346951237359228,0.0
noncovid_1638_aug_0090,1638_aug_0090.png,NonCOVID,0,train,/Users/samehissa/Downloads/SS-VIRULEX-outputs/02_SVIS-RULEX/covid_ct_run/exact_sequence/outputs/augmented_train_images/NonCOVID/1638_aug_0090.png,0.2046020927518839,0.2848111259415966,0.0811173774601199,0.0454005934298038,1.2467631101608276,1.5390280222973591,1.803610931343516,3.95057599402154,15.741362408777022,0.0811173774601199,0.225373379933444,0.0,1.2467631101608276,0.3222934454679489,0.0,0.0454005934298038,0.3222934454679489,0.7183756382403449,1.3920245003895453,-0.0534169097487854,5.699476395045199,0.3506841795955022,2.2068770159881797e-06,0.0008982120690444,0.0251739848138348,0.0454005934298038
noncovid_1702_aug_0091,1702_aug_0091.png,NonCOVID,0,train,/Users/samehissa/Downloads/SS-VIRULEX-outputs/02_SVIS-RULEX/covid_ct_run/exact_sequence/outputs/augmented_train_images/NonCOVID/1702_aug_0091.png,0.2359324947101413,0.3416792954579056,0.1167447409446107,0.0,1.4557807445526123,1.4320081700653349,1.0978473395101431,3.8723821731665056,22.06833702460949,0.1167447409446107,0.2769099269695516,0.0,1.4557807445526123,0.4074495732784271,0.0,0.0,0.4074495732784271,0.6905065871415104,1.4482078692792244,-0.0026185582532705,5.586666557469481,0.4152214866848314,1.969218760041864e-06,0.0005201577875502,0.0302004683511658,0.0
noncovid_1845_aug_0092,1845_aug_0092.png,NonCOVID,0,train,/Users/samehissa/Downloads/SS-VIRULEX-outputs/02_SVIS-RULEX/covid_ct_run/exact_sequence/outputs/augmented_train_images/NonCOVID/1845_aug_0092.png,0.1929713308563805,0.3045458724570705,0.0927481884306382,0.0,1.253096103668213,1.6978676302826043,2.0201641651359745,3.773512951601404,16.63822373927948,0.0927481884306382,0.2357349789390355,0.0,1.253096103668213,0.2846378237009048,0.0,0.0,0.2846378237009048,0.633634255704209,1.578192320618495,-0.0824910973865477,5.444028421820958,0.3605358830451151,1.8822907053824348e-06,0.0003380707582889,0.0269183064495959,0.0
noncovid_1846_aug_0093,1846_aug_0093.png,NonCOVID,0,train,/Users/samehissa/Downloads/SS-VIRULEX-outputs/02_SVIS-RULEX/covid_ct_run/exact_sequence/outputs/augmented_train_images/NonCOVID/1846_aug_0093.png,0.2322717265051324,0.3305922097591817,0.1092912091534587,0.0190734732896089,1.3483102321624756,1.51618267674212,1.513225305024399,3.90891626901024,20.894894603153123,0.1092912091534587,0.2618601263225173,0.0,1.3483102321624756,0.3809027522802353,0.0,0.0190734732896089,0.3809027522802353,0.7025907358300829,1.4232994033902648,0.0028152711156911,5.639374116366598,0.404031389977479,1.999991196780317e-06,0.0005849236447462,0.0292204991660203,0.0190734732896089
noncovid_1868_aug_0094,1868_aug_0094.png,NonCOVID,0,train,/Users/samehissa/Downloads/SS-VIRULEX-outputs/02_SVIS-RULEX/covid_ct_run/exact_sequence/outputs/augmented_train_images/NonCOVID/1868_aug_0094.png,0.2035873756904038,0.3280971693535284,0.1076477525377979,0.0,1.5676825046539309,1.8804606556810088,3.3593918187255403,3.740591317886469,19.084233226022857,0.1076477525377979,0.2520374502520326,0.0,1.5676825046539309,0.334165558218956,0.0,0.0,0.334165558218956,0.6205075026524663,1.611579147483423,0.1661666063760579,5.396532544122458,0.3861289578344307,1.7534136470068051e-06,0.0002324982211506,0.0289999666672488,0.0
noncovid_1888_aug_0095,1888_aug_0095.png,NonCOVID,0,train,/Users/samehissa/Downloads/SS-VIRULEX-outputs/02_SVIS-RULEX/covid_ct_run/exact_sequence/outputs/augmented_train_images/NonCOVID/1888_aug_0095.png,0.1686750571825541,0.3061124202979366,0.0937048138606606,0.0,1.3145179748535156,2.049984831925294,3.4503133517727216,3.5851824626264044,15.635979363353412,0.0937048138606606,0.2245340283034238,0.0,1.3145179748535156,0.200108416378498,0.0,0.0,0.200108416378498,0.5510214384537101,1.814805492946336,0.001741862738049,5.172324959328531,0.3495083529419555,1.7066522543124185e-06,0.0001661890603926,0.0270567710247621,0.0
noncovid_1889_aug_0096,1889_aug_0096.png,NonCOVID,0,train,/Users/samehissa/Downloads/SS-VIRULEX-outputs/02_SVIS-RULEX/covid_ct_run/exact_sequence/outputs/augmented_train_images/NonCOVID/1889_aug_0096.png,0.1481558270324967,0.2153970754960963,0.046395900132271,0.0,0.9062324166297911,1.5324101542055113,1.8098724796807613,3.852078115064895,8.748294299642126,0.046395900132271,0.1727263976099351,0.0,0.9062324166297911,0.2545264735817909,0.0,0.0,0.2545264735817909,0.6878233553910363,1.4538549027089618,0.0628637015171042,5.557373993536366,0.2614307732765102,1.8027593157104464e-06,0.0002504812301854,0.01903859159138,0.0
noncovid_1920_aug_0097,1920_aug_0097.png,NonCOVID,0,train,/Users/samehissa/Downloads/SS-VIRULEX-outputs/02_SVIS-RULEX/covid_ct_run/exact_sequence/outputs/augmented_train_images/NonCOVID/1920_aug_0097.png,0.2829517677600961,0.428949934356553,0.1839980461844911,0.0,2.0957930088043213,1.7532051823778794,2.789285800124732,3.8374462923514177,33.79964788007098,0.1839980461844911,0.3348748224207156,0.0,2.0957930088043213,0.4665897861123085,0.0,0.0,0.4665897861123085,0.6596366742609789,1.5159825215166818,0.0830565107091655,5.536264735468466,0.5138674430853296,1.939385496995536e-06,0.0005160593356189,0.0379141759216303,0.0
noncovid_1921_aug_0098,1921_aug_0098.png,NonCOVID,0,train,/Users/samehissa/Downloads/SS-VIRULEX-outputs/02_SVIS-RULEX/covid_ct_run/exact_sequence/outputs/augmented_train_images/NonCOVID/1921_aug_0098.png,0.2676439175193081,0.3843420390528804,0.1477188029833258,0.0,1.705666422843933,1.4372196362908811,1.265486547809986,3.869932337772173,28.077064904756227,0.1477188029833258,0.3078877080050688,0.0,1.705666422843933,0.4803654700517654,0.0,0.0,0.4803654700517654,0.696367282152036,1.4360200770307192,0.0760137820099397,5.583132192095084,0.4683503705223345,1.9104017849514607e-06,0.0004456949305559,0.0339713577636695,0.0
noncovid_1922_aug_0099,1922_aug_0099.png,NonCOVID,0,train,/Users/samehissa/Downloads/SS-VIRULEX-outputs/02_SVIS-RULEX/covid_ct_run/exact_sequence/outputs/augmented_train_images/NonCOVID/1922_aug_0099.png,0.2837969428655924,0.4466536365656582,0.199499471057327,0.0,2.53169846534729,2.1026478229968784,5.17820783680464,3.820382769901851,35.84514250715947,0.199499471057327,0.3340066247299091,0.0,2.53169846534729,0.4454438462853431,0.0,0.0,0.4454438462853431,0.635383402818151,1.57384935882553,0.0987498046560326,5.51164727625038,0.5291882234490705,1.969219043572555e-06,0.0005583030709604,0.039478976907151,0.0
noncovid_1923_aug_0100,1923_aug_0100.png,NonCOVID,0,train,/Users/samehissa/Downloads/SS-VIRULEX-outputs/02_SVIS-RULEX/covid_ct_run/exact_sequence/outputs/augmented_train_images/NonCOVID/1923_aug_0100.png,0.2161300960578955,0.2998910481279845,0.0899346407473011,0.0,1.356136918067932,1.3519985217602952,1.0743557696220192,3.9118770675395584,17.490797973669928,0.0899346407473011,0.2457671101001324,0.0,1.356136918067932,0.3800198882818222,0.0,0.0,0.3800198882818222,0.7206929873834401,1.3875487662192665,-0.0645578507191732,5.643645645721918,0.3696577595145222,1.910440828269265e-06,0.0004415773064192,0.0265068742185548,0.0
noncovid_1924_aug_0101,1924_aug_0101.png,NonCOVID,0,train,/Users/samehissa/Downloads/SS-VIRULEX-outputs/02_SVIS-RULEX/covid_ct_run/exact_sequence/outputs/augmented_train_images/NonCOVID/1924_aug_0101.png,0.2642120442196756,0.3846851324679257,0.1479826511418655,0.0299143381416797,1.4186196327209473,1.5075940029819794,1.2215537720415472,3.88416250967485,27.877203897933484,0.1479826511418655,0.3026728359333219,0.0,1.4186196327209473,0.3706685453653335,0.0,0.0299143381416797,0.3706685453653335,0.6868249773513866,1.4559712204038828,0.0346346356268349,5.603661990530073,0.4666804639714473,2.064245423808072e-06,0.0006862189519736,0.0340016832237144,0.0299143381416797
noncovid_1952_aug_0102,1952_aug_0102.png,NonCOVID,0,train,/Users/samehissa/Downloads/SS-VIRULEX-outputs/02_SVIS-RULEX/covid_ct_run/exact_sequence/outputs/augmented_train_images/NonCOVID/1952_aug_0102.png,0.2181621849085786,0.3682122042654576,0.1355802273700271,0.0,1.8270280361175537,2.0644076845966155,4.188096239574862,3.695376410271443,23.44639568564633,0.1355802273700271,0.2758322664825527,0.0,1.8270280361175537,0.3722933977842331,0.0,0.0,0.3722933977842331,0.5924887602653651,1.6877911468468183,-0.0011890942034723,5.3313012211320085,0.4279894464751578,1.7534133073679648e-06,0.0002335543009853,0.0325456683189689,0.0
noncovid_2007_aug_0103,2007_aug_0103.png,NonCOVID,0,train,/Users/samehissa/Downloads/SS-VIRULEX-outputs/02_SVIS-RULEX/covid_ct_run/exact_sequence/outputs/augmented_train_images/NonCOVID/2007_aug_0103.png,0.2271351617819164,0.3371623607122828,0.1136784574810795,0.0092648323625326,1.4952512979507446,1.7049920538186978,2.3685391617535823,3.8714004774111537,21.154411417443438,0.1136784574810795,0.2610747007015561,0.0,1.4952512979507446,0.3437999337911606,0.0,0.0092648323625326,0.3437999337911606,0.6736650189453456,1.4844128846770497,-0.0150740210100318,5.585250269871572,0.4065327037260063,1.999989175056176e-06,0.0005619983753447,0.0298012239525649,0.0092648323625326
noncovid_2039_aug_0104,2039_aug_0104.png,NonCOVID,0,train,/Users/samehissa/Downloads/SS-VIRULEX-outputs/02_SVIS-RULEX/covid_ct_run/exact_sequence/outputs/augmented_train_images/NonCOVID/2039_aug_0104.png,0.2003995335981017,0.2937401681119599,0.0862832863624425,0.0,1.2130815982818604,1.3839455161875367,0.8983494458216947,3.844879014674778,16.184737206883735,0.0862832863624425,0.2409646089822672,0.0,1.2130815982818604,0.3616435304284096,0.0,0.0,0.3616435304284096,0.6822316901855551,1.4657727133290217,0.0275192352420095,5.5469878871046845,0.3555886098130523,1.939380939282304e-06,0.0004315094009994,0.0259632080973554,0.0
noncovid_2040_aug_0105,2040_aug_0105.png,NonCOVID,0,train,/Users/samehissa/Downloads/SS-VIRULEX-outputs/02_SVIS-RULEX/covid_ct_run/exact_sequence/outputs/augmented_train_images/NonCOVID/2040_aug_0105.png,0.2055840475659351,0.3191022656409261,0.1018262559371721,0.0,1.352446675300598,1.6331932577038109,1.9009559006267065,3.784796619640732,18.443655238497907,0.1018262559371721,0.252775440330879,0.0,1.352446675300598,0.3864496648311615,0.0,0.0,0.3864496648311615,0.644255542647033,1.5521742538831145,0.0604103784610085,5.460307313744334,0.3795932777997589,1.8285636599908756e-06,0.0003109512249246,0.0282049219908362,0.0
noncovid_2041_aug_0106,2041_aug_0106.png,NonCOVID,0,train,/Users/samehissa/Downloads/SS-VIRULEX-outputs/02_SVIS-RULEX/covid_ct_run/exact_sequence/outputs/augmented_train_images/NonCOVID/2041_aug_0106.png,0.286918157551554,0.4202176533453559,0.1765828761830777,0.0,1.61985182762146,1.3817293649122857,0.840882856081405,3.839310797120893,33.13982788042958,0.1765828761830777,0.3432433429609318,0.0,1.61985182762146,0.4974457547068596,0.0,0.0,0.4974457547068596,0.6827830113380304,1.4645906586440085,0.090933348119505,5.538954647253101,0.5088269895709701,1.8823368720475023e-06,0.0004269692403453,0.0371423440318498,0.0
noncovid_2138_aug_0107,2138_aug_0107.png,NonCOVID,0,train,/Users/samehissa/Downloads/SS-VIRULEX-outputs/02_SVIS-RULEX/covid_ct_run/exact_sequence/outputs/augmented_train_images/NonCOVID/2138_aug_0107.png,0.2584607368989964,0.3912668647611313,0.1530897594600054,0.0468382928520441,1.7097877264022827,1.7743829567758584,2.454040128480842,3.870591695301506,28.14613913323234,0.1530897594600054,0.2966866232180791,0.0,1.7097877264022827,0.3957006633281708,0.0,0.0468382928520441,0.3957006633281708,0.6605723602084891,1.51383482634747,-0.0139297115939817,5.584083443932824,0.468926126355077,2.1694734080852067e-06,0.0008917714847038,0.0345834316657744,0.0468382928520441
noncovid_2139_aug_0108,2139_aug_0108.png,NonCOVID,0,train,/Users/samehissa/Downloads/SS-VIRULEX-outputs/02_SVIS-RULEX/covid_ct_run/exact_sequence/outputs/augmented_train_images/NonCOVID/2139_aug_0108.png,0.2455782971228473,0.3321061129674162,0.1102944702703262,0.0,1.3340522050857544,1.254427954171817,0.6759390276472788,3.9381400945668847,21.837205796874716,0.1102944702703262,0.2776178334361248,0.0,1.3340522050857544,0.4406486824154854,0.0,0.0,0.4406486824154854,0.7394550960639663,1.3523430891830177,-0.0496923352766156,5.681535184572976,0.4130413663158736,1.9692227028035413e-06,0.0005573731235274,0.0293543105690957,0.0
noncovid_2140_aug_0109,2140_aug_0109.png,NonCOVID,0,train,/Users/samehissa/Downloads/SS-VIRULEX-outputs/02_SVIS-RULEX/covid_ct_run/exact_sequence/outputs/augmented_train_images/NonCOVID/2140_aug_0109.png,0.2324868803261779,0.3353793687490684,0.1124793209825236,0.0053205685690045,1.69304621219635,1.616844719184655,2.429780670395745,3.8915386925904496,21.31577222480924,0.1124793209825236,0.2672058968000783,0.0,1.69304621219635,0.4135756567120552,0.0,0.0053205685690045,0.4135756567120552,0.6932036039954521,1.442573311141398,0.0293332586507682,5.614303573043099,0.4080802255761999,2.031723568638221e-06,0.0006046354052851,0.0296436282390662,0.0053205685690045
noncovid_2141_aug_0110,2141_aug_0110.png,NonCOVID,0,train,/Users/samehissa/Downloads/SS-VIRULEX-outputs/02_SVIS-RULEX/covid_ct_run/exact_sequence/outputs/augmented_train_images/NonCOVID/2141_aug_0110.png,0.2652451965986984,0.402211237328154,0.1617738794330446,0.021424189209938,1.987393260002136,1.8626461794956133,3.5117089483233075,3.853584885360013,29.712498400221023,0.1617738794330446,0.3108570108927324,0.0,1.987393260002136,0.4414684697985649,0.0,0.021424189209938,0.4414684697985649,0.6594657545993362,1.5163751973110295,0.0572121222358021,5.559547803568893,0.4817975651160213,2.0644647221100537e-06,0.000680033562771,0.0355507866730211,0.021424189209938
noncovid_2142_aug_0111,2142_aug_0111.png,NonCOVID,0,train,/Users/samehissa/Downloads/SS-VIRULEX-outputs/02_SVIS-RULEX/covid_ct_run/exact_sequence/outputs/augmented_train_images/NonCOVID/2142_aug_0111.png,0.2584765829815296,0.3559032281714706,0.1266671078228738,0.0684388298541307,1.5543204545974731,1.400146574223929,1.162588743621538,3.946193569004101,24.765088226903224,0.1266671078228738,0.2888636868706271,0.0,1.5543204545974731,0.4605817794799804,0.0,0.0684388298541307,0.4605817794799804,0.7262531954439119,1.3769263894861337,-0.089475050370868,5.693153892205471,0.439860491261356,2.133300721373963e-06,0.0008511976485451,0.0314576982607787,0.0684388298541307
noncovid_2143_aug_0112,2143_aug_0112.png,NonCOVID,0,train,/Users/samehissa/Downloads/SS-VIRULEX-outputs/02_SVIS-RULEX/covid_ct_run/exact_sequence/outputs/augmented_train_images/NonCOVID/2143_aug_0112.png,0.2182909171679057,0.34231281688963,0.1171780646069133,0.0,1.5984009504318235,1.6892901575380854,2.203258129592342,3.7763312753714606,21.09811060798961,0.1171780646069133,0.2680151407021185,0.0,1.5984009504318235,0.3309080749750137,0.0,0.0,0.3309080749750137,0.6376923933464473,1.5681496112196402,-0.0586094298342161,5.448094403547637,0.4059913658255786,1.8550626532072965e-06,0.0003408262817729,0.0302564642637157,0.0
noncovid_2144_aug_0113,2144_aug_0113.png,NonCOVID,0,train,/Users/samehissa/Downloads/SS-VIRULEX-outputs/02_SVIS-RULEX/covid_ct_run/exact_sequence/outputs/augmented_train_images/NonCOVID/2144_aug_0113.png,0.2173264211069181,0.3136256028134456,0.0983610187400971,0.0003237206256017,1.4877407550811768,1.6479804004680052,2.591404178324278,3.8889066724486514,18.635749382558547,0.0983610187400971,0.2513297840643531,0.0,1.4877407550811768,0.3963008671998977,0.0,0.0003237206256017,0.3963008671998977,0.6929463864268885,1.4431084872977828,-0.0930277237101387,5.6105063706370055,0.3815649250799117,1.999940168048454e-06,0.0005333246355818,0.0277208488128882,0.0003237206256017
noncovid_2145_aug_0114,2145_aug_0114.png,NonCOVID,0,train,/Users/samehissa/Downloads/SS-VIRULEX-outputs/02_SVIS-RULEX/covid_ct_run/exact_sequence/outputs/augmented_train_images/NonCOVID/2145_aug_0114.png,0.1552270733955083,0.250425641930345,0.0627130021362253,0.0,1.30843186378479,1.858230380451428,3.4605765443060417,3.7401367562780248,11.111481145748463,0.0627130021362253,0.1944319791650741,0.0,1.30843186378479,0.2299707680940628,0.0,0.0,0.2299707680940628,0.619850476766302,1.6132858556978458,-0.1190370754327092,5.395876750344177,0.2946327314660744,1.7777668815101474e-06,0.0002266426937634,0.0221347086989926,0.0
noncovid_34_aug_0115,34_aug_0115.png,NonCOVID,0,train,/Users/samehissa/Downloads/SS-VIRULEX-outputs/02_SVIS-RULEX/covid_ct_run/exact_sequence/outputs/augmented_train_images/NonCOVID/34_aug_0115.png,0.1576547945805941,0.2244251105768088,0.0503666302574128,0.0,0.8697975277900696,1.3458701921502056,0.8177852574901525,3.873916099085052,9.628373057492764,0.0503666302574128,0.1841400763383944,0.0,0.8697975277900696,0.3098148182034492,0.0,0.0,0.3098148182034492,0.7024797345344428,1.4235222669493963,-0.014455141558465,5.588879544785259,0.2742656823440771,1.9104169608162023e-06,0.0003548053921365,0.0198365646946752,0.0
noncovid_35_0_aug_0116,35%0_aug_0116.png,NonCOVID,0,train,/Users/samehissa/Downloads/SS-VIRULEX-outputs/02_SVIS-RULEX/covid_ct_run/exact_sequence/outputs/augmented_train_images/NonCOVID/35%0_aug_0116.png,0.319693180383183,0.4456853795834314,0.1986354575744274,0.0231445655226707,2.0914225578308105,1.483952367468544,1.8763357136187715,3.919887541495672,38.50741595621656,0.1986354575744274,0.3646948738696665,0.0,2.0914225578308105,0.5951511263847351,0.0,0.0231445655226707,0.5951511263847351,0.717305251019764,1.394103493384609,0.0798971916282486,5.655202316773574,0.5484880920839957,1.999992870131384e-06,0.0006812028008998,0.0393933942723931,0.0231445655226707
noncovid_35_1_aug_0117,35%1_aug_0117.png,NonCOVID,0,train,/Users/samehissa/Downloads/SS-VIRULEX-outputs/02_SVIS-RULEX/covid_ct_run/exact_sequence/outputs/augmented_train_images/NonCOVID/35%1_aug_0117.png,0.2401829629088752,0.3627893743028864,0.1316161301070798,0.0,1.4920704364776611,1.625642860698453,2.091550962761688,3.817805964741377,24.23091017968204,0.1316161301070798,0.2903870411937532,0.0,1.4920704364776611,0.4180845469236374,0.0,0.0,0.4180845469236374,0.6620433724858182,1.5104708923110743,0.0736260068121529,5.507929732224026,0.4350907787792864,1.882342451876468e-06,0.0003922112059799,0.0320663533389994,0.0
noncovid_35_2_aug_0118,35%2_aug_0118.png,NonCOVID,0,train,/Users/samehissa/Downloads/SS-VIRULEX-outputs/02_SVIS-RULEX/covid_ct_run/exact_sequence/outputs/augmented_train_images/NonCOVID/35%2_aug_0118.png,0.2908489365108835,0.4117958633782137,0.1695758330954084,0.0,1.5031911134719849,1.220031787979684,0.2739513554781219,3.864098594180613,32.53362393150981,0.1695758330954084,0.3472808497915025,0.0,1.5031911134719849,0.560792863368988,0.0,0.0,0.560792863368988,0.7062922580926851,1.415841049027884,0.0276714196496064,5.574715879145724,0.5041517003491314,1.910413338419384e-06,0.0004600996438301,0.036397955932413,0.0
noncovid_36_0_aug_0119,36%0_aug_0119.png,NonCOVID,0,train,/Users/samehissa/Downloads/SS-VIRULEX-outputs/02_SVIS-RULEX/covid_ct_run/exact_sequence/outputs/augmented_train_images/NonCOVID/36%0_aug_0119.png,0.2904923436890385,0.4390837455087031,0.1927945355699515,0.0397618431597948,1.7304691076278689,1.5952126130369422,1.6681017308824284,3.8387867369468553,35.47908317592347,0.1927945355699515,0.3490952424210434,0.0,1.7304691076278689,0.4706095829606056,0.0,0.0397618431597948,0.4706095829606056,0.661586052944034,1.5115157251053963,0.0556767649797076,5.53819858823889,0.5264791898184601,2.133240063684283e-06,0.0007984443628729,0.038809886744749,0.0397618431597948
noncovid_36_1_aug_0120,36%1_aug_0120.png,NonCOVID,0,train,/Users/samehissa/Downloads/SS-VIRULEX-outputs/02_SVIS-RULEX/covid_ct_run/exact_sequence/outputs/augmented_train_images/NonCOVID/36%1_aug_0120.png,0.1760503615505513,0.2751760628268552,0.0757218655528894,0.0,1.205802083015442,1.82232309694982,2.874905598263423,3.8049536975705407,13.659596205436063,0.0757218655528894,0.2110356000279267,0.0,1.205802083015442,0.277602344751358,0.0,0.0,0.277602344751358,0.6397712067350771,1.5630530968710383,-0.1267883406597365,5.48938783011248,0.3266735302331201,1.969198203713373e-06,0.000423784839998,0.0243223575056356,0.0
noncovid_37_0_aug_0121,37%0_aug_0121.png,NonCOVID,0,train,/Users/samehissa/Downloads/SS-VIRULEX-outputs/02_SVIS-RULEX/covid_ct_run/exact_sequence/outputs/augmented_train_images/NonCOVID/37%0_aug_0121.png,0.21818472056475,0.3046764393525722,0.0928277326965616,0.0098662837408483,1.2235195636749268,1.4087901183021443,1.0612629933591275,3.922030856781147,17.975335038013398,0.0928277326965616,0.2440548204479,0.0,1.2235195636749268,0.3376303911209106,0.0,0.0098662837408483,0.3376303911209106,0.7161170877252484,1.396415104430534,-0.0902741228639238,5.658294467106988,0.3747429852371885,2.0317291964384204e-06,0.0006048711360209,0.0269298470417469,0.0098662837408483
noncovid_37_1_aug_0122,37%1_aug_0122.png,NonCOVID,0,train,/Users/samehissa/Downloads/SS-VIRULEX-outputs/02_SVIS-RULEX/covid_ct_run/exact_sequence/outputs/augmented_train_images/NonCOVID/37%1_aug_0122.png,0.2274880940931325,0.3463022512877626,0.1199252492469727,0.0278372792527079,2.021218776702881,2.1596979332795554,5.87047166600478,3.8777034368475145,21.974538521740623,0.1199252492469727,0.259226687020373,0.0,2.021218776702881,0.3784803673624992,0.0,0.0278372792527079,0.3784803673624992,0.6569042977425009,1.5222873648323247,-0.0397842557447918,5.594343518193335,0.4143381254496122,2.206864866017712e-06,0.0008806684131559,0.030609083778218,0.0278372792527079
noncovid_37_2_aug_0123,37%2_aug_0123.png,NonCOVID,0,train,/Users/samehissa/Downloads/SS-VIRULEX-outputs/02_SVIS-RULEX/covid_ct_run/exact_sequence/outputs/augmented_train_images/NonCOVID/37%2_aug_0123.png,0.2338260276310393,0.3053936411199904,0.0932652760365255,0.0228685881011188,1.3998563289642334,1.243746774471895,0.9888279136518356,3.9801327901361447,18.93630556598234,0.0932652760365255,0.2562823753343934,0.0,1.3998563289642334,0.4492092132568359,0.0,0.0228685881011188,0.4492092132568359,0.7656520323130634,1.30607205799125,-0.0549334217773025,5.742117838224306,0.3846295454515124,2.0982798751948792e-06,0.0007360743200611,0.0269932393208995,0.0228685881011188
noncovid_37_3_aug_0124,37%3_aug_0124.png,NonCOVID,0,train,/Users/samehissa/Downloads/SS-VIRULEX-outputs/02_SVIS-RULEX/covid_ct_run/exact_sequence/outputs/augmented_train_images/NonCOVID/37%3_aug_0124.png,0.237955962329579,0.3637265976954683,0.132297037871121,0.0,1.640841722488403,1.6180909449150234,1.9678501423449013,3.8079865092359846,24.181769968552587,0.132297037871121,0.2891607627834673,0.0,1.640841722488403,0.4170949831604957,0.0,0.0,0.4170949831604957,0.654214758069604,1.528545845771629,0.1742663185384779,5.493763252462166,0.4346493734946791,1.882324745940952e-06,0.0003887484645139,0.0321491929660471,0.0
noncovid_37_4_aug_0125,37%4_aug_0125.png,NonCOVID,0,train,/Users/samehissa/Downloads/SS-VIRULEX-outputs/02_SVIS-RULEX/covid_ct_run/exact_sequence/outputs/augmented_train_images/NonCOVID/37%4_aug_0125.png,0.2256760541458788,0.3654233028086583,0.1335341902355884,0.0,1.678295016288757,1.961658656627871,3.781102474010371,3.757696815109898,23.611375571256588,0.1335341902355884,0.277247400453291,0.0,1.678295016288757,0.3379561081528663,0.0,0.0,0.3379561081528663,0.6175726474986155,1.6192382669560754,0.0570616167317296,5.421210560138639,0.4294925746161883,1.8550605848098965e-06,0.0003430144155906,0.0322991619274484,0.0
noncovid_38_0_aug_0126,38%0_aug_0126.png,NonCOVID,0,train,/Users/samehissa/Downloads/SS-VIRULEX-outputs/02_SVIS-RULEX/covid_ct_run/exact_sequence/outputs/augmented_train_images/NonCOVID/38%0_aug_0126.png,0.2605075942556141,0.4214073039663498,0.1775841158361875,0.0,1.8799152374267576,1.665767210528317,1.9310998257902168,3.7150938259291344,31.417385280132507,0.1775841158361875,0.3307918644150049,0.0,1.8799152374267576,0.4432031884789467,0.0,0.0,0.4432031884789467,0.6181833433363385,1.6176392291767832,0.0583687542232535,5.359747438920504,0.495427413957923,1.7297239563144189e-06,0.0002356768024668,0.0372474952845183,0.0
noncovid_38_1_aug_0127,38%1_aug_0127.png,NonCOVID,0,train,/Users/samehissa/Downloads/SS-VIRULEX-outputs/02_SVIS-RULEX/covid_ct_run/exact_sequence/outputs/augmented_train_images/NonCOVID/38%1_aug_0127.png,0.2206916460418142,0.4011419277087686,0.1609148461659069,0.0,2.01808500289917,2.161113467707945,4.541685838360102,3.578522885947443,26.831315046214694,0.1609148461659069,0.2977814646983461,0.0,2.01808500289917,0.343419462442398,0.0,0.0,0.343419462442398,0.5501571405043872,1.817657962607088,0.1023115462995003,5.162717221079376,0.4578423842312464,1.641018994591626e-06,0.000146938124242,0.0354562721626392,0.0
noncovid_38_2_aug_0128,38%2_aug_0128.png,NonCOVID,0,train,/Users/samehissa/Downloads/SS-VIRULEX-outputs/02_SVIS-RULEX/covid_ct_run/exact_sequence/outputs/augmented_train_images/NonCOVID/38%2_aug_0128.png,0.22164789189992,0.3727695081640794,0.1389571062168896,0.0,1.5133637189865112,1.8943847998802852,2.8335289628151363,3.6914861755537256,24.07486645767274,0.1389571062168896,0.2792839984558668,0.0,1.5133637189865112,0.3014515116810798,0.0,0.0,0.3014515116810798,0.5945961041595037,1.681809400345638,0.1284530227998037,5.325688798796863,0.4336875536611216,1.7534165276311894e-06,0.0002367324551264,0.0329484808802993,0.0
noncovid_39_0_aug_0129,39%0_aug_0129.png,NonCOVID,0,train,/Users/samehissa/Downloads/SS-VIRULEX-outputs/02_SVIS-RULEX/covid_ct_run/exact_sequence/outputs/augmented_train_images/NonCOVID/39%0_aug_0129.png,0.2997070426936261,0.4660447438453042,0.2171977032658352,0.0,2.078446865081787,1.7787000578677443,2.558209208205729,3.804298775130784,39.29881788236726,0.2171977032658352,0.3561381361860185,0.0,2.078446865081787,0.4630606025457382,0.0,0.0,0.4630606025457382,0.6430850332861504,1.5550009758086194,0.0052729083057887,5.4884429767564775,0.5540956728814928,1.882345769176571e-06,0.0004401615487928,0.0411929248386702,0.0
noncovid_39_1_aug_0130,39%1_aug_0130.png,NonCOVID,0,train,/Users/samehissa/Downloads/SS-VIRULEX-outputs/02_SVIS-RULEX/covid_ct_run/exact_sequence/outputs/augmented_train_images/NonCOVID/39%1_aug_0130.png,0.2064401314710267,0.3079556320531436,0.0948366713132511,0.0,1.442663311958313,1.7388722560695085,2.9685135107410403,3.848780062385913,17.594137496963324,0.0948366713132511,0.242724136628567,0.0,1.442663311958313,0.3302378579974174,0.0,0.0,0.3302378579974174,0.67035455640196,1.491743053343116,0.1189913812844611,5.552615909291807,0.3707481614182678,1.9393802398633942e-06,0.0004395331762903,0.0272196894661708,0.0
noncovid_39_2_aug_0131,39%2_aug_0131.png,NonCOVID,0,train,/Users/samehissa/Downloads/SS-VIRULEX-outputs/02_SVIS-RULEX/covid_ct_run/exact_sequence/outputs/augmented_train_images/NonCOVID/39%2_aug_0131.png,0.2147625975158007,0.3300898838569718,0.1089593314247091,0.0,1.306094527244568,1.399569361114832,0.7975108667589952,3.756571403564492,19.85053500370469,0.1089593314247091,0.2718399924093546,0.0,1.306094527244568,0.3645664304494858,0.0,0.0,0.3645664304494858,0.6506165665843024,1.5369989359189329,0.0508530333267446,5.4195869344831245,0.393804906922759,1.7777637188660152e-06,0.0002518065548055,0.029176099409543,0.0
noncovid_39_3_aug_0132,39%3_aug_0132.png,NonCOVID,0,train,/Users/samehissa/Downloads/SS-VIRULEX-outputs/02_SVIS-RULEX/covid_ct_run/exact_sequence/outputs/augmented_train_images/NonCOVID/39%3_aug_0132.png,0.2086867672915104,0.3110990059681134,0.0967825915143482,0.0,1.3353588581085205,1.4676198070707334,1.2633724298914029,3.817218203160392,17.96259306968695,0.0967825915143482,0.251413452840552,0.0,1.3353588581085205,0.3732658252120018,0.0,0.0,0.3732658252120018,0.6708028392416685,1.490746203057261,0.0426427392482643,5.507081771505914,0.3746101418233752,1.7777724014232432e-06,0.0002726354513672,0.0274975270925558,0.0
noncovid_39_4_aug_0133,39%4_aug_0133.png,NonCOVID,0,train,/Users/samehissa/Downloads/SS-VIRULEX-outputs/02_SVIS-RULEX/covid_ct_run/exact_sequence/outputs/augmented_train_images/NonCOVID/39%4_aug_0133.png,0.2381152866291813,0.3621228477274235,0.1311329568462187,0.0,1.5295827388763428,1.5270641029722063,1.411443002025381,3.8015669390383033,24.04247636130764,0.1311329568462187,0.2898499602788433,0.0,1.5295827388763428,0.3808940798044204,0.0,0.0,0.3808940798044204,0.6575520726500581,1.520787904269918,-0.0326884377240457,5.484501770373335,0.4333957159141238,1.8285644474493423e-06,0.0003340265653747,0.0320074401563305,0.0
noncovid_39_5_aug_0134,39%5_aug_0134.png,NonCOVID,0,train,/Users/samehissa/Downloads/SS-VIRULEX-outputs/02_SVIS-RULEX/covid_ct_run/exact_sequence/outputs/augmented_train_images/NonCOVID/39%5_aug_0134.png,0.2447389476583339,0.3480713674480214,0.1211536768371355,0.0,1.388645887374878,1.4909338195421873,1.4687157799594317,3.898878112927704,23.174506155269665,0.1211536768371355,0.2775487836515822,0.0,1.388645887374878,0.4054637625813484,0.0,0.0,0.4054637625813484,0.703126621204372,1.4222148570073283,-0.1713439533830943,5.624892118366655,0.4255006807727154,1.9692017309595264e-06,0.0005292686678376,0.0307654530324213,0.0
noncovid_39_6_aug_0135,39%6_aug_0135.png,NonCOVID,0,train,/Users/samehissa/Downloads/SS-VIRULEX-outputs/02_SVIS-RULEX/covid_ct_run/exact_sequence/outputs/augmented_train_images/NonCOVID/39%6_aug_0135.png,0.2340988132964412,0.3633643062243591,0.1320336190379098,0.0,1.7342089414596558,1.729557788930774,2.683219398901337,3.7850827265614098,23.914991798363125,0.1320336190379098,0.2850959711216774,0.0,1.7342089414596558,0.3803775832056999,0.0,0.0,0.3803775832056999,0.6442519670601062,1.552183460939753,0.0753645817577579,5.460720078779959,0.4322451543102732,1.8550525351101352e-06,0.0003423417314586,0.0321171706215486,0.0
noncovid_39_7_aug_0136,39%7_aug_0136.png,NonCOVID,0,train,/Users/samehissa/Downloads/SS-VIRULEX-outputs/02_SVIS-RULEX/covid_ct_run/exact_sequence/outputs/augmented_train_images/NonCOVID/39%7_aug_0136.png,0.2212421659351093,0.3318618860749688,0.1101323114292356,0.0,1.3984167575836182,1.6206584669101536,2.0154769513494752,3.837169716040076,20.36229214936244,0.1101323114292356,0.2638612595812901,0.0,1.3984167575836182,0.3969783261418342,0.0,0.0,0.3969783261418342,0.6666673955373549,1.4999938401086907,0.1951282528050536,5.535865720195665,0.398848852846406,1.939382570189147e-06,0.0004539544752202,0.0293327237576209,0.0
noncovid_39_8_aug_0137,39%8_aug_0137.png,NonCOVID,0,train,/Users/samehissa/Downloads/SS-VIRULEX-outputs/02_SVIS-RULEX/covid_ct_run/exact_sequence/outputs/augmented_train_images/NonCOVID/39%8_aug_0137.png,0.1716684541825088,0.2574422981339283,0.0662765368684784,0.0,1.1280324459075928,1.569664052290419,1.736835066664006,3.8276137460099,12.255564163825992,0.0662765368684784,0.2071650753327958,0.0,1.1280324459075928,0.3096545338630676,0.0,0.0,0.3096545338630676,0.6668204432853511,1.4996482572169565,-0.0549847124464437,5.522079369622247,0.3094294669708923,1.910429327836157e-06,0.0003639672532573,0.0227548993468436,0.0
noncovid_40_0_aug_0138,40%0_aug_0138.png,NonCOVID,0,train,/Users/samehissa/Downloads/SS-VIRULEX-outputs/02_SVIS-RULEX/covid_ct_run/exact_sequence/outputs/augmented_train_images/NonCOVID/40%0_aug_0138.png,0.2502227887762274,0.3684565270977625,0.1357602123609442,0.0,1.5261125564575195,1.3579206106637696,0.7816226574119609,3.822118889627375,25.39157201713877,0.1357602123609442,0.3032260503920838,0.0,1.5261125564575195,0.4214832633733749,0.0,0.0,0.4214832633733749,0.679108907740772,1.4725138701386258,-0.1735825184106606,5.514151967568782,0.4453893312416639,1.8285567120085369e-06,0.0003364341133165,0.032567263610409,0.0
noncovid_40_1_aug_0139,40%1_aug_0139.png,NonCOVID,0,train,/Users/samehissa/Downloads/SS-VIRULEX-outputs/02_SVIS-RULEX/covid_ct_run/exact_sequence/outputs/augmented_train_images/NonCOVID/40%1_aug_0139.png,0.2115468042247812,0.3197754279742403,0.1022563243361085,0.0,1.280807375907898,1.5006740354220756,1.1804855169859767,3.8126032080038232,18.817071963369784,0.1022563243361085,0.254932604197279,0.0,1.280807375907898,0.3405623883008957,0.0,0.0,0.3405623883008957,0.6615459606104002,1.5116060445633566,-0.028322930390795,5.500423740879805,0.3834167115734869,1.882338073689197e-06,0.0003679998578213,0.0282644216971769,0.0
noncovid_41_aug_0140,41_aug_0140.png,NonCOVID,0,train,/Users/samehissa/Downloads/SS-VIRULEX-outputs/02_SVIS-RULEX/covid_ct_run/exact_sequence/outputs/augmented_train_images/NonCOVID/41_aug_0140.png,0.3124597059941152,0.4059475043645848,0.1647933762998346,0.1662183403968811,1.5779011249542236,1.3805745738774682,1.1390387936253843,4.022072117774922,33.59032885372973,0.1647933762998346,0.320796901378344,0.0,1.5779011249542236,0.4864376336336136,0.0,0.1662183403968811,0.4864376336336136,0.7697028136196636,1.2991995338183873,-0.0018194599676271,5.802623498226987,0.5122737980511628,2.1694789982720704e-06,0.0011115993424696,0.0358810291427441,0.1662183403968811
noncovid_42_aug_0141,42_aug_0141.png,NonCOVID,0,train,/Users/samehissa/Downloads/SS-VIRULEX-outputs/02_SVIS-RULEX/covid_ct_run/exact_sequence/outputs/augmented_train_images/NonCOVID/42_aug_0141.png,0.3333277053752681,0.4597096283323043,0.2113329423814253,0.0665026307106018,2.290972948074341,1.5614091112406017,2.3466600938488424,3.950258699977773,41.27235859867736,0.2113329423814253,0.3702374841591336,0.0,2.290972948074341,0.5931939631700516,0.0,0.0665026307106018,0.5931939631700516,0.7250815726938565,1.379152170428655,-0.0509240612699908,5.699018636501755,0.5678382705948648,2.169426787969485e-06,0.0010285380897167,0.0406329744463149,0.0665026307106018
noncovid_43_1_aug_0142,43%1_aug_0142.png,NonCOVID,0,train,/Users/samehissa/Downloads/SS-VIRULEX-outputs/02_SVIS-RULEX/covid_ct_run/exact_sequence/outputs/augmented_train_images/NonCOVID/43%1_aug_0142.png,0.2994872863637283,0.4659531424974932,0.2171123310032892,0.0,2.0646157264709477,1.7453257215054556,2.431413617505725,3.7988908954298326,39.27103560919028,0.2171123310032892,0.3583987936417543,0.0,2.0646157264709477,0.4860055819153785,0.0,0.0,0.4860055819153785,0.6427398300581469,1.555836136334654,0.0328880164575492,5.480641055530189,0.5538997794698957,1.855066824969544e-06,0.0004069941249971,0.0411848283468948,0.0
noncovid_43_2_aug_0143,43%2_aug_0143.png,NonCOVID,0,train,/Users/samehissa/Downloads/SS-VIRULEX-outputs/02_SVIS-RULEX/covid_ct_run/exact_sequence/outputs/augmented_train_images/NonCOVID/43%2_aug_0143.png,0.2853087459698145,0.4121418172362688,0.169860877514814,0.0,1.8286982774734497,1.5106174436099915,1.597243248500381,3.8744898760758986,32.16153062933532,0.169860877514814,0.3312804064300962,0.0,1.8286982774734497,0.4970625936985016,0.0,0.0,0.4970625936985016,0.6922569896596201,1.4445467342241,-0.0633022298327282,5.58970733000453,0.5012603695103794,1.9393804180702672e-06,0.000518118705454,0.036428534222289,0.0
noncovid_43_3_aug_0144,43%3_aug_0144.png,NonCOVID,0,train,/Users/samehissa/Downloads/SS-VIRULEX-outputs/02_SVIS-RULEX/covid_ct_run/exact_sequence/outputs/augmented_train_images/NonCOVID/43%3_aug_0144.png,0.3375655641793855,0.4937442533830428,0.2437833877487783,0.0284649906679987,1.998250126838684,1.5143838536522838,1.4163562208771872,3.8732448139163504,45.78993892717122,0.2437833877487783,0.3904581941887954,0.0,1.998250126838684,0.5448054373264313,0.0,0.0284649906679987,0.5448054373264313,0.6836836645344021,1.4626617930751444,0.0163611805404638,5.587911085001353,0.5981086003967215,2.0645029820837994e-06,0.0007855217254317,0.0436412387173798,0.0284649906679987
noncovid_44_0_aug_0145,44%0_aug_0145.png,NonCOVID,0,train,/Users/samehissa/Downloads/SS-VIRULEX-outputs/02_SVIS-RULEX/covid_ct_run/exact_sequence/outputs/augmented_train_images/NonCOVID/44%0_aug_0145.png,0.2332858432055218,0.2870396186948736,0.0823917427004984,0.0621661953628063,1.1436887979507446,0.9562169952998004,-0.201772756567641,4.039621585104038,17.512195499598043,0.0823917427004984,0.2513676559749456,0.0,1.1436887979507446,0.4574401751160621,0.0,0.0621661953628063,0.4574401751160621,0.8127276350860521,1.2304202207503667,-0.0549366258176176,5.827942027712945,0.3698838024847934,2.2455961360506717e-06,0.0010916401495046,0.0253709576060432,0.0621661953628063
noncovid_44_1_aug_0146,44%1_aug_0146.png,NonCOVID,0,train,/Users/samehissa/Downloads/SS-VIRULEX-outputs/02_SVIS-RULEX/covid_ct_run/exact_sequence/outputs/augmented_train_images/NonCOVID/44%1_aug_0146.png,0.2150759725045645,0.2881932209460748,0.083055332599273,0.0936918817460537,1.3829140663146973,1.582793268133477,2.2580003188717024,4.010013854716517,16.552064838151338,0.083055332599273,0.2244046371240529,0.0,1.3829140663146973,0.3386607766151428,0.0,0.0936918817460537,0.3386607766151428,0.7462882905789021,1.3399600968441905,-0.0998724647182565,5.785227101910891,0.3596011770671188,2.285698411926544e-06,0.0011563781299144,0.0254729226028703,0.0936918817460537
noncovid_45_aug_0147,45_aug_0147.png,NonCOVID,0,train,/Users/samehissa/Downloads/SS-VIRULEX-outputs/02_SVIS-RULEX/covid_ct_run/exact_sequence/outputs/augmented_train_images/NonCOVID/45_aug_0147.png,0.2276832645256945,0.3690997742537584,0.1362346433541754,0.0,1.8527851104736328,1.9098888117548956,3.3131652549194337,3.758911223896973,24.07351197430436,0.1362346433541754,0.2748743670766771,0.0,1.8527851104736328,0.2869737818837166,0.0,0.0,0.2869737818837166,0.6168593522623209,1.6211106908654882,-0.1178038944313987,5.422962581673364,0.4336753535759818,1.8550604546389129e-06,0.0003470507104631,0.032624119163657,0.0
noncovid_46_aug_0148,46_aug_0148.png,NonCOVID,0,train,/Users/samehissa/Downloads/SS-VIRULEX-outputs/02_SVIS-RULEX/covid_ct_run/exact_sequence/outputs/augmented_train_images/NonCOVID/46_aug_0148.png,0.3169323792681098,0.4375701426942784,0.1914676297774912,0.0716836676001548,2.0816009044647217,1.5832848398002994,2.2191120282107475,3.9668651810199833,37.36496163917264,0.1914676297774912,0.3467109866905957,0.0,2.0816009044647217,0.522381380200386,0.0,0.0716836676001548,0.522381380200386,0.7242990872676073,1.380641964398705,-0.1724476530191245,5.722976724347968,0.5402904430082363,2.3272512393292654e-06,0.0014516574120291,0.0386761018929861,0.0716836676001548
noncovid_47_aug_0149,47_aug_0149.png,NonCOVID,0,train,/Users/samehissa/Downloads/SS-VIRULEX-outputs/02_SVIS-RULEX/covid_ct_run/exact_sequence/outputs/augmented_train_images/NonCOVID/47_aug_0149.png,0.2369236170834483,0.3060967199738703,0.093695201978762,0.0295247659087181,1.2372406721115112,1.1523472199773774,0.4010791465470995,3.989945820347169,19.177984295765302,0.093695201978762,0.2577864389709248,0.0,1.2372406721115112,0.4677823632955551,0.0,0.0295247659087181,0.4677823632955551,0.7740130083414964,1.2919637296692887,-0.0119949988611548,5.756275048245843,0.387076222869174,2.064494992601357e-06,0.0007110431130437,0.0270553832990604,0.0295247659087181
noncovid_48_aug_0150,48_aug_0150.png,NonCOVID,0,train,/Users/samehissa/Downloads/SS-VIRULEX-outputs/02_SVIS-RULEX/covid_ct_run/exact_sequence/outputs/augmented_train_images/NonCOVID/48_aug_0150.png,0.2404053376012598,0.3340309483526311,0.1115766744573581,0.0427873507142066,1.385740041732788,1.3557182442292712,0.8100533322147045,3.936401762893604,21.67953930298033,0.1115766744573581,0.2720010351491737,0.0,1.385740041732788,0.3984676077961921,0.0,0.0427873507142066,0.3984676077961921,0.7197076171512449,1.389448968502772,0.0504625042030793,5.679027302088514,0.4115475680945446,2.285679626560831e-06,0.0010912610038915,0.0295244435882898,0.0427873507142066
noncovid_49_0_aug_0151,49%0_aug_0151.png,NonCOVID,0,train,/Users/samehissa/Downloads/SS-VIRULEX-outputs/02_SVIS-RULEX/covid_ct_run/exact_sequence/outputs/augmented_train_images/NonCOVID/49%0_aug_0151.png,0.2945609281232464,0.3908454636283952,0.1527601764388951,0.0859667100012302,1.6328743696212769,1.369662343903708,1.22184164527496,3.989658336617956,30.65936855241261,0.1527601764388951,0.3186377831754043,0.0,1.6328743696212769,0.4950009062886238,0.0,0.0859667100012302,0.4950009062886238,0.7536486972114603,1.326874769571824,0.1051442891969254,5.7558602968953725,0.4894142589011108,2.206880131009377e-06,0.0011130913469343,0.0345461847159547,0.0859667100012302
noncovid_49_1_aug_0152,49%1_aug_0152.png,NonCOVID,0,train,/Users/samehissa/Downloads/SS-VIRULEX-outputs/02_SVIS-RULEX/covid_ct_run/exact_sequence/outputs/augmented_train_images/NonCOVID/49%1_aug_0152.png,0.367037252528462,0.522284416631206,0.2727810118557991,0.0,2.3121447563171387,1.604674627831478,2.3473440537034573,3.897086955209148,52.15966164472847,0.2727810118557991,0.4194713213905743,0.0,2.3121447563171387,0.688987672328949,0.0,0.0,0.688987672328949,0.7027522516249631,1.4229738617354797,-0.0890746477596149,5.622308024008645,0.6383551962657162,1.969198203235062e-06,0.0006256793120699,0.0461638565884982,0.0
noncovid_50_aug_0153,50_aug_0153.png,NonCOVID,0,train,/Users/samehissa/Downloads/SS-VIRULEX-outputs/02_SVIS-RULEX/covid_ct_run/exact_sequence/outputs/augmented_train_images/NonCOVID/50_aug_0153.png,0.2132673972519114,0.3150560691271077,0.0992603266938249,0.0,1.2569971084594729,1.4163456250087951,1.056969225404588,3.8357538973731846,18.527143606326977,0.0992603266938249,0.2579180137090588,0.0,1.2569971084594729,0.3859313353896141,0.0,0.0,0.3859313353896141,0.6769167181132829,1.4772819155051793,-0.0010503941358189,5.533823125626144,0.3804514547539929,1.9393810842511004e-06,0.000440382089193,0.0278472853667194,0.0
noncovid_51_0_aug_0154,51%0_aug_0154.png,NonCOVID,0,train,/Users/samehissa/Downloads/SS-VIRULEX-outputs/02_SVIS-RULEX/covid_ct_run/exact_sequence/outputs/augmented_train_images/NonCOVID/51%0_aug_0154.png,0.2600153854000382,0.3924512508241105,0.1540179842734089,0.0,1.5356979370117188,1.486621816300982,1.2274084366287097,3.806462714539238,28.368126069521832,0.1540179842734089,0.3166534391684763,0.0,1.5356979370117188,0.4326158091425895,0.0,0.0,0.4326158091425895,0.6625401812679935,1.509338573255261,-0.083808928214405,5.491564881409836,0.4707716908631394,1.802811852277528e-06,0.0003232663398228,0.0346881175928589,0.0
noncovid_51_1_aug_0155,51%1_aug_0155.png,NonCOVID,0,train,/Users/samehissa/Downloads/SS-VIRULEX-outputs/02_SVIS-RULEX/covid_ct_run/exact_sequence/outputs/augmented_train_images/NonCOVID/51%1_aug_0155.png,0.2176151496096281,0.3623889909909135,0.1313257807914123,0.0,1.6027673482894895,1.938347611315874,3.3195282903703447,3.717256831938436,22.871313168772247,0.1313257807914123,0.2735101997893707,0.0,1.6027673482894895,0.3046505749225616,0.0,0.0,0.3046505749225616,0.6004998896757184,1.6652746448994469,-0.0788264025929661,5.362867996963537,0.4227080956535292,1.8285619750438248e-06,0.0003054102883572,0.0320309641196282,0.0
noncovid_51_2_aug_0156,51%2_aug_0156.png,NonCOVID,0,train,/Users/samehissa/Downloads/SS-VIRULEX-outputs/02_SVIS-RULEX/covid_ct_run/exact_sequence/outputs/augmented_train_images/NonCOVID/51%2_aug_0156.png,0.2679615210872725,0.3874087213579714,0.1500855173842183,0.0,1.6671481132507324,1.5355748450728424,1.7186264565363842,3.878102176808424,28.40177845345577,0.1500855173842183,0.3109466555960125,0.0,1.6671481132507324,0.4635047391057014,0.0,0.0,0.4635047391057014,0.6916747472107774,1.4457625101769591,-0.1371850850379505,5.594918778357544,0.4710508403215338,1.9692113583086644e-06,0.0005455780099321,0.0342424167453789,0.0
noncovid_51_3_aug_0157,51%3_aug_0157.png,NonCOVID,0,train,/Users/samehissa/Downloads/SS-VIRULEX-outputs/02_SVIS-RULEX/covid_ct_run/exact_sequence/outputs/augmented_train_images/NonCOVID/51%3_aug_0157.png,0.2511055248614866,0.3263812401698742,0.1065247139348251,0.021721813827753,1.5213276147842407,1.2942713070228005,1.2824348718457887,3.989048246478085,21.706073414500835,0.1065247139348251,0.2726050227888663,0.0,1.5213276147842407,0.4843817502260208,0.0,0.021721813827753,0.4843817502260208,0.7693602590961818,1.2997772165702477,0.0319645866038114,5.754980122876086,0.4117993425817819,2.031736390193123e-06,0.0006854721983477,0.0288482985220241,0.021721813827753
noncovid_52_0_aug_0158,52%0_aug_0158.png,NonCOVID,0,train,/Users/samehissa/Downloads/SS-VIRULEX-outputs/02_SVIS-RULEX/covid_ct_run/exact_sequence/outputs/augmented_train_images/NonCOVID/52%0_aug_0158.png,0.2954077304748352,0.4026535733074622,0.1621299000972678,0.0228221639990806,1.975682020187378,1.5460270825211968,2.227543405392346,3.958362221237501,31.92264029715978,0.1621299000972678,0.318362345911737,0.0,1.975682020187378,0.4816348701715469,0.0,0.0228221639990806,0.4816348701715469,0.73365050357758,1.3630434540769842,-0.0040005342539556,5.710709546436901,0.4993952616130441,1.999993911269025e-06,0.0006836220712763,0.0355898840193376,0.0228221639990806
noncovid_52_1_aug_0159,52%1_aug_0159.png,NonCOVID,0,train,/Users/samehissa/Downloads/SS-VIRULEX-outputs/02_SVIS-RULEX/covid_ct_run/exact_sequence/outputs/augmented_train_images/NonCOVID/52%1_aug_0159.png,0.2710865397239104,0.3799517989441842,0.1443633695209217,0.0101521303877234,1.7185075283050537,1.4370933025516706,1.5682031694353773,3.904859820520563,27.88496403717184,0.1443633695209217,0.3135886608106375,0.0,1.7185075283050537,0.5325661450624466,0.0,0.0101521303877234,0.5325661450624466,0.7134742538473405,1.4015885824915846,0.019577263682059,5.633521898246921,0.4667454140539626,1.999988363400386e-06,0.0006078278216279,0.0335833116946825,0.0101521303877234
noncovid_53_aug_0160,53_aug_0160.png,NonCOVID,0,train,/Users/samehissa/Downloads/SS-VIRULEX-outputs/02_SVIS-RULEX/covid_ct_run/exact_sequence/outputs/augmented_train_images/NonCOVID/53_aug_0160.png,0.2698509634501533,0.3898042868522438,0.1519473820483863,0.0162872057408094,1.582093596458435,1.4340534076805316,1.2023813428849095,3.872906985294669,28.770166338990386,0.1519473820483863,0.3174898063118689,0.0,1.582093596458435,0.4863247871398926,0.0,0.0162872057408094,0.4863247871398926,0.6922711737166375,1.4445169358242744,0.0720512703673075,5.587423701324179,0.4740959022427449,2.031731120340343e-06,0.000639538991312,0.0344541568211009,0.0162872057408094
noncovid_54_0_aug_0161,54%0_aug_0161.png,NonCOVID,0,train,/Users/samehissa/Downloads/SS-VIRULEX-outputs/02_SVIS-RULEX/covid_ct_run/exact_sequence/outputs/augmented_train_images/NonCOVID/54%0_aug_0161.png,0.265966675546224,0.4082045949756444,0.1666309913592299,0.0136666111648082,1.7920069694519043,1.850117025080672,2.910349567211302,3.848392425336302,30.38326577412356,0.1666309913592299,0.3061983057568227,0.0,1.7920069694519043,0.3922017142176628,0.0,0.0136666111648082,0.3922017142176628,0.6515507842612811,1.5347960196039674,0.0172552710174775,5.552056667242669,0.4872055663273361,2.098334225949403e-06,0.0007379365563633,0.0360805296523482,0.0136666111648082
noncovid_54_1_aug_0162,54%1_aug_0162.png,NonCOVID,0,train,/Users/samehissa/Downloads/SS-VIRULEX-outputs/02_SVIS-RULEX/covid_ct_run/exact_sequence/outputs/augmented_train_images/NonCOVID/54%1_aug_0162.png,0.1885476238230694,0.2987132881204595,0.0892296284997366,0.0,1.149096965789795,1.5863514316234115,1.4442241646063314,3.74364585075781,15.97181887347998,0.0892296284997366,0.2335867288191906,0.0,1.149096965789795,0.2513768710196018,0.0,0.0,0.2513768710196018,0.6311972052272095,1.584285614762072,-0.1059165417192438,5.4009393035481725,0.3532418929700473,1.753394507977061e-06,0.0002232578809288,0.0264027739575634,0.0
noncovid_54_2_aug_0163,54%2_aug_0163.png,NonCOVID,0,train,/Users/samehissa/Downloads/SS-VIRULEX-outputs/02_SVIS-RULEX/covid_ct_run/exact_sequence/outputs/augmented_train_images/NonCOVID/54%2_aug_0163.png,0.223125154934678,0.3148967390881163,0.0991599562883291,0.0426032785326242,1.5606720447540283,1.4849488716104855,1.8065472160449725,3.916098067862653,19.06493325477801,0.0991599562883291,0.2568428175396775,0.0,1.5606720447540283,0.4364942163228988,0.0,0.0426032785326242,0.4364942163228988,0.7085638518104508,1.4113009318931578,0.1049829508241441,5.649735261955637,0.3859336614665183,2.1333105996018614e-06,0.0007671342548392,0.0278332024478422,0.0426032785326242
noncovid_54_3_aug_0164,54%3_aug_0164.png,NonCOVID,0,train,/Users/samehissa/Downloads/SS-VIRULEX-outputs/02_SVIS-RULEX/covid_ct_run/exact_sequence/outputs/augmented_train_images/NonCOVID/54%3_aug_0164.png,0.1569142127027589,0.2521016205289046,0.0635552270732998,0.0,1.188320517539978,1.9526827023217612,3.443945322044055,3.782984647427544,11.286694044342592,0.0635552270732998,0.1856086121226496,0.0,1.188320517539978,0.2042979449033737,0.0,0.0,0.2042979449033737,0.6224219818641993,1.606620689015967,-0.0762502485967536,5.457693190418137,0.2969466235225221,1.9392506889154847e-06,0.0003610988715042,0.0222828456780132,0.0
noncovid_56_0_aug_0165,56%0_aug_0165.png,NonCOVID,0,train,/Users/samehissa/Downloads/SS-VIRULEX-outputs/02_SVIS-RULEX/covid_ct_run/exact_sequence/outputs/augmented_train_images/NonCOVID/56%0_aug_0165.png,0.2686190361382614,0.3953085632968247,0.1562688602157996,0.0,1.7639950513839722,1.6003982955075442,1.9402292826895409,3.8651366936763822,29.23840598933097,0.1562688602157996,0.3092342690861187,0.0,1.7639950513839722,0.3832192048430443,0.0,0.0,0.3832192048430443,0.6795156532465784,1.4716327218647105,-0.0975363817030155,5.57621354014022,0.4779383294857697,1.969212243614011e-06,0.0005453038302703,0.034940670721037,0.0
noncovid_56_1_aug_0166,56%1_aug_0166.png,NonCOVID,0,train,/Users/samehissa/Downloads/SS-VIRULEX-outputs/02_SVIS-RULEX/covid_ct_run/exact_sequence/outputs/augmented_train_images/NonCOVID/56%1_aug_0166.png,0.2772599575255299,0.422564643890413,0.1785608782662316,0.0,1.837405800819397,1.759181628949458,2.633898090216864,3.825256438193772,32.69554717610115,0.1785608782662316,0.3250507862430822,0.0,1.837405800819397,0.42147396504879,0.0,0.0,0.42147396504879,0.6561346421183113,1.5240738246578704,0.0744443903186333,5.518678493326069,0.505404750980133,1.8823446272280756e-06,0.0004276882934265,0.0373497906480737,0.0
noncovid_57_0_aug_0167,57%0_aug_0167.png,NonCOVID,0,train,/Users/samehissa/Downloads/SS-VIRULEX-outputs/02_SVIS-RULEX/covid_ct_run/exact_sequence/outputs/augmented_train_images/NonCOVID/57%0_aug_0167.png,0.2810326782055199,0.3836022503212991,0.1471506864515646,0.0,1.832930564880371,1.4211187943597698,1.6699007614025474,3.938256561281356,28.94464674187929,0.1471506864515646,0.3129436551316757,0.0,1.832930564880371,0.5123742967844009,0.0,0.0,0.5123742967844009,0.7326128701207095,1.3649738271389558,-0.0410630294399265,5.681703210524372,0.4755313372123145,1.96922335970048e-06,0.0005959554774943,0.0339059690600762,0.0
noncovid_59_0_aug_0168,59%0_aug_0168.png,NonCOVID,0,train,/Users/samehissa/Downloads/SS-VIRULEX-outputs/02_SVIS-RULEX/covid_ct_run/exact_sequence/outputs/augmented_train_images/NonCOVID/59%0_aug_0168.png,0.2281227625062456,0.3468292463417888,0.1202905261180132,0.0,1.4686322212219238,1.6123506021212717,1.8766381104151495,3.810864410078148,22.05830667411125,0.1202905261180132,0.2769899802397049,0.0,1.4686322212219238,0.3877518624067306,0.0,0.0,0.3877518624067306,0.6577360680401525,1.520362293229257,0.0199194802580681,5.497915185735327,0.4151271141367354,1.8823412921023307e-06,0.0003813409311718,0.0306556640002623,0.0
noncovid_60_aug_0169,60_aug_0169.png,NonCOVID,0,train,/Users/samehissa/Downloads/SS-VIRULEX-outputs/02_SVIS-RULEX/covid_ct_run/exact_sequence/outputs/augmented_train_images/NonCOVID/60_aug_0169.png,0.2235979002580279,0.3146994918861757,0.0990357701934172,0.0348286144435405,1.225547432899475,1.4482983513195515,1.1494889298825903,3.922984183182548,19.07606927273168,0.0990357701934172,0.2494338635265194,0.0,1.225547432899475,0.3404030203819275,0.0,0.0348286144435405,0.3404030203819275,0.7105101708544557,1.4074349156365875,0.0014382804152809,5.65966982637864,0.386046358865378,2.13331139903784e-06,0.0007742439558148,0.0278157680935844,0.0348286144435405
noncovid_62_aug_0170,62_aug_0170.png,NonCOVID,0,train,/Users/samehissa/Downloads/SS-VIRULEX-outputs/02_SVIS-RULEX/covid_ct_run/exact_sequence/outputs/augmented_train_images/NonCOVID/62_aug_0170.png,0.2376133725465479,0.3174346406669904,0.1007647510953813,0.0922479107975959,1.4425610303878784,1.57311461631633,2.088327049712132,4.016216149540031,20.12478283626571,0.1007647510953813,0.2472987386562977,0.0,1.4425610303878784,0.3770345225930214,0.0,0.0922479107975959,0.3770345225930214,0.7485403089813063,1.3359291914633538,-0.0852204903202128,5.794175121894906,0.3965159087707905,2.370252611140767e-06,0.0013961574917063,0.0280575233748929,0.0922479107975959
noncovid_63_0_aug_0171,63%0_aug_0171.png,NonCOVID,0,train,/Users/samehissa/Downloads/SS-VIRULEX-outputs/02_SVIS-RULEX/covid_ct_run/exact_sequence/outputs/augmented_train_images/NonCOVID/63%0_aug_0171.png,0.280438888747085,0.4067886275654525,0.1654769875165844,0.0472738873213529,2.015165328979492,1.757669816422781,3.158276250370233,3.904591193061176,31.2477386033004,0.1654769875165844,0.3163273968861233,0.0,2.015165328979492,0.464138776063919,0.0,0.0472738873213529,0.464138776063919,0.6893953772259406,1.4505428593832312,0.1162639984104948,5.633134350743417,0.4940880061672054,2.09831992223512e-06,0.0007926279147446,0.0359553746326375,0.0472738873213529
noncovid_63_1_aug_0172,63%1_aug_0172.png,NonCOVID,0,train,/Users/samehissa/Downloads/SS-VIRULEX-outputs/02_SVIS-RULEX/covid_ct_run/exact_sequence/outputs/augmented_train_images/NonCOVID/63%1_aug_0172.png,0.2482672882069891,0.3785629993471416,0.143309944474704,0.0,1.6570643186569214,1.6369064376002214,1.9164322320147305,3.818129485861051,26.233163631149598,0.143309944474704,0.2971054692945927,0.0,1.6570643186569214,0.3698281124234199,0.0,0.0,0.3698281124234199,0.6558132538623386,1.5248202938097926,0.0062693338806496,5.508396474539003,0.4527102725456494,1.939378293411862e-06,0.0004665508549863,0.0334605579930853,0.0
noncovid_63_2_aug_0173,63%2_aug_0173.png,NonCOVID,0,train,/Users/samehissa/Downloads/SS-VIRULEX-outputs/02_SVIS-RULEX/covid_ct_run/exact_sequence/outputs/augmented_train_images/NonCOVID/63%2_aug_0173.png,0.3302742236774065,0.4735104482440334,0.2242121445962654,0.0396183673292398,2.145887613296509,1.5871412461829109,2.040545772893619,3.910814412989885,42.66153055001331,0.2242121445962654,0.3752758562802682,0.0,2.145887613296509,0.5901336371898651,0.0,0.0396183673292398,0.5901336371898651,0.6974999757707934,1.433688778287863,0.0443689353127899,5.642112559272929,0.5773155180851967,2.1694758934317444e-06,0.001024340400836,0.0418528061145047,0.0396183673292398
noncovid_63_3_aug_0174,63%3_aug_0174.png,NonCOVID,0,train,/Users/samehissa/Downloads/SS-VIRULEX-outputs/02_SVIS-RULEX/covid_ct_run/exact_sequence/outputs/augmented_train_images/NonCOVID/63%3_aug_0174.png,0.2493409295893798,0.3653251882053062,0.1334624931372424,0.0013716297689825,1.7360315322875977,1.5975529233173722,2.1651559579693886,3.863622620269121,25.041074215134525,0.1334624931372424,0.2915912746750564,0.0,1.7360315322875977,0.4111343175172806,0.0,0.0013716297689825,0.4111343175172806,0.6825158930277812,1.4651633360272294,0.080757877251073,5.574029193944021,0.4423046374454358,1.999967907472834e-06,0.0005503477936475,0.0322904897397779,0.0013716297689825
noncovid_63_4_aug_0175,63%4_aug_0175.png,NonCOVID,0,train,/Users/samehissa/Downloads/SS-VIRULEX-outputs/02_SVIS-RULEX/covid_ct_run/exact_sequence/outputs/augmented_train_images/NonCOVID/63%4_aug_0175.png,0.3362101489801716,0.4864145960172948,0.2365991592186681,0.0,2.011774063110352,1.5464963406027814,1.83460514448831,3.870483465728254,44.753462207479984,0.2365991592186681,0.3892029284026534,0.0,2.011774063110352,0.5715623646974564,0.0,0.0,0.5715623646974564,0.6911993606558156,1.4467576231495072,0.1368342199017619,5.583927301664218,0.5913006202397706,1.910427174638386e-06,0.0005064704346842,0.042993382413993,0.0
noncovid_63_5_aug_0176,63%5_aug_0176.png,NonCOVID,0,train,/Users/samehissa/Downloads/SS-VIRULEX-outputs/02_SVIS-RULEX/covid_ct_run/exact_sequence/outputs/augmented_train_images/NonCOVID/63%5_aug_0176.png,0.3108318680315278,0.474230155573715,0.2248942404554699,0.0103138256818056,2.1519925594329834,1.9048531245547995,3.2994090000046103,3.859445542877262,41.1533684018482,0.2248942404554699,0.3551507314059563,0.0,2.1519925594329834,0.4495811685919761,0.0,0.0103138256818056,0.4495811685919761,0.6554437943991468,1.5256806149799724,0.1189395534387266,5.568002945105377,0.5670191272253865,1.999992194770459e-06,0.0006597723176061,0.0419164198561656,0.0103138256818056
noncovid_63_6_aug_0177,63%6_aug_0177.png,NonCOVID,0,train,/Users/samehissa/Downloads/SS-VIRULEX-outputs/02_SVIS-RULEX/covid_ct_run/exact_sequence/outputs/augmented_train_images/NonCOVID/63%6_aug_0177.png,0.3252667389751877,0.4866614503165888,0.2368393672242456,0.1206456460058689,2.2897751331329346,2.1192957013246527,4.673882923188706,3.919079947117608,43.85764079459822,0.2368393672242456,0.3555837655362666,0.0,2.2897751331329346,0.5056518018245697,0.0,0.1206456460058689,0.5056518018245697,0.668362103473551,1.4961918696326115,0.1762180314789893,5.654037204369291,0.5853527301617364,2.206883750942831e-06,0.001160611753414,0.0430152014576175,0.1206456460058689
noncovid_63_7_aug_0178,63%7_aug_0178.png,NonCOVID,0,train,/Users/samehissa/Downloads/SS-VIRULEX-outputs/02_SVIS-RULEX/covid_ct_run/exact_sequence/outputs/augmented_train_images/NonCOVID/63%7_aug_0178.png,0.2872302050454891,0.4266909847978481,0.1820651965077575,0.0127356308512389,2.385215997695923,2.0149567974026352,4.959818956640521,3.8862900715123994,33.86449756137359,0.1820651965077575,0.325624576470318,0.0,2.385215997695923,0.4858247190713882,0.0,0.0127356308512389,0.4858247190713882,0.6731558484314366,1.4855366089728357,0.149379760035013,5.60673141344229,0.5143601726399811,2.031732265083037e-06,0.0006826058285631,0.0377145111027155,0.0127356308512389
noncovid_64_aug_0179,64_aug_0179.png,NonCOVID,0,train,/Users/samehissa/Downloads/SS-VIRULEX-outputs/02_SVIS-RULEX/covid_ct_run/exact_sequence/outputs/augmented_train_images/NonCOVID/64_aug_0179.png,0.2402521227086254,0.3602019411694505,0.1297454384222403,0.0012749994639307,1.5554412603378296,1.6221320441696212,1.9857466960363463,3.839785279275703,23.99571467369481,0.1297454384222403,0.2843731692394158,0.0,1.5554412603378296,0.4124695435166359,0.0,0.0012749994639307,0.4124695435166359,0.6669910077041915,1.499266425239034,0.0338615210735201,5.539639180304837,0.4329740418180294,2.0316756351579257e-06,0.0005633801048624,0.0318376543996845,0.0012749994639307
noncovid_65_0_aug_0180,65%0_aug_0180.png,NonCOVID,0,train,/Users/samehissa/Downloads/SS-VIRULEX-outputs/02_SVIS-RULEX/covid_ct_run/exact_sequence/outputs/augmented_train_images/NonCOVID/65%0_aug_0180.png,0.1710526486749586,0.2844452429536679,0.0809090962389711,0.0,1.0885454416275024,1.8144789240669863,2.239414544099056,3.711644450529562,14.101517421784322,0.0809090962389711,0.2136476972146965,0.0,1.0885454416275024,0.242089357227087,0.0,0.0,0.242089357227087,0.6013531657115982,1.6629104849126464,-0.1216770166842119,5.354771042137376,0.3319158098941507,1.8285532019941369e-06,0.0002678805917335,0.0251416450210992,0.0
noncovid_65_1_aug_0181,65%1_aug_0181.png,NonCOVID,0,train,/Users/samehissa/Downloads/SS-VIRULEX-outputs/02_SVIS-RULEX/covid_ct_run/exact_sequence/outputs/augmented_train_images/NonCOVID/65%1_aug_0181.png,0.2517065600331989,0.3120240310413366,0.0973589959472849,0.1301482766866684,1.4177086353302002,1.3102597168574537,1.367045734182568,4.073333542528049,20.57154410381201,0.0973589959472849,0.2544690999310433,0.0,1.4177086353302002,0.4495820552110672,0.0,0.1301482766866684,0.4495820552110672,0.8066870763321974,1.239634084229597,-0.0754201357276366,5.876578101507227,0.4008929886029828,2.37034967047205e-06,0.0015235508260232,0.0275792885303113,0.1301482766866684
noncovid_65_2_aug_0182,65%2_aug_0182.png,NonCOVID,0,train,/Users/samehissa/Downloads/SS-VIRULEX-outputs/02_SVIS-RULEX/covid_ct_run/exact_sequence/outputs/augmented_train_images/NonCOVID/65%2_aug_0182.png,0.2577698852255707,0.3667192776093928,0.1344830285703549,0.0,1.429484248161316,1.274784501082783,0.5650317359556971,3.8590034262407,25.71882781434353,0.1344830285703549,0.3051775257290501,0.0,1.429484248161316,0.5076631456613541,0.0,0.0,0.5076631456613541,0.7029060048327377,1.422661445841441,-0.0409575923801424,5.567365105626314,0.4482503121020206,1.8028117770040988e-06,0.0003299989035541,0.0324137109986792,0.0
noncovid_65_3_aug_0183,65%3_aug_0183.png,NonCOVID,0,train,/Users/samehissa/Downloads/SS-VIRULEX-outputs/02_SVIS-RULEX/covid_ct_run/exact_sequence/outputs/augmented_train_images/NonCOVID/65%3_aug_0183.png,0.2591230910766171,0.3748082822383344,0.1404812484344509,0.0,1.570142388343811,1.4220776776404946,1.0781638008705885,3.8698738209555454,26.576131169734627,0.1404812484344509,0.3045353266202255,0.0,1.570142388343811,0.4254213869571686,0.0,0.0,0.4254213869571686,0.6913465150306641,1.4464487926609046,0.0892244379646343,5.583047770173927,0.4556599881090634,1.969219976175476e-06,0.0005403851933709,0.0331286847519509,0.0
noncovid_65_4_aug_0184,65%4_aug_0184.png,NonCOVID,0,train,/Users/samehissa/Downloads/SS-VIRULEX-outputs/02_SVIS-RULEX/covid_ct_run/exact_sequence/outputs/augmented_train_images/NonCOVID/65%4_aug_0184.png,0.2298461446916917,0.348517439749884,0.121464405809814,0.0,1.6218321323394775,1.6816643974718957,2.391988079403812,3.8230364373285854,22.30958797304936,0.121464405809814,0.2744364965249133,0.0,1.6218321323394775,0.3847793564200401,0.0,0.0,0.3847793564200401,0.6594949319084579,1.516307529183812,-0.0268936984618126,5.515475709087099,0.4174849171400664,1.8823439817191144e-06,0.0003919687002763,0.0308048806261146,0.0
noncovid_66_aug_0185,66_aug_0185.png,NonCOVID,0,train,/Users/samehissa/Downloads/SS-VIRULEX-outputs/02_SVIS-RULEX/covid_ct_run/exact_sequence/outputs/augmented_train_images/NonCOVID/66_aug_0185.png,0.2025575302104698,0.313353075547033,0.0981901499547846,0.0,1.2617924213409424,1.7236137535733544,2.230520414897644,3.805830186353517,17.820121983968004,0.0981901499547846,0.2415090864824378,0.0,1.2617924213409424,0.3252986371517181,0.0,0.0,0.3252986371517181,0.6464174109012566,1.546983097697922,0.0407358009004046,5.490652336133073,0.3731215659805126,1.910421159530828e-06,0.0003859406105452,0.0276967605781209,0.0
noncovid_67_0_aug_0186,67%0_aug_0186.png,NonCOVID,0,train,/Users/samehissa/Downloads/SS-VIRULEX-outputs/02_SVIS-RULEX/covid_ct_run/exact_sequence/outputs/augmented_train_images/NonCOVID/67%0_aug_0186.png,0.3882296187439351,0.5563693153285199,0.3095468150391259,0.0766529403626918,2.480003118515014,1.7783584099140302,2.952448163967266,3.9383182602855142,58.91443864437595,0.3095468150391259,0.4282653171504762,0.0,2.480003118515014,0.6198395490646362,0.0,0.0766529403626918,0.6198395490646362,0.697789957601705,1.4330934283905956,0.1513413163593318,5.6817922233717,0.6784313170168275,2.2455989485745905e-06,0.0013705296835995,0.0491765644641141,0.0766529403626918
noncovid_67_1_aug_0187,67%1_aug_0187.png,NonCOVID,0,train,/Users/samehissa/Downloads/SS-VIRULEX-outputs/02_SVIS-RULEX/covid_ct_run/exact_sequence/outputs/augmented_train_images/NonCOVID/67%1_aug_0187.png,0.3681625581086791,0.4750974379407056,0.2257175755378225,0.0722371451556682,1.6848721504211426,1.0237693600792266,-0.2957886057092027,3.985494603728274,46.24143932556149,0.2257175755378225,0.4081455189696612,0.0,1.6848721504211426,0.6687618792057037,0.0,0.0722371451556682,0.6687618792057037,0.7749184773253822,1.2904556084718968,0.1055649819109598,5.749853300103842,0.6010501183187215,2.1332445055842987e-06,0.0010157528271436,0.0419930775115284,0.0722371451556682
noncovid_67_2_aug_0188,67%2_aug_0188.png,NonCOVID,0,train,/Users/samehissa/Downloads/SS-VIRULEX-outputs/02_SVIS-RULEX/covid_ct_run/exact_sequence/outputs/augmented_train_images/NonCOVID/67%2_aug_0188.png,0.3467313939981977,0.5175873770149592,0.2678966928452255,0.0,2.084376811981201,1.595581312394444,1.7231297824513234,3.846733179984082,49.67927711093235,0.2678966928452255,0.4030240405360246,0.0,2.084376811981201,0.5013499334454536,0.0,0.0,0.5013499334454536,0.6698979524962876,1.4927617919064158,0.096667244787587,5.549662882201404,0.6229922571181434,1.9692194122593177e-06,0.0006100625128662,0.0457486930179794,0.0
noncovid_68_aug_0189,68_aug_0189.png,NonCOVID,0,train,/Users/samehissa/Downloads/SS-VIRULEX-outputs/02_SVIS-RULEX/covid_ct_run/exact_sequence/outputs/augmented_train_images/NonCOVID/68_aug_0189.png,0.2869467426207848,0.4288987180307224,0.1839541103283971,0.040286167524755,2.0693650245666504,1.8426298236471044,3.349552808628899,3.880741097000191,34.085445558921734,0.1839541103283971,0.3282815039137858,0.0,2.0693650245666504,0.4285478442907333,0.0,0.040286167524755,0.4285478442907333,0.6690299166860972,1.494697985115428,0.1644508263443435,5.598725935431506,0.5160354090845667,2.133316754994644e-06,0.0008680754936512,0.0379096489952175,0.040286167524755
noncovid_69_0_aug_0190,69%0_aug_0190.png,NonCOVID,0,train,/Users/samehissa/Downloads/SS-VIRULEX-outputs/02_SVIS-RULEX/covid_ct_run/exact_sequence/outputs/augmented_train_images/NonCOVID/69%0_aug_0190.png,0.2596191625925712,0.3877812802433072,0.1503743213071383,0.0,1.463280200958252,1.4823379120911373,1.0596756943822925,3.8396621065784826,27.875383154228004,0.1503743213071383,0.3092921516172282,0.0,1.463280200958252,0.4353683143854141,0.0,0.0,0.4353683143854141,0.6694972303264547,1.4936543064498862,0.0645409273964077,5.539461479665386,0.4666652235729659,1.9692189830785704e-06,0.0005327643178,0.0342753466096554,0.0
noncovid_69_1_aug_0191,69%1_aug_0191.png,NonCOVID,0,train,/Users/samehissa/Downloads/SS-VIRULEX-outputs/02_SVIS-RULEX/covid_ct_run/exact_sequence/outputs/augmented_train_images/NonCOVID/69%1_aug_0191.png,0.2866379642200627,0.4165811548682628,0.1735398585913755,0.0,2.038746118545532,1.7300534604679507,3.3007041221746505,3.876712920948816,32.72975118382048,0.1735398585913755,0.3301046333671991,0.0,2.038746118545532,0.5376989245414734,0.0,0.0,0.5376989245414734,0.6880706743444333,1.4533355900770977,0.059724167344375,5.59291450581836,0.5056690430742201,1.969113357370305e-06,0.0005380896529576,0.0368209199402339,0.0
noncovid_70_0_aug_0192,70%0_aug_0192.png,NonCOVID,0,train,/Users/samehissa/Downloads/SS-VIRULEX-outputs/02_SVIS-RULEX/covid_ct_run/exact_sequence/outputs/augmented_train_images/NonCOVID/70%0_aug_0192.png,0.2550038937624777,0.3973854140890639,0.1579151673307368,0.0,1.8714016675949097,1.847777708215418,2.898010942349652,3.817889404198668,28.53659560508952,0.1579151673307368,0.2974333690551702,0.0,1.8714016675949097,0.3647009059786796,0.0,0.0,0.3647009059786796,0.6417025965697084,1.5583503774228913,0.2001784593065447,5.508050109915275,0.4721675054096394,1.969210738709905e-06,0.00051846013321,0.0351242401308751,0.0
noncovid_70_1_aug_0193,70%1_aug_0193.png,NonCOVID,0,train,/Users/samehissa/Downloads/SS-VIRULEX-outputs/02_SVIS-RULEX/covid_ct_run/exact_sequence/outputs/augmented_train_images/NonCOVID/70%1_aug_0193.png,0.1889056562877158,0.28295944904208,0.0800660498021974,0.0105458018369972,1.3152278661727903,1.719865962088719,2.5270035354710654,3.859777327301933,14.816178787800332,0.0800660498021974,0.2191619626582479,0.0,1.3152278661727903,0.2922872975468635,0.0,0.0105458018369972,0.2922872975468635,0.6676044547117009,1.4978876472132416,-0.0805139254670651,5.568481608849492,0.3402225694742929,2.1332567676732607e-06,0.0006488812816742,0.025010318152308,0.0105458018369972
noncovid_71_0_aug_0194,71%0_aug_0194.png,NonCOVID,0,train,/Users/samehissa/Downloads/SS-VIRULEX-outputs/02_SVIS-RULEX/covid_ct_run/exact_sequence/outputs/augmented_train_images/NonCOVID/71%0_aug_0194.png,0.2385252105977997,0.3312365694364323,0.1097176649320164,0.0,1.201212763786316,1.20728155448817,0.2137835035819448,3.899165699078469,21.326328450910868,0.1097176649320164,0.2786169493719796,0.0,1.201212763786316,0.4415014311671257,0.0,0.0,0.4415014311671257,0.7201031302204838,1.3886857854827015,0.1049271987270698,5.625307017480193,0.4081812600092527,1.9692094805448004e-06,0.0005191442074795,0.0292774530531837,0.0
noncovid_71_1_aug_0195,71%1_aug_0195.png,NonCOVID,0,train,/Users/samehissa/Downloads/SS-VIRULEX-outputs/02_SVIS-RULEX/covid_ct_run/exact_sequence/outputs/augmented_train_images/NonCOVID/71%1_aug_0195.png,0.2757813231173713,0.4084414788031332,0.1668244416068903,0.0,1.6767325401306152,1.443791474097711,1.1654711163872733,3.828677945287795,31.08861181276907,0.1668244416068903,0.3320178758585257,0.0,1.6767325401306152,0.4570051655173301,0.0,0.0,0.4570051655173301,0.6752023538920305,1.4810338647526986,0.0217698036058869,5.523614684642984,0.4928283471831327,1.939342380161616e-06,0.0004678769903653,0.0361014674224446,0.0
noncovid_72_aug_0196,72_aug_0196.png,NonCOVID,0,train,/Users/samehissa/Downloads/SS-VIRULEX-outputs/02_SVIS-RULEX/covid_ct_run/exact_sequence/outputs/augmented_train_images/NonCOVID/72_aug_0196.png,0.30087384453509,0.416132204017538,0.1731660112204939,0.0682512894272804,1.960623025894165,1.5188518841184788,1.9193408829611889,3.944680879691665,33.75245843786489,0.1731660112204939,0.334480317784255,0.0,1.960623025894165,0.5253589153289795,0.0,0.0682512894272804,0.5253589153289795,0.7230229206184894,1.383078694196716,0.0264271082603806,5.690971542836017,0.5135085992910142,2.0645083233763657e-06,0.0008030444550775,0.0367812379163631,0.0682512894272804
noncovid_73_aug_0197,73_aug_0197.png,NonCOVID,0,train,/Users/samehissa/Downloads/SS-VIRULEX-outputs/02_SVIS-RULEX/covid_ct_run/exact_sequence/outputs/augmented_train_images/NonCOVID/73_aug_0197.png,0.2252226072814664,0.3202499838367793,0.1025600521474574,0.0,1.5112454891204834,1.5515878724960344,2.1378582491136084,3.891906871095909,19.620515197199243,0.1025600521474574,0.259597323498383,0.0,1.5112454891204834,0.4014055356383323,0.0,0.0,0.4014055356383323,0.7032690566104695,1.4219264562396026,0.1482355346350521,5.614834742347087,0.3915166343568547,1.93937822102307e-06,0.0004681230350958,0.0283063669057336,0.0
noncovid_74_aug_0198,74_aug_0198.png,NonCOVID,0,train,/Users/samehissa/Downloads/SS-VIRULEX-outputs/02_SVIS-RULEX/covid_ct_run/exact_sequence/outputs/augmented_train_images/NonCOVID/74_aug_0198.png,0.2496309623384149,0.352013089262243,0.1239132150119479,0.0387939177453517,1.3067562580108645,1.3936866110976496,0.9122783748229502,3.9128185689577952,23.83729054335374,0.1239132150119479,0.2856192899230336,0.0,1.3067562580108645,0.4303815960884094,0.0,0.0387939177453517,0.4303815960884094,0.7091504856001523,1.410133927156971,0.0767934209138361,5.645003945148998,0.4315423876862516,2.0645034014499158e-06,0.0007034780607211,0.0311138553104696,0.0387939177453517
noncovid_75_0_aug_0199,75%0_aug_0199.png,NonCOVID,0,train,/Users/samehissa/Downloads/SS-VIRULEX-outputs/02_SVIS-RULEX/covid_ct_run/exact_sequence/outputs/augmented_train_images/NonCOVID/75%0_aug_0199.png,0.4292509312199399,0.6017231231712324,0.3620707169589421,0.0022529010893777,2.3998234272003174,1.388753547607973,0.9708352918491054,3.909050594345637,69.92986610075235,0.3620707169589421,0.4858885361136629,0.0,2.3998234272003174,0.674640879034996,0.0,0.0022529010893777,0.674640879034996,0.71336832726214,1.401798061243858,0.0191463018064052,5.639567906861844,0.7391394177772741,2.031698697749049e-06,0.0007986763505416,0.0531853125988908,0.0022529010893777
noncovid_75_1_aug_0200,75%1_aug_0200.png,NonCOVID,0,train,/Users/samehissa/Downloads/SS-VIRULEX-outputs/02_SVIS-RULEX/covid_ct_run/exact_sequence/outputs/augmented_train_images/NonCOVID/75%1_aug_0200.png,0.2488417520435177,0.3555141698145063,0.1263903249388976,0.0359864048659801,1.5404129028320312,1.5433183194084217,1.816334120462403,3.9063313145313545,24.10400543987011,0.1263903249388976,0.28545894247884,0.0,1.5404129028320312,0.4679390415549278,0.0,0.0359864048659801,0.4679390415549278,0.69994693102225,1.4286757222008852,-0.1375485221830962,5.635644815358987,0.4339499308664367,2.0982403035991672e-06,0.0007344719876081,0.0314233100354679,0.0359864048659801
noncovid_76_0_aug_0201,76%0_aug_0201.png,NonCOVID,0,train,/Users/samehissa/Downloads/SS-VIRULEX-outputs/02_SVIS-RULEX/covid_ct_run/exact_sequence/outputs/augmented_train_images/NonCOVID/76%0_aug_0201.png,0.3453870306238968,0.521063385344349,0.2715070515465135,0.0010671884519979,2.2028534412384038,1.6079258336460196,1.7329631299723005,3.836516824810481,50.0223043161224,0.2715070515465135,0.4090407453743694,0.0,2.2028534412384038,0.6180910468101501,0.0,0.0010671884519979,0.6180910468101501,0.6628490457962223,1.5086362229731547,0.0852531473500871,5.534923797256491,0.6251393864329029,1.999976484070709e-06,0.0006500807546039,0.046055931650626,0.0010671884519979
noncovid_76_1_aug_0202,76%1_aug_0202.png,NonCOVID,0,train,/Users/samehissa/Downloads/SS-VIRULEX-outputs/02_SVIS-RULEX/covid_ct_run/exact_sequence/outputs/augmented_train_images/NonCOVID/76%1_aug_0202.png,0.2655617220261774,0.425933230972089,0.1814191172463229,0.0,2.106863021850586,1.827351891513408,3.1032012072657142,3.750316864184308,32.248594617834456,0.1814191172463229,0.3318607194885885,0.0,2.106863021850586,0.4218831211328506,0.0,0.0,0.4218831211328506,0.6234805815444766,1.6038954248462929,0.1326124843199597,5.410563541536286,0.5019383881033923,1.8550375002567009e-06,0.0003544487236682,0.0376475344941325,0.0
noncovid_76_2_aug_0203,76%2_aug_0203.png,NonCOVID,0,train,/Users/samehissa/Downloads/SS-VIRULEX-outputs/02_SVIS-RULEX/covid_ct_run/exact_sequence/outputs/augmented_train_images/NonCOVID/76%2_aug_0203.png,0.231566701662814,0.3732763353170672,0.1393352225077396,0.0,1.6472028493881226,1.852140638798918,2.809538888886255,3.764331158091801,24.69867005782199,0.1393352225077396,0.2820597511567371,0.0,1.6472028493881226,0.3364398330450058,0.0,0.0,0.3364398330450058,0.6203610017364646,1.6119603234691215,0.1509124651888621,5.430781893858187,0.4392702582997559,1.9104275481908847e-06,0.0004036627346564,0.0329932784948952,0.0
noncovid_77_aug_0204,77_aug_0204.png,NonCOVID,0,train,/Users/samehissa/Downloads/SS-VIRULEX-outputs/02_SVIS-RULEX/covid_ct_run/exact_sequence/outputs/augmented_train_images/NonCOVID/77_aug_0204.png,0.1569658119333326,0.2587452178602484,0.0669490877655474,0.0,1.0146023035049438,1.633615203469081,1.5589189347757555,3.682521186382134,11.723181296824034,0.0669490877655474,0.2041363728408214,0.0,1.0146023035049438,0.2422068230807781,0.0,0.0,0.2422068230807781,0.6066400244664117,1.6484176692574568,-0.0061602121573219,5.312755053377384,0.3026340263113812,1.7297162260616423e-06,0.0001831869393477,0.0228700622685715,0.0
noncovid_78_aug_0205,78_aug_0205.png,NonCOVID,0,train,/Users/samehissa/Downloads/SS-VIRULEX-outputs/02_SVIS-RULEX/covid_ct_run/exact_sequence/outputs/augmented_train_images/NonCOVID/78_aug_0205.png,0.2433295439759604,0.3918069178514007,0.1535126608762143,0.0,1.825045228004456,1.8904026084119567,3.4809193001462626,3.74293758859645,27.22840676451368,0.1535126608762143,0.3030577835682351,0.0,1.825045228004456,0.4113344848155975,0.0,0.0,0.4113344848155975,0.6210429470397965,1.6101904908435989,-0.008536753683462,5.39991749724033,0.4612178745969882,1.7777105354648976e-06,0.0002673812602666,0.0346311660660657,0.0
noncovid_79_aug_0206,79_aug_0206.png,NonCOVID,0,train,/Users/samehissa/Downloads/SS-VIRULEX-outputs/02_SVIS-RULEX/covid_ct_run/exact_sequence/outputs/augmented_train_images/NonCOVID/79_aug_0206.png,0.3275537895533489,0.4804379748464245,0.2308206476745336,0.0193692343309521,1.8560823202133176,1.5351226130009583,1.4173545521311608,3.872257620894605,43.27835298883754,0.2308206476745336,0.379873134014133,0.0,1.8560823202133176,0.5611130744218826,0.0,0.0193692343309521,0.5611130744218826,0.6817802191382446,1.466745280222671,-0.0465286202825307,5.58648686652448,0.5814741032284183,2.031734515717044e-06,0.0007185840635571,0.0424651187441798,0.0193692343309521
noncovid_80_0_aug_0207,80%0_aug_0207.png,NonCOVID,0,train,/Users/samehissa/Downloads/SS-VIRULEX-outputs/02_SVIS-RULEX/covid_ct_run/exact_sequence/outputs/augmented_train_images/NonCOVID/80%0_aug_0207.png,0.2859906496451003,0.3813450263794041,0.1454240291443084,0.0353803364560008,1.244253396987915,1.076964143164258,-0.1744768159475618,3.9439868374564298,29.08347914607808,0.1454240291443084,0.3261844054409266,0.0,1.244253396987915,0.5910459607839584,0.0,0.0353803364560008,0.5910459607839584,0.7499505170156566,1.3334178122698546,0.0265299443241627,5.689970251545073,0.4766704111110055,2.031736697838444e-06,0.0007017440279527,0.0337064567655799,0.0353803364560008
noncovid_80_1_aug_0208,80%1_aug_0208.png,NonCOVID,0,train,/Users/samehissa/Downloads/SS-VIRULEX-outputs/02_SVIS-RULEX/covid_ct_run/exact_sequence/outputs/augmented_train_images/NonCOVID/80%1_aug_0208.png,0.2615448122705857,0.418394902372328,0.1750542943311498,0.0,1.7029178142547607,1.6372947056980074,1.668378537873564,3.739062816640904,31.16287784407114,0.1750542943311498,0.3270170755072286,0.0,1.7029178142547607,0.3883761093020439,0.0,0.0,0.3883761093020439,0.625113225984318,1.5997063705452907,0.0679685088872616,5.39432738295549,0.4934166425616446,1.8550491681039367e-06,0.0003437839360408,0.0369812340851695,0.0
noncovid_81_0_aug_0209,81%0_aug_0209.png,NonCOVID,0,train,/Users/samehissa/Downloads/SS-VIRULEX-outputs/02_SVIS-RULEX/covid_ct_run/exact_sequence/outputs/augmented_train_images/NonCOVID/81%0_aug_0209.png,0.2938518609444145,0.4578856080824744,0.2096592300890573,0.0,2.1145150661468506,1.7526525807895008,2.6670324623261994,3.789323054977917,37.889042722502765,0.2096592300890573,0.3563879144826387,0.0,2.1145150661468506,0.4650930762290954,0.0,0.0,0.4650930762290954,0.641756836206675,1.5582191877596745,0.0190038781603945,5.466837579558194,0.5440663068685221,1.910433539867147e-06,0.0004512055006414,0.0404717523103554,0.0
noncovid_81_1_aug_0210,81%1_aug_0210.png,NonCOVID,0,train,/Users/samehissa/Downloads/SS-VIRULEX-outputs/02_SVIS-RULEX/covid_ct_run/exact_sequence/outputs/augmented_train_images/NonCOVID/81%1_aug_0210.png,0.2490194989950396,0.3826904280836888,0.146451963746877,0.0,2.08582091331482,2.004340331073198,4.4349771367011295,3.842844967296972,26.68322235220704,0.146451963746877,0.2896921176625255,0.0,2.08582091331482,0.4050941169261932,0.0,0.0,0.4050941169261932,0.6507057141101756,1.5367890049899742,0.0775636814467736,5.544053377039787,0.4565771288912942,1.939382797783505e-06,0.0004914636201812,0.0338253745991448,0.0
noncovid_81_2_aug_0211,81%2_aug_0211.png,NonCOVID,0,train,/Users/samehissa/Downloads/SS-VIRULEX-outputs/02_SVIS-RULEX/covid_ct_run/exact_sequence/outputs/augmented_train_images/NonCOVID/81%2_aug_0211.png,0.2765512983387452,0.4129457947757001,0.1705242294229346,0.0,1.666831135749817,1.5800216958845523,1.615288280013505,3.849521403820362,31.61662080457988,0.1705242294229346,0.3252143269153293,0.0,1.666831135749817,0.462619386613369,0.0,0.0,0.462619386613369,0.6697020096474157,1.493197816304903,-0.1398191223630887,5.5536854389028925,0.4969958249681583,1.9692205487714117e-06,0.0005574640484205,0.0364995964685457,0.0
noncovid_81_3_aug_0212,81%3_aug_0212.png,NonCOVID,0,train,/Users/samehissa/Downloads/SS-VIRULEX-outputs/02_SVIS-RULEX/covid_ct_run/exact_sequence/outputs/augmented_train_images/NonCOVID/81%3_aug_0212.png,0.2348829491529613,0.3817833496869202,0.1457585260981652,0.0,2.121791362762451,2.020317553629928,4.600320766208697,3.742902384057566,25.71885131532261,0.1457585260981652,0.2892175517918076,0.0,2.121791362762451,0.3373924195766449,0.0,0.0,0.3373924195766449,0.6152241424918953,1.6254196018217304,-0.1723085105970997,5.399866707826666,0.4482505168998222,1.802790876458088e-06,0.0002876009160338,0.033745199438467,0.0
noncovid_82_0_aug_0213,82%0_aug_0213.png,NonCOVID,0,train,/Users/samehissa/Downloads/SS-VIRULEX-outputs/02_SVIS-RULEX/covid_ct_run/exact_sequence/outputs/augmented_train_images/NonCOVID/82%0_aug_0213.png,0.3106486894539557,0.4254602419450242,0.1810164174759185,0.0866702981293201,1.9015288352966309,1.5498776243607844,2.099760959910043,3.965759803702469,35.522435294128485,0.1810164174759185,0.3406781928251803,0.0,1.9015288352966309,0.5486748963594437,0.0,0.0866702981293201,0.5486748963594437,0.7301456838554898,1.3695864698250588,-0.0114297634860433,5.721382001973677,0.5268007457619804,2.245581433438072e-06,0.0011917438022753,0.0376057277755744,0.0866702981293201
noncovid_82_1_aug_0214,82%1_aug_0214.png,NonCOVID,0,train,/Users/samehissa/Downloads/SS-VIRULEX-outputs/02_SVIS-RULEX/covid_ct_run/exact_sequence/outputs/augmented_train_images/NonCOVID/82%1_aug_0214.png,0.2999413116485812,0.4757385115282421,0.2263271313511073,0.0,2.1672255992889404,1.7587295822983398,2.386122172895818,3.7680503467906297,40.48536598842605,0.2263271313511073,0.3635221452068435,0.0,2.1672255992889404,0.4944215565919876,0.0,0.0,0.4944215565919876,0.6304738294388552,1.5861053247831007,-0.1015470781612674,5.436147548950117,0.562398365737827,1.7777738482000933e-06,0.0003132105456317,0.0420497409466518,0.0
noncovid_82_2_aug_0215,82%2_aug_0215.png,NonCOVID,0,train,/Users/samehissa/Downloads/SS-VIRULEX-outputs/02_SVIS-RULEX/covid_ct_run/exact_sequence/outputs/augmented_train_images/NonCOVID/82%2_aug_0215.png,0.2573835348739521,0.3582432058834691,0.1283381945616656,0.0185166858136653,1.7820754051208496,1.6584003950766393,2.8428785812111164,3.9427170249768513,24.90681325899221,0.1283381945616656,0.284582215516366,0.0,1.7820754051208496,0.4445698782801628,0.0,0.0185166858136653,0.4445698782801628,0.7184583327432091,1.3918652801893905,0.0372940893026408,5.688138299377926,0.4411173070577447,2.0645029465715954e-06,0.0007286639585157,0.0316645250242761,0.0185166858136653
noncovid_82_3_aug_0216,82%3_aug_0216.png,NonCOVID,0,train,/Users/samehissa/Downloads/SS-VIRULEX-outputs/02_SVIS-RULEX/covid_ct_run/exact_sequence/outputs/augmented_train_images/NonCOVID/82%3_aug_0216.png,0.2743890782403468,0.4455407099204405,0.1985065241964101,0.0,1.970137476921081,1.8385576840298228,2.777871595187156,3.753204366438406,35.04587397811165,0.1985065241964101,0.3381954990201734,0.0,1.970137476921081,0.3765860497951507,0.0,0.0,0.3765860497951507,0.6158549741377615,1.623755263065449,0.1876766448823276,5.414729326718829,0.5232550911878424,1.9692086908799737e-06,0.0005031818445571,0.0393806071599264,0.0
noncovid_83_0_aug_0217,83%0_aug_0217.png,NonCOVID,0,train,/Users/samehissa/Downloads/SS-VIRULEX-outputs/02_SVIS-RULEX/covid_ct_run/exact_sequence/outputs/augmented_train_images/NonCOVID/83%0_aug_0217.png,0.2019136119342874,0.3020602587679893,0.0912403999269846,0.0,1.1582683324813845,1.5137043940261523,1.2113768191383638,3.8349136397450874,16.897216846250842,0.0912403999269846,0.238329668723054,0.0,1.1582683324813845,0.3025756403803825,0.0,0.0,0.3025756403803825,0.6684525276688185,1.4959875952607615,-0.1131143003974991,5.532610890113017,0.3633311252994088,1.9104365058913537e-06,0.0004023293386938,0.026698607162726,0.0
noncovid_83_1_aug_0218,83%1_aug_0218.png,NonCOVID,0,train,/Users/samehissa/Downloads/SS-VIRULEX-outputs/02_SVIS-RULEX/covid_ct_run/exact_sequence/outputs/augmented_train_images/NonCOVID/83%1_aug_0218.png,0.2310039218282327,0.3338789399265742,0.1114751465264929,0.0039752628654241,1.5196478366851809,1.5536637465745913,1.846285336503719,3.885832860962575,21.099258678594204,0.1114751465264929,0.2661614815042412,0.0,1.5196478366851809,0.4026398658752441,0.0,0.0039752628654241,0.4026398658752441,0.6918772115480623,1.4453388379043892,-0.1158992942893211,5.606071798049415,0.4060024118481529,1.999986067612901e-06,0.000562157652697,0.029511007814682,0.0039752628654241
noncovid_83_2_aug_0219,83%2_aug_0219.png,NonCOVID,0,train,/Users/samehissa/Downloads/SS-VIRULEX-outputs/02_SVIS-RULEX/covid_ct_run/exact_sequence/outputs/augmented_train_images/NonCOVID/83%2_aug_0219.png,0.2451428065669461,0.3729953579348117,0.1391255370409183,0.0,1.5637030601501465,1.5434884617512503,1.473395162989429,3.8074936104963855,25.500228179512,0.1391255370409183,0.2956081431066479,0.0,1.5637030601501465,0.3836527690291405,0.0,0.0,0.3836527690291405,0.6572257378711175,1.5215431493110134,0.0035834594602563,5.493052149894886,0.4463412737496248,1.969187128978586e-06,0.0004763326465297,0.0329684433683511,0.0
noncovid_83_3_aug_0220,83%3_aug_0220.png,NonCOVID,0,train,/Users/samehissa/Downloads/SS-VIRULEX-outputs/02_SVIS-RULEX/covid_ct_run/exact_sequence/outputs/augmented_train_images/NonCOVID/83%3_aug_0220.png,0.2900462668912951,0.428370652318164,0.1835014157674894,0.0,1.8194398880004885,1.4361054400044655,1.135050860546988,3.830614755094428,34.256416346248415,0.1835014157674894,0.348901335127266,0.0,1.8194398880004885,0.4821094796061516,0.0,0.0,0.4821094796061516,0.6770902447015082,1.476904553571485,-0.0335713702580195,5.526408910546158,0.517327993351477,1.8285662672944817e-06,0.0003725152020816,0.0378629741394348,0.0
noncovid_84_0_aug_0221,84%0_aug_0221.png,NonCOVID,0,train,/Users/samehissa/Downloads/SS-VIRULEX-outputs/02_SVIS-RULEX/covid_ct_run/exact_sequence/outputs/augmented_train_images/NonCOVID/84%0_aug_0221.png,0.3710002498555695,0.4925221223644863,0.2425780410184179,0.0799745470285415,1.9755916595458984,1.2882989192434475,0.747059191182684,3.9812342639477736,48.66806098064807,0.2425780410184179,0.4031473510801788,0.0,1.9755916595458984,0.6092807352542877,0.0,0.0799745470285415,0.6092807352542877,0.7532646347129566,1.3275519964103129,0.0306192254435828,5.743706929030013,0.6166191907582126,2.169480979381416e-06,0.0011574887352727,0.0435332165760398,0.0799745470285415
noncovid_84_1_aug_0222,84%1_aug_0222.png,NonCOVID,0,train,/Users/samehissa/Downloads/SS-VIRULEX-outputs/02_SVIS-RULEX/covid_ct_run/exact_sequence/outputs/augmented_train_images/NonCOVID/84%1_aug_0222.png,0.30831838506856,0.471948066210264,0.2227349771996077,0.0,1.869887471199036,1.6046650168684349,1.8032769381102165,3.795526582087861,40.677786082674245,0.2227349771996077,0.3766505988232893,0.0,1.869887471199036,0.5396623909473419,0.0,0.0,0.5396623909473419,0.6532874141363323,1.5307165873527715,-0.0537385983547383,5.475787377355732,0.5637332736063151,1.828561747991716e-06,0.0003672597562892,0.0417147097481444,0.0
noncovid_84_2_aug_0223,84%2_aug_0223.png,NonCOVID,0,train,/Users/samehissa/Downloads/SS-VIRULEX-outputs/02_SVIS-RULEX/covid_ct_run/exact_sequence/outputs/augmented_train_images/NonCOVID/84%2_aug_0223.png,0.2599311985904933,0.4022769240880347,0.1618267236537304,0.0,1.797425389289856,1.7555614233199222,2.5695106380502546,3.812793030126798,29.36204181176588,0.1618267236537304,0.3091357635152008,0.0,1.797425389289856,0.3475843742489815,0.0,0.0,0.3475843742489815,0.6461483045080292,1.5476284734938608,0.0685706498551359,5.500697596315273,0.478947754618832,1.9393831833820022e-06,0.0004852243317596,0.0355565926171894,0.0
noncovid_84_3_aug_0224,84%3_aug_0224.png,NonCOVID,0,train,/Users/samehissa/Downloads/SS-VIRULEX-outputs/02_SVIS-RULEX/covid_ct_run/exact_sequence/outputs/augmented_train_images/NonCOVID/84%3_aug_0224.png,0.3184209916944382,0.4785093809508554,0.2289712276579709,0.0,2.170249462127685,1.5818429310723956,1.8685446833097643,3.820534144215992,42.28648391803397,0.2289712276579709,0.3806285021919393,0.0,2.170249462127685,0.4933509677648544,0.0,0.0,0.4933509677648544,0.6654421813413932,1.5027570211515466,-0.0604746296237138,5.511865663222709,0.5747722641269675,1.8550645781107088e-06,0.0004136069787115,0.0422946535164658,0.0
noncovid_85_0_aug_0225,85%0_aug_0225.png,NonCOVID,0,train,/Users/samehissa/Downloads/SS-VIRULEX-outputs/02_SVIS-RULEX/covid_ct_run/exact_sequence/outputs/augmented_train_images/NonCOVID/85%0_aug_0225.png,0.2120002018673403,0.3151632151486327,0.0993278521828233,0.0,1.811094045639038,1.9918659360734157,5.044494111669591,3.871958149997774,18.466808035150905,0.0993278521828233,0.2420602368903246,0.0,1.811094045639038,0.3729787468910217,0.0,0.0,0.3729787468910217,0.6726658410992512,1.4866175238165429,-0.0660907128824042,5.586054821346729,0.3798314596957661,1.910436934692587e-06,0.0004259312487005,0.0278567558265191,0.0
noncovid_85_1_aug_0226,85%1_aug_0226.png,NonCOVID,0,train,/Users/samehissa/Downloads/SS-VIRULEX-outputs/02_SVIS-RULEX/covid_ct_run/exact_sequence/outputs/augmented_train_images/NonCOVID/85%1_aug_0226.png,0.2124628569144988,0.3400230631765433,0.1156156834919595,0.0,1.5413445234298706,1.6190322121211649,1.7804846440905324,3.721256138343509,20.576787079709483,0.1156156834919595,0.2683127627803969,0.0,1.5413445234298706,0.3287454098463058,0.0,0.0,0.3287454098463058,0.6248465327119699,1.6003882660458546,0.0424459028816483,5.368637776481132,0.4009440722348072,1.7066601223091989e-06,0.0001999133840283,0.0300540767164944,0.0
noncovid_86_aug_0227,86_aug_0227.png,NonCOVID,0,train,/Users/samehissa/Downloads/SS-VIRULEX-outputs/02_SVIS-RULEX/covid_ct_run/exact_sequence/outputs/augmented_train_images/NonCOVID/86_aug_0227.png,0.2184058705461211,0.2798354338475176,0.0783078700366284,0.0665748640894889,0.9775258898735046,1.0904166948701706,-0.0366050297845226,4.007329117324565,16.129151273681593,0.0783078700366284,0.2356610293754784,0.0,0.9775258898735046,0.3523401319980621,0.0,0.0665748640894889,0.3523401319980621,0.7804768933881217,1.2812633339378316,-0.0082931386083917,5.781353844589432,0.3549774560808579,2.2068763800916124e-06,0.0009511145906259,0.0247341916112324,0.0665748640894889
noncovid_88_aug_0228,88_aug_0228.png,NonCOVID,0,train,/Users/samehissa/Downloads/SS-VIRULEX-outputs/02_SVIS-RULEX/covid_ct_run/exact_sequence/outputs/augmented_train_images/NonCOVID/88_aug_0228.png,0.2201940054364968,0.3191919408208319,0.1018834950849695,0.0,1.2180906534194946,1.449247368896594,1.1190957029995454,3.871813940072314,19.2472185747376,0.1018834950849695,0.2575781588907375,0.0,1.2180906534194946,0.3529350161552429,0.0,0.0,0.3529350161552429,0.6898461001996131,1.449594143982661,0.1407631289191438,5.58584677040242,0.3877742837207458,1.969219316670328e-06,0.000502811571607,0.0282128482318131,0.0
noncovid_89_2_aug_0229,89%2_aug_0229.png,NonCOVID,0,train,/Users/samehissa/Downloads/SS-VIRULEX-outputs/02_SVIS-RULEX/covid_ct_run/exact_sequence/outputs/augmented_train_images/NonCOVID/89%2_aug_0229.png,0.266541006792977,0.3885858091474116,0.1509989310707485,0.0,2.144824266433716,1.8260797506418047,4.235966299010642,3.8731284131618953,28.421509039739185,0.1509989310707485,0.3110080826879766,0.0,2.144824266433716,0.4991776943206787,0.0,0.0,0.4991776943206787,0.6859239699303943,1.4578837748940714,0.0047368303537237,5.587743154210144,0.4712144303530637,1.910437209961452e-06,0.0004641718282196,0.0343464575901245,0.0
noncovid_89_3_aug_0230,89%3_aug_0230.png,NonCOVID,0,train,/Users/samehissa/Downloads/SS-VIRULEX-outputs/02_SVIS-RULEX/covid_ct_run/exact_sequence/outputs/augmented_train_images/NonCOVID/89%3_aug_0230.png,0.2802224943443434,0.4098068658347077,0.1679416672852661,0.0597684141248464,1.4795303344726562,1.439481256093648,0.792111816279776,3.883649644061475,31.547688143594463,0.1679416672852661,0.3247293940494273,0.0,1.4795303344726562,0.3753612637519836,0.0,0.0597684141248464,0.3753612637519836,0.683789935982753,1.4624338663231236,0.0352933634187883,5.602922081853016,0.4964537376451423,2.2068756868988588e-06,0.0009978648165616,0.0362221517260659,0.0597684141248464
noncovid_90_aug_0231,90_aug_0231.png,NonCOVID,0,train,/Users/samehissa/Downloads/SS-VIRULEX-outputs/02_SVIS-RULEX/covid_ct_run/exact_sequence/outputs/augmented_train_images/NonCOVID/90_aug_0231.png,0.400405941541976,0.6208969319707042,0.3855130001306333,0.0540050659328699,2.6825432777404785,1.9571475862739856,3.620465264824783,3.842277896605866,69.86725352355197,0.3855130001306333,0.4652015863609904,0.0,2.6825432777404785,0.5866245776414871,0.0,0.0540050659328699,0.5866245776414871,0.6448820666403321,1.5506686278920094,-0.0701052542571822,5.543235266965896,0.7388084448304241,2.1333048223221227e-06,0.0009828071412857,0.0548800538768009,0.0540050659328699
noncovid_91_0_aug_0232,91%0_aug_0232.png,NonCOVID,0,train,/Users/samehissa/Downloads/SS-VIRULEX-outputs/02_SVIS-RULEX/covid_ct_run/exact_sequence/outputs/augmented_train_images/NonCOVID/91%0_aug_0232.png,0.2694842522687395,0.4142499877106708,0.1716030523182909,0.0,2.018623352050781,1.6671469628584965,2.3146023968718685,3.803695250332609,31.260776261008964,0.1716030523182909,0.3301882032627645,0.0,2.018623352050781,0.4474771618843078,0.0,0.0,0.4474771618843078,0.6505337591541434,1.537195528952711,0.0601110406161045,5.487572274523096,0.4941910708816303,1.93937903847246e-06,0.0004773530125034,0.0366148719270824,0.0
noncovid_91_1_aug_0233,91%1_aug_0233.png,NonCOVID,0,train,/Users/samehissa/Downloads/SS-VIRULEX-outputs/02_SVIS-RULEX/covid_ct_run/exact_sequence/outputs/augmented_train_images/NonCOVID/91%1_aug_0233.png,0.2555639432830503,0.4795553063717274,0.2299732918692813,0.0,2.260613203048706,2.119206040441809,3.7909521760755,3.536245459997648,37.796636284884926,0.2299732918692813,0.3465949843391627,0.0,2.260613203048706,0.2254874743521213,0.0,0.0,0.2254874743521213,0.5329174903706726,1.876459175778936,-0.0755580559917796,5.101723788320056,0.5434024484446711,1.6623188273228849e-06,0.000162272562809,0.0423871011361801,0.0
covid_2020_03_13_20035212_p23_155,2020.03.13.20035212-p23-155.png,COVID,1,val,/Users/samehissa/Downloads/COVID-CT-Dataset-master/Images-processed/CT_COVID/2020.03.13.20035212-p23-155.png,0.3407387232291512,0.4936995820968712,0.2437392773626253,0.0,1.822412610054016,1.4544487590772377,1.0478463399633815,3.879310806824137,46.05979582341856,0.2437392773626253,0.3936388295278448,0.0,1.822412610054016,0.5129800736904144,0.0,0.0,0.5129800736904144,0.6901728205017456,1.4489095263905531,0.0378706882479453,5.596662462887483,0.5998684479704341,1.9692248788103424e-06,0.000636593137251,0.0436372902962077,0.0
covid_2020_03_13_20035212_p23_156,2020.03.13.20035212-p23-156.png,COVID,1,val,/Users/samehissa/Downloads/COVID-CT-Dataset-master/Images-processed/CT_COVID/2020.03.13.20035212-p23-156.png,0.2589000314546865,0.3482225578884233,0.1212589498223563,0.0483224838972091,1.4538403749465942,1.321819177979956,0.9195559932691322,3.9615196033493945,24.100886542028032,0.1212589498223563,0.2871073193326765,0.0,1.4538403749465942,0.4422523155808449,0.0,0.0483224838972091,0.4422523155808449,0.7434879852030071,1.3450077851742952,0.1615188198938121,5.715264685951922,0.4339218548420833,2.0983463875315997e-06,0.0007975291536379,0.0307788165056286,0.0483224838972091
covid_2020_03_13_20035212_p23_157,2020.03.13.20035212-p23-157.png,COVID,1,val,/Users/samehissa/Downloads/COVID-CT-Dataset-master/Images-processed/CT_COVID/2020.03.13.20035212-p23-157.png,0.2466882337757852,0.3186298184480818,0.1015249612042575,0.1060159876942634,1.593767166137695,1.4674581652954015,1.968601983080968,4.037535110237942,20.784645873622274,0.1015249612042575,0.2532795659703879,0.0,1.593767166137695,0.3977882191538811,0.0,0.1060159876942634,0.3977882191538811,0.7742133512925743,1.2916295745896185,0.018625214110382,5.82493188077069,0.4029640751824833,2.2856979111163037e-06,0.0012578866259557,0.0281631631641096,0.1060159876942634
covid_2020_03_13_20035212_p23_158,2020.03.13.20035212-p23-158.png,COVID,1,val,/Users/samehissa/Downloads/COVID-CT-Dataset-master/Images-processed/CT_COVID/2020.03.13.20035212-p23-158.png,0.2431782001949614,0.3605308367081414,0.1299824842174725,0.0204382557421922,1.585535764694214,1.6188623921809566,2.0073596011526966,3.860071845551015,24.207119522244263,0.1299824842174725,0.2847477980785697,0.0,1.585535764694214,0.3993953466415405,0.0,0.0204382557421922,0.3993953466415405,0.6744985475216703,1.482578769063575,0.1207207084327993,5.568906508866894,0.4348771335303034,2.031731381105792e-06,0.00060984357894,0.0318667249328983,0.0204382557421922
covid_2020_03_13_20035212_p23_159,2020.03.13.20035212-p23-159.png,COVID,1,val,/Users/samehissa/Downloads/COVID-CT-Dataset-master/Images-processed/CT_COVID/2020.03.13.20035212-p23-159.png,0.3086705845016695,0.4204905777694848,0.1768123259929151,0.0499285887926816,1.6661556959152222,1.3516518422835686,1.01616869548017,3.95628843394418,34.82750153337823,0.1768123259929151,0.3472342410353803,0.0,1.6661556959152222,0.5581760555505753,0.0,0.0499285887926816,0.5581760555505753,0.7340707895721137,1.3622631986405251,0.0263723938971852,5.7077177037929685,0.5216223305510582,2.3701526451393744e-06,0.0014295353356869,0.0371664673707315,0.0499285887926816
covid_2020_03_13_20035212_p23_160,2020.03.13.20035212-p23-160.png,COVID,1,val,/Users/samehissa/Downloads/COVID-CT-Dataset-master/Images-processed/CT_COVID/2020.03.13.20035212-p23-160.png,0.235639152373551,0.3583708452815082,0.1284296627477827,0.0,1.9025019407272337,1.93415848486514,4.267485266868617,3.838174943647349,23.546300528525865,0.1284296627477827,0.2771863750725174,0.0,1.9025019407272337,0.3800175637006759,0.0,0.0,0.3800175637006759,0.6575269666858227,1.5208459276470094,-0.0714159195795426,5.537315957079644,0.4289003064572329,1.939347955362756e-06,0.0004541957205445,0.0316758068597636,0.0
covid_2020_03_13_20035212_p23_161,2020.03.13.20035212-p23-161.png,COVID,1,val,/Users/samehissa/Downloads/COVID-CT-Dataset-master/Images-processed/CT_COVID/2020.03.13.20035212-p23-161.png,0.3157624179730192,0.4474871771601709,0.2002447737227782,0.0717554576694965,2.468201875686645,1.7326728801310258,3.5064194046010533,3.92707876652851,38.39368682584907,0.2002447737227782,0.3536872346758173,0.0,2.468201875686645,0.5545453429222107,0.0,0.0717554576694965,0.5545453429222107,0.705632984488878,1.4171641452226502,0.0967611998123287,5.665577061466365,0.5476775313329422,2.031739437575566e-06,0.0007539771814235,0.0395526521829978,0.0717554576694965
covid_2020_03_13_20035212_p23_162,2020.03.13.20035212-p23-162.png,COVID,1,val,/Users/samehissa/Downloads/COVID-CT-Dataset-master/Images-processed/CT_COVID/2020.03.13.20035212-p23-162.png,0.2906719518650789,0.4348368708095707,0.1890831042154593,0.0,2.0720818042755127,1.5602564193212665,1.8527121249685283,3.823150024116988,35.017380840513795,0.1890831042154593,0.3466917727209875,0.0,2.0720818042755127,0.460391953587532,0.0,0.0,0.460391953587532,0.6684605260436788,1.495971207471056,0.0642026365037608,5.515639580183434,0.5230423384550376,1.9104062491228427e-06,0.0004434644412296,0.0384345125074232,0.0
covid_2020_03_13_20035212_p23_163,2020.03.13.20035212-p23-163.png,COVID,1,val,/Users/samehissa/Downloads/COVID-CT-Dataset-master/Images-processed/CT_COVID/2020.03.13.20035212-p23-163.png,0.274608293264464,0.4454467470752268,0.1984228044799011,0.0,1.962831974029541,1.64238994907458,1.8390957433596051,3.702497245496057,35.050562458818945,0.1984228044799011,0.3524376855128821,0.0,1.962831974029541,0.4306157380342483,0.0,0.0,0.4306157380342483,0.6164770055916085,1.6221168770246692,0.0360351067754917,5.341574414797544,0.5232900908764879,1.7297197324852386e-06,0.0002329928753936,0.0393723019392977,0.0
covid_2020_03_16_20035105_p6_64_1,2020.03.16.20035105-p6-64-1.png,COVID,1,val,/Users/samehissa/Downloads/COVID-CT-Dataset-master/Images-processed/CT_COVID/2020.03.16.20035105-p6-64-1.png,0.3619603604311123,0.5043416875304364,0.2543605377810483,0.0,2.348116636276245,1.4977647531173504,2.059535708425545,3.908892287670602,49.32810755897204,0.2543605377810483,0.4108561123539402,0.0,2.348116636276245,0.6479934900999069,0.0,0.0,0.6479934900999069,0.717687337162529,1.3933616568669038,0.0740095304151003,5.639339518606832,0.6207864691699305,1.8550693545164117e-06,0.0004775601838412,0.0445779284109798,0.0
covid_2020_03_16_20035105_p6_64_2,2020.03.16.20035105-p6-64-2.png,COVID,1,val,/Users/samehissa/Downloads/COVID-CT-Dataset-master/Images-processed/CT_COVID/2020.03.16.20035105-p6-64-2.png,0.3502140862492524,0.5100460804506195,0.2601470041830398,0.0,1.9010642766952517,1.2703425819971106,0.3556098014184385,3.830309121555828,48.99800452997614,0.2601470041830398,0.4263541126031498,0.0,1.9010642766952517,0.6625441312789917,0.0,0.0,0.6625441312789917,0.6866309007000748,1.4563836820875684,0.0251229984263799,5.525967974555693,0.6187058351029499,1.882316825016284e-06,0.0004536631344616,0.0450821302755315,0.0
covid_2020_03_16_20035105_p6_64_3,2020.03.16.20035105-p6-64-3.png,COVID,1,val,/Users/samehissa/Downloads/COVID-CT-Dataset-master/Images-processed/CT_COVID/2020.03.16.20035105-p6-64-3.png,0.3659692770743277,0.6457024148801044,0.4169316085819985,0.0,2.6304218769073486,1.8772254006062488,2.607082112412626,3.59419700807986,70.51073540407097,0.4169316085819985,0.4889209983030014,0.0,2.6304218769073486,0.5324849635362625,0.0,0.0,0.5324849635362625,0.566776121421445,1.7643623531517467,0.0546141373986753,5.1853301993501,0.742202883546207,1.5999970045749849e-06,0.0001526806312392,0.0570725695237814,0.0
covid_2020_03_16_20035105_p6_64_4,2020.03.16.20035105-p6-64-4.png,COVID,1,val,/Users/samehissa/Downloads/COVID-CT-Dataset-master/Images-processed/CT_COVID/2020.03.16.20035105-p6-64-4.png,0.3412068801626446,0.4832942379686083,0.2335733204536578,0.0,2.439237356185913,1.5533798577312177,2.458950210416236,3.891171065756693,44.79941830706985,0.2335733204536578,0.3958640239469559,0.0,2.439237356185913,0.6532284170389175,0.0,0.0,0.6532284170389175,0.7060009148792963,1.4164258286299334,0.0533277760043701,5.613773199633141,0.591604137514253,1.910439752120163e-06,0.0005287823551937,0.0427175791219984,0.0
covid_2020_03_16_20036145_p19_128_1,2020.03.16.20036145-p19-128-1.png,COVID,1,val,/Users/samehissa/Downloads/COVID-CT-Dataset-master/Images-processed/CT_COVID/2020.03.16.20036145-p19-128-1.png,0.2617122506380838,0.3748461775504251,0.1405096568241648,0.0533332619816064,1.960128664970398,1.721145949865602,3.105448704714168,3.923404706504556,26.75237874665165,0.1405096568241648,0.2969612593497572,0.0,1.960128664970398,0.4315322190523147,0.0,0.0533332619816064,0.4315322190523147,0.6981838634836134,1.4322836498349167,0.0534738700295324,5.660276513289879,0.4571684142175791,2.206870624604721e-06,0.0009898279391569,0.0331320342559702,0.0533332619816064
covid_2020_03_16_20036145_p19_128_2,2020.03.16.20036145-p19-128-2.png,COVID,1,val,/Users/samehissa/Downloads/COVID-CT-Dataset-master/Images-processed/CT_COVID/2020.03.16.20036145-p19-128-2.png,0.258599171298556,0.3323322082442501,0.1104446966364996,0.0880404897034168,1.2603861093521118,1.1854660555186014,0.3374038841907225,4.014426856119795,22.696733188198344,0.1104446966364996,0.2724319118442508,0.0,1.2603861093521118,0.4001898840069771,0.0,0.0880404897034168,0.4001898840069771,0.7781322025107318,1.2851247998028903,0.1541684868918353,5.791593717150836,0.4210917097649864,2.1694796758836767e-06,0.0009889017679615,0.0293742947570261,0.0880404897034168
covid_2020_03_16_20036145_p19_128_3,2020.03.16.20036145-p19-128-3.png,COVID,1,val,/Users/samehissa/Downloads/COVID-CT-Dataset-master/Images-processed/CT_COVID/2020.03.16.20036145-p19-128-3.png,0.2631278655317146,0.3743906356915264,0.1401683480935052,0.0598219893872737,1.574689865112305,1.497381084433768,1.4563201832171195,3.913167299192097,26.80379157923601,0.1401683480935052,0.3000554377240405,0.0,1.574689865112305,0.4421635493636131,0.0,0.0598219893872737,0.4421635493636131,0.7028144874168993,1.422846778067302,0.1299307757015455,5.645507056528633,0.4576074974394337,2.0983477138432912e-06,0.0007865596469718,0.0330917696637775,0.0598219893872737
covid_2020_03_16_20036145_p19_128_4,2020.03.16.20036145-p19-128-4.png,COVID,1,val,/Users/samehissa/Downloads/COVID-CT-Dataset-master/Images-processed/CT_COVID/2020.03.16.20036145-p19-128-4.png,0.2885444859493873,0.4273335504895557,0.1826139633740096,0.0017685056664049,1.7783164978027344,1.5531423569534786,1.644960013379218,3.8470926648755137,34.03160111946315,0.1826139633740096,0.3415391083613031,0.0,1.7783164978027344,0.4951436072587967,0.0,0.0017685056664049,0.4951436072587967,0.6752191827663593,1.4809971123985124,0.0241352014236659,5.550181509271546,0.5156276599890718,1.999977514244464e-06,0.0005871845000906,0.037771306422461,0.0017685056664049
covid_2020_03_18_20038125_p15_54_2,2020.03.18.20038125-p15-54-2.png,COVID,1,val,/Users/samehissa/Downloads/COVID-CT-Dataset-master/Images-processed/CT_COVID/2020.03.18.20038125-p15-54-2.png,0.2951812818746475,0.4239678864096352,0.1797487687066533,0.0002469566534273,1.929944396018982,1.4442152167045208,1.56600793928206,3.872160893545993,34.16073700810411,0.1797487687066533,0.3509690454160932,0.0,1.929944396018982,0.5702952593564987,0.0,0.0002469566534273,0.5702952593564987,0.6962333589485288,1.4362966503739167,-0.0432012562991787,5.586347318458318,0.5166050308270462,1.9999214494191715e-06,0.0005960248017309,0.0374738209356976,0.0002469566534273
covid_2020_03_18_20038125_p15_54_4,2020.03.18.20038125-p15-54-4.png,COVID,1,val,/Users/samehissa/Downloads/COVID-CT-Dataset-master/Images-processed/CT_COVID/2020.03.18.20038125-p15-54-4.png,0.2964207249169703,0.4377446068692784,0.1916203408431391,0.0226252498105168,1.7440704107284546,1.627779486531023,1.88758865391684,3.874530655403758,35.77415513644049,0.1916203408431391,0.3399189614992792,0.0,1.7440704107284546,0.4432627260684967,0.0,0.0226252498105168,0.4432627260684967,0.6771529405787706,1.4767678845394292,0.0159317977039523,5.589766162138602,0.528663964161963,2.098344317041629e-06,0.0007973149759868,0.0386915224931382,0.0226252498105168
covid_2020_03_18_20038125_p15_54_5,2020.03.18.20038125-p15-54-5.png,COVID,1,val,/Users/samehissa/Downloads/COVID-CT-Dataset-master/Images-processed/CT_COVID/2020.03.18.20038125-p15-54-5.png,0.3625150460429722,0.5090526953474089,0.2591346466404619,0.013667095452547,2.2995541095733643,1.3966659632087113,1.3159507738058425,3.902379898571873,49.990631071744026,0.2591346466404619,0.4185026950010524,0.0,2.2995541095733643,0.6877202689647675,0.0,0.013667095452547,0.6877202689647675,0.7121351821158475,1.4042250132897,-0.0512573361858567,5.629944127149756,0.6249414414551177,1.9999918044763123e-06,0.0007059917898536,0.0449943266076803,0.013667095452547
covid_2020_03_18_20038125_p15_54_6,2020.03.18.20038125-p15-54-6.png,COVID,1,val,/Users/samehissa/Downloads/COVID-CT-Dataset-master/Images-processed/CT_COVID/2020.03.18.20038125-p15-54-6.png,0.3679924966418184,0.5574073494314458,0.3107029532001899,0.0,2.444355010986328,1.4985785924692376,1.3320487051038148,3.810807593587593,57.10354314046319,0.3107029532001899,0.4524430762985503,0.0,2.444355010986328,0.6723101884126663,0.0,0.0,0.6723101884126663,0.6601847586552466,1.514724768896558,0.1484032892419215,5.497833216866162,0.6679232222230851,1.9393852300161063e-06,0.0005624774005537,0.0492683145832743,0.0
covid_2020_03_18_20038125_p16_56_1,2020.03.18.20038125-p16-56-1.png,COVID,1,val,/Users/samehissa/Downloads/COVID-CT-Dataset-master/Images-processed/CT_COVID/2020.03.18.20038125-p16-56-1.png,0.2746871460840339,0.4293125893846259,0.1843092994041324,0.0,1.8781139850616453,1.816412064765627,2.988164172490605,3.790631517549472,33.249577936374244,0.1843092994041324,0.332788779518296,0.0,1.8781139850616453,0.4853213280439377,0.0,0.0,0.4853213280439377,0.6398286773958586,1.5629147395680765,0.3282838245453554,5.4687252920213645,0.5096688411389535,1.8550639322995827e-06,0.0003817487470609,0.037946230400328,0.0
covid_2020_03_18_20038125_p16_56_2,2020.03.18.20038125-p16-56-2.png,COVID,1,val,/Users/samehissa/Downloads/COVID-CT-Dataset-master/Images-processed/CT_COVID/2020.03.18.20038125-p16-56-2.png,0.2825505299624637,0.4329168997664577,0.1874170421034012,0.0,1.988713622093201,1.7490216555222935,2.7249069174038807,3.8183727717729954,34.2082360429402,0.1874170421034012,0.339876390595009,0.0,1.988713622093201,0.4705661907792091,0.0,0.0,0.4705661907792091,0.652665390169565,1.5321751469514846,0.1317900248271624,5.508747461917682,0.5169640645977922,1.969212125008951e-06,0.0005332044626608,0.0382648094393898,0.0
covid_2020_03_18_20038125_p16_56_3,2020.03.18.20038125-p16-56-3.png,COVID,1,val,/Users/samehissa/Downloads/COVID-CT-Dataset-master/Images-processed/CT_COVID/2020.03.18.20038125-p16-56-3.png,0.2950217421239358,0.399502446808103,0.1596022050056611,0.0451260497793555,1.868305802345276,1.4054094613175792,1.4031403809057368,3.961575855842853,31.56992426643241,0.1596022050056611,0.3226358735646499,0.0,1.868305802345276,0.4931637272238731,0.0,0.0451260497793555,0.4931637272238731,0.7384710807405029,1.3541457789923692,0.0821972571269689,5.71534584114527,0.4966286674483293,2.133314573563305e-06,0.0009178838077913,0.0353113611548284,0.0451260497793555
covid_2020_03_18_20038125_p16_56_4,2020.03.18.20038125-p16-56-4.png,COVID,1,val,/Users/samehissa/Downloads/COVID-CT-Dataset-master/Images-processed/CT_COVID/2020.03.18.20038125-p16-56-4.png,0.2322457927366485,0.3919478495789814,0.1536231167895878,0.0,2.2060487270355225,2.288375077715905,6.263494950603041,3.72498326952008,26.56783680428316,0.1536231167895878,0.2918980844658563,0.0,2.2060487270355225,0.3269282877445221,0.0,0.0,0.3269282877445221,0.5925410751584536,1.687642410915165,0.1551875858452374,5.374014890146313,0.4555888772056032,1.8823406440555944e-06,0.0003700663060372,0.0346436227885978,0.0
covid_2020_03_18_20038125_p16_56_5,2020.03.18.20038125-p16-56-5.png,COVID,1,val,/Users/samehissa/Downloads/COVID-CT-Dataset-master/Images-processed/CT_COVID/2020.03.18.20038125-p16-56-5.png,0.3027319085449562,0.3894663906883926,0.1516840694758437,0.0474922321736812,1.52794349193573,1.163077152812832,0.4616321365237663,3.999846520919355,31.14632677467078,0.1516840694758437,0.3273521064712668,0.0,1.52794349193573,0.5715838074684143,0.0,0.0474922321736812,0.5715838074684143,0.7772971904268303,1.2865059139630013,0.0606449647972514,5.770558739862665,0.4932855946884273,2.1333203835782515e-06,0.0009596634898385,0.0344242907375014,0.0474922321736812
covid_2020_03_18_20038125_p16_56_6,2020.03.18.20038125-p16-56-6.png,COVID,1,val,/Users/samehissa/Downloads/COVID-CT-Dataset-master/Images-processed/CT_COVID/2020.03.18.20038125-p16-56-6.png,0.2857134848163696,0.3970536454177659,0.157651597339537,0.0297147836536169,1.704755187034607,1.3452916370472128,0.9216882689782766,3.9188990930278806,30.628325471417707,0.157651597339537,0.3279489894423477,0.0,1.704755187034607,0.4904505312442779,0.0,0.0297147836536169,0.4904505312442779,0.7195822744140234,1.389691654466206,0.0376113757849227,5.653776287070917,0.4891664264291355,2.1689491755236064e-06,0.000861413634471,0.0350949156462176,0.0297147836536169
covid_2020_03_19_20038539_p10_57,2020.03.19.20038539-p10-57.png,COVID,1,val,/Users/samehissa/Downloads/COVID-CT-Dataset-master/Images-processed/CT_COVID/2020.03.19.20038539-p10-57.png,0.2113628047191014,0.349041310248163,0.1218298362597543,0.0,1.7787363529205322,1.9373862092744811,3.520663846975052,3.7206793452073583,21.312521149245352,0.1218298362597543,0.2616501888387006,0.0,1.7787363529205322,0.2878691628575325,0.0,0.0,0.2878691628575325,0.6055506696847902,1.6513847396756238,0.1622333795439716,5.367805639883989,0.4080491042490833,1.7777665515337574e-06,0.0002549638684208,0.0308511846738392,0.0
covid_2020_03_19_20038539_p10_58,2020.03.19.20038539-p10-58.png,COVID,1,val,/Users/samehissa/Downloads/COVID-CT-Dataset-master/Images-processed/CT_COVID/2020.03.19.20038539-p10-58.png,0.2190339222706825,0.3084413293188131,0.0951360536319565,0.0397694092243909,1.315784573554993,1.5249396970672615,1.6471724498713245,3.927276816057865,18.3183248303662,0.0951360536319565,0.2439681730355971,0.0,1.315784573554993,0.3377276510000229,0.0,0.0397694092243909,0.3377276510000229,0.7101292574025533,1.4081897731696589,-0.0226575462761042,5.665862786540217,0.3783013517517958,2.0983272611506245e-06,0.0007130383024935,0.0272626194449407,0.0397694092243909
covid_2020_03_19_20038539_p10_59,2020.03.19.20038539-p10-59.png,COVID,1,val,/Users/samehissa/Downloads/COVID-CT-Dataset-master/Images-processed/CT_COVID/2020.03.19.20038539-p10-59.png,0.2296890400757547,0.4022712055210211,0.1618221227913356,0.0,1.6552492380142212,1.9405803154408088,2.865960315441118,3.640521764846721,27.46613477404893,0.1618221227913356,0.2982261911956811,0.0,1.6552492380142212,0.2885887250304222,0.0,0.0,0.2885887250304222,0.5709791452736899,1.751373097246374,0.0096709242586491,5.252162696208037,0.4632269183912538,1.8028017135856008e-06,0.0002673929947709,0.0355560871625001,0.0
covid_2020_03_19_20038539_p10_60,2020.03.19.20038539-p10-60.png,COVID,1,val,/Users/samehissa/Downloads/COVID-CT-Dataset-master/Images-processed/CT_COVID/2020.03.19.20038539-p10-60.png,0.2374169151444221,0.323609791962571,0.1047232974540585,0.0234264535829424,1.2510517835617063,1.2687453828080777,0.5505267928030162,3.939975430913946,20.619531398496285,0.1047232974540585,0.265838076903492,0.0,1.2510517835617063,0.4377214089035988,0.0,0.0234264535829424,0.4377214089035988,0.733649560030377,1.3630443802444208,0.1103288692972324,5.684183015219242,0.4013602982991121,2.0645027441436886e-06,0.0006935556857525,0.0286033347943877,0.0234264535829424
covid_2020_03_19_20038539_p10_61,2020.03.19.20038539-p10-61.png,COVID,1,val,/Users/samehissa/Downloads/COVID-CT-Dataset-master/Images-processed/CT_COVID/2020.03.19.20038539-p10-61.png,0.21134452588376,0.3014467399421372,0.0908701370217425,0.012102298438549,1.4015610218048096,1.4875707739934725,1.7095706238835788,3.895090836586972,17.348690642275052,0.0908701370217425,0.2449699433238379,0.0,1.4015610218048096,0.3800922259688377,0.0,0.012102298438549,0.3800922259688377,0.7010983924587645,1.4263285915809978,-0.0787176375116206,5.619428233571407,0.3681530193313289,2.0644708883807656e-06,0.0006134094261043,0.0266443792474578,0.012102298438549
covid_2020_03_19_20038539_p10_62,2020.03.19.20038539-p10-62.png,COVID,1,val,/Users/samehissa/Downloads/COVID-CT-Dataset-master/Images-processed/CT_COVID/2020.03.19.20038539-p10-62.png,0.2069925137102473,0.2945455821446408,0.0867570999609253,8.575565880164504e-05,1.2918626070022583,1.4582633240351863,1.3747747131011243,3.896318289926008,16.589184088705572,0.0867570999609253,0.2390719850609173,0.0,1.2918626070022583,0.3646205961704254,0.0,8.575565880164504e-05,0.3646205961704254,0.7027496710472811,1.4229769804957886,0.0440729705228824,5.6211990744165545,0.3600041676050602,1.9998083345328496e-06,0.0005211307460644,0.0260343973128768,8.575565880164504e-05
covid_2020_03_20_20037325_p23_121,2020.03.20.20037325-p23-121.png,COVID,1,val,/Users/samehissa/Downloads/COVID-CT-Dataset-master/Images-processed/CT_COVID/2020.03.20.20037325-p23-121.png,0.3730501310201362,0.5542789251290051,0.3072251268421653,0.0092977862805128,2.622821092605591,1.6800011759038005,2.4585724997833207,3.861961674887703,57.13811546832719,0.3072251268421653,0.4321075908792409,0.0,2.622821092605591,0.5993072837591171,0.0,0.0092977862805128,0.5993072837591171,0.6730356163148271,1.4858027890602368,0.0999380582094059,5.571632956279062,0.6681253827660689,1.9999916493058577e-06,0.0007050049490089,0.0489917983284387,0.0092977862805128
covid_2020_03_20_20037325_p23_122,2020.03.20.20037325-p23-122.png,COVID,1,val,/Users/samehissa/Downloads/COVID-CT-Dataset-master/Images-processed/CT_COVID/2020.03.20.20037325-p23-122.png,0.3322998627336346,0.4870583264388433,0.2372258133534068,0.0,1.9322257041931152,1.553894647675795,1.6085377389465938,3.8657368890588586,44.499073552153504,0.2372258133534068,0.3840448327144941,0.0,1.9322257041931152,0.564170241355896,0.0,0.0,0.564170241355896,0.682257467818675,1.4657193127679986,0.0759279338407777,5.57707943904208,0.5896176830168844,1.9393843280578383e-06,0.0005643058803931,0.0430502806822846,0.0
covid_2020_03_20_20037325_p23_123,2020.03.20.20037325-p23-123.png,COVID,1,val,/Users/samehissa/Downloads/COVID-CT-Dataset-master/Images-processed/CT_COVID/2020.03.20.20037325-p23-123.png,0.40065518150368,0.6024701405604184,0.3629702702668902,0.0,2.5420923233032227,1.6178518299123257,1.829226101166027,3.836428515107378,67.00734012577755,0.3629702702668902,0.4702838031304281,0.0,2.5420923233032227,0.599312424659729,0.0,0.0,0.599312424659729,0.6650197072194873,1.5037123401207897,0.0651390153558911,5.534796393285762,0.7235294359821424,1.910434332567663e-06,0.0005494932316996,0.0532513402315855,0.0
covid_2020_03_20_20037325_p23_124,2020.03.20.20037325-p23-124.png,COVID,1,val,/Users/samehissa/Downloads/COVID-CT-Dataset-master/Images-processed/CT_COVID/2020.03.20.20037325-p23-124.png,0.358992688712533,0.4995473469852632,0.2495475518800149,0.0532192178070545,2.1756861209869385,1.4738972139549926,1.717093391704224,3.927112335051688,48.43818271092077,0.2495475518800149,0.4080103844005691,0.0,2.1756861209869385,0.6512626111507416,0.0,0.0532192178070545,0.6512626111507416,0.7186345243238756,1.3915251276476015,0.1284448098439335,5.665625490608286,0.6151612003605791,2.064498374098702e-06,0.0008419413950171,0.0441541645721286,0.0532192178070545
covid_2020_03_21_20040691_p18_6_6,2020.03.21.20040691-p18-6-6.png,COVID,1,val,/Users/samehissa/Downloads/COVID-CT-Dataset-master/Images-processed/CT_COVID/2020.03.21.20040691-p18-6-6.png,0.2841035459132399,0.3849733927845502,0.1482045131520476,0.058108078315854,1.6385802030563354,1.4830483540432806,1.6912244397175409,3.9686787033699513,29.30167525792308,0.1482045131520476,0.3069333565235865,0.0,1.6385802030563354,0.4419216364622116,0.0,0.058108078315854,0.4419216364622116,0.7379803728198557,1.35504606796465,-0.033656300011776,5.725593084048809,0.4784551577238185,2.133315648308864e-06,0.0009102229390886,0.0340271620767934,0.058108078315854
covid_2020_03_21_20040691_p18_67_1,2020.03.21.20040691-p18-67-1.png,COVID,1,val,/Users/samehissa/Downloads/COVID-CT-Dataset-master/Images-processed/CT_COVID/2020.03.21.20040691-p18-67-1.png,0.3800411112315487,0.4839394660401362,0.2341974067912121,0.1362952515482902,2.0106453895568848,1.2403996562745845,0.8895984430345187,4.022765490232278,48.46446758621728,0.2341974067912121,0.4009064344795661,0.0,2.0106453895568848,0.7056158483028412,0.0,0.1362952515482902,0.7056158483028412,0.7853055032600427,1.2733871461218969,0.0367559630949254,5.803623823232705,0.6153280856724505,2.1333270804732068e-06,0.0011317731937333,0.0427746097650971,0.1362952515482902
covid_2020_03_21_20040691_p18_67_2,2020.03.21.20040691-p18-67-2.png,COVID,1,val,/Users/samehissa/Downloads/COVID-CT-Dataset-master/Images-processed/CT_COVID/2020.03.21.20040691-p18-67-2.png,0.3672568532347213,0.4850225553239404,0.2352468791729648,0.1917536333203315,2.144732713699341,1.5917701639613115,2.20235272151822,4.026723333553768,47.375932853866814,0.2352468791729648,0.3774018774647629,0.0,2.144732713699341,0.6102948486804962,0.0,0.1917536333203315,0.6102948486804962,0.757193850078963,1.320663048359652,-0.0283342123171694,5.809333784165233,0.6083785625914464,2.2857047418123988e-06,0.0015772837504959,0.0428703422372482,0.1917536333203315
covid_2020_03_21_20040691_p18_67_3,2020.03.21.20040691-p18-67-3.png,COVID,1,val,/Users/samehissa/Downloads/COVID-CT-Dataset-master/Images-processed/CT_COVID/2020.03.21.20040691-p18-67-3.png,0.3184944799722871,0.4151166905648313,0.1723218667854979,0.125069722533226,1.872564673423767,1.539328290614673,2.3955945139400923,4.014638145241909,35.04135687146439,0.1723218667854979,0.3320723713179632,0.0,1.872564673423767,0.5842177271842957,0.0,0.125069722533226,0.5842177271842957,0.7672389956181498,1.303371696115272,0.0582339569823961,5.791898542919505,0.523221368598718,2.098351033778532e-06,0.0009417820556294,0.0366914783602637,0.125069722533226
covid_2020_03_21_20040691_p18_67_4,2020.03.21.20040691-p18-67-4.png,COVID,1,val,/Users/samehissa/Downloads/COVID-CT-Dataset-master/Images-processed/CT_COVID/2020.03.21.20040691-p18-67-4.png,0.354950043343706,0.4879697827474082,0.2381145088745528,0.044706217944622,1.949546813964844,1.3288124925243976,0.9196086482988736,3.932219727609683,46.6053173944642,0.2381145088745528,0.4028127732372013,0.0,1.949546813964844,0.6672374904155731,0.0,0.044706217944622,0.6672374904155731,0.7274001966782535,1.3747562280895294,-0.0007905326336756,5.672993900523576,0.603410343086901,2.0645076256218983e-06,0.0008496003253274,0.0431308427993523,0.044706217944622
covid_2020_03_21_20040691_p18_67_5,2020.03.21.20040691-p18-67-5.png,COVID,1,val,/Users/samehissa/Downloads/COVID-CT-Dataset-master/Images-processed/CT_COVID/2020.03.21.20040691-p18-67-5.png,0.2334614361752756,0.3597296032418046,0.1294053874485062,0.0,1.8686448335647583,1.7349697879163293,2.932055049434769,3.801895153937936,23.54043259257964,0.1294053874485062,0.284882818220467,0.0,1.8686448335647583,0.4153632745146751,0.0,0.0,0.4153632745146751,0.648989644115285,1.5408523528987923,0.024671183202035,5.484975284381379,0.4288468603470572,1.8823433333301757e-06,0.0003877153584067,0.0317959052307282,0.0
covid_2020_03_21_20040691_p18_67_7,2020.03.21.20040691-p18-67-7.png,COVID,1,val,/Users/samehissa/Downloads/COVID-CT-Dataset-master/Images-processed/CT_COVID/2020.03.21.20040691-p18-67-7.png,0.2510794364352477,0.3502175528081389,0.1226523342949215,0.0257820570841431,1.558749437332153,1.501055053780307,1.6561609717803325,3.933427050948772,23.76873186503209,0.1226523342949215,0.2743651015575779,0.0,1.558749437332153,0.3488474637269974,0.0,0.0257820570841431,0.3488474637269974,0.7169221459629446,1.3948476138883577,0.1110302336591861,5.67473569991763,0.4309213590616775,2.0645034299418697e-06,0.0007158004450203,0.0309551508101491,0.0257820570841431
covid_2020_03_21_20040691_p18_67_8,2020.03.21.20040691-p18-67-8.png,COVID,1,val,/Users/samehissa/Downloads/COVID-CT-Dataset-master/Images-processed/CT_COVID/2020.03.21.20040691-p18-67-8.png,0.2089962426944112,0.3374787648697015,0.1138919167379792,0.0,1.5296260118484497,1.938152193697969,3.3638198601230025,3.769556912858019,20.169132313390143,0.1138919167379792,0.254299497208649,0.0,1.5296260118484497,0.3104551061987877,0.0,0.0,0.3104551061987877,0.6192852563326371,1.6147599618006248,-0.0236410285915306,5.438321064344311,0.3969525742432722,1.9104315054617166e-06,0.0003908593803852,0.0298291903932282,0.0
covid_2020_03_22_20034041_p16_66,2020.03.22.20034041-p16-66.png,COVID,1,val,/Users/samehissa/Downloads/COVID-CT-Dataset-master/Images-processed/CT_COVID/2020.03.22.20034041-p16-66.png,0.3060115855569165,0.436636060438039,0.1906510492748508,0.0072671255329623,2.16129469871521,1.6466750106065604,2.622509030393198,3.909922887452736,36.389649890548334,0.1906510492748508,0.3426369334075616,0.0,2.16129469871521,0.4928353279829025,0.0,0.0072671255329623,0.4928353279829025,0.7008374077315435,1.426861207373559,-0.0693526404929102,5.640826359801655,0.533192404081218,2.0317263575484964e-06,0.0007062904884879,0.0385935399057895,0.0072671255329623
covid_2020_03_22_20034041_p17_80_1,2020.03.22.20034041-p17-80-1.png,COVID,1,val,/Users/samehissa/Downloads/COVID-CT-Dataset-master/Images-processed/CT_COVID/2020.03.22.20034041-p17-80-1.png,0.2182275006780401,0.3274730806354858,0.1072386185408953,0.0,1.2371115684509275,1.3169411040936423,0.504325878455294,3.779757693276516,19.82231815591416,0.1072386185408953,0.2733877507143916,0.0,1.2371115684509275,0.410461962223053,0.0,0.0,0.410461962223053,0.6663962541846205,1.5006040926006854,-0.1181933369355014,5.453037679667276,0.3935249173725589,1.7297222689095355e-06,0.0002244853509097,0.0289448044966751,0.0
covid_2020_03_22_20034041_p17_80_2,2020.03.22.20034041-p17-80-2.png,COVID,1,val,/Users/samehissa/Downloads/COVID-CT-Dataset-master/Images-processed/CT_COVID/2020.03.22.20034041-p17-80-2.png,0.2433874255184491,0.3534233233178712,0.1249080454650485,0.0139043303206563,1.5133134126663208,1.6273332846398492,2.124184425894173,3.891300562335245,23.57062199879004,0.1249080454650485,0.2776309726548334,0.0,1.5133134126663208,0.4119644463062286,0.0,0.0139043303206563,0.4119644463062286,0.6886549947484671,1.4521018190033042,-0.0752747918598908,5.613960023704829,0.4291217593708657,2.0983310476206777e-06,0.000716825472638,0.031238503568444,0.0139043303206563
covid_2020_03_22_20034041_p18_92_1,2020.03.22.20034041-p18-92-1.png,COVID,1,val,/Users/samehissa/Downloads/COVID-CT-Dataset-master/Images-processed/CT_COVID/2020.03.22.20034041-p18-92-1.png,0.2838439929182641,0.3921708159292806,0.1537979488666377,0.0,1.768090009689331,1.3970042815770554,1.2903139215235244,3.923148828421247,29.99876623134993,0.1537979488666377,0.3184106414801135,0.0,1.768090009689331,0.4928503111004829,0.0,0.0,0.4928503111004829,0.7237745839681887,1.3816421193109778,-0.0328465772045105,5.659907359248018,0.4841129632455851,1.9104431344065613e-06,0.0005104832977168,0.0346633304158819,0.0
covid_2020_03_22_20034041_p18_92_2,2020.03.22.20034041-p18-92-2.png,COVID,1,val,/Users/samehissa/Downloads/COVID-CT-Dataset-master/Images-processed/CT_COVID/2020.03.22.20034041-p18-92-2.png,0.3247122361644869,0.4211093789217229,0.1773331090158392,0.0139439925551414,1.5684003829956057,1.0726495378452756,0.021247596366889,3.9734290667838943,36.19470660233994,0.1773331090158392,0.3580390088980039,0.0,1.5684003829956057,0.6145012229681015,0.0,0.0139439925551414,0.6145012229681015,0.7710858065192577,1.2968694493804196,0.0215477845421908,5.732446409788524,0.5317623015321609,2.064500476092656e-06,0.0008065656718555,0.0372211621821007,0.0139439925551414
covid_2020_03_22_20034041_p18_92_3,2020.03.22.20034041-p18-92-3.png,COVID,1,val,/Users/samehissa/Downloads/COVID-CT-Dataset-master/Images-processed/CT_COVID/2020.03.22.20034041-p18-92-3.png,0.2954555296164471,0.4083794455900246,0.1667737715804159,0.0,1.911316394805908,1.5402748998555946,2.2630707104370824,3.934605760804894,32.520670919852954,0.1667737715804159,0.328776341433695,0.0,1.911316394805908,0.4942250326275825,0.0,0.0,0.4942250326275825,0.7234810892807944,1.3822027501741885,-0.0190474481981454,5.676436218781705,0.5040513283003539,1.9692245473712587e-06,0.0006150851985917,0.0360959844092386,0.0
covid_2020_03_22_20040782_p24_1533_1,2020.03.22.20040782-p24-1533-1.png,COVID,1,val,/Users/samehissa/Downloads/COVID-CT-Dataset-master/Images-processed/CT_COVID/2020.03.22.20040782-p24-1533-1.png,0.3069766295111549,0.4569094047159153,0.208766204117852,0.0001931080478243,2.2692301273345947,1.7707051392894164,3.199875996179161,3.860822651650868,38.784109463536765,0.208766204117852,0.359155807465811,0.0,2.2692301273345947,0.5174375772476196,0.0,0.0001931080478243,0.5174375772476196,0.6718530073790245,1.488417556227394,0.0354430349418468,5.569989693103821,0.5504551345785422,1.9999109624119594e-06,0.0006195066768984,0.0403854673078165,0.0001931080478243
covid_2020_03_22_20040782_p24_1533_2,2020.03.22.20040782-p24-1533-2.png,COVID,1,val,/Users/samehissa/Downloads/COVID-CT-Dataset-master/Images-processed/CT_COVID/2020.03.22.20040782-p24-1533-2.png,0.3630727608106099,0.501343099927691,0.2513449038451067,0.0151455793529748,2.411188125610352,1.5612045108628043,2.33417072533518,3.940683744391944,49.04534188643137,0.2513449038451067,0.4011993608810371,0.0,2.411188125610352,0.5844371616840363,0.0,0.0151455793529748,0.5844371616840363,0.7241987306980894,1.3808336896669788,0.0768333798752265,5.685204895561347,0.619004631232873,2.0317367284489145e-06,0.0007954659661822,0.0443128882074944,0.0151455793529748
covid_2020_03_22_20040782_p24_1533_3,2020.03.22.20040782-p24-1533-3.png,COVID,1,val,/Users/samehissa/Downloads/COVID-CT-Dataset-master/Images-processed/CT_COVID/2020.03.22.20040782-p24-1533-3.png,0.2495982287291553,0.3876453547482695,0.1502689210579117,0.0040091793052852,1.92990243434906,1.9405850700077951,3.64017456438451,3.830403938670469,27.20872919585836,0.1502689210579117,0.2918336383557971,0.0,1.92990243434906,0.3939131647348404,0.0,0.0040091793052852,0.3939131647348404,0.6438812739287589,1.5530773464298586,0.0551159728961893,5.526104766736773,0.4610511867923598,1.999985678730875e-06,0.0005666166847648,0.0342633323797457,0.0040091793052852
covid_2020_03_22_20040782_p24_1533_4,2020.03.22.20040782-p24-1533-4.png,COVID,1,val,/Users/samehissa/Downloads/COVID-CT-Dataset-master/Images-processed/CT_COVID/2020.03.22.20040782-p24-1533-4.png,0.2148773056724167,0.3086270877925408,0.0952506793193046,0.0,1.4441720247268677,1.4001016900939491,1.3287282819584083,3.860437477468187,18.10213578397976,0.0952506793193046,0.2558261021651447,0.0,1.4441720247268677,0.4013076275587082,0.0,0.0,0.4013076275587082,0.6962337978028003,1.4362944789667405,-0.0313694067918547,5.569434004220591,0.3760624094646284,1.882340817155658e-06,0.0003813910244681,0.0272790383294951,0.0
covid_2020_03_22_20040782_p24_1533_5,2020.03.22.20040782-p24-1533-5.png,COVID,1,val,/Users/samehissa/Downloads/COVID-CT-Dataset-master/Images-processed/CT_COVID/2020.03.22.20040782-p24-1533-5.png,0.2668605679646134,0.3980243483040468,0.1584233818428612,0.0,1.5448026657104492,1.5124027878167323,1.3714153365009183,3.831775709701801,29.393656905888932,0.1584233818428612,0.3199615536286728,0.0,1.5448026657104492,0.4549111053347587,0.0,0.0,0.4549111053347587,0.6704612384655507,1.491506787008061,0.0480731219360562,5.528083814000915,0.4792055347940561,1.939381932189694e-06,0.000485771434946,0.0351807144703934,0.0
covid_2020_03_22_20040782_p24_1533_6,2020.03.22.20040782-p24-1533-6.png,COVID,1,val,/Users/samehissa/Downloads/COVID-CT-Dataset-master/Images-processed/CT_COVID/2020.03.22.20040782-p24-1533-6.png,0.2340324751130538,0.393722547358721,0.1550174442986402,0.0,1.678985357284546,1.7608996621056086,2.170908909482677,3.668952080706804,26.852946394391356,0.1550174442986402,0.3019281517290437,0.0,1.678985357284546,0.2819623202085495,0.0,0.0,0.2819623202085495,0.5944081238804525,1.682341509094094,0.1816908370631212,5.293178971910285,0.4580269028192366,1.7066584861918003e-06,0.0002015112110323,0.0348004853929241,0.0
covid_2020_03_22_20040782_p24_1533_7,2020.03.22.20040782-p24-1533-7.png,COVID,1,val,/Users/samehissa/Downloads/COVID-CT-Dataset-master/Images-processed/CT_COVID/2020.03.22.20040782-p24-1533-7.png,0.3124378573556896,0.428996060849911,0.1840376202247406,0.0,1.876029372215271,1.4011231908071349,1.501307846196788,3.926329351076577,36.051844471520624,0.1840376202247406,0.3551065981832835,0.0,1.876029372215271,0.5900595486164093,0.0,0.0,0.5900595486164093,0.7282983634822598,1.3730604366599777,0.0358076649206204,5.664495883510295,0.5307118191012471,1.939387760676812e-06,0.0005729700421499,0.0379182529661611,0.0
covid_2020_03_22_20040782_p24_1533_8,2020.03.22.20040782-p24-1533-8.png,COVID,1,val,/Users/samehissa/Downloads/COVID-CT-Dataset-master/Images-processed/CT_COVID/2020.03.22.20040782-p24-1533-8.png,0.4151363094370026,0.6027839973583041,0.363348547471256,0.0,2.6275289058685303,1.5500294179425504,1.8271679603085424,3.868390503115519,68.56789796918156,0.363348547471256,0.4830700238430552,0.0,2.6275289058685303,0.7743683308362961,0.0,0.0,0.7743683308362961,0.6886971494916613,1.4520146362908717,0.0760347284084957,5.580907794882058,0.7319062118087474,1.969143452057379e-06,0.0006341110336826,0.0532790815153488,0.0
covid_2020_03_22_20040782_p25_1541,2020.03.22.20040782-p25-1541.png,COVID,1,val,/Users/samehissa/Downloads/COVID-CT-Dataset-master/Images-processed/CT_COVID/2020.03.22.20040782-p25-1541.png,0.2250588222959777,0.3239775673250417,0.1049614641298519,0.0,1.2753534317016602,1.3773915745068974,0.9420333722701306,3.862861985113677,19.918456015757364,0.1049614641298519,0.2651946194503125,0.0,1.2753534317016602,0.3873293474316597,0.0,0.0,0.3873293474316597,0.6946719474507101,1.4395239609801864,0.0008137699022132,5.572931829377335,0.3944780572137117,1.882344603034637e-06,0.0003964670404027,0.0286358418509822,0.0
noncovid_23,23.png,NonCOVID,0,val,/Users/samehissa/Downloads/COVID-CT-Dataset-master/Images-processed/CT_NonCOVID/23.png,0.2315287760575302,0.3470510546497811,0.1204444345335253,0.0,1.523143291473389,1.6039434938303123,2.0815999411932022,3.820886733187149,22.278401110556587,0.1204444345335253,0.2812245577797512,0.0,1.523143291473389,0.4148309305310249,0.0,0.0,0.4148309305310249,0.6671298237700154,1.498954300883731,-0.076187600498938,5.512374341582868,0.4171930112983957,1.8285640628328384e-06,0.0003323698063104,0.0306752692701004,0.0
noncovid_24,24.png,NonCOVID,0,val,/Users/samehissa/Downloads/COVID-CT-Dataset-master/Images-processed/CT_NonCOVID/24.png,0.2523505551853304,0.3872487473082255,0.1499615922917899,0.0,1.6270356178283691,1.723552614040325,2.1827377975911397,3.8272481016080695,27.346226559249203,0.1499615922917899,0.2950928854096446,0.0,1.6270356178283691,0.3576579466462135,0.0,0.0,0.3576579466462135,0.6516480822503311,1.53456665480218,-0.0746747521122517,5.5215518562569965,0.4622146633266132,1.9393564273281186e-06,0.000478928957111,0.0342282769034552,0.0
noncovid_25,25.png,NonCOVID,0,val,/Users/samehissa/Downloads/COVID-CT-Dataset-master/Images-processed/CT_NonCOVID/25.png,0.2603477984011988,0.3793075402052826,0.143874210056582,0.0,1.6303837299346924,1.5506009753352596,1.76259081490186,3.864886600017501,27.091863832183467,0.143874210056582,0.3029378438839103,0.0,1.6303837299346924,0.4260039776563644,0.0,0.0,0.4260039776563644,0.6863747340365657,1.4569262445644555,-0.1255696140825425,5.575852731258792,0.4600599810773953,1.882345356614176e-06,0.0004276256993372,0.033526366729293,0.0
noncovid_26,26.png,NonCOVID,0,val,/Users/samehissa/Downloads/COVID-CT-Dataset-master/Images-processed/CT_NonCOVID/26.png,0.2208978625276358,0.360707591665493,0.13010996668512,0.0,1.5437155961990356,1.841844844955687,2.840564442675332,3.723121036702046,22.899946541362983,0.13010996668512,0.2779034167065219,0.0,1.5437155961990356,0.3800914585590362,0.0,0.0,0.3800914585590362,0.6123997809635983,1.6329157174183426,-0.1002309520618387,5.371328256094754,0.4229726141896167,1.7534174767253017e-06,0.0002409326164888,0.0318823480115172,0.0
noncovid_412,412.png,NonCOVID,0,val,/Users/samehissa/Downloads/COVID-CT-Dataset-master/Images-processed/CT_NonCOVID/412.png,0.2048672855380573,0.3022522902292039,0.0913564469487989,0.0439639054238796,1.3163948059082031,1.6218248187328002,1.8948995466974288,3.886216334581426,17.065862608963947,0.0913564469487989,0.2358108407968302,0.0,1.3163948059082031,0.3096986338496208,0.0,0.0439639054238796,0.3096986338496208,0.6778000179343058,1.4753565433123084,0.1113600410844382,5.606625033537645,0.3651397699957248,2.2856699880447364e-06,0.0009688772808754,0.0267155805062793,0.0439639054238796
noncovid_413,413.png,NonCOVID,0,val,/Users/samehissa/Downloads/COVID-CT-Dataset-master/Images-processed/CT_NonCOVID/413.png,0.2969134536360798,0.4034248990556801,0.1627516491780856,0.0104742432013154,1.4998000860214231,1.2020393601116193,0.3469351262685425,3.928301314136764,32.116383760408354,0.1627516491780856,0.3382982438402564,0.0,1.4998000860214231,0.4876317232847214,0.0,0.0104742432013154,0.4876317232847214,0.7359801498393646,1.358728929643414,0.1370130974542441,5.667340824838044,0.5009084228960322,2.0644921609989456e-06,0.0007381149113009,0.0356580602277212,0.0104742432013154
noncovid_414,414.png,NonCOVID,0,val,/Users/samehissa/Downloads/COVID-CT-Dataset-master/Images-processed/CT_NonCOVID/414.png,0.256106981949415,0.3235838626399903,0.1047065161610161,0.1027327887713909,1.561258316040039,1.3393902732362155,1.417652051949145,4.056979380423834,21.79805470262453,0.1047065161610161,0.2632623475383298,0.0,1.561258316040039,0.4382567182183265,0.0,0.1027327887713909,0.4382567182183265,0.791467746234938,1.263471460937769,0.0188988114087683,5.852984032941581,0.4126709371451473,2.461510444414279e-06,0.0017559105703721,0.0286010429444091,0.1027327887713909
noncovid_486,486.png,NonCOVID,0,val,/Users/samehissa/Downloads/COVID-CT-Dataset-master/Images-processed/CT_NonCOVID/486.png,0.225073928519123,0.382858504349661,0.1465806343528594,0.0,1.7809878587722778,1.9195155507561288,2.99212969044571,3.682209535813748,25.24658017944201,0.1465806343528594,0.2848410656774831,0.0,1.7809878587722778,0.2823474109172821,0.0,0.0,0.2823474109172821,0.5878760379775388,1.701034441744025,0.1341556369976211,5.312305436647883,0.4441158718756746,1.8285545529386991e-06,0.0002941513130606,0.033840230582573,0.0
noncovid_487,487.png,NonCOVID,0,val,/Users/samehissa/Downloads/COVID-CT-Dataset-master/Images-processed/CT_NonCOVID/487.png,0.2812951707746833,0.3624877624680995,0.1313973779391293,0.0,1.4352983236312866,1.094706171252791,0.3171592961708058,3.974980564241364,26.947116933156817,0.1313973779391293,0.3124520625242439,0.0,1.4352983236312866,0.5731171369552612,0.0,0.0,0.5731171369552612,0.7760107344001829,1.288638413058471,0.1190278573457236,5.734684747476367,0.4588293267003403,1.910443567236054e-06,0.0005220174712018,0.0320396943672914,0.0
noncovid_709,709.png,NonCOVID,0,val,/Users/samehissa/Downloads/COVID-CT-Dataset-master/Images-processed/CT_NonCOVID/709.png,0.3144763278251048,0.4595803701408137,0.2112141166187673,0.0063750650733709,1.9674285650253296,1.434180775339951,1.0243908192266016,3.866166524551393,39.69401310478466,0.2112141166187673,0.3707827214398094,0.0,1.9674285650253296,0.4752983897924423,0.0,0.0063750650733709,0.4752983897924423,0.6842669182363739,1.4614148330948715,0.0232807153227375,5.577699272036551,0.5568747411951185,1.9999906837978297e-06,0.000651040800648,0.0406215495283491,0.0063750650733709
noncovid_753,753.png,NonCOVID,0,val,/Users/samehissa/Downloads/COVID-CT-Dataset-master/Images-processed/CT_NonCOVID/753.png,0.178854812607824,0.25472076941591,0.0648826703718332,0.00240983965341,0.944569766521454,1.302569250533332,0.5568423968455161,3.876316369771863,12.399579438696067,0.0648826703718332,0.2111833046011213,0.0,0.944569766521454,0.3177161887288093,0.0,0.00240983965341,0.3177161887288093,0.702157546321805,1.4241762114304286,0.272540953000274,5.592342403401913,0.3112422117335838,2.031677547817125e-06,0.0005026482474474,0.0225143479203806,0.00240983965341
noncovid_754,754.png,NonCOVID,0,val,/Users/samehissa/Downloads/COVID-CT-Dataset-master/Images-processed/CT_NonCOVID/754.png,0.1668183872352528,0.2258402888061179,0.0510038360480307,0.0567949712276458,1.0349103212356567,1.3808728839233484,1.2654436873920938,3.9679469426921674,10.0905229270786,0.0510038360480307,0.1861480050168893,0.0,1.0349103212356567,0.3030722066760063,0.0,0.0567949712276458,0.3030722066760063,0.7386531847967998,1.3538093285102344,0.1819187743922962,5.724537376547849,0.2807707434327899,2.245581623726839e-06,0.0008628699982218,0.0199616499599917,0.0567949712276458
noncovid_887,887.png,NonCOVID,0,val,/Users/samehissa/Downloads/COVID-CT-Dataset-master/Images-processed/CT_NonCOVID/887.png,0.2093091141723562,0.2779254564947027,0.0772425593677888,0.032577590085566,0.9840713739395142,1.1532683883149133,0.1332931526371594,3.963907320356957,15.49476667435588,0.0772425593677888,0.2333481544123969,0.0,0.9840713739395142,0.4029663130640983,0.0,0.032577590085566,0.4029663130640983,0.7531097140309335,1.3278230028045703,-0.0746066417109649,5.718709433437779,0.347926521902837,2.1333142682607367e-06,0.0007666908107125,0.0245653718689713,0.032577590085566
noncovid_889,889.png,NonCOVID,0,val,/Users/samehissa/Downloads/COVID-CT-Dataset-master/Images-processed/CT_NonCOVID/889.png,0.2514577181864297,0.346754927169344,0.120238979516217,0.0349770132452249,1.4624053239822388,1.287191143087844,0.699348247208524,3.9260922308177593,23.484155334623104,0.120238979516217,0.2892492307539669,0.0,1.4624053239822388,0.4511066079139709,0.0,0.0349770132452249,0.4511066079139709,0.7251720835434377,1.378979057275392,-0.0634810350727997,5.664153791288806,0.4283339392947318,2.098346842895007e-06,0.00076258974279,0.0306490950514113,0.0349770132452249
noncovid_890,890.png,NonCOVID,0,val,/Users/samehissa/Downloads/COVID-CT-Dataset-master/Images-processed/CT_NonCOVID/890.png,0.2844038093953713,0.3583204034749214,0.1283935115464305,0.0733581259846687,1.302798867225647,1.039558765239344,-0.1385260266366543,4.023542724645451,26.78771690816374,0.1283935115464305,0.3033301276797431,0.0,1.302798867225647,0.515461876988411,0.0,0.0733581259846687,0.515461876988411,0.7937114742164055,1.2599001547718125,0.0251866364549522,5.804745135466198,0.4574702595197082,2.245536837232981e-06,0.0011745601289391,0.031671348391827,0.0733581259846687
noncovid_1070,1070.png,NonCOVID,0,val,/Users/samehissa/Downloads/COVID-CT-Dataset-master/Images-processed/CT_NonCOVID/1070.png,0.1696280891264905,0.3084099260900204,0.0951166825108518,0.0,1.5403456687927246,2.150725334320401,4.38577558692545,3.5739563413525994,15.857967504839229,0.0951166825108518,0.2277063426804488,0.0,1.5403456687927246,0.2408184558153152,0.0,0.0,0.2408184558153152,0.5500067435256127,1.8181536305584456,0.0724224913376894,5.1561290898383945,0.3519806402794853,1.6202413228937978e-06,0.0001209292417554,0.0272598437654369,0.0
noncovid_1071,1071.png,NonCOVID,0,val,/Users/samehissa/Downloads/COVID-CT-Dataset-master/Images-processed/CT_NonCOVID/1071.png,0.2540340435025428,0.396339506668383,0.1570850045461372,0.0,1.44972825050354,1.602932509906097,1.5417344266693345,3.7762586474682034,28.367142374961794,0.1570850045461372,0.3121483043888418,0.0,1.44972825050354,0.4163730666041374,0.0,0.0,0.4163730666041374,0.6409489800523779,1.5601826479781078,0.1594544710601203,5.447989623631777,0.4707635285410171,1.8823288142486671e-06,0.0003829155438277,0.035031794102168,0.0
noncovid_1072,1072.png,NonCOVID,0,val,/Users/samehissa/Downloads/COVID-CT-Dataset-master/Images-processed/CT_NonCOVID/1072.png,0.2810366175981471,0.4420940863683354,0.1954471812018532,0.0,2.09236478805542,1.9062503383363305,3.388181837231514,3.801069468899388,35.12688148900614,0.1954471812018532,0.3325288723860922,0.0,2.09236478805542,0.4564490392804146,0.0,0.0,0.4564490392804146,0.6356926965797557,1.573083572335345,0.2041727378624724,5.483784072670929,0.5238594865351399,1.8823458071302648e-06,0.0004298508589734,0.0390759657991901,0.0
noncovid_1164,1164.png,NonCOVID,0,val,/Users/samehissa/Downloads/COVID-CT-Dataset-master/Images-processed/CT_NonCOVID/1164.png,0.2840224133105948,0.4113803537871291,0.1692337954820235,0.0604252126067876,2.4578123092651367,2.1073026956821943,6.085499799939637,3.932007980268845,31.98752342333413,0.1692337954820235,0.3114296878102323,0.0,2.4578123092651367,0.4596550986170769,0.0,0.0604252126067876,0.4596550986170769,0.6904114897185236,1.4484080639694483,-0.0665673638466438,5.672688413685027,0.4999025172419098,2.133320244289218e-06,0.0009091295741304,0.036361229726225,0.0604252126067876
noncovid_1261,1261.png,NonCOVID,0,val,/Users/samehissa/Downloads/COVID-CT-Dataset-master/Images-processed/CT_NonCOVID/1261.png,0.2115582655933394,0.3236864094372946,0.1047728916544079,0.0030194425489753,1.4524099826812744,1.823924160545381,3.2010301313883254,3.826280705936044,19.139813298594543,0.1047728916544079,0.2506004166631896,0.0,1.4524099826812744,0.3463301286101341,0.0,0.0030194425489753,0.3463301286101341,0.6535881823797752,1.530010697192468,-0.0043946762686366,5.5201561993183885,0.3866908214520612,1.99997315834374e-06,0.0004984685425059,0.0286101068863795,0.0030194425489753
noncovid_1262,1262.png,NonCOVID,0,val,/Users/samehissa/Downloads/COVID-CT-Dataset-master/Images-processed/CT_NonCOVID/1262.png,0.2002957508211693,0.2766491964437773,0.0765347778929876,0.0041903763776645,1.1027882099151611,1.2421287164945354,0.4282071228825157,3.9137976995966905,14.931605208320466,0.0765347778929876,0.2306450959364099,0.0,1.1027882099151611,0.3591139987111091,0.0,0.0041903763776645,0.3591139987111091,0.7240036457442922,1.3812035218399557,-0.1225988578285482,5.646416532066115,0.3415452615540196,2.0317180479899e-06,0.000560854059276,0.0244525653519005,0.0041903763776645
noncovid_1263,1263.png,NonCOVID,0,val,/Users/samehissa/Downloads/COVID-CT-Dataset-master/Images-processed/CT_NonCOVID/1263.png,0.1801743539435847,0.2858103044504864,0.0816875301300797,0.0,1.364384651184082,1.7499300595957086,2.5054068964282035,3.768319817661869,14.611241977480685,0.0816875301300797,0.220992152854194,0.0,1.364384651184082,0.2549989745020866,0.0,0.0,0.2549989745020866,0.6303961779608264,1.5862984836342349,0.0017223839752884,5.436536313239718,0.3378614034616382,1.9104241164560385e-06,0.0003531742554607,0.0252623005512413,0.0
noncovid_1264,1264.png,NonCOVID,0,val,/Users/samehissa/Downloads/COVID-CT-Dataset-master/Images-processed/CT_NonCOVID/1264.png,0.2295594715833431,0.3069448183735548,0.0942151215263746,0.0783050693571567,1.3710635900497437,1.556334718193532,2.2221208890357627,4.005123222374907,18.80482208255978,0.0942151215263746,0.2449472959883678,0.0,1.3710635900497437,0.3862108215689659,0.0,0.0783050693571567,0.3862108215689659,0.7478827136324363,1.3371036980372055,0.1592363014643575,5.77817141088484,0.3832918894524097,2.2856983332275628e-06,0.0011845879323897,0.0271303453152517,0.0783050693571567
noncovid_1297,1297.png,NonCOVID,0,val,/Users/samehissa/Downloads/COVID-CT-Dataset-master/Images-processed/CT_NonCOVID/1297.png,0.2885512266220758,0.4136723223983183,0.1711247903184182,0.0446626478806138,2.223658800125122,1.814673480547504,3.7298159709055465,3.9229087694535294,32.56148489005091,0.1711247903184182,0.3181234763296743,0.0,2.223658800125122,0.4618969857692718,0.0,0.0446626478806138,0.4618969857692718,0.6975340467912388,1.4336183118712489,0.1956245715021936,5.65956102736577,0.5043675254251831,2.0645063553696017e-06,0.0007737433018523,0.0365638130446298,0.0446626478806138
noncovid_1298,1298.png,NonCOVID,0,val,/Users/samehissa/Downloads/COVID-CT-Dataset-master/Images-processed/CT_NonCOVID/1298.png,0.3987369193439463,0.5505489260678741,0.3031041199944895,0.1067220643162727,2.0685391426086426,1.3623185509359443,0.8181775867206929,3.94250935244893,59.14819210782595,0.3031041199944895,0.4463024993023587,0.0,2.0685391426086426,0.6973350048065186,0.0,0.1067220643162727,0.6973350048065186,0.7242520622821559,1.3807322556780262,0.2336796447851685,5.687838691251766,0.6797758828043182,2.169180807120306e-06,0.0011217943106226,0.0486621098746956,0.1067220643162727
noncovid_1428,1428.png,NonCOVID,0,val,/Users/samehissa/Downloads/COVID-CT-Dataset-master/Images-processed/CT_NonCOVID/1428.png,0.1980647766367838,0.279874259202595,0.0783296009642013,0.0184296509250998,1.1030608415603638,1.4385691174471358,1.1547659950996874,3.912116797252483,15.047584858672687,0.0783296009642013,0.2227330866057002,0.0,1.1030608415603638,0.3109320104122162,0.0,0.0184296509250998,0.3109320104122162,0.7076894799529581,1.41304407555431,-0.0070125892474785,5.643991502589907,0.3428691539179055,2.098322694373264e-06,0.0006556172828493,0.0247376233202145,0.0184296509250998
noncovid_1876,1876.png,NonCOVID,0,val,/Users/samehissa/Downloads/COVID-CT-Dataset-master/Images-processed/CT_NonCOVID/1876.png,0.186232511738126,0.3022357511261113,0.0913464492587647,0.0,1.1484861373901367,1.6448765738140156,1.6875845600623665,3.706069530685305,16.131711703943164,0.0913464492587647,0.2398110364786134,0.0,1.1484861373901367,0.3165228888392448,0.0,0.0,0.3165228888392448,0.616180894759614,1.6228946723926765,-0.0328099207510955,5.346728132924714,0.3550056305004977,1.7767927538575348e-06,0.0002194329049183,0.0267141186422853,0.0
noncovid_1877,1877.png,NonCOVID,0,val,/Users/samehissa/Downloads/COVID-CT-Dataset-master/Images-processed/CT_NonCOVID/1877.png,0.1803060563106555,0.2868904590758944,0.0823061355087774,0.0,1.812441349029541,2.329671710035434,7.588985462354897,3.8042987865118056,14.69650040973808,0.0823061355087774,0.2147569628668861,0.0,1.812441349029541,0.2834499180316925,0.0,0.0,0.2834499180316925,0.6284817850327057,1.591130464201385,-0.0360919020368784,5.48844299317582,0.3388457015384417,1.910434730609157e-06,0.0003759125687865,0.0253577736337858,0.0
noncovid_20,20.jpg,NonCOVID,0,val,/Users/samehissa/Downloads/COVID-CT-Dataset-master/Images-processed/CT_NonCOVID/20.jpg,0.3494389185252657,0.492956780989937,0.2430063879239608,0.109087947756052,2.609687089920044,1.9435422388611248,4.531853527771483,3.9614866010072936,46.73458505012072,0.2430063879239608,0.3778967062798983,0.0,2.609687089920044,0.5909318029880524,0.0,0.109087947756052,0.5909318029880524,0.7088617565251476,1.4107094397795144,0.211307444745628,5.715217073636635,0.6042465934567344,2.20684584446594e-06,0.0012001672354076,0.0435716353337345,0.109087947756052
noncovid_21_0,21%0.jpg,NonCOVID,0,val,/Users/samehissa/Downloads/COVID-CT-Dataset-master/Images-processed/CT_NonCOVID/21%0.jpg,0.2759158373191894,0.3901028050304278,0.152180198492608,0.0037914451677352,1.828441500663757,1.4455174264382615,1.5593643671923338,3.893945377033644,29.22364771534815,0.152180198492608,0.3177518461606041,0.0,1.828441500663757,0.4969489872455597,0.0,0.0037914451677352,0.4969489872455597,0.7072882493357588,1.413847094899242,0.0696956910624126,5.61777568475428,0.4778176930338154,1.9999828568440717e-06,0.0005981370260984,0.0344805423496136,0.0037914451677352
noncovid_21_1,21%1.jpg,NonCOVID,0,val,/Users/samehissa/Downloads/COVID-CT-Dataset-master/Images-processed/CT_NonCOVID/21%1.jpg,0.3359978059306741,0.4636297601609384,0.2149525545068893,0.0497559513896703,2.023088216781616,1.3563470612505617,0.9666809970595014,3.9341980821584297,41.96442625243088,0.2149525545068893,0.3767541137349326,0.0,2.023088216781616,0.5096043050289154,0.0,0.0497559513896703,0.5096043050289154,0.7247099088378873,1.379859487108075,0.0665909044938661,5.675848062820174,0.572579322100542,2.06450755713386e-06,0.0008330366998021,0.0409794684212115,0.0497559513896703
noncovid_22_0,22%0.jpg,NonCOVID,0,val,/Users/samehissa/Downloads/COVID-CT-Dataset-master/Images-processed/CT_NonCOVID/22%0.jpg,0.2807774563971179,0.4089575306331571,0.1672462618615696,0.0,1.7523294687271118,1.561669779217007,1.8055302855375075,3.8686730560303726,31.498526960947856,0.1672462618615696,0.3254944113774911,0.0,1.7523294687271118,0.5023924633860588,0.0,0.0,0.5023924633860588,0.6865670608763512,1.4565183967431758,-0.0390763149771163,5.581315432571106,0.4960667715967328,1.9104077053008088e-06,0.0004728485671417,0.0361470803910013,0.0
noncovid_22_1,22%1.jpg,NonCOVID,0,val,/Users/samehissa/Downloads/COVID-CT-Dataset-master/Images-processed/CT_NonCOVID/22%1.jpg,0.2595561366561014,0.3620858376890979,0.1311061538550157,0.0,1.4640991687774658,1.441286455052558,1.4762553083728402,3.91187631084454,25.40486936714964,0.1311061538550157,0.294178511293012,0.0,1.4640991687774658,0.473322257399559,0.0,0.0,0.473322257399559,0.7168339460021096,1.3950193678866591,-0.1042031539276938,5.643644554041767,0.445505939276747,1.9691925864275248e-06,0.0005441903734583,0.0320041689001965,0.0
noncovid_25_0,25%0.jpg,NonCOVID,0,val,/Users/samehissa/Downloads/COVID-CT-Dataset-master/Images-processed/CT_NonCOVID/25%0.jpg,0.3907880270126043,0.5924002633784973,0.350938072050913,0.0148312216624617,2.8667147159576416,1.9990053221608184,4.431101085736656,3.860363970290935,64.46762932573657,0.350938072050913,0.453684687825671,0.0,2.8667147159576416,0.6462710946798325,0.0,0.0148312216624617,0.6462710946798325,0.6596677812331433,1.5159120096568115,0.1036534339052785,5.569327955780498,0.7096853909355306,1.999992771951257e-06,0.0007271352577585,0.052361280426454,0.0148312216624617
noncovid_25_1,25%1.jpg,NonCOVID,0,val,/Users/samehissa/Downloads/COVID-CT-Dataset-master/Images-processed/CT_NonCOVID/25%1.jpg,0.3970277467888081,0.6224707028580692,0.3874697759166187,0.0554436631500721,2.9681079387664795,1.9430500270183968,3.5545749958822146,3.828154297458565,69.77290337751253,0.3874697759166187,0.4654926993878234,0.0,2.9681079387664795,0.5074276402592659,0.0,0.0554436631500721,0.5074276402592659,0.6378245709256524,1.5678267020193462,0.0544156987447661,5.522859220516584,0.7383094254015837,2.133312952474583e-06,0.0009759962857417,0.0550191568851121,0.0554436631500721
noncovid_25_2,25%2.jpg,NonCOVID,0,val,/Users/samehissa/Downloads/COVID-CT-Dataset-master/Images-processed/CT_NonCOVID/25%2.jpg,0.3789576731942361,0.5444479077974185,0.2964235243049862,0.027405216358602,1.9541499614715576,1.4399763334268278,0.9406102296727056,3.89414494822478,56.32415262435528,0.2964235243049862,0.4306568249951397,0.0,1.9541499614715576,0.5407060533761978,0.0,0.027405216358602,0.5407060533761978,0.6960389997425447,1.4366984661064237,0.1078317761456606,5.618063605122038,0.6633494119826863,2.0645034755983825e-06,0.0008488927223624,0.0481228509507978,0.027405216358602
noncovid_25_3,25%3.jpg,NonCOVID,0,val,/Users/samehissa/Downloads/COVID-CT-Dataset-master/Images-processed/CT_NonCOVID/25%3.jpg,0.3787864097030251,0.6300364070587411,0.3969458742194877,0.0004613064229488,3.1884329319000244,2.076413629326508,4.095482832401136,3.745818492365044,69.17440235458503,0.3969458742194877,0.4645564127358739,0.0,3.1884329319000244,0.5725913792848587,0.0,0.0004613064229488,0.5725913792848587,0.6012125716016561,1.6633025655611566,0.0163646795855203,5.404073762820559,0.7351360543431369,1.999932119579063e-06,0.0006198316343618,0.0556878769782054,0.0004613064229488
noncovid_26_0,26%0.jpg,NonCOVID,0,val,/Users/samehissa/Downloads/COVID-CT-Dataset-master/Images-processed/CT_NonCOVID/26%0.jpg,0.4262927701129229,0.6045115619591148,0.3654342285422487,0.0835717655718326,2.5085103511810303,1.5579193954846815,1.7152309980670326,3.9266970974006585,70.03644856227815,0.3654342285422487,0.473718277873445,0.0,2.5085103511810303,0.7052841335535049,0.0,0.0835717655718326,0.7052841335535049,0.7051843037494305,1.418066653579376,0.0564956828138556,5.665026429308354,0.7397024769410997,2.2068709180593314e-06,0.0012625950751828,0.0534317780958702,0.0835717655718326
noncovid_26_1,26%1.jpg,NonCOVID,0,val,/Users/samehissa/Downloads/COVID-CT-Dataset-master/Images-processed/CT_NonCOVID/26%1.jpg,0.3350808990799123,0.4763949269549803,0.226952126428441,0.0148460613563656,2.98193907737732,2.087815076937627,6.556891393454007,3.935956243535963,43.42161092565036,0.226952126428441,0.3661039400024037,0.0,2.98193907737732,0.5540339648723602,0.0,0.0148460613563656,0.5540339648723602,0.7033664230122137,1.4217310752809174,0.092963464037906,5.678384553520623,0.582435692035304,1.9999936716769343e-06,0.0007156095610297,0.042107760421592,0.0148460613563656
noncovid_26_2,26%2.jpg,NonCOVID,0,val,/Users/samehissa/Downloads/COVID-CT-Dataset-master/Images-processed/CT_NonCOVID/26%2.jpg,0.2958221454100567,0.4100124862314216,0.1681102388656717,0.0450720023363828,1.4755374193191528,1.3409634552152423,0.7261817361893756,3.932208279055379,32.719485514327104,0.1681102388656717,0.3347227345855117,0.0,1.4755374193191528,0.5112582594156265,0.0,0.0450720023363828,0.5112582594156265,0.7214936955588027,1.3860101165282233,-0.0702630442060164,5.672977383751057,0.5055897354384091,2.1333192780858136e-06,0.0009076812639473,0.0362403261731742,0.0450720023363828
noncovid_26_3,26%3.jpg,NonCOVID,0,val,/Users/samehissa/Downloads/COVID-CT-Dataset-master/Images-processed/CT_NonCOVID/26%3.jpg,0.4207244450153666,0.6288449496355702,0.3954459706821629,0.0562563892453908,2.711421489715576,1.7828260673413705,2.675062566351885,3.88025532919566,73.27424375240335,0.3954459706821629,0.4814422807734217,0.0,2.711421489715576,0.6836130768060684,0.0,0.0562563892453908,0.6836130768060684,0.6690421481750586,1.494671766962821,0.0130759900665312,5.598025120628887,0.7566075794727748,2.133321068389023e-06,0.0010624488859565,0.055582566025278,0.0562563892453908
noncovid_27,27.jpg,NonCOVID,0,val,/Users/samehissa/Downloads/COVID-CT-Dataset-master/Images-processed/CT_NonCOVID/27.jpg,0.2582862012641271,0.3791505295775725,0.1437551240789537,0.0854204557836055,1.9903485774993896,2.078713492669487,5.161347686636587,3.9328424684307066,26.93976138782809,0.1437551240789537,0.2823399847243308,0.0,1.9903485774993896,0.4293997660279274,0.0,0.0854204557836055,0.4293997660279274,0.6812215726833382,1.4679472915002836,-0.0189286773097075,5.673892325617826,0.4587667008866347,2.2856899040238294e-06,0.0011873639637174,0.0335124888193465,0.0854204557836055
noncovid_28,28.jpg,NonCOVID,0,val,/Users/samehissa/Downloads/COVID-CT-Dataset-master/Images-processed/CT_NonCOVID/28.jpg,0.2721293477516155,0.3745880451143405,0.1403162035425832,0.0759114101529121,1.609663963317871,1.4990132693389844,1.752700592182431,3.958062457786209,27.43943493763877,0.1403162035425832,0.3044553472836924,0.0,1.609663963317871,0.5365434736013412,0.0,0.0759114101529121,0.5365434736013412,0.7264743892031069,1.3765073418551077,0.0711348735367507,5.710277079192283,0.4630017121461894,2.169479772752363e-06,0.0009813655047334,0.0331092183564703,0.0759114101529121
noncovid_29_0,29%0.jpg,NonCOVID,0,val,/Users/samehissa/Downloads/COVID-CT-Dataset-master/Images-processed/CT_NonCOVID/29%0.jpg,0.2590205969609087,0.3824605326200946,0.1462760590120465,0.0511442404240369,1.6714054346084597,1.6150284169458593,1.8475358954239427,3.879291099131725,27.31106926874009,0.1462760590120465,0.301094483909992,0.0,1.6714054346084597,0.3847619742155075,0.0,0.0511442404240369,0.3847619742155075,0.6772461407725366,1.4765641694425382,-0.0190998552355788,5.596634030697371,0.461917447886559,2.098346087761203e-06,0.0007634666904103,0.0338050545189859,0.0511442404240369
noncovid_29_1,29%1.jpg,NonCOVID,0,val,/Users/samehissa/Downloads/COVID-CT-Dataset-master/Images-processed/CT_NonCOVID/29%1.jpg,0.249405144548291,0.348064071962052,0.1211485981908045,0.0318231210112571,1.531090497970581,1.338211603318502,0.9386644502339584,3.914856439956001,23.46899511269868,0.1211485981908045,0.2887096314609891,0.0,1.531090497970581,0.4778209626674652,0.0,0.0318231210112571,0.4778209626674652,0.7165474637899966,1.3955769540858778,-0.1407997777516133,5.647943971532082,0.4281956612554107,2.098338375554691e-06,0.0007450342626922,0.0307648081964711,0.0318231210112571
noncovid_29_2,29%2.jpg,NonCOVID,0,val,/Users/samehissa/Downloads/COVID-CT-Dataset-master/Images-processed/CT_NonCOVID/29%2.jpg,0.2852918501939712,0.3804489402534465,0.1447413961399705,0.1301065534353256,1.5879074335098269,1.539800810301845,1.6984720875993196,4.021799323107543,28.945002998664936,0.1447413961399705,0.292644886562158,0.0,1.5879074335098269,0.4071936905384063,0.0,0.1301065534353256,0.4071936905384063,0.7498801287862386,1.3335429665964085,-0.059833405114143,5.802229938713179,0.4755342636730499,2.41505316265509e-06,0.0017055330852962,0.0336272531935559,0.1301065534353256
noncovid_29_3,29%3.jpg,NonCOVID,0,val,/Users/samehissa/Downloads/COVID-CT-Dataset-master/Images-processed/CT_NonCOVID/29%3.jpg,0.2090669649624033,0.3034706204046974,0.0920944174488119,0.0042926343157887,1.2648627758026123,1.5454152644091343,1.6653473101340603,3.8787901464394623,17.382836900787552,0.0920944174488119,0.2405641444834145,0.0,1.2648627758026123,0.3502150997519493,0.0,0.0042926343157887,0.3502150997519493,0.688917680946904,1.4515474525555525,-0.17287875338135,5.595911308732525,0.368515146618701,1.9999827136520263e-06,0.0005270328372695,0.0268232666973812,0.0042926343157887
noncovid_30_0,30%0.jpg,NonCOVID,0,val,/Users/samehissa/Downloads/COVID-CT-Dataset-master/Images-processed/CT_NonCOVID/30%0.jpg,0.2433070242368558,0.3556998590733538,0.1265223897448037,0.0034772672224789,1.6027652025222778,1.5987150014366425,2.06103530668841,3.8719273724115744,23.7722493168381,0.1265223897448037,0.282463172918824,0.0,1.6027652025222778,0.4146272242069244,0.0,0.0034772672224789,0.4146272242069244,0.684021469250037,1.4619383069149916,0.0712389409545536,5.586010418675749,0.4309532431573031,1.999982717116208e-06,0.0005630271295963,0.0314397228022334,0.0034772672224789
noncovid_30_1,30%1.jpg,NonCOVID,0,val,/Users/samehissa/Downloads/COVID-CT-Dataset-master/Images-processed/CT_NonCOVID/30%1.jpg,0.3040997849984705,0.4243033346382834,0.1800333197851671,0.0172269288450479,1.8851158618927,1.5255550349873126,1.966850174784196,3.930122308097508,34.88127987472426,0.1800333197851671,0.3416406461276722,0.0,1.8851158618927,0.5354883372783661,0.0,0.0172269288450479,0.5354883372783661,0.716702046557487,1.395276667625455,0.0939682153394982,5.6699679637947,0.522024902683084,2.098333348382524e-06,0.0008275031145019,0.0375034706503493,0.0172269288450479
noncovid_30_2,30%2.jpg,NonCOVID,0,val,/Users/samehissa/Downloads/COVID-CT-Dataset-master/Images-processed/CT_NonCOVID/30%2.jpg,0.1835639882747273,0.2524103950277028,0.0637110075180409,0.0457155089825391,1.112202525138855,1.4913637627237066,1.6716206981491055,3.958375002043944,12.468063399598744,0.0637110075180409,0.201430071575956,0.0,1.112202525138855,0.3180999681353569,0.0,0.0457155089825391,0.3180999681353569,0.7272412889861043,1.3750539928885066,-0.1554947959362805,5.710727985242973,0.3121005371821157,2.2068458468621765e-06,0.0008318508189069,0.0223101377457579,0.0457155089825391
noncovid_30_3,30%3.jpg,NonCOVID,0,val,/Users/samehissa/Downloads/COVID-CT-Dataset-master/Images-processed/CT_NonCOVID/30%3.jpg,0.3192783930244331,0.4577148706893329,0.2095029028501527,0.0142748202197253,2.6090569496154785,1.8468422505484332,4.328649378645392,3.914285990551588,39.8645241731094,0.2095029028501527,0.3589424838951913,0.0,2.6090569496154785,0.5424102246761322,0.0,0.0142748202197253,0.5424102246761322,0.6975471323369037,1.4335917515542798,0.0451887111248898,5.647120987005256,0.5580695253303276,2.098336277242005e-06,0.0008384970593519,0.0404566611142938,0.0142748202197253
noncovid_30_4,30%4.jpg,NonCOVID,0,val,/Users/samehissa/Downloads/COVID-CT-Dataset-master/Images-processed/CT_NonCOVID/30%4.jpg,0.3753768551941903,0.5458778865927484,0.2979826670709655,0.0210923214908689,2.619147539138794,1.7648354520994036,3.105459755519467,3.8992152405523792,56.17797766226504,0.2979826670709655,0.4234024967935852,0.0,2.619147539138794,0.5701213777065277,0.0,0.0210923214908689,0.5701213777065277,0.6876559332367791,1.454212957030487,0.0190838130358502,5.625378490718921,0.662488075731515,2.0317342970852502e-06,0.000790439804145,0.0482492444136891,0.0210923214908689
noncovid_30_5,30%5.jpg,NonCOVID,0,val,/Users/samehissa/Downloads/COVID-CT-Dataset-master/Images-processed/CT_NonCOVID/30%5.jpg,0.3155105085752439,0.4531808139567073,0.2053728501384638,0.021690453402698,1.984686493873596,1.5944621515334436,2.097941735561057,3.899300793316472,39.02972558846373,0.2053728501384638,0.3606951065212342,0.0,1.984686493873596,0.5602712780237198,0.0,0.021690453402698,0.5602712780237198,0.6962117606188513,1.4363414264809866,0.0595833198307944,5.625501917267412,0.5521953740840944,2.064502041551302e-06,0.0007726613061688,0.0400559033315533,0.021690453402698
noncovid_31,31.jpg,NonCOVID,0,val,/Users/samehissa/Downloads/COVID-CT-Dataset-master/Images-processed/CT_NonCOVID/31.jpg,0.2345024588285014,0.3587734417072103,0.128718382474437,0.0,1.663689374923706,1.6664179393754144,2.2560665135538702,3.8042061682013,23.514852565894408,0.128718382474437,0.2813202095439919,0.0,1.663689374923706,0.3988201692700386,0.0,0.0,0.3988201692700386,0.65362085914658,1.5299346689136084,0.0411590653253447,5.488309373198559,0.4286137954744924,1.828562662718339e-06,0.0003310080871023,0.0317113916926006,0.0
noncovid_32_0,32%0.jpg,NonCOVID,0,val,/Users/samehissa/Downloads/COVID-CT-Dataset-master/Images-processed/CT_NonCOVID/32%0.jpg,0.2607896681729471,0.3749836167690474,0.1406127128451958,0.0312921470031142,1.7605960369110107,1.5846866309031968,2.08169780862037,3.899801145284492,26.703867375481817,0.1406127128451958,0.3004603588010468,0.0,1.7605960369110107,0.4454142302274704,0.0,0.0312921470031142,0.4454142302274704,0.6954676445662494,1.4378775792619616,0.0280791050365068,5.626223772570372,0.4567537234341409,2.0983388857929217e-06,0.0007576744621997,0.0331441822814063,0.0312921470031142
noncovid_32_1,32%1.jpg,NonCOVID,0,val,/Users/samehissa/Downloads/COVID-CT-Dataset-master/Images-processed/CT_NonCOVID/32%1.jpg,0.2860470692830859,0.4287881673650712,0.1838592924722963,0.0551208592951297,1.8137810230255127,1.7793830702752993,2.633589178421245,3.8759083456908585,34.007323944670574,0.1838592924722963,0.3278999704832586,0.0,1.8137810230255127,0.4418187811970711,0.0,0.0551208592951297,0.4418187811970711,0.6671042345609103,1.4990126220825637,0.0228297909413755,5.591753749083683,0.5154437101350048,2.098348423568239e-06,0.0008075840201018,0.0378998776045492,0.0551208592951297
noncovid_33_0,33%0.jpg,NonCOVID,0,val,/Users/samehissa/Downloads/COVID-CT-Dataset-master/Images-processed/CT_NonCOVID/33%0.jpg,0.3604939028518856,0.5359104322662408,0.2871999914117891,0.0,2.21975326538086,1.5770030333356306,1.5914925678756315,3.855944257491541,53.39594821186225,0.2871999914117891,0.4176215963742606,0.0,2.21975326538086,0.5566186606884003,0.0,0.0,0.5566186606884003,0.672674403170396,1.486600544493613,0.2208901809085268,5.56295165804266,0.6458760294399954,1.9692220612431417e-06,0.0006376389803543,0.0473682375955091,0.0
noncovid_33_1,33%1.jpg,NonCOVID,0,val,/Users/samehissa/Downloads/COVID-CT-Dataset-master/Images-processed/CT_NonCOVID/33%1.jpg,0.3403215520374942,0.4822197303431136,0.2325358683321852,0.0480177160352468,2.2384305000305176,1.5922269973272525,2.082124496045025,3.920619215880844,44.58939227051445,0.2325358683321852,0.3816628713761929,0.0,2.2384305000305176,0.6140530109405518,0.0,0.0480177160352468,0.6140530109405518,0.7057381207882663,1.416953253345489,0.2283106877296381,5.656257899780606,0.5902157462431803,2.031739226195839e-06,0.0007742700910557,0.0426226051684454,0.0480177160352468
covid_2020_03_22_20040782_p25_1542,2020.03.22.20040782-p25-1542.png,COVID,1,test,/Users/samehissa/Downloads/COVID-CT-Dataset-master/Images-processed/CT_COVID/2020.03.22.20040782-p25-1542.png,0.2509812133012019,0.3794043267447818,0.1439476431526611,0.0072989255422726,1.718366265296936,1.6690471167955172,2.1357328341450605,3.840903950219389,26.488219210598988,0.1439476431526611,0.2980212022970931,0.0,1.718366265296936,0.4118340238928795,0.0,0.0072989255422726,0.4118340238928795,0.6615120969823175,1.5116841685256324,-0.0917001689247436,5.54125308132768,0.4549057183448067,2.0317221292532075e-06,0.0006060254756559,0.0335349215315939,0.0072989255422726
covid_2020_03_22_20040782_p25_1543,2020.03.22.20040782-p25-1543.png,COVID,1,test,/Users/samehissa/Downloads/COVID-CT-Dataset-master/Images-processed/CT_COVID/2020.03.22.20040782-p25-1543.png,0.302086479452555,0.4260766373130051,0.1815413008639581,0.0,1.9116722345352173,1.379959946223874,1.1791133895639714,3.8901552427988455,34.91808536729564,0.1815413008639581,0.350470966327066,0.0,1.9116722345352173,0.5771833956241608,0.0,0.0,0.5771833956241608,0.708993979026025,1.410445903057782,0.0972565089688164,5.612307676889433,0.5223002411755112,1.93938481455503e-06,0.0005404080904182,0.0376602099436483,0.0
covid_2020_03_22_20040782_p25_1544,2020.03.22.20040782-p25-1544.png,COVID,1,test,/Users/samehissa/Downloads/COVID-CT-Dataset-master/Images-processed/CT_COVID/2020.03.22.20040782-p25-1544.png,0.2521144290003576,0.3645381588388424,0.1328880692496131,0.0,1.3798503875732422,1.332815202222762,0.6238026428452081,3.853923320152908,25.14556858365305,0.1328880692496131,0.3008744891635615,0.0,1.3798503875732422,0.4987203925848007,0.0,0.0,0.4987203925848007,0.6915976593664491,1.445923425661311,0.1111099299437863,5.560036061766265,0.4432265273647207,1.939378372379626e-06,0.0004749318590536,0.0322209255145255,0.0
covid_2020_03_22_20040782_p25_1545,2020.03.22.20040782-p25-1545.png,COVID,1,test,/Users/samehissa/Downloads/COVID-CT-Dataset-master/Images-processed/CT_COVID/2020.03.22.20040782-p25-1545.png,0.2700212703493889,0.4045788008718316,0.1636840061148892,0.0423061158508062,1.9690021276474,1.9071882954077275,3.760041042915957,3.8777228340163226,30.284223047166336,0.1636840061148892,0.3067786072815579,0.0,1.9690021276474,0.4148933961987495,0.0,0.0423061158508062,0.4148933961987495,0.6674116447917527,1.4983219668151864,0.0563347450809546,5.5943715023925815,0.4864108269312958,2.0317368350017456e-06,0.0006723868851221,0.0357600517025992,0.0423061158508062
covid_2020_03_22_20040782_p25_1546,2020.03.22.20040782-p25-1546.png,COVID,1,test,/Users/samehissa/Downloads/COVID-CT-Dataset-master/Images-processed/CT_COVID/2020.03.22.20040782-p25-1546.png,0.2321456708305049,0.3426151490461818,0.1173851403559373,0.0135370870120823,1.7815704345703125,1.7706772860890023,3.1977612480017203,3.8768322330175407,21.923424363684163,0.1173851403559373,0.2671114203199067,0.0,1.7815704345703125,0.4041924625635147,0.0,0.0135370870120823,0.4041924625635147,0.6775678013916784,1.475862753849643,0.0260502196043605,5.593086636748231,0.4138559566338057,2.098334736980212e-06,0.0006908720641704,0.0302831869034743,0.0135370870120823
covid_2020_03_12_20034686_p17_91_1,2020.03.12.20034686-p17-91-1.png,COVID,1,test,/Users/samehissa/Downloads/COVID-CT-Dataset-master/Images-processed/CT_COVID/2020.03.12.20034686-p17-91-1.png,0.2743512063461821,0.3660710302256676,0.1340079991704817,0.0425334461033344,1.5867853164672852,1.3785268822823002,1.3922303556907716,3.9710830886734447,26.787402700043152,0.1340079991704817,0.2998241288701138,0.0,1.5867853164672852,0.5287316739559174,0.0,0.0425334461033344,0.5287316739559174,0.7494459660768304,1.3343153656986348,-0.015238286500003,5.729061878802543,0.4574675765495158,2.0645063153553714e-06,0.0007694847925454,0.0323564134835644,0.0425334461033344
covid_2020_03_12_20034686_p17_91_2,2020.03.12.20034686-p17-91-2.png,COVID,1,test,/Users/samehissa/Downloads/COVID-CT-Dataset-master/Images-processed/CT_COVID/2020.03.12.20034686-p17-91-2.png,0.32828600283392,0.472985807710128,0.2237155742952022,0.0018964582122862,1.930884599685669,1.4764677773385817,1.42327049506497,3.880376054734932,42.43037106583997,0.2237155742952022,0.3803844268333023,0.0,1.930884599685669,0.5388676524162292,0.0,0.0018964582122862,0.5388676524162292,0.6940701040336659,1.4407736048052333,0.1298456161695863,5.598199290765705,0.5757493151987892,1.9999840435047445e-06,0.0006564836951528,0.0418064340046034,0.0018964582122862
covid_2020_03_25_20037721_p27_172,2020.03.25.20037721-p27-172.png,COVID,1,test,/Users/samehissa/Downloads/COVID-CT-Dataset-master/Images-processed/CT_COVID/2020.03.25.20037721-p27-172.png,0.2945677325478755,0.4193979545748876,0.1758946443015995,0.0299456054344773,1.8286863565444944,1.4518614216567445,1.293813705990174,3.903275154976546,33.62109355007951,0.1758946443015995,0.3373017931344293,0.0,1.8286863565444944,0.4667548984289169,0.0,0.0299456054344773,0.4667548984289169,0.7023568593451933,1.4237742571030714,-0.0585029343500701,5.631235709125099,0.5125083349175856,2.0983427294062423e-06,0.000810259928194,0.0370698922119588,0.0299456054344773
covid_2020_03_25_20037721_p27_173,2020.03.25.20037721-p27-173.png,COVID,1,test,/Users/samehissa/Downloads/COVID-CT-Dataset-master/Images-processed/CT_COVID/2020.03.25.20037721-p27-173.png,0.3165471904358128,0.4532978402896138,0.2054789320112282,0.0892562232911586,1.9154709577560425,1.736584050567383,2.686793423592567,3.934869710689396,39.12717514035647,0.2054789320112282,0.3516794658471553,0.0,1.9154709577560425,0.5138462632894516,0.0,0.0892562232911586,0.5138462632894516,0.6983189946693223,1.432007150862804,0.0227237101385597,5.676817017971119,0.5528843059664788,2.20688382357017e-06,0.0011359650667528,0.0400662470957503,0.0892562232911586
covid_2020_03_25_20037721_p27_174,2020.03.25.20037721-p27-174.png,COVID,1,test,/Users/samehissa/Downloads/COVID-CT-Dataset-master/Images-processed/CT_COVID/2020.03.25.20037721-p27-174.png,0.3109213296629605,0.4706654239795524,0.2215259413298519,0.0,2.020988702774048,1.541717648832041,1.3832698848419005,3.824440024301053,40.72934586486211,0.2215259413298519,0.3731610188598324,0.0,2.020988702774048,0.4992396458983421,0.0,0.0,0.4992396458983421,0.6605980665331421,1.51377657007242,-0.0570591952591059,5.517500657051732,0.5640904311980794,1.939384433855942e-06,0.0005313829111598,0.0416013391207478,0.0
covid_2020_03_25_20037721_p27_181,2020.03.25.20037721-p27-181.png,COVID,1,test,/Users/samehissa/Downloads/COVID-CT-Dataset-master/Images-processed/CT_COVID/2020.03.25.20037721-p27-181.png,0.2165558241595135,0.3443789066325246,0.118596831333413,0.0,1.4422829151153564,1.6529670723844148,1.982801600387244,3.730691194139516,21.183136807784862,0.118596831333413,0.2730525646402952,0.0,1.4422829151153564,0.3596172258257866,0.0,0.0,0.3596172258257866,0.6288282794344112,1.590254651285007,0.0832919716405177,5.382249684688542,0.4068086236927866,1.6841998906057816e-06,0.0001862568723378,0.0304390825221833,0.0
covid_2020_03_25_20037721_p27_182,2020.03.25.20037721-p27-182.png,COVID,1,test,/Users/samehissa/Downloads/COVID-CT-Dataset-master/Images-processed/CT_COVID/2020.03.25.20037721-p27-182.png,0.2605501181205909,0.4143245213936589,0.1716648090280845,0.0,1.779147744178772,1.6681864309553096,1.974538819047588,3.75225159425048,30.66255015433452,0.1716648090280845,0.3248414345719652,0.0,1.779147744178772,0.4090289026498794,0.0,0.0,0.4090289026498794,0.6288536541127938,1.5901912629411907,-0.1107260892695756,5.4133547670082125,0.4894396521336807,1.8550567568517743e-06,0.0003561107717812,0.0366214598361658,0.0
covid_2020_03_25_20037721_p27_165,2020.03.25.20037721-p27-165.png,COVID,1,test,/Users/samehissa/Downloads/COVID-CT-Dataset-master/Images-processed/CT_COVID/2020.03.25.20037721-p27-165.png,0.4093387768079992,0.6112550158902678,0.3736326944510115,0.0,2.90492582321167,1.5575502466494968,1.8348759743123024,3.82920048079016,69.27243886715911,0.3736326944510115,0.4931008841335824,0.0,2.90492582321167,0.700234055519104,0.0,0.0,0.700234055519104,0.669668299643342,1.493274154617845,0.0064321278687592,5.524368544020934,0.735656800858716,1.85506839043556e-06,0.0004747724119533,0.0540278208462874,0.0
covid_2020_03_25_20043166_p17_78,2020.03.25.20043166-p17-78.png,COVID,1,test,/Users/samehissa/Downloads/COVID-CT-Dataset-master/Images-processed/CT_COVID/2020.03.25.20043166-p17-78.png,0.1763304400883498,0.2698363062573871,0.0728116321746303,0.0,1.2864443063735962,1.8064069714972564,3.0022173824736718,3.830403792695592,13.299719203376831,0.0728116321746303,0.2091276232416703,0.0,1.2864443063735962,0.2865980416536331,0.0,0.0,0.2865980416536331,0.6534694647453798,1.53028771505468,0.034815173637676,5.526104556139543,0.3223415211796046,1.939379686039174e-06,0.0004084106332771,0.023850385245616,0.0
covid_2020_03_25_20043166_p17_79,2020.03.25.20043166-p17-79.png,COVID,1,test,/Users/samehissa/Downloads/COVID-CT-Dataset-master/Images-processed/CT_COVID/2020.03.25.20043166-p17-79.png,0.2239683569405315,0.3344661902782131,0.1118676324392218,0.0,1.552777647972107,1.6432006289477958,2.354556493327081,3.8239780209139753,20.739770540782487,0.1118676324392218,0.2640715769276482,0.0,1.552777647972107,0.4006746113300323,0.0,0.0,0.4006746113300323,0.6696272861748636,1.493363593175,-0.0858699932868266,5.51683412705632,0.4025288279736784,1.7763605693282516e-06,0.0002659360021256,0.0295629139029193,0.0
covid_2020_03_25_20043166_p17_80,2020.03.25.20043166-p17-80.png,COVID,1,test,/Users/samehissa/Downloads/COVID-CT-Dataset-master/Images-processed/CT_COVID/2020.03.25.20043166-p17-80.png,0.1818267692397057,0.2886281688506781,0.0833062198540955,0.0,1.2199325561523438,1.5744466364674987,1.5672102513352533,3.726697881950914,14.895000814879332,0.0833062198540955,0.2308317152293852,0.0,1.2199325561523438,0.2936243116855621,0.0,0.0,0.2936243116855621,0.6299667146038644,1.5873799554243526,-0.0151075402670812,5.376488552997323,0.3411263605560918,1.7066120547117478e-06,0.0001831033879636,0.0255113669294712,0.0
covid_2020_03_25_20043166_p17_81,2020.03.25.20043166-p17-81.png,COVID,1,test,/Users/samehissa/Downloads/COVID-CT-Dataset-master/Images-processed/CT_COVID/2020.03.25.20043166-p17-81.png,0.207908571264852,0.3294448319796041,0.1085338973180696,0.0,1.6342545747756958,1.9410695219843637,3.707278282982238,3.787558715169285,19.4252635294031,0.1085338973180696,0.2522762649759329,0.0,1.6342545747756958,0.3682446777820587,0.0,0.0,0.3682446777820587,0.6310857539631086,1.5845658982473052,0.0034889693637357,5.464292175265837,0.3895636935386327,1.8823374598416164e-06,0.0003627348122945,0.0291190843399551,0.0
covid_2020_03_26_20041426_p11_119,2020.03.26.20041426-p11-119.png,COVID,1,test,/Users/samehissa/Downloads/COVID-CT-Dataset-master/Images-processed/CT_COVID/2020.03.26.20041426-p11-119.png,0.3853874628839548,0.4997512092929677,0.2497512711897835,0.1111022569239139,2.169575452804565,1.2761499817394242,1.0141113273586608,4.002825934713407,50.97917027045315,0.2497512711897835,0.4129353094535872,0.0,2.169575452804565,0.6780155897140503,0.0,0.1111022569239139,0.6780155897140503,0.7711570968924537,1.2967500435878196,-0.0288329015937242,5.774857125368099,0.6310901423235157,2.133325188475369e-06,0.001111694426261,0.0441721836246543,0.1111022569239139
covid_2020_03_26_20041426_p11_120,2020.03.26.20041426-p11-120.png,COVID,1,test,/Users/samehissa/Downloads/COVID-CT-Dataset-master/Images-processed/CT_COVID/2020.03.26.20041426-p11-120.png,0.2834049872690229,0.386580111217035,0.1494441823885751,0.0709850043058395,1.6483995914459229,1.4783246831027663,1.6723679354044538,3.963812474848273,29.40960885728387,0.1494441823885751,0.3101388898462573,0.0,1.6483995914459229,0.4966489747166633,0.0,0.0709850043058395,0.4966489747166633,0.7331061426586702,1.364055428036885,-0.1005423689109782,5.71857260029275,0.4793355496909552,2.206750736862457e-06,0.0010297564640931,0.0341691772641769,0.0709850043058395
covid_2020_03_26_20041426_p11_121,2020.03.26.20041426-p11-121.png,COVID,1,test,/Users/samehissa/Downloads/COVID-CT-Dataset-master/Images-processed/CT_COVID/2020.03.26.20041426-p11-121.png,0.2559503140873858,0.3812328158897873,0.1453384599112565,0.0,1.4857889413833618,1.4826314599368506,1.1481656073101325,3.833313645936033,26.988674968664053,0.1453384599112565,0.3055378840324465,0.0,1.4857889413833618,0.4286378696560859,0.0,0.0,0.4286378696560859,0.6713735860235956,1.489479773639301,-0.0734198758211518,5.530302586979241,0.4591829953217866,1.882340936206685e-06,0.0004122802755429,0.0336965386658139,0.0
covid_2020_03_26_20041426_p11_122,2020.03.26.20041426-p11-122.png,COVID,1,test,/Users/samehissa/Downloads/COVID-CT-Dataset-master/Images-processed/CT_COVID/2020.03.26.20041426-p11-122.png,0.3808997507294407,0.5639820490626966,0.3180757516649578,0.0,1.9583733081817627,1.3416856607093164,0.4609362008680708,3.8265807053497474,59.28452758665061,0.3180757516649578,0.4573438163120045,0.0,1.9583733081817627,0.5524184256792068,0.0,0.0,0.5524184256792068,0.6753744662405572,1.4806574380336155,-0.2052048796468367,5.5205890069848085,0.6805588672339138,1.8823471776632085e-06,0.0004932209317789,0.0498494414199646,0.0
covid_2020_03_26_20041426_p11_123,2020.03.26.20041426-p11-123.png,COVID,1,test,/Users/samehissa/Downloads/COVID-CT-Dataset-master/Images-processed/CT_COVID/2020.03.26.20041426-p11-123.png,0.3365088305690733,0.4712577108849393,0.222083830068513,0.0167270975653082,1.7961974143981934,1.3544292098610125,0.916810416657076,3.905830093905105,42.92121895929322,0.222083830068513,0.3859274190511428,0.0,1.7961974143981934,0.5778927206993103,0.0,0.0167270975653082,0.5778927206993103,0.7140638948342622,1.4004319294919865,0.0473306141938744,5.634921706847106,0.5790699639244625,2.064487339484401e-06,0.0007756280766827,0.0416536903816487,0.0167270975653082
covid_2020_03_26_20041426_p11_124,2020.03.26.20041426-p11-124.png,COVID,1,test,/Users/samehissa/Downloads/COVID-CT-Dataset-master/Images-processed/CT_COVID/2020.03.26.20041426-p11-124.png,0.2005657366426021,0.3073382694693343,0.0944568118804051,0.0,1.5889121294021606,1.6154101664764589,2.453908380457335,3.779753056953618,17.239478604210532,0.0944568118804051,0.2481594044397752,0.0,1.5889121294021606,0.3621446937322616,0.0,0.0,0.3621446937322616,0.6525874060575073,1.532356795403172,-0.0662948551108893,5.4530309908672185,0.3669924067271621,1.7777668156933405e-06,0.0002541746292371,0.027165121807488,0.0
covid_2020_03_26_20041426_p11_125,2020.03.26.20041426-p11-125.png,COVID,1,test,/Users/samehissa/Downloads/COVID-CT-Dataset-master/Images-processed/CT_COVID/2020.03.26.20041426-p11-125.png,0.3439110574690858,0.4684692633894153,0.2194634507406213,0.0449273213744163,1.8502118587493896,1.3147220588296156,0.7971654503756573,3.94390922713609,43.23049807233615,0.2194634507406213,0.3817709504462527,0.0,1.8502118587493896,0.6354137361049652,0.0,0.0449273213744163,0.6354137361049652,0.7341150214762088,1.3621814513234314,-0.0539514359386011,5.689858283520799,0.5811525326367649,2.064507220447873e-06,0.0008429112889339,0.0414072241150152,0.0449273213744163
covid_2020_03_26_20041426_p11_126,2020.03.26.20041426-p11-126.png,COVID,1,test,/Users/samehissa/Downloads/COVID-CT-Dataset-master/Images-processed/CT_COVID/2020.03.26.20041426-p11-126.png,0.2434500855742953,0.3722030222596346,0.138535089779206,0.0,1.7350282669067385,1.84271969094456,3.191718841648247,3.838389699692402,25.31878834500324,0.138535089779206,0.2848670783660054,0.0,1.7350282669067385,0.4042889252305031,0.0,0.0,0.4042889252305031,0.6540769873907336,1.5288679048175846,-0.028327472958509,5.537625784560843,0.4447505300113062,1.9692169565367265e-06,0.0005185812950067,0.0328984101272393,0.0
covid_2020_03_26_20041426_p11_127,2020.03.26.20041426-p11-127.png,COVID,1,test,/Users/samehissa/Downloads/COVID-CT-Dataset-master/Images-processed/CT_COVID/2020.03.26.20041426-p11-127.png,0.2636060534241551,0.3753672339962844,0.1409005603580213,0.0105465983506292,1.409833908081055,1.4204498760993505,1.012222214667994,3.896399772907489,26.92975510526462,0.1409005603580213,0.3030706769121707,0.0,1.409833908081055,0.4321683645248413,0.0,0.0105465983506292,0.4321683645248413,0.7022598865591926,1.4239704631983547,0.0112643972867485,5.621316629509854,0.458681492715675,2.031722082323915e-06,0.0006454113899387,0.0331780895742512,0.0105465983506292
covid_2020_03_26_20041426_p11_128,2020.03.26.20041426-p11-128.png,COVID,1,test,/Users/samehissa/Downloads/COVID-CT-Dataset-master/Images-processed/CT_COVID/2020.03.26.20041426-p11-128.png,0.2668711295318644,0.38542114677305,0.1485494603798529,0.0,1.5811758041381836,1.4235696212903135,1.0221317814828428,3.872915542587313,28.13051650015566,0.1485494603798529,0.308254419243184,0.0,1.5811758041381836,0.4195501804351806,0.0,0.0,0.4195501804351806,0.6924125449620503,1.444221963796315,0.0206449461821387,5.5874360468878415,0.4687959685806461,1.969213445607476e-06,0.0005430111075294,0.0340667383119899,0.0
covid_2020_03_26_20041426_p11_130,2020.03.26.20041426-p11-130.png,COVID,1,test,/Users/samehissa/Downloads/COVID-CT-Dataset-master/Images-processed/CT_COVID/2020.03.26.20041426-p11-130.png,0.2730271006512339,0.4111050180776596,0.1690073358886328,0.0,1.649261713027954,1.515658492071314,1.3550899006334278,3.81901130581252,31.174545098067437,0.1690073358886328,0.331040242275094,0.0,1.649261713027954,0.4708590880036354,0.0,0.0,0.4708590880036354,0.6641282020825539,1.5057297136331058,0.096339667266575,5.509668671809944,0.4935090005041973,1.9393789717542376e-06,0.0004829617226385,0.0363368932578164,0.0
covid_2020_03_26_20041426_p11_131,2020.03.26.20041426-p11-131.png,COVID,1,test,/Users/samehissa/Downloads/COVID-CT-Dataset-master/Images-processed/CT_COVID/2020.03.26.20041426-p11-131.png,0.2807932675495976,0.428672322165685,0.1837599597909209,0.0,1.7829010486602783,1.7038457296126304,2.259808069016586,3.822464623900184,33.61341681818891,0.1837599597909209,0.3338968574580576,0.0,1.7829010486602783,0.4900591745972633,0.0,0.0,0.4900591745972633,0.6550285567830816,1.526647436765794,0.1000434803886478,5.51465075668963,0.5124498208528332,1.9104384689768413e-06,0.0004662928321454,0.0378896382387925,0.0
covid_2020_03_26_20041426_p11_132,2020.03.26.20041426-p11-132.png,COVID,1,test,/Users/samehissa/Downloads/COVID-CT-Dataset-master/Images-processed/CT_COVID/2020.03.26.20041426-p11-132.png,0.2929444345354568,0.431179833073658,0.1859160484494275,0.0,1.9292410612106323,1.620390897143453,1.9324442842387783,3.8748767842254894,34.78175874236495,0.1859160484494275,0.3350427268719613,0.0,1.9292410612106323,0.4441600739955902,0.0,0.0,0.4441600739955902,0.6794004094458753,1.4718826584209086,-0.0086523694562249,5.590265520473224,0.5212796659900769,1.969224084471119e-06,0.0005931991954975,0.0381112729846583,0.0
covid_2020_03_26_20041426_p11_133,2020.03.26.20041426-p11-133.png,COVID,1,test,/Users/samehissa/Downloads/COVID-CT-Dataset-master/Images-processed/CT_COVID/2020.03.26.20041426-p11-133.png,0.269830295452266,0.3857282122254005,0.1487862537066036,0.0340600926429033,1.6002048254013062,1.5121743896051347,1.5827799651418148,3.901973056582447,28.364114182458984,0.1487862537066036,0.3107183681740935,0.0,1.6002048254013062,0.4519302397966385,0.0,0.0340600926429033,0.4519302397966385,0.6995329544670081,1.429521513063893,-0.0020089101852764,5.629357178229185,0.470738400866618,2.0645025079452894e-06,0.0007221574313509,0.034093879319943,0.0340600926429033
covid_2020_03_30_20047985_p9_56_0,2020.03.30.20047985-p9-56%0.png,COVID,1,test,/Users/samehissa/Downloads/COVID-CT-Dataset-master/Images-processed/CT_COVID/2020.03.30.20047985-p9-56%0.png,0.3473418638168368,0.4997639774411888,0.2497640331478371,0.0,2.2426774501800537,1.482012903228272,1.4929426328376465,3.875174316242558,47.41253164897166,0.2497640331478371,0.4005389368817305,0.0,2.2426774501800537,0.5666245669126511,0.0,0.0,0.5666245669126511,0.6950104138854173,1.4388244824549237,0.0802329769060175,5.590694768438754,0.6086135091399065,1.8823480361411103e-06,0.0004942386872806,0.0441733121801781,0.0
covid_2020_03_30_20047985_p9_56_1,2020.03.30.20047985-p9-56%1.png,COVID,1,test,/Users/samehissa/Downloads/COVID-CT-Dataset-master/Images-processed/CT_COVID/2020.03.30.20047985-p9-56%1.png,0.2806747141876258,0.4251591201534618,0.1807602774496658,0.0,2.126814842224121,1.7315475633091726,2.832599821299389,3.8201546543172578,33.220937297148325,0.1807602774496658,0.3314421210752698,0.0,2.126814842224121,0.4704872891306877,0.0,0.0,0.4704872891306877,0.6601623738517998,1.514775284920219,0.0787507958919667,5.511318175027736,0.5094492836720563,1.8028121953242188e-06,0.0003385272718871,0.0375791121179773,0.0
covid_2020_03_30_20047985_p9_56_2,2020.03.30.20047985-p9-56%2.png,COVID,1,test,/Users/samehissa/Downloads/COVID-CT-Dataset-master/Images-processed/CT_COVID/2020.03.30.20047985-p9-56%2.png,0.2840981378431024,0.4261389169495488,0.1815943765389345,0.00362812099047,1.7015761137008667,1.5989967323883656,1.580189006234166,3.8488941123471214,33.57518444350117,0.1815943765389345,0.3311046772421946,0.0,1.7015761137008667,0.4417991712689399,0.0,0.00362812099047,0.4417991712689399,0.6666780710823134,1.499970820593307,-0.0602272583727212,5.552780448605258,0.5121583041061161,1.9999866736129763e-06,0.0006073902630502,0.0376657147378146,0.00362812099047
covid_2020_03_30_20047985_p9_56_3,2020.03.30.20047985-p9-56%3.png,COVID,1,test,/Users/samehissa/Downloads/COVID-CT-Dataset-master/Images-processed/CT_COVID/2020.03.30.20047985-p9-56%3.png,0.3216884308658336,0.4371760400751676,0.1911228900158045,0.0272567543433979,1.6249456405639648,1.2512753173798192,0.4795325142952582,3.939215187971316,37.70961108079703,0.1911228900158045,0.3623864689753304,0.0,1.6249456405639648,0.5716374516487122,0.0,0.0272567543433979,0.5716374516487122,0.7358310281128282,1.3590045464131109,-0.0116089477094232,5.68308621649604,0.5427765070162182,2.0317179944505176e-06,0.0007372260160424,0.0386412678136791,0.0272567543433979
covid_2019_novel_Coronavirus_severe_adult_respiratory_dist_2020_International_Jour_p3_89_0,2019-novel-Coronavirus-severe-adult-respiratory-dist_2020_International-Jour-p3-89%0.png,COVID,1,test,/Users/samehissa/Downloads/COVID-CT-Dataset-master/Images-processed/CT_COVID/2019-novel-Coronavirus-severe-adult-respiratory-dist_2020_International-Jour-p3-89%0.png,0.2782639387369272,0.3864337151923773,0.1493310162373833,0.0607761340215802,2.2320399284362797,1.802488462753027,4.268119800556045,3.9584840348420496,29.025514987362783,0.1493310162373833,0.3027800415277397,0.0,2.2320399284362797,0.5165406316518784,0.0,0.0607761340215802,0.5165406316518784,0.7200800750998786,1.3887308464993535,0.0768824924350633,5.710885286320096,0.4761951657028573,2.133319606676681e-06,0.0009065900228065,0.0341562375614551,0.0607761340215802
covid_2019_novel_Coronavirus_severe_adult_respiratory_dist_2020_International_Jour_p3_89_1,2019-novel-Coronavirus-severe-adult-respiratory-dist_2020_International-Jour-p3-89%1.png,COVID,1,test,/Users/samehissa/Downloads/COVID-CT-Dataset-master/Images-processed/CT_COVID/2019-novel-Coronavirus-severe-adult-respiratory-dist_2020_International-Jour-p3-89%1.png,0.3002843814047082,0.4130020673228151,0.1705707076129191,0.0105650351615622,1.4924349784851074,1.2092866622301264,0.1796944593706264,3.92117960318996,33.37490141805152,0.1705707076129191,0.3447573996010362,0.0,1.4924349784851074,0.551067903637886,0.0,0.0105650351615622,0.551067903637886,0.7270754267062073,1.3753697924308346,-0.0123948054318938,5.657066367772444,0.5106284533087904,2.0317281567934467e-06,0.0007020135089116,0.0365045703060032,0.0105650351615622
covid_2019_novel_Coronavirus_severe_adult_respiratory_dist_2020_International_Jour_p3_91,2019-novel-Coronavirus-severe-adult-respiratory-dist_2020_International-Jour-p3-91.png,COVID,1,test,/Users/samehissa/Downloads/COVID-CT-Dataset-master/Images-processed/CT_COVID/2019-novel-Coronavirus-severe-adult-respiratory-dist_2020_International-Jour-p3-91.png,0.3639104312751442,0.5219778558054169,0.2724608819512206,0.0651678089052438,2.38942813873291,1.5695714358687127,1.8999195982140336,3.911016438759348,51.82613554458649,0.2724608819512206,0.4140116184607905,0.0,2.38942813873291,0.5987286418676376,0.0,0.0651678089052438,0.5987286418676376,0.6971746599076852,1.4343580478756917,0.0858170449524195,5.642404020848663,0.6363109962448252,2.1333237177141457e-06,0.0010138286417185,0.046136760183653,0.0651678089052438
covid_bmj_m606_full_p4_22_0,bmj.m606.full-p4-22%0.png,COVID,1,test,/Users/samehissa/Downloads/COVID-CT-Dataset-master/Images-processed/CT_COVID/bmj.m606.full-p4-22%0.png,0.2366939728235593,0.3605975331757467,0.1300305809324337,0.0088740289211273,1.413724660873413,1.7251831874005097,2.171662387681078,3.84244707059392,23.814991066039497,0.1300305809324337,0.2758702532926236,0.0,1.413724660873413,0.3509027287364006,0.0,0.0088740289211273,0.3509027287364006,0.6563919457437188,1.523475772847625,0.0240880143760055,5.543479333439509,0.4313404892928944,1.999988088488132e-06,0.0005603208350456,0.0318726201234639,0.0088740289211273
covid_bmj_m606_full_p4_22_1,bmj.m606.full-p4-22%1.png,COVID,1,test,/Users/samehissa/Downloads/COVID-CT-Dataset-master/Images-processed/CT_COVID/bmj.m606.full-p4-22%1.png,0.23693139248644,0.3184186089514195,0.101390410526557,0.018810648471117,1.164035677909851,1.2634959308770684,0.6107928752883791,3.951740604366607,20.163442594831423,0.101390410526557,0.261318654104798,0.0,1.164035677909851,0.4326346889138222,0.0,0.018810648471117,0.4326346889138222,0.7440854326361166,1.3439274787938584,0.0312974531133443,5.701156572614595,0.3968965800710816,2.031733906438358e-06,0.0006431259257223,0.028144494705692,0.018810648471117
covid_bmj_m606_full_p4_22_2,bmj.m606.full-p4-22%2.png,COVID,1,test,/Users/samehissa/Downloads/COVID-CT-Dataset-master/Images-processed/CT_COVID/bmj.m606.full-p4-22%2.png,0.3009508654504316,0.4369971109351361,0.1909664749656557,0.0883721970021724,2.54868221282959,2.0570021686224647,5.507028885556526,3.924574493578269,36.036850992770496,0.1909664749656557,0.3318964818238328,0.0,2.54868221282959,0.5046313554048538,0.0,0.0883721970021724,0.5046313554048538,0.688677726332556,1.4520546743771108,0.0362777069240973,5.661964159300021,0.5306014496597418,2.0645051229549408e-06,0.0007959393035928,0.0386254525626455,0.0883721970021724
covid_bmj_m606_full_p4_22_3,bmj.m606.full-p4-22%3.png,COVID,1,test,/Users/samehissa/Downloads/COVID-CT-Dataset-master/Images-processed/CT_COVID/bmj.m606.full-p4-22%3.png,0.345277170810732,0.4658939076057408,0.2170571331441465,0.0925471521914005,2.541330337524414,1.6201306379266855,3.077440707384463,3.985326730106959,43.04300260188288,0.2170571331441465,0.3751102500791603,0.0,2.541330337524414,0.626178577542305,0.0,0.0925471521914005,0.626178577542305,0.7411052689653342,1.3493330778626145,0.0844477272790674,5.749611109662874,0.5798909016592776,2.245600455504602e-06,0.0013190444411129,0.0411795926726897,0.0925471521914005
covid_bmj_m606_full_p4_22_4,bmj.m606.full-p4-22%4.png,COVID,1,test,/Users/samehissa/Downloads/COVID-CT-Dataset-master/Images-processed/CT_COVID/bmj.m606.full-p4-22%4.png,0.2536574375517375,0.3712302662841936,0.1378119106054332,0.0280581237748265,1.6590591669082642,1.568622906463097,1.9592646352619705,3.872900600235479,25.8757127975356,0.1378119106054332,0.2989915309921684,0.0,1.6590591669082642,0.4222146421670913,0.0,0.0280581237748265,0.4222146421670913,0.6832868365067931,1.463510275382622,-0.1681400236151275,5.587414489630951,0.4496153981246048,2.0983369519366357e-06,0.000726062896262,0.0328124298339051,0.0280581237748265
covid_bmj_m606_full_p4_22_5,bmj.m606.full-p4-22%5.png,COVID,1,test,/Users/samehissa/Downloads/COVID-CT-Dataset-master/Images-processed/CT_COVID/bmj.m606.full-p4-22%5.png,0.2815896025094844,0.3811733186561298,0.1452930988553274,0.0855264812707901,1.806928396224976,1.412008211071697,1.4169014586011135,3.968113671532463,28.74698279638744,0.1452930988553274,0.3062628993675957,0.0,1.806928396224976,0.453349620103836,0.0,0.0855264812707901,0.453349620103836,0.73874232530213,1.3536484133617517,0.0124722612077072,5.724777915418917,0.4739048460363925,2.133311484817603e-06,0.0009145296855399,0.0336912798036412,0.0855264812707901
covid_bmj_m606_full_p4_22_6,bmj.m606.full-p4-22%6.png,COVID,1,test,/Users/samehissa/Downloads/COVID-CT-Dataset-master/Images-processed/CT_COVID/bmj.m606.full-p4-22%6.png,0.339445731453452,0.4432794881790727,0.1964967046403006,0.062685277312994,1.9918925762176516,1.3265148426953055,1.3332964853209006,3.997584435178021,39.90017398301052,0.1964967046403006,0.3678879757936784,0.0,1.9918925762176516,0.62139692902565,0.0,0.062685277312994,0.62139692902565,0.7657583415138399,1.305892067874948,0.0777440177351641,5.767295239981577,0.5583190031176349,2.2455722998847006e-06,0.0012639809769658,0.0391807415065405,0.062685277312994
covid_bmj_m606_full_p4_22_7,bmj.m606.full-p4-22%7.png,COVID,1,test,/Users/samehissa/Downloads/COVID-CT-Dataset-master/Images-processed/CT_COVID/bmj.m606.full-p4-22%7.png,0.2537412533783936,0.3576082913786935,0.1278836900627886,0.0,1.5906460285186768,1.3864731712753369,1.224312145221277,3.891613941535741,24.610344157289823,0.1278836900627886,0.2927123489437235,0.0,1.5906460285186768,0.4324701875448227,0.0,0.0,0.4324701875448227,0.7095488274371822,1.4093423383757289,-4.0313873300940025e-05,5.6144121343233016,0.4384841088669312,1.9393543717680905e-06,0.0004882424961555,0.0316084059803011,0.0
covid_Comparison_of_different_samples_for_2019_novel_cor_2020_International_Journa_p2_21_0,Comparison-of-different-samples-for-2019-novel-cor_2020_International-Journa-p2-21%0.png,COVID,1,test,/Users/samehissa/Downloads/COVID-CT-Dataset-master/Images-processed/CT_COVID/Comparison-of-different-samples-for-2019-novel-cor_2020_International-Journa-p2-21%0.png,0.2925073915594112,0.4387325090126373,0.1924862144645238,0.0014907721197232,2.3336615562438965,1.735650776227175,3.1624517045932805,3.843174255627692,35.589988938421065,0.1924862144645238,0.3488869233135574,0.0,2.3336615562438965,0.5567662715911865,0.0,0.0014907721197232,0.5567662715911865,0.6667085726314691,1.499902298788666,0.0887527645237061,5.544528439681541,0.5273014209931683,2.0316888385550665e-06,0.0006289057121373,0.0387788415312279,0.0014907721197232
covid_Comparison_of_different_samples_for_2019_novel_cor_2020_International_Journa_p2_21_1,Comparison-of-different-samples-for-2019-novel-cor_2020_International-Journa-p2-21%1.png,COVID,1,test,/Users/samehissa/Downloads/COVID-CT-Dataset-master/Images-processed/CT_COVID/Comparison-of-different-samples-for-2019-novel-cor_2020_International-Journa-p2-21%1.png,0.3504797546120244,0.5333696484497396,0.2844831818873988,0.0,2.32613468170166,1.6248008432169492,1.9886947202378416,3.809205816398176,52.13686275587886,0.2844831818873988,0.417985049110257,0.0,2.32613468170166,0.6116813272237778,0.0,0.0,0.6116813272237778,0.6571035650925038,1.5218272708509837,0.152319977218628,5.495522340858381,0.6382156690965082,1.8285638983851248e-06,0.0003977237341916,0.0471436619122369,0.0
covid_Comparison_of_different_samples_for_2019_novel_cor_2020_International_Journa_p2_21_2,Comparison-of-different-samples-for-2019-novel-cor_2020_International-Journa-p2-21%2.png,COVID,1,test,/Users/samehissa/Downloads/COVID-CT-Dataset-master/Images-processed/CT_COVID/Comparison-of-different-samples-for-2019-novel-cor_2020_International-Journa-p2-21%2.png,0.1892221519228769,0.2874719027966881,0.0826400948975485,0.0035810060799121,1.1510478258132937,1.653400971552863,1.9266237361765377,3.8312653534863497,15.160975062511726,0.0826400948975485,0.2243583530644173,0.0,1.1510478258132937,0.2875292524695396,0.0,0.0035810060799121,0.2875292524695396,0.6582260452446961,1.5192296455536336,0.0530477303431662,5.527347525619794,0.3441585647283427,2.064443843839757e-06,0.0005388384817196,0.0254091664835172,0.0035810060799121
covid_Comparison_of_different_samples_for_2019_novel_cor_2020_International_Journa_p2_21_3,Comparison-of-different-samples-for-2019-novel-cor_2020_International-Journa-p2-21%3.png,COVID,1,test,/Users/samehissa/Downloads/COVID-CT-Dataset-master/Images-processed/CT_COVID/Comparison-of-different-samples-for-2019-novel-cor_2020_International-Journa-p2-21%3.png,0.243353242665762,0.3786261828888501,0.1433577863689809,0.0,1.674906611442566,1.6899343592204346,2.2544750997750764,3.777997588091336,25.930059146870043,0.1433577863689809,0.2968376164080837,0.0,1.674906611442566,0.3939414769411087,0.0,0.0,0.3939414769411087,0.6427252285718772,1.5558707118149278,0.0212906630716861,5.450498384645172,0.4500873105131072,1.8028065815961324e-06,0.0003011400287832,0.0334661426819354,0.0
covid_Comparison_of_different_samples_for_2019_novel_cor_2020_International_Journa_p2_21_4,Comparison-of-different-samples-for-2019-novel-cor_2020_International-Journa-p2-21%4.png,COVID,1,test,/Users/samehissa/Downloads/COVID-CT-Dataset-master/Images-processed/CT_COVID/Comparison-of-different-samples-for-2019-novel-cor_2020_International-Journa-p2-21%4.png,0.3060610464744968,0.4339410550418907,0.1883048392508692,0.0147909959778189,2.416382074356079,1.7491356745713806,3.7117848244676512,3.920515300908807,36.09321003775147,0.1883048392508692,0.3422706486983315,0.0,2.416382074356079,0.509300634264946,0.0,0.0147909959778189,0.509300634264946,0.7053039522637445,1.4178251693263086,0.1278918870120264,5.656107982165776,0.5310161988300671,2.031730324696442e-06,0.000716592544596,0.0383553328319207,0.0147909959778189
covid_Comparison_of_different_samples_for_2019_novel_cor_2020_International_Journa_p2_21_5,Comparison-of-different-samples-for-2019-novel-cor_2020_International-Journa-p2-21%5.png,COVID,1,test,/Users/samehissa/Downloads/COVID-CT-Dataset-master/Images-processed/CT_COVID/Comparison-of-different-samples-for-2019-novel-cor_2020_International-Journa-p2-21%5.png,0.2584210906352382,0.3636209118907682,0.1322201675642738,0.0553264245390892,1.9097278118133545,1.6504924531394536,2.8328328249445214,3.933231856693719,25.472208339120627,0.1322201675642738,0.2879159007334237,0.0,1.9097278118133545,0.4705362096428871,0.0,0.0553264245390892,0.4705362096428871,0.7106862435530776,1.4070868248289368,0.1187050328538428,5.674454094133855,0.4460959847940574,2.064506605952099e-06,0.0007379783672986,0.0321398515723997,0.0553264245390892
covid_Comparison_of_different_samples_for_2019_novel_cor_2020_International_Journa_p2_21_6,Comparison-of-different-samples-for-2019-novel-cor_2020_International-Journa-p2-21%6.png,COVID,1,test,/Users/samehissa/Downloads/COVID-CT-Dataset-master/Images-processed/CT_COVID/Comparison-of-different-samples-for-2019-novel-cor_2020_International-Journa-p2-21%6.png,0.2925886680041003,0.4609907848116837,0.212512503681292,0.0,2.6769189834594727,2.049957114298837,5.136743184875588,3.802659186785603,38.159440937690334,0.212512503681292,0.351260786808524,0.0,2.6769189834594727,0.4451951757073402,0.0,0.0,0.4451951757073402,0.634693887492211,1.5755592585192786,0.0923738346827818,5.486077550781786,0.5460042420400283,1.969182964213951e-06,0.0005297478098586,0.0407462137506062,0.0
covid_Comparison_of_different_samples_for_2019_novel_cor_2020_International_Journa_p2_21_7,Comparison-of-different-samples-for-2019-novel-cor_2020_International-Journa-p2-21%7.png,COVID,1,test,/Users/samehissa/Downloads/COVID-CT-Dataset-master/Images-processed/CT_COVID/Comparison-of-different-samples-for-2019-novel-cor_2020_International-Journa-p2-21%7.png,0.2485230438178405,0.3708562475103141,0.1375343563174313,0.0,1.658570647239685,1.576898106776577,1.9200544695729072,3.833657234500226,25.510151632117203,0.1375343563174313,0.2973531616426044,0.0,1.658570647239685,0.4335222691297531,0.0,0.0,0.4335222691297531,0.6701312849789425,1.49224088765845,0.1151821091300803,5.53079828049691,0.4464281124950753,1.939372207929347e-06,0.0004645904791859,0.0327793709324924,0.0
covid_Comparison_of_different_samples_for_2019_novel_cor_2020_International_Journa_p2_21_8,Comparison-of-different-samples-for-2019-novel-cor_2020_International-Journa-p2-21%8.png,COVID,1,test,/Users/samehissa/Downloads/COVID-CT-Dataset-master/Images-processed/CT_COVID/Comparison-of-different-samples-for-2019-novel-cor_2020_International-Journa-p2-21%8.png,0.2864825245778775,0.4019097405451957,0.1615314395451065,0.0,1.929802775382996,1.4458613463831886,1.8052511738895296,3.895507660078541,31.181270583503444,0.1615314395451065,0.3331979014367334,0.0,1.929802775382996,0.536516472697258,0.0,0.0,0.536516472697258,0.7128013652714562,1.402911891876813,0.0470038606885568,5.620029582755619,0.4935622315712788,1.939379005448186e-06,0.0005212730675512,0.0355241378705542,0.0
covid_Comparison_of_different_samples_for_2019_novel_cor_2020_International_Journa_p2_21_9,Comparison-of-different-samples-for-2019-novel-cor_2020_International-Journa-p2-21%9.png,COVID,1,test,/Users/samehissa/Downloads/COVID-CT-Dataset-master/Images-processed/CT_COVID/Comparison-of-different-samples-for-2019-novel-cor_2020_International-Journa-p2-21%9.png,0.2445566845508437,0.3702493640275708,0.1370845915628206,0.0,1.398306965827942,1.45037147118403,1.1111649823859198,3.786971749017265,25.20224813072916,0.1370845915628206,0.3030990961073883,0.0,1.398306965827942,0.4459082633256912,0.0,0.0,0.4459082633256912,0.6605170671287518,1.5139613325539476,-0.0900516424980413,5.463445362109148,0.4437257751374395,1.802783397673766e-06,0.0002940993715765,0.0327257295042377,0.0
covid_Comparison_of_different_samples_for_2019_novel_cor_2020_International_Journa_p2_21_10,Comparison-of-different-samples-for-2019-novel-cor_2020_International-Journa-p2-21%10.png,COVID,1,test,/Users/samehissa/Downloads/COVID-CT-Dataset-master/Images-processed/CT_COVID/Comparison-of-different-samples-for-2019-novel-cor_2020_International-Journa-p2-21%10.png,0.2495190921908943,0.3541500141640688,0.1254222325324101,0.0,1.4741531610488892,1.338775868563971,0.7886285025246802,3.878015660518228,24.02329726722281,0.1254222325324101,0.2894428854235684,0.0,1.4741531610488892,0.4136376827955246,0.0,0.0,0.4136376827955246,0.7045556336464385,1.4193303248038702,-0.0387256221190474,5.59479396173472,0.4332228178434028,1.8823447175228483e-06,0.0004192261987431,0.0313027345715906,0.0
covid_Comparison_of_different_samples_for_2019_novel_cor_2020_International_Journa_p2_21_11,Comparison-of-different-samples-for-2019-novel-cor_2020_International-Journa-p2-21%11.png,COVID,1,test,/Users/samehissa/Downloads/COVID-CT-Dataset-master/Images-processed/CT_COVID/Comparison-of-different-samples-for-2019-novel-cor_2020_International-Journa-p2-21%11.png,0.2418036057060817,0.3735326448648171,0.1395266367797055,0.0,2.1003994941711426,1.8928259987643408,4.221330169540155,3.8090883416834833,25.34343942555748,0.1395266367797055,0.2908588697291634,0.0,2.1003994941711426,0.4011675715446472,0.0,0.0,0.4011675715446472,0.6473408996225526,1.5447769845039254,0.0465666157170443,5.495352860670064,0.4449669881150374,1.939365957518941e-06,0.0004473608538754,0.0330159332723073,0.0
covid_ehaa254_p0_63_2,ehaa254-p0-63%2.png,COVID,1,test,/Users/samehissa/Downloads/COVID-CT-Dataset-master/Images-processed/CT_COVID/ehaa254-p0-63%2.png,0.2551051237969659,0.3278698101206766,0.1074986123885685,0.075405977666378,1.2973501682281494,1.2485412959869748,0.7551972684678616,4.01709759096228,22.089886281732333,0.1074986123885685,0.2700090638991241,0.0,1.2973501682281494,0.4321902245283127,0.0,0.075405977666378,0.4321902245283127,0.7780659818514236,1.2852341232535296,0.0820416934507711,5.79544677306362,0.4154241646510634,2.169480597640041e-06,0.0009864744180122,0.0289798707603345,0.075405977666378
covid_ehaa254_p0_63_3,ehaa254-p0-63%3.png,COVID,1,test,/Users/samehissa/Downloads/COVID-CT-Dataset-master/Images-processed/CT_COVID/ehaa254-p0-63%3.png,0.3323771473660599,0.4508576147223414,0.2032725887531192,0.0101351868361234,1.872658491134644,1.3241353557153512,0.969796363049205,3.941792366463004,40.15963607607281,0.2032725887531192,0.3699273092288422,0.0,1.872658491134644,0.5278904736042023,0.0,0.0101351868361234,0.5278904736042023,0.7372092636418901,1.3564639395192664,0.0434005979332735,5.686804299125485,0.560131374629487,1.9999920303726187e-06,0.000699512404455,0.0398505595899699,0.0101351868361234
covid_impact_of_covid19_infection_on_pregnancy_outcomes_and_the_risk_of_maternaltoneonatal_intrapartum_transmission_of_covid19_during_natural_birth_p8_41_1,impact_of_covid19_infection_on_pregnancy_outcomes_and_the_risk_of_maternaltoneonatal_intrapartum_transmission_of_covid19_during_natural_birth-p8-41%1.png,COVID,1,test,/Users/samehissa/Downloads/COVID-CT-Dataset-master/Images-processed/CT_COVID/impact_of_covid19_infection_on_pregnancy_outcomes_and_the_risk_of_maternaltoneonatal_intrapartum_transmission_of_covid19_during_natural_birth-p8-41%1.png,0.2537083169372636,0.3185513815291071,0.1014749826741027,0.1113526746630668,1.483922839164734,1.348880532469885,1.4702596127088885,4.061363820601129,21.22789027292695,0.1014749826741027,0.2589749137459876,0.0,1.483922839164734,0.4558487832546234,0.0,0.1113526746630668,0.4558487832546234,0.7964414383575451,1.2555811546685631,-0.0656922724753411,5.859309443042439,0.4072381278284755,2.3272546323815717e-06,0.0014068993639531,0.0281562302544468,0.1113526746630668
covid_impact_of_covid19_infection_on_pregnancy_outcomes_and_the_risk_of_maternaltoneonatal_intrapartum_transmission_of_covid19_during_natural_birth_p8_41_3,impact_of_covid19_infection_on_pregnancy_outcomes_and_the_risk_of_maternaltoneonatal_intrapartum_transmission_of_covid19_during_natural_birth-p8-41%3.png,COVID,1,test,/Users/samehissa/Downloads/COVID-CT-Dataset-master/Images-processed/CT_COVID/impact_of_covid19_infection_on_pregnancy_outcomes_and_the_risk_of_maternaltoneonatal_intrapartum_transmission_of_covid19_during_natural_birth-p8-41%3.png,0.2186422939121257,0.3363158537142223,0.1131083534595261,0.0,1.51490581035614,1.7331340471491068,2.309993725369057,3.820473786063164,20.59683918677537,0.1131083534595261,0.2569894691528134,0.0,1.51490581035614,0.3045232594013214,0.0,0.0,0.3045232594013214,0.6501080498865279,1.5382012679092665,-0.1381329349672379,5.5117785848149445,0.4011393849358132,1.9104353203209325e-06,0.0004160605061913,0.0297264025977336,0.0
covid_impact_of_covid19_infection_on_pregnancy_outcomes_and_the_risk_of_maternaltoneonatal_intrapartum_transmission_of_covid19_during_natural_birth_p8_41_5,impact_of_covid19_infection_on_pregnancy_outcomes_and_the_risk_of_maternaltoneonatal_intrapartum_transmission_of_covid19_during_natural_birth-p8-41%5.png,COVID,1,test,/Users/samehissa/Downloads/COVID-CT-Dataset-master/Images-processed/CT_COVID/impact_of_covid19_infection_on_pregnancy_outcomes_and_the_risk_of_maternaltoneonatal_intrapartum_transmission_of_covid19_during_natural_birth-p8-41%5.png,0.2090808440952969,0.282135913217798,0.0796006735272408,0.037235103547573,1.208821177482605,1.1756281697202258,0.3114263952599425,3.941632871340279,15.784380530539863,0.0796006735272408,0.2386777876307633,0.0,1.208821177482605,0.4247875437140465,0.0,0.037235103547573,0.4247875437140465,0.7410616417068943,1.3494106284036396,0.188833840680575,5.68657419630288,0.3511630289407509,2.098336419600028e-06,0.0006925621016092,0.0249375271815705,0.037235103547573
covid_kjr_21_e24_p2_8,kjr-21-e24-p2-8.png,COVID,1,test,/Users/samehissa/Downloads/COVID-CT-Dataset-master/Images-processed/CT_COVID/kjr-21-e24-p2-8.png,0.2707477149815531,0.4031862023785369,0.1625591137884265,0.0212786914780735,1.5306111574172974,1.5482854486931543,1.3631406581693335,3.855703625221992,30.190520186388337,0.1625591137884265,0.3160947830215264,0.0,1.5306111574172974,0.4293570294976234,0.0,0.0212786914780735,0.4293570294976234,0.6715186230721644,1.4891582830385373,-0.0453822705768462,5.562604499060703,0.4856577384909653,2.0317331553075734e-06,0.0006478082745061,0.0356369622228393,0.0212786914780735
covid_kjr_21_e25_p1_6,kjr-21-e25-p1-6.png,COVID,1,test,/Users/samehissa/Downloads/COVID-CT-Dataset-master/Images-processed/CT_COVID/kjr-21-e25-p1-6.png,0.3358550047187236,0.5052837263251531,0.2553116440890321,0.0,2.041364908218384,1.5191304606467888,1.3662170964529992,3.8204962754230025,47.118109220306685,0.2553116440890321,0.4054535931789047,0.0,2.041364908218384,0.5672208517789841,0.0,0.0,0.5672208517789841,0.6646846564338843,1.5044698433132622,0.129581071487798,5.511811030102859,0.6067208816940834,1.8822297294981171e-06,0.0004511277091692,0.0446611936634654,0.0
covid_kjr_21_e25_p1_8,kjr-21-e25-p1-8.png,COVID,1,test,/Users/samehissa/Downloads/COVID-CT-Dataset-master/Images-processed/CT_COVID/kjr-21-e25-p1-8.png,0.3580568366596708,0.5199606241218354,0.2703590506371686,0.0,2.071091890335083,1.4526502259051095,1.1712684039122774,3.868395307941552,51.01615986123504,0.2703590506371686,0.4210133289700479,0.0,2.071091890335083,0.6391981542110443,0.0,0.0,0.6391981542110443,0.6886216598472896,1.452173428589083,0.0475769185833588,5.580914726780749,0.6313190547701683,1.9692185705813e-06,0.000629637600176,0.0459584604083174,0.0
covid_kjr_21_e25_p1_10,kjr-21-e25-p1-10.png,COVID,1,test,/Users/samehissa/Downloads/COVID-CT-Dataset-master/Images-processed/CT_COVID/kjr-21-e25-p1-10.png,0.3860127424304664,0.5841730036697645,0.3412580982165547,0.0,2.478315830230713,1.5135417553515909,1.3192652303523866,3.816517900090045,62.75378374851128,0.3412580982165547,0.469569132493973,0.0,2.478315830230713,0.6262889206409454,0.0,0.0,0.6262889206409454,0.660783841810052,1.5133516059382244,0.1623733576479413,5.506071447739204,0.7001885000021383,1.969218296933852e-06,0.0006226545681084,0.0516340865351255,0.0
covid_kjr_21_e25_p1_12,kjr-21-e25-p1-12.png,COVID,1,test,/Users/samehissa/Downloads/COVID-CT-Dataset-master/Images-processed/CT_COVID/kjr-21-e25-p1-12.png,0.3382482134547899,0.463518809050814,0.214849686343885,0.0022505708038806,2.1793525218963623,1.3766346508305471,1.4392598576026394,3.927195724974858,42.14547715190299,0.214849686343885,0.3798478653097845,0.0,2.1793525218963623,0.6466157883405685,0.0,0.0022505708038806,0.6466157883405685,0.7297384207752575,1.3703510931115908,0.0653519188171948,5.665745796836902,0.573813157961058,1.999981661596836e-06,0.000677753775742,0.0409696616359178,0.0022505708038806
covid_kjr_21_e25_p1_14,kjr-21-e25-p1-14.png,COVID,1,test,/Users/samehissa/Downloads/COVID-CT-Dataset-master/Images-processed/CT_COVID/kjr-21-e25-p1-14.png,0.2974737509757688,0.3816841769598623,0.1456828109415275,0.0627919528633356,2.0051443576812744,1.3365030411573025,1.916748365823524,4.008489917882188,29.974200763023514,0.1456828109415275,0.3158279699539434,0.0,2.0051443576812744,0.5195120573043823,0.0,0.0627919528633356,0.5195120573043823,0.779369409483384,1.283085232588986,-0.0067462753291641,5.783028525797377,0.4839147068039172,2.0983444843733686e-06,0.0008839531713219,0.0337364337249906,0.0627919528633356
covid_med_9780198814924_chapter_17_p10_515,med-9780198814924-chapter-17-p10-515.png,COVID,1,test,/Users/samehissa/Downloads/COVID-CT-Dataset-master/Images-processed/CT_COVID/med-9780198814924-chapter-17-p10-515.png,0.3188297966116806,0.3989230524903883,0.1591396018082491,0.0938852541148662,1.810198426246643,1.1526309191588284,0.7746967492767336,4.030266976494225,33.38138125000893,0.1591396018082491,0.3389288564403614,0.0,1.810198426246643,0.6459307223558426,0.0,0.0938852541148662,0.6459307223558426,0.7992243000172634,1.251210071109688,-0.0737048715046248,5.814446180262111,0.5106780208856602,2.1694784996474044e-06,0.001098492210694,0.0352601494484488,0.0938852541148662
covid_Ni2020_Article_CombinationOfWesternMedicineAn_p3_10_0,Ni2020_Article_CombinationOfWesternMedicineAn-p3-10%0.png,COVID,1,test,/Users/samehissa/Downloads/COVID-CT-Dataset-master/Images-processed/CT_COVID/Ni2020_Article_CombinationOfWesternMedicineAn-p3-10%0.png,0.2573855694645317,0.4139557355226647,0.1713593509721103,0.0,1.7719614505767822,1.7159628279599617,2.2115655606888387,3.7288633640349023,30.41365533960854,0.1713593509721103,0.3216501492431689,0.0,1.7719614505767822,0.398595854640007,0.0,0.0,0.398595854640007,0.621769251174413,1.6083098068934618,0.0407380424134946,5.379612683261025,0.4874491587239552,1.7066624159894755e-06,0.0002207399813508,0.0365888634623926,0.0
covid_Ni2020_Article_CombinationOfWesternMedicineAn_p3_10_1,Ni2020_Article_CombinationOfWesternMedicineAn-p3-10%1.png,COVID,1,test,/Users/samehissa/Downloads/COVID-CT-Dataset-master/Images-processed/CT_COVID/Ni2020_Article_CombinationOfWesternMedicineAn-p3-10%1.png,0.1974112665338907,0.3208791121091628,0.1029634045879647,0.0,1.5915188789367676,1.9437532102074708,3.738027372355577,3.7418905663520654,18.167630431037384,0.1029634045879647,0.2448662463571054,0.0,1.5915188789367676,0.3056807145476341,0.0,0.0,0.3056807145476341,0.6152181424903385,1.6254346458694937,-0.0466976865467048,5.398406963440655,0.3767421037559773,1.7534189487677798e-06,0.0002368619771516,0.0283619745141884,0.0
covid_Ni2020_Article_CombinationOfWesternMedicineAn_p4_13_0,Ni2020_Article_CombinationOfWesternMedicineAn-p4-13%0.png,COVID,1,test,/Users/samehissa/Downloads/COVID-CT-Dataset-master/Images-processed/CT_COVID/Ni2020_Article_CombinationOfWesternMedicineAn-p4-13%0.png,0.3291016540097189,0.4575952409368228,0.2093934045280289,0.0,2.184436559677124,1.3078065521210869,1.169580524223286,3.89039633991133,40.6657668095951,0.2093934045280289,0.3878090529161682,0.0,2.184436559677124,0.6561613529920578,0.0,0.0,0.6561613529920578,0.7191965854788475,1.3904373781218045,0.1387674147291549,5.612655506497989,0.5636499828794123,1.9104380134507347e-06,0.0005092899495457,0.0404460872381399,0.0
covid_Ni2020_Article_CombinationOfWesternMedicineAn_p4_13_1,Ni2020_Article_CombinationOfWesternMedicineAn-p4-13%1.png,COVID,1,test,/Users/samehissa/Downloads/COVID-CT-Dataset-master/Images-processed/CT_COVID/Ni2020_Article_CombinationOfWesternMedicineAn-p4-13%1.png,0.371164731652243,0.509661023767464,0.2597543591476995,0.0517858648672699,2.0076088905334477,1.419781264841034,1.2967564976378585,3.94405855525582,50.88225499778319,0.2597543591476995,0.4114067969130701,0.0,2.0076088905334477,0.6342119723558426,0.0,0.0517858648672699,0.6342119723558426,0.7282565981835619,1.3731396878650175,0.0351269215740956,5.6900737184585966,0.630489981815874,2.064507294407883e-06,0.0008798259753165,0.0450480957515564,0.0517858648672699
covid_PIIS0140673620301549_0_0,PIIS0140673620301549_0%0.png,COVID,1,test,/Users/samehissa/Downloads/COVID-CT-Dataset-master/Images-processed/CT_COVID/PIIS0140673620301549_0%0.png,0.3243912672587612,0.4968679993475641,0.246877808775651,0.0,2.929196834564209,2.052804741119024,5.444281650526152,3.8370302508079073,45.0697603903227,0.246877808775651,0.3825142404699022,0.0,2.929196834564209,0.5977999269962311,0.0,0.0,0.5977999269962311,0.652870812396663,1.531693511808446,0.05772612666194,5.53566451439684,0.5933864702277901,1.9692129712643262e-06,0.0005832806802431,0.0439173414616569,0.0
covid_PIIS0140673620301549_0_1,PIIS0140673620301549_0%1.png,COVID,1,test,/Users/samehissa/Downloads/COVID-CT-Dataset-master/Images-processed/CT_COVID/PIIS0140673620301549_0%1.png,0.2897708296732162,0.4163898720507679,0.1733805255464549,0.0,1.5456424951553345,1.2951017838036742,0.6135749434482998,3.8443011784516647,32.94050038732274,0.1733805255464549,0.3474720057131435,0.0,1.5456424951553345,0.575636476278305,0.0,0.0,0.575636476278305,0.6959106193804515,1.4369626940032023,0.1079429255245195,5.546154245651154,0.5072944502711999,1.8285608322550691e-06,0.0003627245590864,0.0368040127680621,0.0
covid_PIIS0140673620301549_1,PIIS0140673620301549_1.png,COVID,1,test,/Users/samehissa/Downloads/COVID-CT-Dataset-master/Images-processed/CT_COVID/PIIS0140673620301549_1.png,0.2871703077544225,0.4061234513953168,0.1649362577732442,0.0,1.623464584350586,1.2813726218489876,0.5434554078607672,3.876732987711127,31.66758955891379,0.1649362577732442,0.336672760895226,0.0,1.623464584350586,0.5626755952835083,0.0,0.0,0.5626755952835083,0.7070992814340409,1.4142250797830345,0.0610278010178684,5.592943456036835,0.4973962639877927,1.882346257584445e-06,0.0004475131448165,0.0358965808100642,0.0
covid_PIIS0140673620301549_2,PIIS0140673620301549_2.png,COVID,1,test,/Users/samehissa/Downloads/COVID-CT-Dataset-master/Images-processed/CT_COVID/PIIS0140673620301549_2.png,0.2473756515464629,0.3791792696383265,0.1437769185234547,0.0,1.8273241519927976,1.6219293233835852,2.1282303920373007,3.798871588380852,26.23636883219094,0.1437769185234547,0.3042899260254899,0.0,1.8273241519927976,0.4431648552417755,0.0,0.0,0.4431648552417755,0.6523958954468206,1.532807563185368,0.0109023461407302,5.48061320134637,0.4527379280571617,1.9104346988828017e-06,0.0004219819742647,0.0335150291058278,0.0
covid_PIIS0140673620302117_1,PIIS0140673620302117_1.png,COVID,1,test,/Users/samehissa/Downloads/COVID-CT-Dataset-master/Images-processed/CT_COVID/PIIS0140673620302117_1.png,0.2868095922312932,0.3850315663920887,0.1482493071183454,0.0449699368327856,1.6356382369995115,1.4440687276379292,1.568127881889196,3.972998413706837,29.505158312220946,0.1482493071183454,0.3093270189440318,0.0,1.6356382369995115,0.4726213589310646,0.0,0.0449699368327856,0.4726213589310646,0.7448969704532149,1.3424640486974575,0.0456133316040872,5.73182510872991,0.4801135795978136,2.0645068554896578e-06,0.0007934905404558,0.0340323039458405,0.0449699368327856
covid_PIIS0140673620302117_2,PIIS0140673620302117_2.png,COVID,1,test,/Users/samehissa/Downloads/COVID-CT-Dataset-master/Images-processed/CT_COVID/PIIS0140673620302117_2.png,0.3096605699456631,0.433928116214736,0.1882936100416694,7.681961869820952e-05,1.75667405128479,1.3240055089657017,0.8345156598722125,3.895924157771408,36.37545966345503,0.1882936100416694,0.3587247400000422,0.0,1.75667405128479,0.5852637588977814,0.0,7.681961869820952e-05,0.5852637588977814,0.7136201706096699,1.401302452846607,-0.107549874288924,5.6206304619116585,0.5330884341464767,1.9997875684854927e-06,0.0006167678527825,0.038354189190368,7.681961869820952e-05
covid_PIIS0140673620303603_0,PIIS0140673620303603%0.png,COVID,1,test,/Users/samehissa/Downloads/COVID-CT-Dataset-master/Images-processed/CT_COVID/PIIS0140673620303603%0.png,0.1849698908044956,0.2818362800521938,0.0794316887536586,0.0374055560678243,1.3282394409179688,1.765964420431827,2.5185624037536085,3.8578352039680777,14.546630305009362,0.0794316887536586,0.2148067940534019,0.0,1.3282394409179688,0.2594828605651855,0.0,0.0374055560678243,0.2594828605651855,0.6563002977116472,1.5236873354165583,0.1781782774319109,5.565679717146944,0.3371135554347906,2.245489089684196e-06,0.0008185319520528,0.0249110431011621,0.0374055560678243
covid_PIIS0140673620303603_1,PIIS0140673620303603%1.png,COVID,1,test,/Users/samehissa/Downloads/COVID-CT-Dataset-master/Images-processed/CT_COVID/PIIS0140673620303603%1.png,0.1674811410076699,0.2469342325162885,0.0609765151884084,0.0296831373125314,1.1074410676956177,1.8017193155519104,2.8151241608041984,3.902487909925692,11.395385316049856,0.0609765151884084,0.1860120913396272,0.0,1.1074410676956177,0.2367726750671863,0.0,0.0296831373125314,0.2367726750671863,0.6782391451435446,1.4744002281724362,0.0501815355821119,5.630099954594266,0.2983730010936637,2.20524774183949e-06,0.0007294568225557,0.0218261087899204,0.0296831373125314
covid_PIIS0140673620303603_2,PIIS0140673620303603%2.png,COVID,1,test,/Users/samehissa/Downloads/COVID-CT-Dataset-master/Images-processed/CT_COVID/PIIS0140673620303603%2.png,0.2914612845488591,0.3697472679488126,0.136713042155611,0.1070996969938278,2.0881240367889404,1.5861596893721202,3.3628311366270287,4.06164749033889,28.372828485949704,0.136713042155611,0.293399106873494,0.0,2.0881240367889404,0.4958022609353065,0.0,0.1070996969938278,0.4958022609353065,0.7882695060770605,1.268598224018429,0.0703512119675776,5.859718691966357,0.4708107077653205,2.3703554798186105e-06,0.0016522243914273,0.0326813500614756,0.1070996969938278
covid_PIIS0140673620303603_3,PIIS0140673620303603%3.png,COVID,1,test,/Users/samehissa/Downloads/COVID-CT-Dataset-master/Images-processed/CT_COVID/PIIS0140673620303603%3.png,0.2205531454455922,0.3400710427608808,0.1156483141244728,0.02354930434376,1.531093716621399,1.8789837120592323,2.9927169447524715,3.849276810383124,21.029376523573426,0.1156483141244728,0.2543125828299253,0.0,1.531093716621399,0.3452831283211708,0.0,0.02354930434376,0.3452831283211708,0.6485483006924876,1.54190067012566,-0.0165312849755653,5.553332565163956,0.4053295006416599,2.133304544029286e-06,0.0007314902397861,0.0300583175526749,0.02354930434376
covid_PIIS0140673620303603_4,PIIS0140673620303603%4.png,COVID,1,test,/Users/samehissa/Downloads/COVID-CT-Dataset-master/Images-processed/CT_COVID/PIIS0140673620303603%4.png,0.18627554059276,0.2660790329454791,0.0707980517732013,0.0038414404261857,1.036757230758667,1.3793472682891386,0.9289982704335672,3.881992101246783,13.503568485929776,0.0707980517732013,0.2175662122929225,0.0,1.036757230758667,0.3020790293812752,0.0,0.0038414404261857,0.3020790293812752,0.7000733521065398,1.4284163776885088,0.0227902861517061,5.600530753054196,0.324802445797944,2.031708511120584e-06,0.0005235502163212,0.0235182860659133,0.0038414404261857
covid_PIIS0140673620303603_5,PIIS0140673620303603%5.png,COVID,1,test,/Users/samehissa/Downloads/COVID-CT-Dataset-master/Images-processed/CT_COVID/PIIS0140673620303603%5.png,0.1814781666216731,0.3171766189580283,0.1006010076136463,0.0,1.640419363975525,2.0848812639153884,4.131291456043932,3.654781544512183,17.092522569473292,0.1006010076136463,0.2351015721673661,0.0,1.640419363975525,0.2654414400458336,0.0,0.0,0.2654414400458336,0.572165738609974,1.7477398238171826,-0.0228767199859002,5.27273520961557,0.3654248658397648,1.8027695918618997e-06,0.0002426655724782,0.0280347172623804,0.0
covid_PIIS0140673620303603_6,PIIS0140673620303603%6.png,COVID,1,test,/Users/samehissa/Downloads/COVID-CT-Dataset-master/Images-processed/CT_COVID/PIIS0140673620303603%6.png,0.1985360536855296,0.3005929967708873,0.0903561497077026,0.0,1.2995026111602783,1.5506327173859915,1.5813679077991498,3.82143041621184,16.61090743305295,0.0903561497077026,0.238691513412391,0.0,1.2995026111602783,0.3090420514345169,0.0,0.0,0.3090420514345169,0.660479104101516,1.5140474044427736,0.0351122449349013,5.513158710386405,0.3602398011335313,1.9692145025422747e-06,0.0004568811666103,0.026568918299235,0.0
covid_PIIS0140673620303603_7,PIIS0140673620303603%7.png,COVID,1,test,/Users/samehissa/Downloads/COVID-CT-Dataset-master/Images-processed/CT_COVID/PIIS0140673620303603%7.png,0.2052972285164287,0.3356059865835331,0.1126313782307066,0.0,1.5854854583740234,1.9326781680298375,3.465564221880518,3.740953847429676,19.81162627420587,0.1126313782307066,0.2530216012821711,0.0,1.5854854583740234,0.2849395796656608,0.0,0.0,0.2849395796656608,0.611719173686898,1.6347321832290422,0.113413278404352,5.397055563696616,0.3934187721337574,1.828560177363589e-06,0.0003002095065105,0.0296636586150022,0.0
covid_PIIS0140673620303603_8,PIIS0140673620303603%8.png,COVID,1,test,/Users/samehissa/Downloads/COVID-CT-Dataset-master/Images-processed/CT_COVID/PIIS0140673620303603%8.png,0.2097055516496766,0.3261932645829044,0.1064020458592526,0.0,1.3609037399291992,1.63357368552381,1.9192526833204244,3.778165592246381,19.248443424249324,0.1064020458592526,0.2577369610035021,0.0,1.3609037399291992,0.3509347289800644,0.0,0.0,0.3509347289800644,0.6428854655609024,1.5554822560340518,0.0202771018698072,5.450740763406504,0.3877866220641808,1.8550487435991756e-06,0.0003246266988705,0.0288316836704936,0.0
covid_Recurrence_of_positive_SARS_CoV_2_RNA_in_C_2020_International_Journal_of_Inf_p1_21_0,Recurrence-of-positive-SARS-CoV-2-RNA-in-C_2020_International-Journal-of-Inf-p1-21%0.png,COVID,1,test,/Users/samehissa/Downloads/COVID-CT-Dataset-master/Images-processed/CT_COVID/Recurrence-of-positive-SARS-CoV-2-RNA-in-C_2020_International-Journal-of-Inf-p1-21%0.png,0.1814177961005043,0.2613335408845706,0.0682952195912675,0.0178743344731628,1.2394322156906128,1.5486742510234528,1.8566065255378763,3.893194449488624,12.954577450653666,0.0682952195912675,0.207311724157222,0.0,1.2394322156906128,0.2950543910264969,0.0,0.0178743344731628,0.2950543910264969,0.6941975426839391,1.4405066454439426,-0.0692781358471082,5.616692325309012,0.3181314764892524,2.064490125068257e-06,0.000579071627104,0.0230988398638714,0.0178743344731628
covid_Recurrence_of_positive_SARS_CoV_2_RNA_in_C_2020_International_Journal_of_Inf_p1_21_1,Recurrence-of-positive-SARS-CoV-2-RNA-in-C_2020_International-Journal-of-Inf-p1-21%1.png,COVID,1,test,/Users/samehissa/Downloads/COVID-CT-Dataset-master/Images-processed/CT_COVID/Recurrence-of-positive-SARS-CoV-2-RNA-in-C_2020_International-Journal-of-Inf-p1-21%1.png,0.2369941359429503,0.3492719878475497,0.1219909214949789,0.0,1.451499104499817,1.5462433437921708,1.5871649454766643,3.852035062087134,22.80411417168954,0.1219909214949789,0.2757543477461013,0.0,1.451499104499817,0.3859568908810615,0.0,0.0,0.3859568908810615,0.67853554150713,1.4737579326925925,0.136839651460559,5.557311881218856,0.4220866522010907,1.910409951496315e-06,0.0004279546962343,0.0308715738856884,0.0
covid_Talaromyces_marneffei_infection_relapse_presenting_as_ost_2020_International_p1_12_0,Talaromyces-marneffei-infection-relapse-presenting-as-ost_2020_International-p1-12%0.png,COVID,1,test,/Users/samehissa/Downloads/COVID-CT-Dataset-master/Images-processed/CT_COVID/Talaromyces-marneffei-infection-relapse-presenting-as-ost_2020_International-p1-12%0.png,0.204491023774608,0.3059790326739409,0.0936231684360806,0.0,1.4235737323760986,1.6551834478128158,2.204870347478929,3.846834477476326,17.33628764677989,0.0936231684360806,0.2405130464203466,0.0,1.4235737323760986,0.3390075042843818,0.0,0.0,0.3390075042843818,0.6683149288781148,1.4962956663134217,0.0111345663008523,5.54980902359112,0.368021395085215,1.9393816812720597e-06,0.0004423263318612,0.0270449811130804,0.0
covid_Talaromyces_marneffei_infection_relapse_presenting_as_ost_2020_International_p1_12_1,Talaromyces-marneffei-infection-relapse-presenting-as-ost_2020_International-p1-12%1.png,COVID,1,test,/Users/samehissa/Downloads/COVID-CT-Dataset-master/Images-processed/CT_COVID/Talaromyces-marneffei-infection-relapse-presenting-as-ost_2020_International-p1-12%1.png,0.2240280475234612,0.3614700047035472,0.1306605643003824,0.0,2.089137554168701,2.1773579703556,5.886325811883163,3.772430243619748,23.14868868832725,0.1306605643003824,0.2734059754438931,0.0,2.089137554168701,0.3636795580387115,0.0,0.0,0.3636795580387115,0.6197676842910074,1.6135033479042056,-0.075386320949472,5.442466404385092,0.4252636010494628,1.855060176734432e-06,0.0003448994534011,0.0319497364401764,0.0
covid_Talaromyces_marneffei_infection_relapse_presenting_as_ost_2020_International_p1_12_2,Talaromyces-marneffei-infection-relapse-presenting-as-ost_2020_International-p1-12%2.png,COVID,1,test,/Users/samehissa/Downloads/COVID-CT-Dataset-master/Images-processed/CT_COVID/Talaromyces-marneffei-infection-relapse-presenting-as-ost_2020_International-p1-12%2.png,0.2462787723197834,0.3796783096589099,0.144155618825447,0.0,1.6772456169128418,1.704431242256966,2.4509867302396184,3.8028820995564137,26.21553312266071,0.144155618825447,0.3010961722068259,0.0,1.6772456169128418,0.4503008276224136,0.0,0.0,0.4503008276224136,0.6486494419225303,1.541660720827016,-0.0338078662032725,5.486399145930784,0.4525581205997598,1.969212780940327e-06,0.0004910257172147,0.0335591384286576,0.0
covid_Talaromyces_marneffei_infection_relapse_presenting_as_ost_2020_International_p1_12_3,Talaromyces-marneffei-infection-relapse-presenting-as-ost_2020_International-p1-12%3.png,COVID,1,test,/Users/samehissa/Downloads/COVID-CT-Dataset-master/Images-processed/CT_COVID/Talaromyces-marneffei-infection-relapse-presenting-as-ost_2020_International-p1-12%3.png,0.2036234447550668,0.3343172978783055,0.1117680556606516,0.0014281549956649,1.4425650835037231,2.005870506705428,3.5825573092809533,3.758612380355401,19.613512053065136,0.1117680556606516,0.2483060083878854,0.0,1.4425650835037231,0.3190257549285888,0.0,0.0014281549956649,0.3190257549285888,0.6090705954395217,1.641840890573513,-0.0143299729477901,5.422531441577934,0.3914467561681555,1.999970453593559e-06,0.0004750653984715,0.0295497535497141,0.0014281549956649
covid_kjr_21_e24_p3_16,kjr-21-e24-p3-16.png,COVID,1,test,/Users/samehissa/Downloads/COVID-CT-Dataset-master/Images-processed/CT_COVID/kjr-21-e24-p3-16.png,0.2271317306003766,0.3057785411302123,0.0935005162157209,0.0634884014725685,1.1443614959716797,1.3467819655374702,0.8725930294244661,3.9752159630383135,18.5714354254391,0.0935005162157209,0.2475362640639105,0.0,1.1443614959716797,0.364572562277317,0.0,0.0634884014725685,0.364572562277317,0.7427957075246427,1.3462607814502572,-0.0608211508714577,5.735024356153357,0.3809059454264831,2.2068790328250314e-06,0.0009641722949855,0.0270272599968128,0.0634884014725685
covid_kjr_21_e24_p5_29,kjr-21-e24-p5-29.png,COVID,1,test,/Users/samehissa/Downloads/COVID-CT-Dataset-master/Images-processed/CT_COVID/kjr-21-e24-p5-29.png,0.3156281916380976,0.4068070331690479,0.1654919622358028,0.0761955641210079,1.9147711992263796,1.2714232535560357,1.0738949352672948,4.016550630949929,33.93447905184493,0.1654919622358028,0.3357638395077629,0.0,1.9147711992263796,0.509504497051239,0.0,0.0761955641210079,0.509504497051239,0.7758651892376452,1.2888805371210212,0.1568404999746007,5.794657676566237,0.5148913648455745,2.3272504045782684e-06,0.0014800268354807,0.0359570014735268,0.0761955641210079
covid_kjr_21_e24_p5_31,kjr-21-e24-p5-31.png,COVID,1,test,/Users/samehissa/Downloads/COVID-CT-Dataset-master/Images-processed/CT_COVID/kjr-21-e24-p5-31.png,0.3265507553878706,0.468234964046142,0.2192439815552919,0.0,2.024651288986206,1.5023370175010222,1.611094987569606,3.886050387786984,41.71256030715914,0.2192439815552919,0.3766559203018005,0.0,2.024651288986206,0.5504248440265656,0.0,0.0,0.5504248440265656,0.6974063943445636,1.433881123594345,0.0984813247901242,5.6063856229202536,0.5708584565368904,1.9393871749056843e-06,0.0005695586634175,0.0413865147832082,0.0
noncovid_112,112.png,NonCOVID,0,test,/Users/samehissa/Downloads/COVID-CT-Dataset-master/Images-processed/CT_NonCOVID/112.png,0.1914037559727148,0.2892362475077495,0.0836576068723641,0.0123278151731938,1.214145541191101,1.708163103667028,2.2602873168407376,3.852432880692557,15.397504598121818,0.0836576068723641,0.2229584571564373,0.0,1.214145541191101,0.2747954949736595,0.0,0.0123278151731938,0.2747954949736595,0.6617534830730493,1.511131513787958,-0.0943600096277829,5.557885812148073,0.3468328194863149,2.0317252883588644e-06,0.0005449027084616,0.02556511399721,0.0123278151731938
noncovid_166,166.png,NonCOVID,0,test,/Users/samehissa/Downloads/COVID-CT-Dataset-master/Images-processed/CT_NonCOVID/166.png,0.2143102455374901,0.3424978147123748,0.1173047530827522,0.0,1.7323814630508425,1.9362373089226268,3.7500515993602654,3.7733572362248298,20.89390520641172,0.1173047530827522,0.2612005488516615,0.0,1.7323814630508425,0.3351177722215652,0.0,0.0,0.3351177722215652,0.6257255100793985,1.598140181554971,0.0014186136911208,5.443803772019383,0.4040218241940546,1.8823399302681943e-06,0.0003643436272389,0.0302728159155867,0.0
noncovid_167,167.png,NonCOVID,0,test,/Users/samehissa/Downloads/COVID-CT-Dataset-master/Images-processed/CT_NonCOVID/167.png,0.1810078855778556,0.3038009483571403,0.0922950162226978,0.0,1.5908465385437012,2.081661038706677,4.529573553831809,3.700676212412474,16.00753547060018,0.0922950162226978,0.2256381685847373,0.0,1.5908465385437012,0.2555080130696296,0.0,0.0,0.2555080130696296,0.5958088371608082,1.678385156465841,-0.0722311506899264,5.338947219398564,0.3536366367672669,1.7066598809033683e-06,0.0001883306110334,0.0268524638392797,0.0
noncovid_176,176.png,NonCOVID,0,test,/Users/samehissa/Downloads/COVID-CT-Dataset-master/Images-processed/CT_NonCOVID/176.png,0.1996518332994128,0.302405922974974,0.0914493422503459,0.0,1.1505707502365112,1.5352908624041592,1.41163761973461,3.808730709083067,16.80770518914079,0.0914493422503459,0.2414203381962423,0.0,1.1505707502365112,0.3203307017683983,0.0,0.0,0.3203307017683983,0.6602092020093576,1.5146663968843372,0.0902768003816545,5.494836905890982,0.3623674885943307,1.8820236689956123e-06,0.0003426962735397,0.0267291598508226,0.0
noncovid_177,177.png,NonCOVID,0,test,/Users/samehissa/Downloads/COVID-CT-Dataset-master/Images-processed/CT_NonCOVID/177.png,0.1781639230248402,0.2707005350860613,0.0732787796958799,0.0,1.1512601375579834,1.5636802706435358,1.600782741762644,3.814112926036203,13.44270888492558,0.0732787796958799,0.2160481743889022,0.0,1.1512601375579834,0.2893256321549415,0.0,0.0,0.2893256321549415,0.6581563084531397,1.519390292322646,-0.1071286850544021,5.502601803598261,0.3240696887453084,1.939376123152249e-06,0.0003980022464799,0.0239267730037726,0.0
noncovid_452,452.png,NonCOVID,0,test,/Users/samehissa/Downloads/COVID-CT-Dataset-master/Images-processed/CT_NonCOVID/452.png,0.2732792740789591,0.3896331073147654,0.1518139583157595,0.0,1.568206787109375,1.437001781453644,1.326965935807297,3.8857567627681378,28.99142655448094,0.1518139583157595,0.318842782323145,0.0,1.568206787109375,0.5179336965084076,0.0,0.0,0.5179336965084076,0.701374107011096,1.425768963372568,0.0256366514350119,5.605962011561683,0.4759154546312636,1.969219246897639e-06,0.0005585062674268,0.034439026544632,0.0
noncovid_583,583.png,NonCOVID,0,test,/Users/samehissa/Downloads/COVID-CT-Dataset-master/Images-processed/CT_NonCOVID/583.png,0.2589627565994306,0.4275799599837788,0.1828246221797299,0.0,2.0345945358276367,1.9457572846419868,3.340563139509438,3.727733345009372,31.985450430119148,0.1828246221797299,0.320569604507682,0.0,2.0345945358276367,0.3875357434153557,0.0,0.0,0.3875357434153557,0.6056461368374656,1.6511253031074622,-0.0298872649672075,5.377982410416784,0.4998863185618364,1.802670407136277e-06,0.0002968908610624,0.0377930861505003,0.0
noncovid_584,584.png,NonCOVID,0,test,/Users/samehissa/Downloads/COVID-CT-Dataset-master/Images-processed/CT_NonCOVID/584.png,0.2681539294535469,0.4276850448593223,0.1829144975963205,0.0,1.9306402206420896,1.735666549521364,2.392893372641171,3.757468225025946,32.61709151714538,0.1829144975963205,0.333740400853685,0.0,1.9306402206420896,0.4112316593527794,0.0,0.0,0.4112316593527794,0.6269877932111395,1.594923653480944,-0.0626152816641354,5.420880774358125,0.5047980066102662,1.8823368333549776e-06,0.0003926181742459,0.0378023744290124,0.0
noncovid_590,590.png,NonCOVID,0,test,/Users/samehissa/Downloads/COVID-CT-Dataset-master/Images-processed/CT_NonCOVID/590.png,0.2753306164413516,0.3791025987749475,0.1437187803979188,0.026936667971313,1.8337544202804563,1.4952549386481009,1.918784115635657,3.944077175018608,28.09929327973037,0.1437187803979188,0.3050092551837338,0.0,1.8337544202804563,0.4727213755249977,0.0,0.026936667971313,0.4727213755249977,0.7262674829019491,1.3768995387249297,0.0884526301736645,5.690100581098033,0.4685357283579274,2.1333051478620933e-06,0.0008577989480255,0.033508252294901,0.026936667971313
noncovid_591,591.png,NonCOVID,0,test,/Users/samehissa/Downloads/COVID-CT-Dataset-master/Images-processed/CT_NonCOVID/591.png,0.2441776928317267,0.3401796636490028,0.1157222035603486,0.0489213559776544,1.3560878038406372,1.4074236318435287,1.0056969550034678,3.935464960724108,22.44415350233264,0.1157222035603486,0.2725147545515938,0.0,1.3560878038406372,0.3950856924057007,0.0,0.0489213559776544,0.3950856924057007,0.7177882781828788,1.3931643783833896,0.1194126446629422,5.677675782244286,0.4187421034920823,2.133320060315671e-06,0.0008345940062621,0.030067918373496,0.0489213559776544
noncovid_592,592.png,NonCOVID,0,test,/Users/samehissa/Downloads/COVID-CT-Dataset-master/Images-processed/CT_NonCOVID/592.png,0.2303543188681942,0.3283709974342477,0.1078275119559627,0.0527794621884822,1.686011791229248,1.9186517879568152,4.483673165663637,3.943896900271168,20.59399989468063,0.1078275119559627,0.2522002538045171,0.0,1.686011791229248,0.4013321846723556,0.0,0.0527794621884822,0.4013321846723556,0.7015041497694083,1.4255039759950727,-0.0819692472220014,5.689840499613905,0.4011117352773319,2.2856674410481152e-06,0.0010742242099005,0.0290241698788433,0.0527794621884822
noncovid_658,658.png,NonCOVID,0,test,/Users/samehissa/Downloads/COVID-CT-Dataset-master/Images-processed/CT_NonCOVID/658.png,0.2275467711551755,0.3494209601484935,0.122095007391095,0.0,1.4780313968658447,1.5016881466141698,1.4320124059629338,3.764727870346408,22.255685178142837,0.122095007391095,0.2820392649061887,0.0,1.4780313968658447,0.3693490996956825,0.0,0.0,0.3693490996956825,0.6512091313850887,1.535600608062269,-0.0697019417088057,5.4313542286605685,0.4169802638665778,1.7297148115532948e-06,0.0002237120152119,0.0308847413012142,0.0
noncovid_660,660.png,NonCOVID,0,test,/Users/samehissa/Downloads/COVID-CT-Dataset-master/Images-processed/CT_NonCOVID/660.png,0.1898635587749595,0.2412717347437043,0.0582120499862364,0.0609199050813913,1.0436646938323977,1.2153730859214007,0.94671962449876,4.016522512466271,12.065308279926906,0.0582120499862364,0.2017747840204151,0.0,1.0436646938323977,0.3513668701052665,0.0,0.0609199050813913,0.3513668701052665,0.7869250496814113,1.2707637858493828,-0.1306809757477872,5.794617110169305,0.3070182745976678,2.133280898540046e-06,0.0007494644734228,0.0213256099682394,0.0609199050813913
noncovid_661,661.png,NonCOVID,0,test,/Users/samehissa/Downloads/COVID-CT-Dataset-master/Images-processed/CT_NonCOVID/661.png,0.1604098315438022,0.2244849888463028,0.0503935102173247,0.0134560028091073,0.9789604544639589,1.4714437786243024,1.5389251297538695,3.920754549464261,9.743977506974174,0.0503935102173247,0.1810162510353166,0.0,0.9789604544639589,0.2675348818302154,0.0,0.0134560028091073,0.2675348818302154,0.7145650041153745,1.3994465718580589,-0.0921781204274965,5.656453144870267,0.2759072747740366,1.999986886549637e-06,0.0004868102639786,0.0198418572359759,0.0134560028091073
noncovid_662,662.png,NonCOVID,0,test,/Users/samehissa/Downloads/COVID-CT-Dataset-master/Images-processed/CT_NonCOVID/662.png,0.1820572641845501,0.2519708754567252,0.0634893220784285,0.0003194462042301,1.0961039066314695,1.4070675052744412,1.246856162445166,3.927894627226503,12.369173698661328,0.0634893220784285,0.2038578604373242,0.0,1.0961039066314695,0.3274258971214294,0.0,0.0003194462042301,0.3274258971214294,0.7225300992602943,1.3840198938796755,-0.1209209425368475,5.666754099649415,0.3108603698138307,1.999940928536082e-06,0.0005080922342527,0.0222712893371201,0.0003194462042301
noncovid_663,663.png,NonCOVID,0,test,/Users/samehissa/Downloads/COVID-CT-Dataset-master/Images-processed/CT_NonCOVID/663.png,0.1472966351429931,0.2150584392662531,0.0462501322996366,0.0,0.8781243562698364,1.4970351120414638,1.4031062607813904,3.866776475379156,8.697143171082848,0.0462501322996366,0.1722817998879691,0.0,0.8781243562698364,0.2268018573522567,0.0,0.0,0.2268018573522567,0.6849112768337196,1.460036334553589,0.0006409761036067,5.578579245070952,0.2606653621486459,1.9692131619336128e-06,0.0004115669331327,0.0190086600945703,0.0
noncovid_848,848.png,NonCOVID,0,test,/Users/samehissa/Downloads/COVID-CT-Dataset-master/Images-processed/CT_NonCOVID/848.png,0.2093577487248694,0.3145041211025053,0.0989128421904593,0.0,1.4268516302108765,1.6830953280585133,2.1751447169320945,3.85361711397515,18.27116917012543,0.0989128421904593,0.2438858386251468,0.0,1.4268516302108765,0.3337042406201362,0.0,0.0,0.3337042406201362,0.665673576286964,1.502233010328247,-0.1023381359271217,5.559594299632122,0.3778141198282628,1.969220038733191e-06,0.0004935878209866,0.027798499592837,0.0
noncovid_849,849.png,NonCOVID,0,test,/Users/samehissa/Downloads/COVID-CT-Dataset-master/Images-processed/CT_NonCOVID/849.png,0.2571024400240276,0.358715938008933,0.1286771241816286,0.0346314292401075,1.4366612434387207,1.312016858561284,0.652675689869374,3.91335573870362,24.931684972535983,0.1286771241816286,0.2920274324837919,0.0,1.4366612434387207,0.4644617512822151,0.0,0.0346314292401075,0.4644617512822151,0.7167279065523945,1.3952257239387111,0.0025065770439684,5.645778917277417,0.4413374999339364,2.0317353933120384e-06,0.0006568045650459,0.0317063090357262,0.0346314292401075
noncovid_969,969.png,NonCOVID,0,test,/Users/samehissa/Downloads/COVID-CT-Dataset-master/Images-processed/CT_NonCOVID/969.png,0.313635877240813,0.4308378708148974,0.1856212709283142,0.0365197714418172,1.6892125606536863,1.38938730201218,1.0886886040962072,3.941358024064282,36.35055800587886,0.1856212709283142,0.347488185693237,0.0,1.6892125606536863,0.5183960795402527,0.0,0.0365197714418172,0.5183960795402527,0.7279656003359114,1.3736880952688186,-0.0133855135472795,5.686177675500799,0.5329059339329302,2.064483740529023e-06,0.0007924500605101,0.0380810475056484,0.0365197714418172
noncovid_996,996.png,NonCOVID,0,test,/Users/samehissa/Downloads/COVID-CT-Dataset-master/Images-processed/CT_NonCOVID/996.png,0.2179732424265239,0.3253223018090285,0.1058346000543246,0.0,1.5009994506835938,1.5517542687787664,1.9376853205718527,3.8172131633717497,19.628407611936872,0.1058346000543246,0.264867213090838,0.0,1.5009994506835938,0.3949244245886802,0.0,0.0,0.3949244245886802,0.6700203803860283,1.4924873263684673,-0.0530813937912148,5.507074500627831,0.3915953708463071,1.8550588510280228e-06,0.0003394530726142,0.0287547007100475,0.0
noncovid_997,997.png,NonCOVID,0,test,/Users/samehissa/Downloads/COVID-CT-Dataset-master/Images-processed/CT_NonCOVID/997.png,0.1934093145682709,0.3240041559674679,0.1049786930841912,0.0008639631560072,2.1310970783233643,2.733762425994948,10.322309553734785,3.7789622317148543,18.225389573882836,0.1049786930841912,0.2293962265171103,0.0,2.1310970783233643,0.2969206124544143,0.0,0.0008639631560072,0.2969206124544143,0.5969328296358667,1.6752251911481684,0.005388643307168,5.451890071217045,0.3773405041152614,1.999952945560097e-06,0.0004716088944006,0.0286381919771525,0.0008639631560072
noncovid_1046,1046.png,NonCOVID,0,test,/Users/samehissa/Downloads/COVID-CT-Dataset-master/Images-processed/CT_NonCOVID/1046.png,0.2275312166329968,0.3640131500343648,0.132505573397941,0.0,1.566320300102234,1.7172004169733903,2.166686795482157,3.745421533606318,23.587331576375394,0.132505573397941,0.2812974247187583,0.0,1.566320300102234,0.3432673811912536,0.0,0.0,0.3432673811912536,0.6250614615160336,1.599838278988815,0.0742091921317424,5.403501072387909,0.42927383794081,1.8285479032964037e-06,0.0003023684510774,0.0321745208537969,0.0
noncovid_1047,1047.png,NonCOVID,0,test,/Users/samehissa/Downloads/COVID-CT-Dataset-master/Images-processed/CT_NonCOVID/1047.png,0.2223185231850948,0.3558500009779815,0.1266292231960294,0.0,1.6548421382904053,2.1371887360103545,4.631916682490921,3.799185274546052,22.535007865245568,0.1266292231960294,0.2596430866410628,0.0,1.6548421382904053,0.328824408352375,0.0,0.0,0.328824408352375,0.6247517151113787,1.6006313638639678,0.0001675684398793,5.4810657548213,0.4195887855355896,1.855065466715997e-06,0.0003597590066755,0.0314529935970962,0.0
noncovid_1048,1048.png,NonCOVID,0,test,/Users/samehissa/Downloads/COVID-CT-Dataset-master/Images-processed/CT_NonCOVID/1048.png,0.2143749155729892,0.3474229552524573,0.120702709836351,0.0,1.5850447416305542,1.81434316388512,2.720448539814617,3.739689756595584,21.332392225699493,0.120702709836351,0.2639965072348786,0.0,1.5850447416305542,0.2831492274999618,0.0,0.0,0.2831492274999618,0.617041261352323,1.620632499487416,0.0710202142059728,5.39523186611904,0.4082392855462067,1.8028071383302304e-06,0.0002818155040197,0.0307081409498603,0.0
noncovid_1049,1049.png,NonCOVID,0,test,/Users/samehissa/Downloads/COVID-CT-Dataset-master/Images-processed/CT_NonCOVID/1049.png,0.2849734875417198,0.4156920488588049,0.1727998794844311,0.0231423452496528,1.8306896686553955,1.5821209166269676,1.902828777986004,3.882701148435776,32.5132503150236,0.1727998794844311,0.3281032345679477,0.0,1.8306896686553955,0.4544424787163734,0.0,0.0231423452496528,0.4544424787163734,0.6855382555086083,1.4587042901594418,0.1452529754580753,5.601553691917514,0.503993817507836,2.098339922240385e-06,0.0007805966955256,0.0367423333291738,0.0231423452496528
noncovid_1050,1050.png,NonCOVID,0,test,/Users/samehissa/Downloads/COVID-CT-Dataset-master/Images-processed/CT_NonCOVID/1050.png,0.2265012227508123,0.350162607979653,0.1226138520271121,0.0,1.6774797439575195,1.8566869517089704,3.40503113878155,3.8152143956480153,22.261331959644828,0.1226138520271121,0.2699093297953823,0.0,1.6774797439575195,0.3452979475259781,0.0,0.0,0.3452979475259781,0.6468439826104763,1.5459634333404375,0.1148159289118115,5.504190888344912,0.4170331592748054,1.91043478155944e-06,0.000417869885188,0.0309502943275474,0.0
noncovid_1078,1078.png,NonCOVID,0,test,/Users/samehissa/Downloads/COVID-CT-Dataset-master/Images-processed/CT_NonCOVID/1078.png,0.217302631081111,0.3565884868652744,0.127155348964866,0.0,2.217705726623535,2.238103891616948,6.867319799716945,3.7325625762584815,22.320100152273845,0.127155348964866,0.2697809245924532,0.0,2.217705726623535,0.3702250719070434,0.0,0.0,0.3702250719070434,0.6093915807540665,1.640976388970519,0.1906095124413679,5.384949518391182,0.4175832640799191,1.7534125643908886e-06,0.0002372926047467,0.0315182671444357,0.0
noncovid_1079,1079.png,NonCOVID,0,test,/Users/samehissa/Downloads/COVID-CT-Dataset-master/Images-processed/CT_NonCOVID/1079.png,0.2333254022087203,0.3737521346891276,0.1396906581846798,0.0,1.9991518259048464,1.9253130104343368,3.852609072277189,3.7648857829091273,24.848819392069245,0.1396906581846798,0.2839507291939753,0.0,1.9991518259048464,0.3117137998342514,0.0,0.0,0.3117137998342514,0.6242767767092863,1.601849310666951,0.118550729372176,5.4315820483316966,0.4406034515304448,1.8285634445336048e-06,0.0003251813838406,0.0330353336152037,0.0
noncovid_1098,1098.png,NonCOVID,0,test,/Users/samehissa/Downloads/COVID-CT-Dataset-master/Images-processed/CT_NonCOVID/1098.png,0.3081219302839599,0.4549162180679911,0.206948765461284,0.0685674138367176,2.168322801589966,1.7109017925103436,2.4607362056917905,3.8878052136792776,38.641649841049286,0.206948765461284,0.3510384244591478,0.0,2.168322801589966,0.4936329871416092,0.0,0.0685674138367176,0.4936329871416092,0.6773142849869195,1.476416227980748,-0.0624361252972193,5.608917301532687,0.5494432540155513,2.0645079167163224e-06,0.0007886788872996,0.0402092928334518,0.0685674138367176
noncovid_1210,1210.png,NonCOVID,0,test,/Users/samehissa/Downloads/COVID-CT-Dataset-master/Images-processed/CT_NonCOVID/1210.png,0.2300316898763412,0.3782441659500588,0.1430686490752556,0.0,1.9817129373550413,2.01070953983368,4.250666554654236,3.720437178294957,25.085853110095464,0.1430686490752556,0.2857820814772367,0.0,1.9817129373550413,0.3587559685111046,0.0,0.0,0.3587559685111046,0.6081550025855804,1.64431329506553,-0.0462229920588699,5.367456266880399,0.4426999293230357,1.70666079331823e-06,0.0002097206432104,0.033432376835942,0.0
noncovid_1211,1211.png,NonCOVID,0,test,/Users/samehissa/Downloads/COVID-CT-Dataset-master/Images-processed/CT_NonCOVID/1211.png,0.2855859627889003,0.4365588992195358,0.1905836724877727,0.0,2.221517562866211,1.7643783991130435,3.159448720764434,3.805083178901731,34.834305872619,0.1905836724877727,0.3432625054451819,0.0,2.221517562866211,0.4565161168575287,0.0,0.0,0.4565161168575287,0.6541736043540862,1.5286427069324542,0.0249361611575157,5.489574632186876,0.5216732834158138,1.802806781684707e-06,0.000331326686634,0.0385867197531835,0.0
noncovid_1212,1212.png,NonCOVID,0,test,/Users/samehissa/Downloads/COVID-CT-Dataset-master/Images-processed/CT_NonCOVID/1212.png,0.2026554938693152,0.3433031559874634,0.1178570569109526,0.0,1.7488499879837036,2.0409979782172707,4.214258086434103,3.684169789397792,20.34256718161519,0.1178570569109526,0.2599697012740307,0.0,1.7488499879837036,0.2915865629911423,0.0,0.0,0.2915865629911423,0.5903088859684988,1.6940234356974622,-0.050316391255614,5.315133484772465,0.3986556234475674,1.8027479338480168e-06,0.0002481302885122,0.0303439987001848,0.0
noncovid_1213,1213.png,NonCOVID,0,test,/Users/samehissa/Downloads/COVID-CT-Dataset-master/Images-processed/CT_NonCOVID/1213.png,0.2237391632152139,0.3613723953385924,0.1305900081127519,0.0,1.7360981702804563,2.196430530157896,5.237206264615601,3.796127040692161,23.123100322431497,0.1305900081127519,0.2639755753447161,0.0,1.7360981702804563,0.3198352307081222,0.0,0.0,0.3198352307081222,0.6191356809916218,1.6151503838020058,-0.0159321985747905,5.476653656006414,0.4250284946553537,1.9691791473014226e-06,0.0004738876357231,0.031941108909693,0.0
noncovid_1214,1214.png,NonCOVID,0,test,/Users/samehissa/Downloads/COVID-CT-Dataset-master/Images-processed/CT_NonCOVID/1214.png,0.1732434408404515,0.318415984210871,0.1013887390009776,0.0,1.882842183113098,2.633149236601478,8.058789364159118,3.622010966073274,16.81945968578773,0.1013887390009776,0.2224099120567189,0.0,1.882842183113098,0.2634072676301002,0.0,0.0,0.2634072676301002,0.544077261675594,1.8379684833442904,-0.0858876699009797,5.225457258614692,0.3624941776018156,1.7066575942894117e-06,0.0001777097137624,0.0281442627092119,0.0
noncovid_1215,1215.png,NonCOVID,0,test,/Users/samehissa/Downloads/COVID-CT-Dataset-master/Images-processed/CT_NonCOVID/1215.png,0.2131418984827178,0.3455353610403503,0.1193946857292852,0.0,1.591343641281128,1.9934211213261,3.7908747239542073,3.756099769249568,21.09749179111711,0.1193946857292852,0.2602918091805009,0.0,1.591343641281128,0.3389910757541656,0.0,0.0,0.3389910757541656,0.6168436162289386,1.621151746794483,-0.1085264309548998,5.418906509995866,0.405985411829172,1.8028045035698237e-06,0.0002843095552987,0.0305412996164217,0.0
noncovid_1216,1216.png,NonCOVID,0,test,/Users/samehissa/Downloads/COVID-CT-Dataset-master/Images-processed/CT_NonCOVID/1216.png,0.2415385885979049,0.3816881059795756,0.1456858102462757,0.0,2.1708929538726807,2.034757322580888,4.913631440596217,3.7940496624904414,26.11541760360239,0.1456858102462757,0.2923133498961761,0.0,2.1708929538726807,0.4089350402355194,0.0,0.0,0.4089350402355194,0.6328149921334923,1.580236550172863,-0.1064292945679181,5.473656632776743,0.4516931480863349,1.855065852946389e-06,0.000369146293347,0.0337367810045509,0.0
noncovid_1217,1217.png,NonCOVID,0,test,/Users/samehissa/Downloads/COVID-CT-Dataset-master/Images-processed/CT_NonCOVID/1217.png,0.2339598458784166,0.3727519975031334,0.138944051642576,0.0,1.975878119468689,2.161218360283267,5.117107709211085,3.798806870561544,24.79120142413165,0.138944051642576,0.2764957986096306,0.0,1.975878119468689,0.3855710923671722,0.0,0.0,0.3855710923671722,0.6276538282604956,1.5932306507709175,-0.1162816419117555,5.480519833269399,0.4400923325008384,1.9104236945633584e-06,0.0004106384285493,0.032946933141912,0.0
noncovid_1218,1218.png,NonCOVID,0,test,/Users/samehissa/Downloads/COVID-CT-Dataset-master/Images-processed/CT_NonCOVID/1218.png,0.2429414210237155,0.3778983204085039,0.1428071405675682,0.0,1.4635239839553833,1.510014112139201,1.2348868059458464,3.751748738986877,25.833942350923586,0.1428071405675682,0.3042349553500116,0.0,1.4635239839553833,0.424718327820301,0.0,0.0,0.424718327820301,0.6428734001455711,1.5555121017079014,0.0046599058788557,5.412629300213125,0.4492523507079183,1.7297194305244825e-06,0.0002298367352319,0.0334018081199824,0.0
noncovid_1238,1238.png,NonCOVID,0,test,/Users/samehissa/Downloads/COVID-CT-Dataset-master/Images-processed/CT_NonCOVID/1238.png,0.2173135720586287,0.3510528199761338,0.1232380824131958,0.0,1.8853001594543457,2.0459921211588834,4.406547802521973,3.775808646699235,21.81929868980182,0.1232380824131958,0.2614175416283615,0.0,1.8853001594543457,0.3270917236804962,0.0,0.0,0.3270917236804962,0.6190320677137275,1.6154205954583625,0.0056542685467743,5.447340409753991,0.4128719789645171,1.9104331548740827e-06,0.000400911398318,0.031028978694973,0.0
noncovid_1497,1497.png,NonCOVID,0,test,/Users/samehissa/Downloads/COVID-CT-Dataset-master/Images-processed/CT_NonCOVID/1497.png,0.2803678017935453,0.3946163955908474,0.1557220996691121,0.0562812518328428,1.555073380470276,1.4035619851141634,0.9539604559000971,3.921776127885575,29.99401010581208,0.1557220996691121,0.3185361162890103,0.0,1.555073380470276,0.4756479263305664,0.0,0.0562812518328428,0.4756479263305664,0.7104800876143843,1.4074954151883363,-0.0580679481137431,5.657926970992577,0.4840745851123119,2.169468053346584e-06,0.0009419715112083,0.0348794911612101,0.0562812518328428
noncovid_1498,1498.png,NonCOVID,0,test,/Users/samehissa/Downloads/COVID-CT-Dataset-master/Images-processed/CT_NonCOVID/1498.png,0.2719370243285084,0.3988530789439886,0.1590837785830996,0.0,1.6484133005142212,1.4103883042971332,0.916119477060796,3.8516372688196094,29.82829104431916,0.1590837785830996,0.3231907886411136,0.0,1.6484133005142212,0.4182264804840088,0.0,0.0,0.4182264804840088,0.6817957711464115,1.4667111987743224,-0.0792788050821688,5.5567379868445,0.4827354594223874,1.9692206592270923e-06,0.0005468335953518,0.0352539646023034,0.0
noncovid_1499,1499.png,NonCOVID,0,test,/Users/samehissa/Downloads/COVID-CT-Dataset-master/Images-processed/CT_NonCOVID/1499.png,0.2469055719702737,0.3783884890414706,0.1431778486390871,0.0675787776708602,1.6139605045318604,1.9378368064746057,3.2571004310910388,3.8677136899869584,26.129946893959065,0.1431778486390871,0.2787237848717723,0.0,1.6139605045318604,0.3546427488327026,0.0,0.0675787776708602,0.3546427488327026,0.6525169940521616,1.5325230857367076,-0.0922711726208354,5.5799313599378735,0.4518187801641884,2.064500962182745e-06,0.0006959988698989,0.0334451333155194,0.0675787776708602
noncovid_1500,1500.png,NonCOVID,0,test,/Users/samehissa/Downloads/COVID-CT-Dataset-master/Images-processed/CT_NonCOVID/1500.png,0.2930738236609613,0.4300966776156942,0.1849831520960584,0.0,1.7596293687820437,1.4162184209921025,1.1003416453758152,3.837775181278899,34.67205353104828,0.1849831520960584,0.3528873188288344,0.0,1.7596293687820437,0.512217566370964,0.0,0.0,0.512217566370964,0.6814122440410665,1.467536992021662,0.0434703575686434,5.536739221893147,0.5204569321387839,1.8823438453770024e-06,0.0004351440504486,0.0380155346634827,0.0
noncovid_1501,1501.png,NonCOVID,0,test,/Users/samehissa/Downloads/COVID-CT-Dataset-master/Images-processed/CT_NonCOVID/1501.png,0.3039221999060828,0.4671976679443894,0.218273660932676,0.0,1.984612345695496,1.65042364132554,1.9408938273562288,3.8066909654604384,39.76222265963892,0.218273660932676,0.3656138618562181,0.0,1.984612345695496,0.47922083735466,0.0,0.0,0.47922083735466,0.650520262061746,1.5372278434703406,-0.0363501348551406,5.49189417788193,0.5573529981335249,1.8550671544292989e-06,0.000411705381673,0.0412948298947523,0.0
noncovid_1814,1814.png,NonCOVID,0,test,/Users/samehissa/Downloads/COVID-CT-Dataset-master/Images-processed/CT_NonCOVID/1814.png,0.2125733001448679,0.3178112520488943,0.1010039919288858,0.0,1.5997930765151978,1.6958443893255588,2.729627380865735,3.841152716674858,18.712499182510843,0.1010039919288858,0.2529707886219512,0.0,1.5997930765151978,0.3611531779170036,0.0,0.0,0.3611531779170036,0.6688643964303941,1.4950666515141229,0.0663871638996755,5.541611975459322,0.3823498396277497,1.9104359209886545e-06,0.0004110373601562,0.028090811432645,0.0
noncovid_1857,1857.png,NonCOVID,0,test,/Users/samehissa/Downloads/COVID-CT-Dataset-master/Images-processed/CT_NonCOVID/1857.png,0.2808910393214319,0.4175016547906962,0.1743076317529696,0.0,1.972741961479187,1.732947275054263,2.65247239681578,3.865649022202097,32.41054818867761,0.1743076317529696,0.3217416260176833,0.0,1.972741961479187,0.4576827362179756,0.0,0.0,0.4576827362179756,0.6727886304393661,1.4863473601695665,0.0059856542255344,5.576952673963572,0.5031971857274679,1.969220911303094e-06,0.0005676891934547,0.0369022814073882,0.0
noncovid_1858,1858.png,NonCOVID,0,test,/Users/samehissa/Downloads/COVID-CT-Dataset-master/Images-processed/CT_NonCOVID/1858.png,0.2896795230335556,0.4675486678121647,0.2186017567729299,0.0,2.610562324523926,2.1475424545665134,5.225231519804069,3.785753737258342,38.72204580324841,0.2186017567729299,0.348605463675085,0.0,2.610562324523926,0.4497523307800293,0.0,0.0,0.4497523307800293,0.6195695195102409,1.6140204282164787,-0.1276811589350319,5.461688142584807,0.5500145296606974,1.9393836003405617e-06,0.0005039182570509,0.0413258541930897,0.0
noncovid_1859,1859.png,NonCOVID,0,test,/Users/samehissa/Downloads/COVID-CT-Dataset-master/Images-processed/CT_NonCOVID/1859.png,0.1787543968966929,0.2825347101684607,0.079825862449976,0.0,1.380009651184082,1.884817844517267,3.361887482435586,3.784321231754939,14.307711598064191,0.079825862449976,0.2168944216264208,0.0,1.380009651184082,0.3035978525876999,0.0,0.0,0.3035978525876999,0.6326789515920356,1.5805748841621237,-0.0015666331077383,5.459621473999001,0.3343336609734002,1.8550594381254096e-06,0.0003139041351176,0.0249727761850867,0.0
noncovid_1919,1919.png,NonCOVID,0,test,/Users/samehissa/Downloads/COVID-CT-Dataset-master/Images-processed/CT_NonCOVID/1919.png,0.289148228292106,0.4067513123304978,0.1654466300825822,0.0668955296277999,1.8454205989837649,1.4929928869747444,1.548833803432614,3.9247574048465177,31.878825984901894,0.1654466300825822,0.3230225611707169,0.0,1.8454205989837649,0.4829819649457931,0.0,0.0668955296277999,0.4829819649457931,0.7108705212649533,1.4067224784084986,-0.0482973385368393,5.662228044479645,0.4990524301183655,2.098332614205977e-06,0.0008155061983144,0.0359520764006777,0.0668955296277999
noncovid_2108,2108.png,NonCOVID,0,test,/Users/samehissa/Downloads/COVID-CT-Dataset-master/Images-processed/CT_NonCOVID/2108.png,0.2482055251311976,0.360179138071332,0.1297290115018076,0.0,1.2678179740905762,1.306297825646748,0.4189690037393858,3.849411892276456,24.49087925855504,0.1297290115018076,0.297442557827253,0.0,1.2678179740905762,0.4263123124837875,0.0,0.0,0.4263123124837875,0.6891149702486974,1.4511326364751422,-0.027057510875349,5.553527447141581,0.4374185572280413,1.882345750418268e-06,0.0004125095645964,0.0318356388715205,0.0
noncovid_2237,2237.png,NonCOVID,0,test,/Users/samehissa/Downloads/COVID-CT-Dataset-master/Images-processed/CT_NonCOVID/2237.png,0.2003367762699781,0.2683500435941955,0.0720117458970066,0.0408467445522546,1.420822024345398,1.5585411846335755,2.7205693971414204,3.981569320087632,14.354760937376502,0.0720117458970066,0.2173717565264041,0.0,1.420822024345398,0.3627708032727241,0.0,0.0408467445522546,0.3627708032727241,0.7465474088967227,1.339494667881454,-0.0816859783709345,5.744190312861405,0.3348829195752658,2.1333148080905994e-06,0.0007694285547875,0.0237190169446451,0.0408467445522546
noncovid_2341,2341.png,NonCOVID,0,test,/Users/samehissa/Downloads/COVID-CT-Dataset-master/Images-processed/CT_NonCOVID/2341.png,0.1829105457236437,0.2857813463678759,0.0816709779318358,0.0064780289540067,1.679257035255432,2.29869896008855,6.672488681689829,3.845262118924572,14.736287445600905,0.0816709779318358,0.2100328528070463,0.0,1.679257035255432,0.312486469745636,0.0,0.0064780289540067,0.312486469745636,0.6400344459632593,1.5624104407826649,0.1758041980881526,5.547540589706004,0.339304060790255,2.031717837806369e-06,0.0005264087758051,0.0252597409941683,0.0064780289540067
noncovid_0,0.jpg,NonCOVID,0,test,/Users/samehissa/Downloads/COVID-CT-Dataset-master/Images-processed/CT_NonCOVID/0.jpg,0.2746458844630979,0.3628537965545875,0.131662877674078,0.1102821230888366,1.6721340417861938,1.5055661639467572,1.9456275360828243,4.018145149505473,26.5079346594042,0.131662877674078,0.2902543822101506,0.0,1.6721340417861938,0.4984785839915275,0.0,0.1102821230888366,0.4984785839915275,0.7569030010652772,1.321169611785468,0.02021740208664,5.796958080578927,0.4550749823123606,2.3703451357465163e-06,0.0015253463079158,0.032072047515379,0.1102821230888366
noncovid_1_0,1%0.jpg,NonCOVID,0,test,/Users/samehissa/Downloads/COVID-CT-Dataset-master/Images-processed/CT_NonCOVID/1%0.jpg,0.2248978330098907,0.315874239777528,0.0997765353550312,0.03557850420475,1.19651997089386,1.3630928655988144,0.7734090253518646,3.917901629493234,19.245513042889723,0.0997765353550312,0.2557115960302099,0.0,1.19651997089386,0.4039889350533485,0.0,0.03557850420475,0.4039889350533485,0.711983101835671,1.4045232697446055,-0.0272529624469244,5.652337251376013,0.387757102639753,2.1333132257955177e-06,0.0007738080365223,0.0279196021186044,0.03557850420475
noncovid_1_1,1%1.jpg,NonCOVID,0,test,/Users/samehissa/Downloads/COVID-CT-Dataset-master/Images-processed/CT_NonCOVID/1%1.jpg,0.2788468359358376,0.3798789404454455,0.1443080093939543,0.0735831931233406,1.706140160560608,1.514061160198973,1.9107157658272536,3.964029737184908,28.424136615088933,0.1443080093939543,0.3007188171397956,0.0,1.706140160560608,0.4232887774705887,0.0,0.0735831931233406,0.4232887774705887,0.734039379938996,1.362321143686405,0.0969023462511443,5.718886043588384,0.4712362117933874,2.0983447332628765e-06,0.0008358721282629,0.0335768718523669,0.0735831931233406
noncovid_1_2,1%2.jpg,NonCOVID,0,test,/Users/samehissa/Downloads/COVID-CT-Dataset-master/Images-processed/CT_NonCOVID/1%2.jpg,0.3741199700452853,0.4894982063605933,0.2396084940302379,0.098043967038393,2.229492425918579,1.3590465839410175,1.3105730756445704,4.010902028553854,48.58550349016616,0.2396084940302379,0.4019287314072244,0.0,2.229492425918579,0.6507536470890045,0.0,0.098043967038393,0.6507536470890045,0.7642912699018494,1.3083990312020557,0.0828537778101014,5.786508465901466,0.6160959714337719,2.2857037985113174e-06,0.0015455834745036,0.0432659376370284,0.098043967038393
noncovid_10_0,10%0.jpg,NonCOVID,0,test,/Users/samehissa/Downloads/COVID-CT-Dataset-master/Images-processed/CT_NonCOVID/10%0.jpg,0.3538813427821878,0.5558181820380971,0.3089338514841352,0.0,2.5488052368164062,1.9086214141177056,3.433399805771719,3.8008267950046575,55.57322960044283,0.3089338514841352,0.4230319769107495,0.0,2.5488052368164062,0.5911205261945724,0.0,0.0,0.5911205261945724,0.6366842926949074,1.570634319595086,-0.0255845560618803,5.483433968246449,0.6589126317300796,1.8823327634872152e-06,0.0004696812654716,0.0491278507032396,0.0
noncovid_10_1,10%1.jpg,NonCOVID,0,test,/Users/samehissa/Downloads/COVID-CT-Dataset-master/Images-processed/CT_NonCOVID/10%1.jpg,0.3145201772131258,0.4558850752145961,0.207831201803418,0.0166195789352059,2.134706735610962,1.612144909931614,2.042074484015324,3.8938860957537846,39.26453039073205,0.207831201803418,0.3552248127057282,0.0,2.134706735610962,0.4962009936571121,0.0,0.0166195789352059,0.4962009936571121,0.6899095943324742,1.449462095736002,-0.0863512454007019,5.617690159945809,0.5538539010222769,2.031731397162604e-06,0.0007173650722863,0.0402949285157475,0.0166195789352059
noncovid_10_2,10%2.jpg,NonCOVID,0,test,/Users/samehissa/Downloads/COVID-CT-Dataset-master/Images-processed/CT_NonCOVID/10%2.jpg,0.3030445204676653,0.4358619126862804,0.1899756069305427,0.0378706818446517,1.9862688779830933,1.5320337235907264,1.7358001208004064,3.896636324344403,36.07188330445055,0.1899756069305427,0.3487816898989422,0.0,1.9862688779830933,0.4862230792641639,0.0,0.0378706818446517,0.4862230792641639,0.6952748482314361,1.438276831449215,0.0680221031090218,5.621657901094806,0.5308592923892544,2.0983383426837545e-06,0.0008159714757376,0.0385251142651759,0.0378706818446517
noncovid_11_0,11%0.jpg,NonCOVID,0,test,/Users/samehissa/Downloads/COVID-CT-Dataset-master/Images-processed/CT_NonCOVID/11%0.jpg,0.3005220436753006,0.4010968944260517,0.1608787187182233,0.0541778374463319,1.6434510946273804,1.2812122354240825,0.7876030716141496,3.966001495346433,32.15260383398433,0.1608787187182233,0.3313632700628659,0.0,1.6434510946273804,0.5738801956176758,0.0,0.0541778374463319,0.5738801956176758,0.7492486194806149,1.3346671329688455,0.0954994015156155,5.721730689309849,0.5011907994496733,2.064505608614023e-06,0.0008020714775965,0.0354522917451907,0.0541778374463319
noncovid_11_1,11%1.jpg,NonCOVID,0,test,/Users/samehissa/Downloads/COVID-CT-Dataset-master/Images-processed/CT_NonCOVID/11%1.jpg,0.2231097976618912,0.3647788238167615,0.1330635903051399,0.0,1.7364473342895508,1.8853326013471483,3.0138537615328778,3.735528213206036,23.40372123108736,0.1330635903051399,0.2727131350106901,0.0,1.7364473342895508,0.2908567935228348,0.0,0.0,0.2908567935228348,0.6116286677466162,1.6349744728358402,-0.0710410729966198,5.389228028108495,0.4275997803061526,1.7534195130055148e-06,0.0002491398357311,0.0322421974942606,0.0
noncovid_11_2,11%2.jpg,NonCOVID,0,test,/Users/samehissa/Downloads/COVID-CT-Dataset-master/Images-processed/CT_NonCOVID/11%2.jpg,0.2813011498365085,0.4321544150089746,0.1867574384117491,0.0,1.8985509872436523,1.661710497321685,2.206173781770301,3.798125988338551,34.033635239819645,0.1867574384117491,0.3403781478464225,0.0,1.8985509872436523,0.448302574455738,0.0,0.0,0.448302574455738,0.650925893941805,1.5362696357982952,0.1420929931941612,5.479537527862857,0.5156430696820146,1.8550643959112505e-06,0.0003858269875022,0.0381974146715689,0.0
noncovid_12,12.jpg,NonCOVID,0,test,/Users/samehissa/Downloads/COVID-CT-Dataset-master/Images-processed/CT_NonCOVID/12.jpg,0.2693020830338355,0.4079708033596073,0.1664401763938833,0.0,1.9671229124069212,1.557286838358536,1.8922105041961288,3.805130138908297,30.58736490499151,0.1664401763938833,0.3297973016265132,0.0,1.9671229124069212,0.4418555051088333,0.0,0.0,0.4418555051088333,0.6600997441885925,1.5149188553003106,0.096297440296448,5.489642381155468,0.4888392254312722,1.88234336059746e-06,0.0004087550060893,0.0360598651977127,0.0
noncovid_13,13.jpg,NonCOVID,0,test,/Users/samehissa/Downloads/COVID-CT-Dataset-master/Images-processed/CT_NonCOVID/13.jpg,0.3350639252166729,0.4937347199112009,0.243773973645792,0.0,2.345660448074341,1.6313913155882696,2.2099810849057318,3.865983757663826,45.57335137630672,0.243773973645792,0.3878225435187232,0.0,2.345660448074341,0.5067720860242844,0.0,0.0,0.5067720860242844,0.6786301085871096,1.4735537990009568,0.0047650048507286,5.577435595154219,0.5966923894498708,1.939387568618483e-06,0.0005740507606781,0.0436403960695563,0.0
noncovid_14_0,14%0.jpg,NonCOVID,0,test,/Users/samehissa/Downloads/COVID-CT-Dataset-master/Images-processed/CT_NonCOVID/14%0.jpg,0.1548744103638455,0.2160182357403914,0.0466638781723913,0.050946194678545,1.0605381727218628,1.6305427733496107,2.4153739189810075,3.95846556398918,9.04319502821634,0.0466638781723913,0.1689426810753502,0.0,1.0605381727218628,0.2373742423951625,0.0,0.050946194678545,0.2373742423951625,0.7169473118124128,1.3947961786127294,-0.0619134832492073,5.71085863851226,0.2658006041338886,2.2856755234225875e-06,0.0008934201015802,0.0190934949189981,0.050946194678545
noncovid_14_1,14%1.jpg,NonCOVID,0,test,/Users/samehissa/Downloads/COVID-CT-Dataset-master/Images-processed/CT_NonCOVID/14%1.jpg,0.3062504113186151,0.4578331045198632,0.2096111515942959,0.0,2.039981842041016,1.3092923967190253,0.6689810932462614,3.7854010400548206,38.83525965147096,0.2096111515942959,0.3847535710483498,0.0,2.039981842041016,0.6220907419919968,0.0,0.0,0.6220907419919968,0.6689113115323377,1.494963231391534,0.1741513923074474,5.461179308078353,0.5508179971888327,1.7777709549172611e-06,0.000304166378549,0.0404671116072105,0.0
noncovid_14_2,14%2.jpg,NonCOVID,0,test,/Users/samehissa/Downloads/COVID-CT-Dataset-master/Images-processed/CT_NonCOVID/14%2.jpg,0.2193169050005963,0.3272047920854588,0.1070629759636882,0.0,1.3484376668930054,1.3848016025446834,0.9206615179264016,3.799388904563692,19.860848740189294,0.1070629759636882,0.269830202037383,0.0,1.3484376668930054,0.3587629050016403,0.0,0.0,0.3587629050016403,0.6702720743504311,1.491926908619147,-0.0658137292301178,5.481359530837925,0.3939071981859799,1.7777685422653392e-06,0.0002674058239406,0.0289210909150452,0.0
noncovid_14_3,14%3.jpg,NonCOVID,0,test,/Users/samehissa/Downloads/COVID-CT-Dataset-master/Images-processed/CT_NonCOVID/14%3.jpg,0.2537903513439232,0.3639793922340665,0.1324809979710804,0.0252299038693308,1.826807141304016,1.6034307790822273,2.383155587652646,3.90102041385788,25.20198917201312,0.1324809979710804,0.289912078155794,0.0,1.826807141304016,0.4195781126618385,0.0,0.0252299038693308,0.4195781126618385,0.6972637998057795,1.434173483375737,0.0540703721880359,5.627982805294711,0.4437234954409699,2.031735077597756e-06,0.000650943326829,0.0321715370576083,0.0252299038693308
noncovid_15_0,15%0.jpg,NonCOVID,0,test,/Users/samehissa/Downloads/COVID-CT-Dataset-master/Images-processed/CT_NonCOVID/15%0.jpg,0.3451298256113659,0.463865085664531,0.2151708176985626,0.0778634436428546,2.240042209625244,1.4296037322664732,1.6284483644137024,3.975471669676984,42.7885330208121,0.2151708176985626,0.3707881643285873,0.0,2.240042209625244,0.5691912472248077,0.0,0.0778634436428546,0.5691912472248077,0.7440290124183915,1.3440307132043323,-0.0739123691663192,5.73539326285289,0.5781742075059164,2.169476610803041e-06,0.0011004649549046,0.0410002684536335,0.0778634436428546
noncovid_15_1,15%1.jpg,NonCOVID,0,test,/Users/samehissa/Downloads/COVID-CT-Dataset-master/Images-processed/CT_NonCOVID/15%1.jpg,0.4586514634429477,0.63205354920796,0.399491689066379,0.1140114590525627,2.833313465118408,1.522296448386145,1.8866196040409111,3.95291002206811,78.06116531004628,0.399491689066379,0.5031121397751122,0.0,2.833313465118408,0.7342846840620041,0.0,0.1140114590525627,0.7342846840620041,0.725651708412973,1.378069404735655,0.0373818658225142,5.702843685733282,0.7809307613256994,2.098354783410344e-06,0.0010919529078654,0.0558661688397467,0.1140114590525627
noncovid_15_2,15%2.jpg,NonCOVID,0,test,/Users/samehissa/Downloads/COVID-CT-Dataset-master/Images-processed/CT_NonCOVID/15%2.jpg,0.3185752958524972,0.489445098114831,0.2395565040686365,0.0,2.5442163944244385,1.9315226979270683,3.913338152806805,3.83812240333273,43.65398056910626,0.2395565040686365,0.3727028736539068,0.0,2.5442163944244385,0.4802020713686943,0.0,0.0,0.4802020713686943,0.6508894382436264,1.536356096931784,-0.0116942769447545,5.537240157428297,0.5839920574769341,1.939387685216687e-06,0.000555584022356,0.043261243486939,0.0
noncovid_15_3,15%3.jpg,NonCOVID,0,test,/Users/samehissa/Downloads/COVID-CT-Dataset-master/Images-processed/CT_NonCOVID/15%3.jpg,0.3612107574081165,0.5187691244775281,0.269121404511181,0.0147759937681257,2.357353925704956,1.6390125279080177,2.3575551024019097,3.902603432110632,51.14811081965135,0.269121404511181,0.4058778272614063,0.0,2.357353925704956,0.6081736385822296,0.0,0.0147759937681257,0.6081736385822296,0.6962828820798127,1.4361951127922616,0.1066566776400284,5.630266617877595,0.6321349664260997,2.03173493988402e-06,0.0007685352543095,0.0458531457235335,0.0147759937681257
noncovid_16,16.jpg,NonCOVID,0,test,/Users/samehissa/Downloads/COVID-CT-Dataset-master/Images-processed/CT_NonCOVID/16.jpg,0.2705256974440999,0.3812166964491755,0.1453261696516228,0.037972318008542,1.5110729932785034,1.543362543697272,1.6766086361889876,3.9264507688598,27.96932129654266,0.1453261696516228,0.3012168898803793,0.0,1.5110729932785034,0.4481545388698578,0.0,0.037972318008542,0.4481545388698578,0.7096357277321904,1.4091699977150904,0.0768865102858923,5.664671052344025,0.4674508772365707,2.064504892130185e-06,0.0007437964673019,0.0336951138950932,0.037972318008542
noncovid_17_0,17%0.jpg,NonCOVID,0,test,/Users/samehissa/Downloads/COVID-CT-Dataset-master/Images-processed/CT_NonCOVID/17%0.jpg,0.2914848169893957,0.4750405864212453,0.2256635587474407,0.0,2.580713987350464,2.115388805703794,4.850851864062603,3.767626417308656,39.760250532196125,0.2256635587474407,0.3552237121530197,0.0,2.580713987350464,0.4585691392421722,0.0,0.0,0.4585691392421722,0.613598525521343,1.6297266915227606,0.0352939495869701,5.435535947988787,0.557339176160067,1.910438187433722e-06,0.0004594834064259,0.041988052499662,0.0
noncovid_17_1,17%1.jpg,NonCOVID,0,test,/Users/samehissa/Downloads/COVID-CT-Dataset-master/Images-processed/CT_NonCOVID/17%1.jpg,0.26442483154824,0.3656505667413937,0.1337003369583024,0.049216441810131,1.3852355480194092,1.41980400997833,1.0940373539451702,3.9450261325049616,26.06346604769504,0.1337003369583024,0.2923633054142556,0.0,1.3852355480194092,0.4148683920502662,0.0,0.049216441810131,0.4148683920502662,0.7231606687884206,1.3828147855875126,0.1462039553076218,5.691469637357612,0.4512436464900281,2.1333211904040893e-06,0.0008763277696368,0.0323192494109429,0.049216441810131
noncovid_18_0,18%0.jpg,NonCOVID,0,test,/Users/samehissa/Downloads/COVID-CT-Dataset-master/Images-processed/CT_NonCOVID/18%0.jpg,0.234656050657577,0.3447200360999218,0.1188319032887313,0.0,1.4338972568511963,1.6021589479348484,1.9079799708289311,3.866982868430294,22.258606771064667,0.1188319032887313,0.2713472965297399,0.0,1.4338972568511963,0.3793095871806144,0.0,0.0,0.3793095871806144,0.6807128839957389,1.469043884161147,0.0475285429781054,5.5788770073023,0.4170076323029864,1.969168195760492e-06,0.0005061069179622,0.0304692343921407,0.0
noncovid_18_1,18%1.jpg,NonCOVID,0,test,/Users/samehissa/Downloads/COVID-CT-Dataset-master/Images-processed/CT_NonCOVID/18%1.jpg,0.3188121817511273,0.498471500034656,0.2484738363468,0.0,2.189990758895874,1.7527247500366512,2.507182848294746,3.790887871725946,44.81472557820338,0.2484738363468,0.3874461300297298,0.0,2.189990758895874,0.5266674309968948,0.0,0.0,0.5266674309968948,0.6395782750883191,1.5635271440906708,0.0317605712084002,5.469095132920476,0.5917051998924074,1.882345825958984e-06,0.0004470710961513,0.0440590722378419,0.0
noncovid_18_2,18%2.jpg,NonCOVID,0,test,/Users/samehissa/Downloads/COVID-CT-Dataset-master/Images-processed/CT_NonCOVID/18%2.jpg,0.2336218339551123,0.3531080105083424,0.1246852670851596,0.0198891023173928,1.5082950592041016,1.6660459987145984,2.0292947714624363,3.850290390983436,22.945846833370844,0.1246852670851596,0.2735374050546397,0.0,1.5082950592041016,0.3317338973283767,0.0,0.0198891023173928,0.3317338973283767,0.6616139124254745,1.5114512395112345,-0.0314771480233488,5.554794852869566,0.423396301809203,2.1694485573423074e-06,0.0007916467748877,0.0312106335902174,0.0198891023173928
noncovid_18_3,18%3.jpg,NonCOVID,0,test,/Users/samehissa/Downloads/COVID-CT-Dataset-master/Images-processed/CT_NonCOVID/18%3.jpg,0.2643038729293039,0.3723805739882649,0.1386672918838296,0.0,1.4101862907409668,1.2503501062309472,0.4914571657572359,3.872899042659867,26.691050128545186,0.1386672918838296,0.3157878144381811,0.0,1.4101862907409668,0.5469297766685486,0.0,0.0,0.5469297766685486,0.7097662489004708,1.408910773274478,-0.0385927337457298,5.587412242524341,0.4566440945958452,1.855065687102814e-06,0.0003942419086148,0.0329141036311551,0.0
noncovid_19_0,19%0.jpg,NonCOVID,0,test,/Users/samehissa/Downloads/COVID-CT-Dataset-master/Images-processed/CT_NonCOVID/19%0.jpg,0.2924864154228999,0.4277328641893954,0.1829554031076637,0.0,1.9113781452178955,1.5394083481514655,1.637040401966022,3.870504998177892,34.36847440826892,0.1829554031076637,0.3415802076627869,0.0,1.9113781452178955,0.4611891433596611,0.0,0.0,0.4611891433596611,0.6838046736776269,1.4624024967824425,-0.0010693527731286,5.583958366422528,0.5181734326599551,1.9692197971464853e-06,0.0005797289901087,0.0378066011005832,0.0
noncovid_19_1,19%1.jpg,NonCOVID,0,test,/Users/samehissa/Downloads/COVID-CT-Dataset-master/Images-processed/CT_NonCOVID/19%1.jpg,0.2224486042396165,0.3180605112089429,0.1011624887904941,0.0,1.6111522912979126,1.5515351566979407,2.269854817425597,3.891480940205051,19.2826714007869,0.1011624887904941,0.2577527493040179,0.0,1.6111522912979126,0.4156827852129936,0.0,0.0,0.4156827852129936,0.6993886289293403,1.4298157198879764,0.0601142416022358,5.614220253963085,0.3881312539832983,1.9393859476610075e-06,0.0004792830123552,0.0281128430379379,0.0
noncovid_2_0,2%0.jpg,NonCOVID,0,test,/Users/samehissa/Downloads/COVID-CT-Dataset-master/Images-processed/CT_NonCOVID/2%0.jpg,0.310161630040966,0.4411661257088199,0.1946275504729303,0.0,1.6718167066574097,1.3269682402930525,0.7317433595000464,3.8752105532783263,37.22595676449272,0.1946275504729303,0.3679333331110683,0.0,1.6718167066574097,0.6096867322921753,0.0,0.0,0.6096867322921753,0.7030479198617341,1.4223749264232035,0.1547072207592773,5.590747047430553,0.5392845141690973,1.910440837987269e-06,0.0005027163851308,0.0389939448898129,0.0
noncovid_2_1,2%1.jpg,NonCOVID,0,test,/Users/samehissa/Downloads/COVID-CT-Dataset-master/Images-processed/CT_NonCOVID/2%1.jpg,0.3180280429951381,0.45598946763818,0.2079263945969508,0.0,2.1393842697143555,1.4798859432061473,1.5807688555008683,3.8836076031898585,39.56073353321833,0.2079263945969508,0.3680744580542523,0.0,2.1393842697143555,0.5388016849756241,0.0,0.0,0.5388016849756241,0.6974444984395759,1.4338027028803588,0.108358028127038,5.60286142969602,0.55593905306991,1.9393856232830764e-06,0.0005595197072987,0.0403041555895751,0.0
noncovid_2_2,2%2.jpg,NonCOVID,0,test,/Users/samehissa/Downloads/COVID-CT-Dataset-master/Images-processed/CT_NonCOVID/2%2.jpg,0.2991106893168762,0.4142138182062009,0.1715730871929596,0.0,1.6799795627593994,1.292931144358604,0.6484848129003038,3.90940069603462,33.41315733204179,0.1715730871929596,0.341159845382208,0.0,1.6799795627593994,0.4924483522772789,0.0,0.0,0.4924483522772789,0.7221148934560219,1.384817838346743,-0.044829147642169,5.640072996832345,0.5109210229150651,1.96921715323184e-06,0.0005846283168159,0.036611674964347,0.0
noncovid_2_3,2%3.jpg,NonCOVID,0,test,/Users/samehissa/Downloads/COVID-CT-Dataset-master/Images-processed/CT_NonCOVID/2%3.jpg,0.2970666448090924,0.4124557629219609,0.1701197563675368,0.0,1.6601810455322266,1.3277197244102896,0.929119463192599,3.904601572448655,33.071148521685544,0.1701197563675368,0.3418730448443057,0.0,1.6601810455322266,0.5833036005496979,0.0,0.0,0.5833036005496979,0.7202370563755286,1.388428388474992,-0.0685579686470655,5.63314932503426,0.5082994666785204,1.939380856838445e-06,0.0005361961131901,0.0364562833626986,0.0
noncovid_3,3.jpg,NonCOVID,0,test,/Users/samehissa/Downloads/COVID-CT-Dataset-master/Images-processed/CT_NonCOVID/3.jpg,0.3468107565122409,0.51448259389088,0.2646923394166881,0.0,2.6178572177886963,1.659003104511155,2.6608844769525417,3.839696937744513,49.27616515190796,0.2646923394166881,0.4072092698972511,0.0,2.6178572177886963,0.5894893854856491,0.0,0.0,0.5894893854856491,0.6740948800513125,1.483467811277996,0.1406772070227589,5.539511730415883,0.620459539574726,1.8550122155261904e-06,0.0004184861110792,0.0454742663678357,0.0
noncovid_4_1,4%1.jpg,NonCOVID,0,test,/Users/samehissa/Downloads/COVID-CT-Dataset-master/Images-processed/CT_NonCOVID/4%1.jpg,0.242623423342593,0.3197611792292614,0.1022472117420878,0.0613886173814535,1.29064679145813,1.2555835324053757,0.6785382420204313,3.984035697677224,20.622507173960564,0.1022472117420878,0.265582678212013,0.0,1.29064679145813,0.44971714168787,0.0,0.0613886173814535,0.44971714168787,0.7587621022830163,1.317932023313953,-0.0397940573882978,5.74774854357887,0.401389259069755,2.1333174474970074e-06,0.0008525855207996,0.0282631622741522,0.0613886173814535
noncovid_4_3,4%3.jpg,NonCOVID,0,test,/Users/samehissa/Downloads/COVID-CT-Dataset-master/Images-processed/CT_NonCOVID/4%3.jpg,0.2691732373423292,0.3739056926320001,0.1398054669826157,0.0396865047514438,1.6164028644561768,1.419069403396258,1.2243860335214514,3.932542114531629,27.169241431547604,0.1398054669826157,0.3035702137332237,0.0,1.6164028644561768,0.4826153814792633,0.0,0.0396865047514438,0.4826153814792633,0.7198941410959183,1.3890894069698103,-0.019354985192435,5.673459006537115,0.4607165057646249,2.133311575795918e-06,0.0008530792721119,0.0330489063480425,0.0396865047514438
noncovid_4_5,4%5.jpg,NonCOVID,0,test,/Users/samehissa/Downloads/COVID-CT-Dataset-master/Images-processed/CT_NonCOVID/4%5.jpg,0.1682248012511991,0.2695126384795112,0.0726370623001877,0.0,1.058388113975525,1.6045448541198977,1.4174399071173136,3.733108119214996,12.919890695192722,0.0726370623001877,0.2109951041556996,0.0,1.058388113975525,0.2509234771132469,0.0,0.0,0.2509234771132469,0.6241791777227176,1.6020981239090046,0.1062361152229799,5.385736570509135,0.3177052817568401,1.7534148819409845e-06,0.0002158265603696,0.0238217767855426,0.0
noncovid_4_7,4%7.jpg,NonCOVID,0,test,/Users/samehissa/Downloads/COVID-CT-Dataset-master/Images-processed/CT_NonCOVID/4%7.jpg,0.2245515557006001,0.336678227505401,0.1133522288761785,0.0,1.2013534307479858,1.4954523432446458,1.1000927997763998,3.8306603319926538,20.9632806455985,0.1133522288761785,0.2676313949050382,0.0,1.2013534307479858,0.3538340851664543,0.0,0.0,0.3538340851664543,0.6669599350230121,1.499335983021654,0.0327190421876269,5.526474664111209,0.4046920187546799,1.882345410356327e-06,0.0003939056702465,0.029758432218367,0.0
noncovid_5_0,5%0.jpg,NonCOVID,0,test,/Users/samehissa/Downloads/COVID-CT-Dataset-master/Images-processed/CT_NonCOVID/5%0.jpg,0.2871072829293553,0.424117322772686,0.1798755034758707,0.0,1.836873173713684,1.5327059452151786,1.524736294050558,3.846287021320023,33.57518020952929,0.1798755034758707,0.3365945980499418,0.0,1.836873173713684,0.4235781207680702,0.0,0.0,0.4235781207680702,0.6769509061819894,1.477208513993158,0.002558674029088,5.549019211309316,0.5121582718134576,1.855067380128015e-06,0.0004106887645625,0.0374870293689062,0.0
noncovid_5_1,5%1.jpg,NonCOVID,0,test,/Users/samehissa/Downloads/COVID-CT-Dataset-master/Images-processed/CT_NonCOVID/5%1.jpg,0.2842414455226389,0.4142303317560905,0.1715867677467608,0.0414584260433912,1.93914008140564,1.6840417337625693,2.5385756699854483,3.895293516740016,32.304635788743695,0.1715867677467608,0.3231882930306256,0.0,1.93914008140564,0.4418425559997558,0.0,0.0414584260433912,0.4418425559997558,0.6861901158408927,1.4573185518193486,0.0043850788612196,5.619720639223086,0.5023743296582341,2.064504447467551e-06,0.0007484058867021,0.0366131345697356,0.0414584260433912
noncovid_5_2,5%2.jpg,NonCOVID,0,test,/Users/samehissa/Downloads/COVID-CT-Dataset-master/Images-processed/CT_NonCOVID/5%2.jpg,0.260981724881276,0.3634712503625959,0.1321113498401488,0.0703587289899587,1.8847957849502563,1.6848785557369428,2.953388726450039,3.954350982130107,25.62851975195583,0.1321113498401488,0.2875533996074182,0.0,1.8847957849502563,0.4689435884356498,0.0,0.0703587289899587,0.4689435884356498,0.7180237958218916,1.3927076714967062,0.0927481192441727,5.704922551668842,0.4474626359397564,2.1694729312243145e-06,0.0009441175570529,0.0321266232372181,0.0703587289899587
noncovid_5_3,5%3.jpg,NonCOVID,0,test,/Users/samehissa/Downloads/COVID-CT-Dataset-master/Images-processed/CT_NonCOVID/5%3.jpg,0.2357141954444159,0.3396935648291782,0.115391717986355,0.0,1.524962067604065,1.5418138480764636,1.983429470136775,3.8758089572334056,21.88197118980652,0.115391717986355,0.273689596283333,0.0,1.524962067604065,0.4380160570144653,0.0,0.0,0.4380160570144653,0.6939004030369144,1.4411247663244011,-0.0281233789768021,5.591610361848994,0.4134645086586797,1.910389754307657e-06,0.0004340169946078,0.0300249529020179,0.0
noncovid_5_4,5%4.jpg,NonCOVID,0,test,/Users/samehissa/Downloads/COVID-CT-Dataset-master/Images-processed/CT_NonCOVID/5%4.jpg,0.2944283463875763,0.3786834581400488,0.1434011614689061,0.0720986388623714,1.4017261266708374,1.1644061820050862,0.3171065825634804,4.010531931209032,29.45141921605488,0.1434011614689061,0.3156531199201708,0.0,1.4017261266708374,0.5569770485162735,0.0,0.0720986388623714,0.5569770485162735,0.7775031165358467,1.2861650815426642,-0.0917801404182469,5.785974528297444,0.4796761539053497,2.169481861502517e-06,0.0010585997350278,0.03347120514675,0.0720986388623714
noncovid_5_5,5%5.jpg,NonCOVID,0,test,/Users/samehissa/Downloads/COVID-CT-Dataset-master/Images-processed/CT_NonCOVID/5%5.jpg,0.2353578165239014,0.3115587829911869,0.0970688752589495,0.0537874195724725,1.2785329818725586,1.254301362902862,0.7667635673607887,3.970843376416926,19.51515866340454,0.0970688752589495,0.2588748305519175,0.0,1.2785329818725586,0.4455279782414436,0.0,0.0537874195724725,0.4455279782414436,0.7554178343055239,1.3237664573572685,0.0042399180277573,5.728716047118822,0.3904640534772029,2.06450125168683e-06,0.0007060559822088,0.027538166023912,0.0537874195724725
noncovid_5_6,5%6.jpg,NonCOVID,0,test,/Users/samehissa/Downloads/COVID-CT-Dataset-master/Images-processed/CT_NonCOVID/5%6.jpg,0.1885079290004796,0.2718236080498557,0.0738880738932415,0.0,1.0686041116714478,1.3182222281771612,0.5694889475149587,3.861883973921751,14.006184088229308,0.0738880738932415,0.2257624439221217,0.0,1.0686041116714478,0.3713129311800003,0.0,0.0,0.3713129311800003,0.6934910358296374,1.4419744012421043,-0.0339572589568366,5.571520857480809,0.3307919484952611,1.969214018290741e-06,0.0004548887199942,0.0240260395673308,0.0
noncovid_5_7,5%7.jpg,NonCOVID,0,test,/Users/samehissa/Downloads/COVID-CT-Dataset-master/Images-processed/CT_NonCOVID/5%7.jpg,0.2085458230940275,0.3076878084854155,0.0946717874905577,0.0,1.1091057062149048,1.5474489877102575,1.3647660439339877,3.8652177783845696,17.684882921026965,0.0946717874905577,0.2393233377880506,0.0,1.1091057062149048,0.319522000849247,0.0,0.0,0.319522000849247,0.6777816330746157,1.4753966486621384,0.1226355206524813,5.576330520646611,0.3717030371419141,1.9692177987173447e-06,0.0004914275572905,0.0271960169835581,0.0
noncovid_6_0,6%0.jpg,NonCOVID,0,test,/Users/samehissa/Downloads/COVID-CT-Dataset-master/Images-processed/CT_NonCOVID/6%0.jpg,0.2949981581914471,0.4463432651634034,0.1992223103567282,0.0,2.0179102420806885,1.854579834776448,3.1522947956966734,3.850231451531168,36.63951663271352,0.1992223103567282,0.339058654531982,0.0,2.0179102420806885,0.4766499176621437,0.0,0.0,0.4766499176621437,0.6609206865992788,1.5130374640296456,0.1208689186113522,5.554709821214068,0.5350198348594885,1.9692152359192243e-06,0.0005630383857003,0.0394515436917484,0.0
noncovid_6_1,6%1.jpg,NonCOVID,0,test,/Users/samehissa/Downloads/COVID-CT-Dataset-master/Images-processed/CT_NonCOVID/6%1.jpg,0.2522906647500349,0.4121641366247494,0.169879275519625,0.0,1.8879374265670776,1.9759846890978887,3.483627143263546,3.762873735028281,29.89182144507386,0.169879275519625,0.3098104077976131,0.0,1.8879374265670776,0.4123842492699623,0.0,0.0,0.4123842492699623,0.6121106380225697,1.6336876238885585,0.0814288310253371,5.42867927683197,0.4832492680176966,1.969215268953292e-06,0.0004985509052317,0.0364305069961573,0.0
noncovid_6_2,6%2.jpg,NonCOVID,0,test,/Users/samehissa/Downloads/COVID-CT-Dataset-master/Images-processed/CT_NonCOVID/6%2.jpg,0.3147885102807777,0.4720165368986648,0.2227996111058085,0.0097542665898799,2.0865211486816406,1.6608157326752937,2.1294323249866656,3.847997876730544,41.20210141575678,0.2227996111058085,0.3713518069978363,0.0,2.0865211486816406,0.5152497887611389,0.0,0.0097542665898799,0.5152497887611389,0.666900031615474,1.499471935864643,0.1090622551197246,5.551487453925753,0.5673547543738395,1.9999892922997256e-06,0.0006365715699255,0.0417207617591545,0.0097542665898799
noncovid_6_3,6%3.jpg,NonCOVID,0,test,/Users/samehissa/Downloads/COVID-CT-Dataset-master/Images-processed/CT_NonCOVID/6%3.jpg,0.3211089872638695,0.4507494835466751,0.2031750969175944,0.0539486929774284,1.7079535722732544,1.4909139473683928,1.4429018906174589,3.931094559610141,39.204618063260455,0.2031750969175944,0.3628573896476155,0.0,1.7079535722732544,0.5609925240278244,0.0,0.0539486929774284,0.5609925240278244,0.712387449342844,1.403727399184484,0.1920860566197519,5.671370626230472,0.5534311868870622,2.1694751911356096e-06,0.0010247651711203,0.0398410020540235,0.0539486929774284
noncovid_7,7.jpg,NonCOVID,0,test,/Users/samehissa/Downloads/COVID-CT-Dataset-master/Images-processed/CT_NonCOVID/7.jpg,0.3021220691516646,0.4449312474097986,0.1979638149216394,0.0223665283992886,2.072216272354126,1.641538902446212,2.1968910094742062,3.8749782380117903,37.0229196275357,0.1979638149216394,0.350204343510768,0.0,2.072216272354126,0.4673240333795547,0.0,0.0223665283992886,0.4673240333795547,0.6790293823621181,1.472687012435507,0.019798749932197,5.590411887347599,0.5378118254465243,2.0644951714778658e-06,0.0007411135805981,0.0393267377756572,0.0223665283992886
noncovid_8,8.jpg,NonCOVID,0,test,/Users/samehissa/Downloads/COVID-CT-Dataset-master/Images-processed/CT_NonCOVID/8.jpg,0.2531438307632925,0.3622099756149926,0.1311960664350135,0.0,1.369044542312622,1.3506316782337446,0.8353046444947214,3.8678824673662096,24.995566782531583,0.1311960664350135,0.2982545585421121,0.0,1.369044542312622,0.4238664731383323,0.0,0.0,0.4238664731383323,0.6988850360856222,1.430846544918113,-0.0707409397980263,5.580174854225936,0.4419025520276252,1.882345279255564e-06,0.0004196173014265,0.0320151412463469,0.0
noncovid_9,9.jpg,NonCOVID,0,test,/Users/samehissa/Downloads/COVID-CT-Dataset-master/Images-processed/CT_NonCOVID/9.jpg,0.2576041183856432,0.3678731993218462,0.1353306907792907,0.0,1.262959361076355,1.1928639669187509,0.0626182785035798,3.8546287959875327,25.81639329133252,0.1353306907792907,0.3116135347860336,0.0,1.262959361076355,0.5137311667203903,0.0,0.0,0.5137311667203903,0.700250571691412,1.428056358831678,0.0430569788391786,5.561053848254346,0.4490997356807675,1.910434537552428e-06,0.0004436365310989,0.0325157042321584,0.0
