filepath,filename,split,class_name,label,source,source_filepath
/Users/samehissa/Downloads/COVID-CT-Dataset-master/Images-processed/CT_COVID/2020.01.24.919183-p27-132.png,2020.01.24.919183-p27-132.png,train,COVID,1,original,
/Users/samehissa/Downloads/COVID-CT-Dataset-master/Images-processed/CT_COVID/2020.01.24.919183-p27-133.png,2020.01.24.919183-p27-133.png,train,COVID,1,original,
/Users/samehissa/Downloads/COVID-CT-Dataset-master/Images-processed/CT_COVID/2020.01.24.919183-p27-134.png,2020.01.24.919183-p27-134.png,train,COVID,1,original,
/Users/samehissa/Downloads/COVID-CT-Dataset-master/Images-processed/CT_COVID/2020.01.24.919183-p27-135.png,2020.01.24.919183-p27-135.png,train,COVID,1,original,
/Users/samehissa/Downloads/COVID-CT-Dataset-master/Images-processed/CT_COVID/2020.02.10.20021584-p6-52%0.png,2020.02.10.20021584-p6-52%0.png,train,COVID,1,original,
/Users/samehissa/Downloads/COVID-CT-Dataset-master/Images-processed/CT_COVID/2020.02.10.20021584-p6-52%1.png,2020.02.10.20021584-p6-52%1.png,train,COVID,1,original,
/Users/samehissa/Downloads/COVID-CT-Dataset-master/Images-processed/CT_COVID/2020.02.10.20021584-p6-52%10.png,2020.02.10.20021584-p6-52%10.png,train,COVID,1,original,
/Users/samehissa/Downloads/COVID-CT-Dataset-master/Images-processed/CT_COVID/2020.02.10.20021584-p6-52%11.png,2020.02.10.20021584-p6-52%11.png,train,COVID,1,original,
/Users/samehissa/Downloads/COVID-CT-Dataset-master/Images-processed/CT_COVID/2020.02.10.20021584-p6-52%12.png,2020.02.10.20021584-p6-52%12.png,train,COVID,1,original,
/Users/samehissa/Downloads/COVID-CT-Dataset-master/Images-processed/CT_COVID/2020.02.10.20021584-p6-52%13.png,2020.02.10.20021584-p6-52%13.png,train,COVID,1,original,
/Users/samehissa/Downloads/COVID-CT-Dataset-master/Images-processed/CT_COVID/2020.02.10.20021584-p6-52%14.png,2020.02.10.20021584-p6-52%14.png,train,COVID,1,original,
/Users/samehissa/Downloads/COVID-CT-Dataset-master/Images-processed/CT_COVID/2020.02.10.20021584-p6-52%15.png,2020.02.10.20021584-p6-52%15.png,train,COVID,1,original,
/Users/samehissa/Downloads/COVID-CT-Dataset-master/Images-processed/CT_COVID/2020.02.10.20021584-p6-52%2.png,2020.02.10.20021584-p6-52%2.png,train,COVID,1,original,
/Users/samehissa/Downloads/COVID-CT-Dataset-master/Images-processed/CT_COVID/2020.02.10.20021584-p6-52%3.png,2020.02.10.20021584-p6-52%3.png,train,COVID,1,original,
/Users/samehissa/Downloads/COVID-CT-Dataset-master/Images-processed/CT_COVID/2020.02.10.20021584-p6-52%4.png,2020.02.10.20021584-p6-52%4.png,train,COVID,1,original,
/Users/samehissa/Downloads/COVID-CT-Dataset-master/Images-processed/CT_COVID/2020.02.10.20021584-p6-52%5.png,2020.02.10.20021584-p6-52%5.png,train,COVID,1,original,
/Users/samehissa/Downloads/COVID-CT-Dataset-master/Images-processed/CT_COVID/2020.02.10.20021584-p6-52%6.png,2020.02.10.20021584-p6-52%6.png,train,COVID,1,original,
/Users/samehissa/Downloads/COVID-CT-Dataset-master/Images-processed/CT_COVID/2020.02.10.20021584-p6-52%7.png,2020.02.10.20021584-p6-52%7.png,train,COVID,1,original,
/Users/samehissa/Downloads/COVID-CT-Dataset-master/Images-processed/CT_COVID/2020.02.10.20021584-p6-52%8.png,2020.02.10.20021584-p6-52%8.png,train,COVID,1,original,
/Users/samehissa/Downloads/COVID-CT-Dataset-master/Images-processed/CT_COVID/2020.02.10.20021584-p6-52%9.png,2020.02.10.20021584-p6-52%9.png,train,COVID,1,original,
/Users/samehissa/Downloads/COVID-CT-Dataset-master/Images-processed/CT_COVID/2020.02.11.20021493-p16-109%0.png,2020.02.11.20021493-p16-109%0.png,train,COVID,1,original,
/Users/samehissa/Downloads/COVID-CT-Dataset-master/Images-processed/CT_COVID/2020.02.11.20021493-p16-109%1.png,2020.02.11.20021493-p16-109%1.png,train,COVID,1,original,
/Users/samehissa/Downloads/COVID-CT-Dataset-master/Images-processed/CT_COVID/2020.02.11.20021493-p16-109%2.png,2020.02.11.20021493-p16-109%2.png,train,COVID,1,original,
/Users/samehissa/Downloads/COVID-CT-Dataset-master/Images-processed/CT_COVID/2020.02.11.20022053-p12-67%0.png,2020.02.11.20022053-p12-67%0.png,train,COVID,1,original,
/Users/samehissa/Downloads/COVID-CT-Dataset-master/Images-processed/CT_COVID/2020.02.11.20022053-p12-67%1.png,2020.02.11.20022053-p12-67%1.png,train,COVID,1,original,
/Users/samehissa/Downloads/COVID-CT-Dataset-master/Images-processed/CT_COVID/2020.02.11.20022053-p12-67%2.png,2020.02.11.20022053-p12-67%2.png,train,COVID,1,original,
/Users/samehissa/Downloads/COVID-CT-Dataset-master/Images-processed/CT_COVID/2020.02.11.20022053-p12-67%3.png,2020.02.11.20022053-p12-67%3.png,train,COVID,1,original,
/Users/samehissa/Downloads/COVID-CT-Dataset-master/Images-processed/CT_COVID/2020.02.13.20022673-p13-77%0.png,2020.02.13.20022673-p13-77%0.png,train,COVID,1,original,
/Users/samehissa/Downloads/COVID-CT-Dataset-master/Images-processed/CT_COVID/2020.02.13.20022673-p13-77%1.png,2020.02.13.20022673-p13-77%1.png,train,COVID,1,original,
/Users/samehissa/Downloads/COVID-CT-Dataset-master/Images-processed/CT_COVID/2020.02.13.20022673-p13-77%2.png,2020.02.13.20022673-p13-77%2.png,train,COVID,1,original,
/Users/samehissa/Downloads/COVID-CT-Dataset-master/Images-processed/CT_COVID/2020.02.17.20024018-p17-61%0.png,2020.02.17.20024018-p17-61%0.png,train,COVID,1,original,
/Users/samehissa/Downloads/COVID-CT-Dataset-master/Images-processed/CT_COVID/2020.02.17.20024018-p17-61%1.png,2020.02.17.20024018-p17-61%1.png,train,COVID,1,original,
/Users/samehissa/Downloads/COVID-CT-Dataset-master/Images-processed/CT_COVID/2020.02.17.20024018-p17-61%2.png,2020.02.17.20024018-p17-61%2.png,train,COVID,1,original,
/Users/samehissa/Downloads/COVID-CT-Dataset-master/Images-processed/CT_COVID/2020.02.17.20024018-p17-61%3.png,2020.02.17.20024018-p17-61%3.png,train,COVID,1,original,
/Users/samehissa/Downloads/COVID-CT-Dataset-master/Images-processed/CT_COVID/2020.02.17.20024018-p17-61%4.png,2020.02.17.20024018-p17-61%4.png,train,COVID,1,original,
/Users/samehissa/Downloads/COVID-CT-Dataset-master/Images-processed/CT_COVID/2020.02.19.20025023-p20-93%0.png,2020.02.19.20025023-p20-93%0.png,train,COVID,1,original,
/Users/samehissa/Downloads/COVID-CT-Dataset-master/Images-processed/CT_COVID/2020.02.19.20025023-p20-93%1.png,2020.02.19.20025023-p20-93%1.png,train,COVID,1,original,
/Users/samehissa/Downloads/COVID-CT-Dataset-master/Images-processed/CT_COVID/2020.02.19.20025023-p20-93%2.png,2020.02.19.20025023-p20-93%2.png,train,COVID,1,original,
/Users/samehissa/Downloads/COVID-CT-Dataset-master/Images-processed/CT_COVID/2020.02.19.20025023-p20-93%3.png,2020.02.19.20025023-p20-93%3.png,train,COVID,1,original,
/Users/samehissa/Downloads/COVID-CT-Dataset-master/Images-processed/CT_COVID/2020.02.22.20024927-p18-66%0.png,2020.02.22.20024927-p18-66%0.png,train,COVID,1,original,
/Users/samehissa/Downloads/COVID-CT-Dataset-master/Images-processed/CT_COVID/2020.02.22.20024927-p18-66%1.png,2020.02.22.20024927-p18-66%1.png,train,COVID,1,original,
/Users/samehissa/Downloads/COVID-CT-Dataset-master/Images-processed/CT_COVID/2020.02.22.20024927-p18-66%2.png,2020.02.22.20024927-p18-66%2.png,train,COVID,1,original,
/Users/samehissa/Downloads/COVID-CT-Dataset-master/Images-processed/CT_COVID/2020.02.22.20024927-p19-68%0.png,2020.02.22.20024927-p19-68%0.png,train,COVID,1,original,
/Users/samehissa/Downloads/COVID-CT-Dataset-master/Images-processed/CT_COVID/2020.02.22.20024927-p19-68%1.png,2020.02.22.20024927-p19-68%1.png,train,COVID,1,original,
/Users/samehissa/Downloads/COVID-CT-Dataset-master/Images-processed/CT_COVID/2020.02.22.20024927-p19-68%2.png,2020.02.22.20024927-p19-68%2.png,train,COVID,1,original,
/Users/samehissa/Downloads/COVID-CT-Dataset-master/Images-processed/CT_COVID/2020.02.22.20024927-p19-68%3.png,2020.02.22.20024927-p19-68%3.png,train,COVID,1,original,
/Users/samehissa/Downloads/COVID-CT-Dataset-master/Images-processed/CT_COVID/2020.02.22.20024927-p19-68%4.png,2020.02.22.20024927-p19-68%4.png,train,COVID,1,original,
/Users/samehissa/Downloads/COVID-CT-Dataset-master/Images-processed/CT_COVID/2020.02.22.20024927-p19-68%5.png,2020.02.22.20024927-p19-68%5.png,train,COVID,1,original,
/Users/samehissa/Downloads/COVID-CT-Dataset-master/Images-processed/CT_COVID/2020.02.22.20024927-p20-70%0.png,2020.02.22.20024927-p20-70%0.png,train,COVID,1,original,
/Users/samehissa/Downloads/COVID-CT-Dataset-master/Images-processed/CT_COVID/2020.02.22.20024927-p20-70%1.png,2020.02.22.20024927-p20-70%1.png,train,COVID,1,original,
/Users/samehissa/Downloads/COVID-CT-Dataset-master/Images-processed/CT_COVID/2020.02.22.20024927-p20-70%2.png,2020.02.22.20024927-p20-70%2.png,train,COVID,1,original,
/Users/samehissa/Downloads/COVID-CT-Dataset-master/Images-processed/CT_COVID/2020.02.22.20024927-p20-70%3.png,2020.02.22.20024927-p20-70%3.png,train,COVID,1,original,
/Users/samehissa/Downloads/COVID-CT-Dataset-master/Images-processed/CT_COVID/2020.02.23.20026856-p17-115%0.png,2020.02.23.20026856-p17-115%0.png,train,COVID,1,original,
/Users/samehissa/Downloads/COVID-CT-Dataset-master/Images-processed/CT_COVID/2020.02.23.20026856-p17-115%1.png,2020.02.23.20026856-p17-115%1.png,train,COVID,1,original,
/Users/samehissa/Downloads/COVID-CT-Dataset-master/Images-processed/CT_COVID/2020.02.23.20026856-p17-115%2.png,2020.02.23.20026856-p17-115%2.png,train,COVID,1,original,
/Users/samehissa/Downloads/COVID-CT-Dataset-master/Images-processed/CT_COVID/2020.02.23.20026856-p17-115%3.png,2020.02.23.20026856-p17-115%3.png,train,COVID,1,original,
/Users/samehissa/Downloads/COVID-CT-Dataset-master/Images-processed/CT_COVID/2020.02.23.20026856-p17-115%4.png,2020.02.23.20026856-p17-115%4.png,train,COVID,1,original,
/Users/samehissa/Downloads/COVID-CT-Dataset-master/Images-processed/CT_COVID/2020.02.23.20026856-p17-115%5.png,2020.02.23.20026856-p17-115%5.png,train,COVID,1,original,
/Users/samehissa/Downloads/COVID-CT-Dataset-master/Images-processed/CT_COVID/2020.02.24.20027052-p8-73%0.png,2020.02.24.20027052-p8-73%0.png,train,COVID,1,original,
/Users/samehissa/Downloads/COVID-CT-Dataset-master/Images-processed/CT_COVID/2020.02.24.20027052-p8-73%1.png,2020.02.24.20027052-p8-73%1.png,train,COVID,1,original,
/Users/samehissa/Downloads/COVID-CT-Dataset-master/Images-processed/CT_COVID/2020.02.24.20027052-p8-73%2.png,2020.02.24.20027052-p8-73%2.png,train,COVID,1,original,
/Users/samehissa/Downloads/COVID-CT-Dataset-master/Images-processed/CT_COVID/2020.02.24.20027052-p8-73%3.png,2020.02.24.20027052-p8-73%3.png,train,COVID,1,original,
/Users/samehissa/Downloads/COVID-CT-Dataset-master/Images-processed/CT_COVID/2020.02.24.20027201-p19-669.png,2020.02.24.20027201-p19-669.png,train,COVID,1,original,
/Users/samehissa/Downloads/COVID-CT-Dataset-master/Images-processed/CT_COVID/2020.02.24.20027201-p19-670.png,2020.02.24.20027201-p19-670.png,train,COVID,1,original,
/Users/samehissa/Downloads/COVID-CT-Dataset-master/Images-processed/CT_COVID/2020.02.25.20021568-p23-108%0.png,2020.02.25.20021568-p23-108%0.png,train,COVID,1,original,
/Users/samehissa/Downloads/COVID-CT-Dataset-master/Images-processed/CT_COVID/2020.02.25.20021568-p23-108%1.png,2020.02.25.20021568-p23-108%1.png,train,COVID,1,original,
/Users/samehissa/Downloads/COVID-CT-Dataset-master/Images-processed/CT_COVID/2020.02.25.20021568-p23-108%10.png,2020.02.25.20021568-p23-108%10.png,train,COVID,1,original,
/Users/samehissa/Downloads/COVID-CT-Dataset-master/Images-processed/CT_COVID/2020.02.25.20021568-p23-108%11.png,2020.02.25.20021568-p23-108%11.png,train,COVID,1,original,
/Users/samehissa/Downloads/COVID-CT-Dataset-master/Images-processed/CT_COVID/2020.02.25.20021568-p23-108%12.png,2020.02.25.20021568-p23-108%12.png,train,COVID,1,original,
/Users/samehissa/Downloads/COVID-CT-Dataset-master/Images-processed/CT_COVID/2020.02.25.20021568-p23-108%13.png,2020.02.25.20021568-p23-108%13.png,train,COVID,1,original,
/Users/samehissa/Downloads/COVID-CT-Dataset-master/Images-processed/CT_COVID/2020.02.25.20021568-p23-108%14.png,2020.02.25.20021568-p23-108%14.png,train,COVID,1,original,
/Users/samehissa/Downloads/COVID-CT-Dataset-master/Images-processed/CT_COVID/2020.02.25.20021568-p23-108%15.png,2020.02.25.20021568-p23-108%15.png,train,COVID,1,original,
/Users/samehissa/Downloads/COVID-CT-Dataset-master/Images-processed/CT_COVID/2020.02.25.20021568-p23-108%2.png,2020.02.25.20021568-p23-108%2.png,train,COVID,1,original,
/Users/samehissa/Downloads/COVID-CT-Dataset-master/Images-processed/CT_COVID/2020.02.25.20021568-p23-108%3.png,2020.02.25.20021568-p23-108%3.png,train,COVID,1,original,
/Users/samehissa/Downloads/COVID-CT-Dataset-master/Images-processed/CT_COVID/2020.02.25.20021568-p23-108%4.png,2020.02.25.20021568-p23-108%4.png,train,COVID,1,original,
/Users/samehissa/Downloads/COVID-CT-Dataset-master/Images-processed/CT_COVID/2020.02.25.20021568-p23-108%5.png,2020.02.25.20021568-p23-108%5.png,train,COVID,1,original,
/Users/samehissa/Downloads/COVID-CT-Dataset-master/Images-processed/CT_COVID/2020.02.25.20021568-p23-108%6.png,2020.02.25.20021568-p23-108%6.png,train,COVID,1,original,
/Users/samehissa/Downloads/COVID-CT-Dataset-master/Images-processed/CT_COVID/2020.02.25.20021568-p23-108%7.png,2020.02.25.20021568-p23-108%7.png,train,COVID,1,original,
/Users/samehissa/Downloads/COVID-CT-Dataset-master/Images-processed/CT_COVID/2020.02.25.20021568-p23-108%8.png,2020.02.25.20021568-p23-108%8.png,train,COVID,1,original,
/Users/samehissa/Downloads/COVID-CT-Dataset-master/Images-processed/CT_COVID/2020.02.25.20021568-p23-108%9.png,2020.02.25.20021568-p23-108%9.png,train,COVID,1,original,
/Users/samehissa/Downloads/COVID-CT-Dataset-master/Images-processed/CT_COVID/2020.02.25.20021568-p24-111%0.png,2020.02.25.20021568-p24-111%0.png,train,COVID,1,original,
/Users/samehissa/Downloads/COVID-CT-Dataset-master/Images-processed/CT_COVID/2020.02.25.20021568-p24-111%1.png,2020.02.25.20021568-p24-111%1.png,train,COVID,1,original,
/Users/samehissa/Downloads/COVID-CT-Dataset-master/Images-processed/CT_COVID/2020.02.25.20021568-p24-111%2.png,2020.02.25.20021568-p24-111%2.png,train,COVID,1,original,
/Users/samehissa/Downloads/COVID-CT-Dataset-master/Images-processed/CT_COVID/2020.02.25.20021568-p24-111%3.png,2020.02.25.20021568-p24-111%3.png,train,COVID,1,original,
/Users/samehissa/Downloads/COVID-CT-Dataset-master/Images-processed/CT_COVID/2020.02.25.20021568-p24-111%4.png,2020.02.25.20021568-p24-111%4.png,train,COVID,1,original,
/Users/samehissa/Downloads/COVID-CT-Dataset-master/Images-processed/CT_COVID/2020.02.25.20021568-p24-111%5.png,2020.02.25.20021568-p24-111%5.png,train,COVID,1,original,
/Users/samehissa/Downloads/COVID-CT-Dataset-master/Images-processed/CT_COVID/2020.02.25.20021568-p24-111%6.png,2020.02.25.20021568-p24-111%6.png,train,COVID,1,original,
/Users/samehissa/Downloads/COVID-CT-Dataset-master/Images-processed/CT_COVID/2020.02.25.20021568-p24-111%7.png,2020.02.25.20021568-p24-111%7.png,train,COVID,1,original,
/Users/samehissa/Downloads/COVID-CT-Dataset-master/Images-processed/CT_COVID/2020.02.25.20021568-p24-111%8.png,2020.02.25.20021568-p24-111%8.png,train,COVID,1,original,
/Users/samehissa/Downloads/COVID-CT-Dataset-master/Images-processed/CT_COVID/2020.02.25.20021568-p24-111%9.png,2020.02.25.20021568-p24-111%9.png,train,COVID,1,original,
/Users/samehissa/Downloads/COVID-CT-Dataset-master/Images-processed/CT_COVID/2020.02.25.20027763-p15-53%0.png,2020.02.25.20027763-p15-53%0.png,train,COVID,1,original,
/Users/samehissa/Downloads/COVID-CT-Dataset-master/Images-processed/CT_COVID/2020.02.25.20027763-p15-53%1.png,2020.02.25.20027763-p15-53%1.png,train,COVID,1,original,
/Users/samehissa/Downloads/COVID-CT-Dataset-master/Images-processed/CT_COVID/2020.02.26.20026989-p34-114_1%0.png,2020.02.26.20026989-p34-114_1%0.png,train,COVID,1,original,
/Users/samehissa/Downloads/COVID-CT-Dataset-master/Images-processed/CT_COVID/2020.02.26.20026989-p34-114_1%1.png,2020.02.26.20026989-p34-114_1%1.png,train,COVID,1,original,
/Users/samehissa/Downloads/COVID-CT-Dataset-master/Images-processed/CT_COVID/2020.02.26.20026989-p34-114_2%0.png,2020.02.26.20026989-p34-114_2%0.png,train,COVID,1,original,
/Users/samehissa/Downloads/COVID-CT-Dataset-master/Images-processed/CT_COVID/2020.02.26.20026989-p34-114_2%1.png,2020.02.26.20026989-p34-114_2%1.png,train,COVID,1,original,
/Users/samehissa/Downloads/COVID-CT-Dataset-master/Images-processed/CT_COVID/2020.02.26.20027938-p6-80_1%0.png,2020.02.26.20027938-p6-80_1%0.png,train,COVID,1,original,
/Users/samehissa/Downloads/COVID-CT-Dataset-master/Images-processed/CT_COVID/2020.02.26.20027938-p6-80_1%1.png,2020.02.26.20027938-p6-80_1%1.png,train,COVID,1,original,
/Users/samehissa/Downloads/COVID-CT-Dataset-master/Images-processed/CT_COVID/2020.02.26.20027938-p6-80_2%0.png,2020.02.26.20027938-p6-80_2%0.png,train,COVID,1,original,
/Users/samehissa/Downloads/COVID-CT-Dataset-master/Images-processed/CT_COVID/2020.02.26.20027938-p6-80_2%1.png,2020.02.26.20027938-p6-80_2%1.png,train,COVID,1,original,
/Users/samehissa/Downloads/COVID-CT-Dataset-master/Images-processed/CT_COVID/2020.02.26.20027938-p6-80_3%0.png,2020.02.26.20027938-p6-80_3%0.png,train,COVID,1,original,
/Users/samehissa/Downloads/COVID-CT-Dataset-master/Images-processed/CT_COVID/2020.02.26.20027938-p6-80_3%1.png,2020.02.26.20027938-p6-80_3%1.png,train,COVID,1,original,
/Users/samehissa/Downloads/COVID-CT-Dataset-master/Images-processed/CT_COVID/2020.02.27.20027557-p25-137%0.png,2020.02.27.20027557-p25-137%0.png,train,COVID,1,original,
/Users/samehissa/Downloads/COVID-CT-Dataset-master/Images-processed/CT_COVID/2020.02.27.20027557-p25-137%1.png,2020.02.27.20027557-p25-137%1.png,train,COVID,1,original,
/Users/samehissa/Downloads/COVID-CT-Dataset-master/Images-processed/CT_COVID/2020.02.27.20027557-p25-137%2.png,2020.02.27.20027557-p25-137%2.png,train,COVID,1,original,
/Users/samehissa/Downloads/COVID-CT-Dataset-master/Images-processed/CT_COVID/2020.02.27.20027557-p25-137%3.png,2020.02.27.20027557-p25-137%3.png,train,COVID,1,original,
/Users/samehissa/Downloads/COVID-CT-Dataset-master/Images-processed/CT_COVID/2020.02.27.20027557-p25-137%4.png,2020.02.27.20027557-p25-137%4.png,train,COVID,1,original,
/Users/samehissa/Downloads/COVID-CT-Dataset-master/Images-processed/CT_COVID/2020.02.28.20029025-p23-182.png,2020.02.28.20029025-p23-182.png,train,COVID,1,original,
/Users/samehissa/Downloads/COVID-CT-Dataset-master/Images-processed/CT_COVID/2020.02.28.20029025-p23-183.png,2020.02.28.20029025-p23-183.png,train,COVID,1,original,
/Users/samehissa/Downloads/COVID-CT-Dataset-master/Images-processed/CT_COVID/2020.03.01.20029769-p21-73_1%0.png,2020.03.01.20029769-p21-73_1%0.png,train,COVID,1,original,
/Users/samehissa/Downloads/COVID-CT-Dataset-master/Images-processed/CT_COVID/2020.03.01.20029769-p21-73_1%1.png,2020.03.01.20029769-p21-73_1%1.png,train,COVID,1,original,
/Users/samehissa/Downloads/COVID-CT-Dataset-master/Images-processed/CT_COVID/2020.03.01.20029769-p21-73_1%2.png,2020.03.01.20029769-p21-73_1%2.png,train,COVID,1,original,
/Users/samehissa/Downloads/COVID-CT-Dataset-master/Images-processed/CT_COVID/2020.03.01.20029769-p21-73_2%0.png,2020.03.01.20029769-p21-73_2%0.png,train,COVID,1,original,
/Users/samehissa/Downloads/COVID-CT-Dataset-master/Images-processed/CT_COVID/2020.03.01.20029769-p21-73_2%1.png,2020.03.01.20029769-p21-73_2%1.png,train,COVID,1,original,
/Users/samehissa/Downloads/COVID-CT-Dataset-master/Images-processed/CT_COVID/2020.03.01.20029769-p21-73_2%2.png,2020.03.01.20029769-p21-73_2%2.png,train,COVID,1,original,
/Users/samehissa/Downloads/COVID-CT-Dataset-master/Images-processed/CT_COVID/2020.03.01.20029769-p21-73_3.png,2020.03.01.20029769-p21-73_3.png,train,COVID,1,original,
/Users/samehissa/Downloads/COVID-CT-Dataset-master/Images-processed/CT_COVID/2020.03.01.20029769-p21-73_4.png,2020.03.01.20029769-p21-73_4.png,train,COVID,1,original,
/Users/samehissa/Downloads/COVID-CT-Dataset-master/Images-processed/CT_COVID/2020.03.03.20030353-p17-106%0.png,2020.03.03.20030353-p17-106%0.png,train,COVID,1,original,
/Users/samehissa/Downloads/COVID-CT-Dataset-master/Images-processed/CT_COVID/2020.03.03.20030353-p17-106%1.png,2020.03.03.20030353-p17-106%1.png,train,COVID,1,original,
/Users/samehissa/Downloads/COVID-CT-Dataset-master/Images-processed/CT_COVID/2020.03.03.20030353-p17-106%2.png,2020.03.03.20030353-p17-106%2.png,train,COVID,1,original,
/Users/samehissa/Downloads/COVID-CT-Dataset-master/Images-processed/CT_COVID/2020.03.03.20030775-p10-88%0.png,2020.03.03.20030775-p10-88%0.png,train,COVID,1,original,
/Users/samehissa/Downloads/COVID-CT-Dataset-master/Images-processed/CT_COVID/2020.03.03.20030775-p10-88%1.png,2020.03.03.20030775-p10-88%1.png,train,COVID,1,original,
/Users/samehissa/Downloads/COVID-CT-Dataset-master/Images-processed/CT_COVID/2020.03.03.20030775-p11-91.png,2020.03.03.20030775-p11-91.png,train,COVID,1,original,
/Users/samehissa/Downloads/COVID-CT-Dataset-master/Images-processed/CT_COVID/2020.03.03.20030775-p12-93%0.png,2020.03.03.20030775-p12-93%0.png,train,COVID,1,original,
/Users/samehissa/Downloads/COVID-CT-Dataset-master/Images-processed/CT_COVID/2020.03.03.20030775-p12-93%1.png,2020.03.03.20030775-p12-93%1.png,train,COVID,1,original,
/Users/samehissa/Downloads/COVID-CT-Dataset-master/Images-processed/CT_COVID/2020.03.04.20026005-p12-1946%0.png,2020.03.04.20026005-p12-1946%0.png,train,COVID,1,original,
/Users/samehissa/Downloads/COVID-CT-Dataset-master/Images-processed/CT_COVID/2020.03.04.20026005-p12-1946%1.png,2020.03.04.20026005-p12-1946%1.png,train,COVID,1,original,
/Users/samehissa/Downloads/COVID-CT-Dataset-master/Images-processed/CT_COVID/2020.03.04.20026005-p12-1946%2.png,2020.03.04.20026005-p12-1946%2.png,train,COVID,1,original,
/Users/samehissa/Downloads/COVID-CT-Dataset-master/Images-processed/CT_COVID/2020.03.04.20026005-p12-1946%3.png,2020.03.04.20026005-p12-1946%3.png,train,COVID,1,original,
/Users/samehissa/Downloads/COVID-CT-Dataset-master/Images-processed/CT_COVID/2020.03.04.20026005-p12-1946%4.png,2020.03.04.20026005-p12-1946%4.png,train,COVID,1,original,
/Users/samehissa/Downloads/COVID-CT-Dataset-master/Images-processed/CT_COVID/2020.03.04.20026005-p12-1946%5.png,2020.03.04.20026005-p12-1946%5.png,train,COVID,1,original,
/Users/samehissa/Downloads/COVID-CT-Dataset-master/Images-processed/CT_COVID/2020.03.04.20030395-p27-108%0.png,2020.03.04.20030395-p27-108%0.png,train,COVID,1,original,
/Users/samehissa/Downloads/COVID-CT-Dataset-master/Images-processed/CT_COVID/2020.03.04.20030395-p27-108%1.png,2020.03.04.20030395-p27-108%1.png,train,COVID,1,original,
/Users/samehissa/Downloads/COVID-CT-Dataset-master/Images-processed/CT_COVID/2020.03.04.20030395-p27-108%2.png,2020.03.04.20030395-p27-108%2.png,train,COVID,1,original,
/Users/samehissa/Downloads/COVID-CT-Dataset-master/Images-processed/CT_COVID/2020.03.04.20030395-p27-108%3.png,2020.03.04.20030395-p27-108%3.png,train,COVID,1,original,
/Users/samehissa/Downloads/COVID-CT-Dataset-master/Images-processed/CT_COVID/2020.03.04.20030395-p27-108%4.png,2020.03.04.20030395-p27-108%4.png,train,COVID,1,original,
/Users/samehissa/Downloads/COVID-CT-Dataset-master/Images-processed/CT_COVID/2020.03.04.20030395-p27-108%5.png,2020.03.04.20030395-p27-108%5.png,train,COVID,1,original,
/Users/samehissa/Downloads/COVID-CT-Dataset-master/Images-processed/CT_COVID/2020.03.04.20030395-p27-108%6.png,2020.03.04.20030395-p27-108%6.png,train,COVID,1,original,
/Users/samehissa/Downloads/COVID-CT-Dataset-master/Images-processed/CT_COVID/2020.03.04.20030395-p27-108%7.png,2020.03.04.20030395-p27-108%7.png,train,COVID,1,original,
/Users/samehissa/Downloads/COVID-CT-Dataset-master/Images-processed/CT_COVID/2020.03.04.20030395-p27-108%8.png,2020.03.04.20030395-p27-108%8.png,train,COVID,1,original,
/Users/samehissa/Downloads/COVID-CT-Dataset-master/Images-processed/CT_COVID/2020.03.04.20031039-p23-97_1%0.png,2020.03.04.20031039-p23-97_1%0.png,train,COVID,1,original,
/Users/samehissa/Downloads/COVID-CT-Dataset-master/Images-processed/CT_COVID/2020.03.04.20031039-p23-97_1%1.png,2020.03.04.20031039-p23-97_1%1.png,train,COVID,1,original,
/Users/samehissa/Downloads/COVID-CT-Dataset-master/Images-processed/CT_COVID/2020.03.04.20031039-p23-97_1%2.png,2020.03.04.20031039-p23-97_1%2.png,train,COVID,1,original,
/Users/samehissa/Downloads/COVID-CT-Dataset-master/Images-processed/CT_COVID/2020.03.04.20031039-p23-97_2%0.png,2020.03.04.20031039-p23-97_2%0.png,train,COVID,1,original,
/Users/samehissa/Downloads/COVID-CT-Dataset-master/Images-processed/CT_COVID/2020.03.04.20031039-p23-97_2%1.png,2020.03.04.20031039-p23-97_2%1.png,train,COVID,1,original,
/Users/samehissa/Downloads/COVID-CT-Dataset-master/Images-processed/CT_COVID/2020.03.04.20031039-p23-97_2%2.png,2020.03.04.20031039-p23-97_2%2.png,train,COVID,1,original,
/Users/samehissa/Downloads/COVID-CT-Dataset-master/Images-processed/CT_COVID/2020.03.04.20031047-p12-81%0.png,2020.03.04.20031047-p12-81%0.png,train,COVID,1,original,
/Users/samehissa/Downloads/COVID-CT-Dataset-master/Images-processed/CT_COVID/2020.03.04.20031047-p12-81%1.png,2020.03.04.20031047-p12-81%1.png,train,COVID,1,original,
/Users/samehissa/Downloads/COVID-CT-Dataset-master/Images-processed/CT_COVID/2020.03.04.20031047-p12-81%2.png,2020.03.04.20031047-p12-81%2.png,train,COVID,1,original,
/Users/samehissa/Downloads/COVID-CT-Dataset-master/Images-processed/CT_COVID/2020.03.04.20031047-p12-81%3.png,2020.03.04.20031047-p12-81%3.png,train,COVID,1,original,
/Users/samehissa/Downloads/COVID-CT-Dataset-master/Images-processed/CT_COVID/2020.03.04.20031047-p13-84%0.png,2020.03.04.20031047-p13-84%0.png,train,COVID,1,original,
/Users/samehissa/Downloads/COVID-CT-Dataset-master/Images-processed/CT_COVID/2020.03.04.20031047-p13-84%1.png,2020.03.04.20031047-p13-84%1.png,train,COVID,1,original,
/Users/samehissa/Downloads/COVID-CT-Dataset-master/Images-processed/CT_COVID/2020.03.04.20031047-p13-84%2.png,2020.03.04.20031047-p13-84%2.png,train,COVID,1,original,
/Users/samehissa/Downloads/COVID-CT-Dataset-master/Images-processed/CT_COVID/2020.03.04.20031047-p13-84%3.png,2020.03.04.20031047-p13-84%3.png,train,COVID,1,original,
/Users/samehissa/Downloads/COVID-CT-Dataset-master/Images-processed/CT_COVID/2020.03.04.20031047-p13-84%4.png,2020.03.04.20031047-p13-84%4.png,train,COVID,1,original,
/Users/samehissa/Downloads/COVID-CT-Dataset-master/Images-processed/CT_COVID/2020.03.04.20031047-p13-84%5.png,2020.03.04.20031047-p13-84%5.png,train,COVID,1,original,
/Users/samehissa/Downloads/COVID-CT-Dataset-master/Images-processed/CT_COVID/2020.03.04.20031047-p14-87%0.png,2020.03.04.20031047-p14-87%0.png,train,COVID,1,original,
/Users/samehissa/Downloads/COVID-CT-Dataset-master/Images-processed/CT_COVID/2020.03.04.20031047-p14-87%1.png,2020.03.04.20031047-p14-87%1.png,train,COVID,1,original,
/Users/samehissa/Downloads/COVID-CT-Dataset-master/Images-processed/CT_COVID/2020.03.07.20031393-p7-50%0.png,2020.03.07.20031393-p7-50%0.png,train,COVID,1,original,
/Users/samehissa/Downloads/COVID-CT-Dataset-master/Images-processed/CT_COVID/2020.03.07.20031393-p7-50%1.png,2020.03.07.20031393-p7-50%1.png,train,COVID,1,original,
/Users/samehissa/Downloads/COVID-CT-Dataset-master/Images-processed/CT_COVID/2020.03.07.20031393-p7-50%2.png,2020.03.07.20031393-p7-50%2.png,train,COVID,1,original,
/Users/samehissa/Downloads/COVID-CT-Dataset-master/Images-processed/CT_COVID/2020.03.07.20031393-p7-50%3.png,2020.03.07.20031393-p7-50%3.png,train,COVID,1,original,
/Users/samehissa/Downloads/COVID-CT-Dataset-master/Images-processed/CT_COVID/2020.03.08.20031658-p15-103.png,2020.03.08.20031658-p15-103.png,train,COVID,1,original,
/Users/samehissa/Downloads/COVID-CT-Dataset-master/Images-processed/CT_COVID/2020.03.08.20031658-p15-104.png,2020.03.08.20031658-p15-104.png,train,COVID,1,original,
/Users/samehissa/Downloads/COVID-CT-Dataset-master/Images-processed/CT_COVID/2020.03.08.20031658-p15-105.png,2020.03.08.20031658-p15-105.png,train,COVID,1,original,
/Users/samehissa/Downloads/COVID-CT-Dataset-master/Images-processed/CT_COVID/2020.03.08.20031658-p15-106.png,2020.03.08.20031658-p15-106.png,train,COVID,1,original,
/Users/samehissa/Downloads/COVID-CT-Dataset-master/Images-processed/CT_COVID/2020.03.09.20033118-p20-93%0.png,2020.03.09.20033118-p20-93%0.png,train,COVID,1,original,
/Users/samehissa/Downloads/COVID-CT-Dataset-master/Images-processed/CT_COVID/2020.03.09.20033118-p20-93%1.png,2020.03.09.20033118-p20-93%1.png,train,COVID,1,original,
/Users/samehissa/Downloads/COVID-CT-Dataset-master/Images-processed/CT_COVID/2020.03.09.20033118-p20-93%2.png,2020.03.09.20033118-p20-93%2.png,train,COVID,1,original,
/Users/samehissa/Downloads/COVID-CT-Dataset-master/Images-processed/CT_COVID/2020.03.09.20033118-p20-93%3.png,2020.03.09.20033118-p20-93%3.png,train,COVID,1,original,
/Users/samehissa/Downloads/COVID-CT-Dataset-master/Images-processed/CT_COVID/2020.03.10.20032136-p34-118_1%0.png,2020.03.10.20032136-p34-118_1%0.png,train,COVID,1,original,
/Users/samehissa/Downloads/COVID-CT-Dataset-master/Images-processed/CT_COVID/2020.03.10.20032136-p34-118_1%1.png,2020.03.10.20032136-p34-118_1%1.png,train,COVID,1,original,
/Users/samehissa/Downloads/COVID-CT-Dataset-master/Images-processed/CT_COVID/2020.03.10.20032136-p34-118_2%0.png,2020.03.10.20032136-p34-118_2%0.png,train,COVID,1,original,
/Users/samehissa/Downloads/COVID-CT-Dataset-master/Images-processed/CT_COVID/2020.03.10.20032136-p34-118_2%1.png,2020.03.10.20032136-p34-118_2%1.png,train,COVID,1,original,
/Users/samehissa/Downloads/COVID-CT-Dataset-master/Images-processed/CT_COVID/2020.03.11.20033159-p12-45%0.png,2020.03.11.20033159-p12-45%0.png,train,COVID,1,original,
/Users/samehissa/Downloads/COVID-CT-Dataset-master/Images-processed/CT_COVID/2020.03.11.20033159-p12-45%1.png,2020.03.11.20033159-p12-45%1.png,train,COVID,1,original,
/Users/samehissa/Downloads/COVID-CT-Dataset-master/Images-processed/CT_COVID/2020.03.11.20033159-p12-45%2.png,2020.03.11.20033159-p12-45%2.png,train,COVID,1,original,
/Users/samehissa/Downloads/COVID-CT-Dataset-master/Images-processed/CT_COVID/2020.03.11.20033159-p12-45%3.png,2020.03.11.20033159-p12-45%3.png,train,COVID,1,original,
/Users/samehissa/Downloads/COVID-CT-Dataset-master/Images-processed/CT_COVID/2020.03.11.20033159-p12-45%4.png,2020.03.11.20033159-p12-45%4.png,train,COVID,1,original,
/Users/samehissa/Downloads/COVID-CT-Dataset-master/Images-processed/CT_COVID/2020.03.11.20033159-p12-45%5.png,2020.03.11.20033159-p12-45%5.png,train,COVID,1,original,
/Users/samehissa/Downloads/COVID-CT-Dataset-master/Images-processed/CT_COVID/2020.03.12.20027185-p8-216.png,2020.03.12.20027185-p8-216.png,train,COVID,1,original,
/Users/samehissa/Downloads/COVID-CT-Dataset-master/Images-processed/CT_COVID/2020.03.12.20027185-p8-217.png,2020.03.12.20027185-p8-217.png,train,COVID,1,original,
/Users/samehissa/Downloads/COVID-CT-Dataset-master/Images-processed/CT_COVID/2020.03.12.20027185-p8-218.png,2020.03.12.20027185-p8-218.png,train,COVID,1,original,
/Users/samehissa/Downloads/COVID-CT-Dataset-master/Images-processed/CT_COVID/2020.03.12.20027185-p8-221.png,2020.03.12.20027185-p8-221.png,train,COVID,1,original,
/Users/samehissa/Downloads/COVID-CT-Dataset-master/Images-processed/CT_COVID/2020.03.12.20034686-p17-91-3.png,2020.03.12.20034686-p17-91-3.png,train,COVID,1,original,
/Users/samehissa/Downloads/COVID-CT-Dataset-master/Images-processed/CT_COVID/2020.03.12.20034686-p17-91-4.png,2020.03.12.20034686-p17-91-4.png,train,COVID,1,original,
/Users/samehissa/Downloads/COVID-CT-Dataset-master/Images-processed/CT_COVID/2020.03.12.20034686-p17-91-5.png,2020.03.12.20034686-p17-91-5.png,train,COVID,1,original,
/Users/samehissa/Downloads/COVID-CT-Dataset-master/Images-processed/CT_COVID/2020.03.12.20034686-p17-91-6.png,2020.03.12.20034686-p17-91-6.png,train,COVID,1,original,
/Users/samehissa/Downloads/COVID-CT-Dataset-master/Images-processed/CT_COVID/2020.03.13.20035212-p23-152.png,2020.03.13.20035212-p23-152.png,train,COVID,1,original,
/Users/samehissa/Downloads/COVID-CT-Dataset-master/Images-processed/CT_COVID/2020.03.13.20035212-p23-153.png,2020.03.13.20035212-p23-153.png,train,COVID,1,original,
/Users/samehissa/Downloads/COVID-CT-Dataset-master/Images-processed/CT_COVID/2020.03.13.20035212-p23-154.png,2020.03.13.20035212-p23-154.png,train,COVID,1,original,
/Users/samehissa/Downloads/COVID-CT-Dataset-master/Images-processed/CT_NonCOVID/14.png,14.png,train,NonCOVID,0,original,
/Users/samehissa/Downloads/COVID-CT-Dataset-master/Images-processed/CT_NonCOVID/15.png,15.png,train,NonCOVID,0,original,
/Users/samehissa/Downloads/COVID-CT-Dataset-master/Images-processed/CT_NonCOVID/33.png,33.png,train,NonCOVID,0,original,
/Users/samehissa/Downloads/COVID-CT-Dataset-master/Images-processed/CT_NonCOVID/43.png,43.png,train,NonCOVID,0,original,
/Users/samehissa/Downloads/COVID-CT-Dataset-master/Images-processed/CT_NonCOVID/44.png,44.png,train,NonCOVID,0,original,
/Users/samehissa/Downloads/COVID-CT-Dataset-master/Images-processed/CT_NonCOVID/59.png,59.png,train,NonCOVID,0,original,
/Users/samehissa/Downloads/COVID-CT-Dataset-master/Images-processed/CT_NonCOVID/81.png,81.png,train,NonCOVID,0,original,
/Users/samehissa/Downloads/COVID-CT-Dataset-master/Images-processed/CT_NonCOVID/82.png,82.png,train,NonCOVID,0,original,
/Users/samehissa/Downloads/COVID-CT-Dataset-master/Images-processed/CT_NonCOVID/102.png,102.png,train,NonCOVID,0,original,
/Users/samehissa/Downloads/COVID-CT-Dataset-master/Images-processed/CT_NonCOVID/103.png,103.png,train,NonCOVID,0,original,
/Users/samehissa/Downloads/COVID-CT-Dataset-master/Images-processed/CT_NonCOVID/104.png,104.png,train,NonCOVID,0,original,
/Users/samehissa/Downloads/COVID-CT-Dataset-master/Images-processed/CT_NonCOVID/114.png,114.png,train,NonCOVID,0,original,
/Users/samehissa/Downloads/COVID-CT-Dataset-master/Images-processed/CT_NonCOVID/115.png,115.png,train,NonCOVID,0,original,
/Users/samehissa/Downloads/COVID-CT-Dataset-master/Images-processed/CT_NonCOVID/116.png,116.png,train,NonCOVID,0,original,
/Users/samehissa/Downloads/COVID-CT-Dataset-master/Images-processed/CT_NonCOVID/117.png,117.png,train,NonCOVID,0,original,
/Users/samehissa/Downloads/COVID-CT-Dataset-master/Images-processed/CT_NonCOVID/118.png,118.png,train,NonCOVID,0,original,
/Users/samehissa/Downloads/COVID-CT-Dataset-master/Images-processed/CT_NonCOVID/120.png,120.png,train,NonCOVID,0,original,
/Users/samehissa/Downloads/COVID-CT-Dataset-master/Images-processed/CT_NonCOVID/158.png,158.png,train,NonCOVID,0,original,
/Users/samehissa/Downloads/COVID-CT-Dataset-master/Images-processed/CT_NonCOVID/171.png,171.png,train,NonCOVID,0,original,
/Users/samehissa/Downloads/COVID-CT-Dataset-master/Images-processed/CT_NonCOVID/174.png,174.png,train,NonCOVID,0,original,
/Users/samehissa/Downloads/COVID-CT-Dataset-master/Images-processed/CT_NonCOVID/226.png,226.png,train,NonCOVID,0,original,
/Users/samehissa/Downloads/COVID-CT-Dataset-master/Images-processed/CT_NonCOVID/227.png,227.png,train,NonCOVID,0,original,
/Users/samehissa/Downloads/COVID-CT-Dataset-master/Images-processed/CT_NonCOVID/294.png,294.png,train,NonCOVID,0,original,
/Users/samehissa/Downloads/COVID-CT-Dataset-master/Images-processed/CT_NonCOVID/354.png,354.png,train,NonCOVID,0,original,
/Users/samehissa/Downloads/COVID-CT-Dataset-master/Images-processed/CT_NonCOVID/361.png,361.png,train,NonCOVID,0,original,
/Users/samehissa/Downloads/COVID-CT-Dataset-master/Images-processed/CT_NonCOVID/378.png,378.png,train,NonCOVID,0,original,
/Users/samehissa/Downloads/COVID-CT-Dataset-master/Images-processed/CT_NonCOVID/381.png,381.png,train,NonCOVID,0,original,
/Users/samehissa/Downloads/COVID-CT-Dataset-master/Images-processed/CT_NonCOVID/382.png,382.png,train,NonCOVID,0,original,
/Users/samehissa/Downloads/COVID-CT-Dataset-master/Images-processed/CT_NonCOVID/383.png,383.png,train,NonCOVID,0,original,
/Users/samehissa/Downloads/COVID-CT-Dataset-master/Images-processed/CT_NonCOVID/385.png,385.png,train,NonCOVID,0,original,
/Users/samehissa/Downloads/COVID-CT-Dataset-master/Images-processed/CT_NonCOVID/575.png,575.png,train,NonCOVID,0,original,
/Users/samehissa/Downloads/COVID-CT-Dataset-master/Images-processed/CT_NonCOVID/576.png,576.png,train,NonCOVID,0,original,
/Users/samehissa/Downloads/COVID-CT-Dataset-master/Images-processed/CT_NonCOVID/577.png,577.png,train,NonCOVID,0,original,
/Users/samehissa/Downloads/COVID-CT-Dataset-master/Images-processed/CT_NonCOVID/578.png,578.png,train,NonCOVID,0,original,
/Users/samehissa/Downloads/COVID-CT-Dataset-master/Images-processed/CT_NonCOVID/579.png,579.png,train,NonCOVID,0,original,
/Users/samehissa/Downloads/COVID-CT-Dataset-master/Images-processed/CT_NonCOVID/580.png,580.png,train,NonCOVID,0,original,
/Users/samehissa/Downloads/COVID-CT-Dataset-master/Images-processed/CT_NonCOVID/585.png,585.png,train,NonCOVID,0,original,
/Users/samehissa/Downloads/COVID-CT-Dataset-master/Images-processed/CT_NonCOVID/586.png,586.png,train,NonCOVID,0,original,
/Users/samehissa/Downloads/COVID-CT-Dataset-master/Images-processed/CT_NonCOVID/587.png,587.png,train,NonCOVID,0,original,
/Users/samehissa/Downloads/COVID-CT-Dataset-master/Images-processed/CT_NonCOVID/672.png,672.png,train,NonCOVID,0,original,
/Users/samehissa/Downloads/COVID-CT-Dataset-master/Images-processed/CT_NonCOVID/673.png,673.png,train,NonCOVID,0,original,
/Users/samehissa/Downloads/COVID-CT-Dataset-master/Images-processed/CT_NonCOVID/704.png,704.png,train,NonCOVID,0,original,
/Users/samehissa/Downloads/COVID-CT-Dataset-master/Images-processed/CT_NonCOVID/705.png,705.png,train,NonCOVID,0,original,
/Users/samehissa/Downloads/COVID-CT-Dataset-master/Images-processed/CT_NonCOVID/706.png,706.png,train,NonCOVID,0,original,
/Users/samehissa/Downloads/COVID-CT-Dataset-master/Images-processed/CT_NonCOVID/781.png,781.png,train,NonCOVID,0,original,
/Users/samehissa/Downloads/COVID-CT-Dataset-master/Images-processed/CT_NonCOVID/782.png,782.png,train,NonCOVID,0,original,
/Users/samehissa/Downloads/COVID-CT-Dataset-master/Images-processed/CT_NonCOVID/921.png,921.png,train,NonCOVID,0,original,
/Users/samehissa/Downloads/COVID-CT-Dataset-master/Images-processed/CT_NonCOVID/956.png,956.png,train,NonCOVID,0,original,
/Users/samehissa/Downloads/COVID-CT-Dataset-master/Images-processed/CT_NonCOVID/957.png,957.png,train,NonCOVID,0,original,
/Users/samehissa/Downloads/COVID-CT-Dataset-master/Images-processed/CT_NonCOVID/1029.png,1029.png,train,NonCOVID,0,original,
/Users/samehissa/Downloads/COVID-CT-Dataset-master/Images-processed/CT_NonCOVID/1030.png,1030.png,train,NonCOVID,0,original,
/Users/samehissa/Downloads/COVID-CT-Dataset-master/Images-processed/CT_NonCOVID/1058.png,1058.png,train,NonCOVID,0,original,
/Users/samehissa/Downloads/COVID-CT-Dataset-master/Images-processed/CT_NonCOVID/1059.png,1059.png,train,NonCOVID,0,original,
/Users/samehissa/Downloads/COVID-CT-Dataset-master/Images-processed/CT_NonCOVID/1060.png,1060.png,train,NonCOVID,0,original,
/Users/samehissa/Downloads/COVID-CT-Dataset-master/Images-processed/CT_NonCOVID/1061.png,1061.png,train,NonCOVID,0,original,
/Users/samehissa/Downloads/COVID-CT-Dataset-master/Images-processed/CT_NonCOVID/1062.png,1062.png,train,NonCOVID,0,original,
/Users/samehissa/Downloads/COVID-CT-Dataset-master/Images-processed/CT_NonCOVID/1065.png,1065.png,train,NonCOVID,0,original,
/Users/samehissa/Downloads/COVID-CT-Dataset-master/Images-processed/CT_NonCOVID/1093.png,1093.png,train,NonCOVID,0,original,
/Users/samehissa/Downloads/COVID-CT-Dataset-master/Images-processed/CT_NonCOVID/1094.png,1094.png,train,NonCOVID,0,original,
/Users/samehissa/Downloads/COVID-CT-Dataset-master/Images-processed/CT_NonCOVID/1099.png,1099.png,train,NonCOVID,0,original,
/Users/samehissa/Downloads/COVID-CT-Dataset-master/Images-processed/CT_NonCOVID/1100.png,1100.png,train,NonCOVID,0,original,
/Users/samehissa/Downloads/COVID-CT-Dataset-master/Images-processed/CT_NonCOVID/1101.png,1101.png,train,NonCOVID,0,original,
/Users/samehissa/Downloads/COVID-CT-Dataset-master/Images-processed/CT_NonCOVID/1115.png,1115.png,train,NonCOVID,0,original,
/Users/samehissa/Downloads/COVID-CT-Dataset-master/Images-processed/CT_NonCOVID/1123.png,1123.png,train,NonCOVID,0,original,
/Users/samehissa/Downloads/COVID-CT-Dataset-master/Images-processed/CT_NonCOVID/1124.png,1124.png,train,NonCOVID,0,original,
/Users/samehissa/Downloads/COVID-CT-Dataset-master/Images-processed/CT_NonCOVID/1221.png,1221.png,train,NonCOVID,0,original,
/Users/samehissa/Downloads/COVID-CT-Dataset-master/Images-processed/CT_NonCOVID/1239.png,1239.png,train,NonCOVID,0,original,
/Users/samehissa/Downloads/COVID-CT-Dataset-master/Images-processed/CT_NonCOVID/1240.png,1240.png,train,NonCOVID,0,original,
/Users/samehissa/Downloads/COVID-CT-Dataset-master/Images-processed/CT_NonCOVID/1277.png,1277.png,train,NonCOVID,0,original,
/Users/samehissa/Downloads/COVID-CT-Dataset-master/Images-processed/CT_NonCOVID/1305.png,1305.png,train,NonCOVID,0,original,
/Users/samehissa/Downloads/COVID-CT-Dataset-master/Images-processed/CT_NonCOVID/1306.png,1306.png,train,NonCOVID,0,original,
/Users/samehissa/Downloads/COVID-CT-Dataset-master/Images-processed/CT_NonCOVID/1307.png,1307.png,train,NonCOVID,0,original,
/Users/samehissa/Downloads/COVID-CT-Dataset-master/Images-processed/CT_NonCOVID/1308.png,1308.png,train,NonCOVID,0,original,
/Users/samehissa/Downloads/COVID-CT-Dataset-master/Images-processed/CT_NonCOVID/1309.png,1309.png,train,NonCOVID,0,original,
/Users/samehissa/Downloads/COVID-CT-Dataset-master/Images-processed/CT_NonCOVID/1310.png,1310.png,train,NonCOVID,0,original,
/Users/samehissa/Downloads/COVID-CT-Dataset-master/Images-processed/CT_NonCOVID/1312.png,1312.png,train,NonCOVID,0,original,
/Users/samehissa/Downloads/COVID-CT-Dataset-master/Images-processed/CT_NonCOVID/1313.png,1313.png,train,NonCOVID,0,original,
/Users/samehissa/Downloads/COVID-CT-Dataset-master/Images-processed/CT_NonCOVID/1328.png,1328.png,train,NonCOVID,0,original,
/Users/samehissa/Downloads/COVID-CT-Dataset-master/Images-processed/CT_NonCOVID/1330.png,1330.png,train,NonCOVID,0,original,
/Users/samehissa/Downloads/COVID-CT-Dataset-master/Images-processed/CT_NonCOVID/1331.png,1331.png,train,NonCOVID,0,original,
/Users/samehissa/Downloads/COVID-CT-Dataset-master/Images-processed/CT_NonCOVID/1332.png,1332.png,train,NonCOVID,0,original,
/Users/samehissa/Downloads/COVID-CT-Dataset-master/Images-processed/CT_NonCOVID/1333.png,1333.png,train,NonCOVID,0,original,
/Users/samehissa/Downloads/COVID-CT-Dataset-master/Images-processed/CT_NonCOVID/1335.png,1335.png,train,NonCOVID,0,original,
/Users/samehissa/Downloads/COVID-CT-Dataset-master/Images-processed/CT_NonCOVID/1336.png,1336.png,train,NonCOVID,0,original,
/Users/samehissa/Downloads/COVID-CT-Dataset-master/Images-processed/CT_NonCOVID/1463.png,1463.png,train,NonCOVID,0,original,
/Users/samehissa/Downloads/COVID-CT-Dataset-master/Images-processed/CT_NonCOVID/1561.png,1561.png,train,NonCOVID,0,original,
/Users/samehissa/Downloads/COVID-CT-Dataset-master/Images-processed/CT_NonCOVID/1562.png,1562.png,train,NonCOVID,0,original,
/Users/samehissa/Downloads/COVID-CT-Dataset-master/Images-processed/CT_NonCOVID/1575.png,1575.png,train,NonCOVID,0,original,
/Users/samehissa/Downloads/COVID-CT-Dataset-master/Images-processed/CT_NonCOVID/1576.png,1576.png,train,NonCOVID,0,original,
/Users/samehissa/Downloads/COVID-CT-Dataset-master/Images-processed/CT_NonCOVID/1577.png,1577.png,train,NonCOVID,0,original,
/Users/samehissa/Downloads/COVID-CT-Dataset-master/Images-processed/CT_NonCOVID/1638.png,1638.png,train,NonCOVID,0,original,
/Users/samehissa/Downloads/COVID-CT-Dataset-master/Images-processed/CT_NonCOVID/1702.png,1702.png,train,NonCOVID,0,original,
/Users/samehissa/Downloads/COVID-CT-Dataset-master/Images-processed/CT_NonCOVID/1845.png,1845.png,train,NonCOVID,0,original,
/Users/samehissa/Downloads/COVID-CT-Dataset-master/Images-processed/CT_NonCOVID/1846.png,1846.png,train,NonCOVID,0,original,
/Users/samehissa/Downloads/COVID-CT-Dataset-master/Images-processed/CT_NonCOVID/1868.png,1868.png,train,NonCOVID,0,original,
/Users/samehissa/Downloads/COVID-CT-Dataset-master/Images-processed/CT_NonCOVID/1888.png,1888.png,train,NonCOVID,0,original,
/Users/samehissa/Downloads/COVID-CT-Dataset-master/Images-processed/CT_NonCOVID/1889.png,1889.png,train,NonCOVID,0,original,
/Users/samehissa/Downloads/COVID-CT-Dataset-master/Images-processed/CT_NonCOVID/1920.png,1920.png,train,NonCOVID,0,original,
/Users/samehissa/Downloads/COVID-CT-Dataset-master/Images-processed/CT_NonCOVID/1921.png,1921.png,train,NonCOVID,0,original,
/Users/samehissa/Downloads/COVID-CT-Dataset-master/Images-processed/CT_NonCOVID/1922.png,1922.png,train,NonCOVID,0,original,
/Users/samehissa/Downloads/COVID-CT-Dataset-master/Images-processed/CT_NonCOVID/1923.png,1923.png,train,NonCOVID,0,original,
/Users/samehissa/Downloads/COVID-CT-Dataset-master/Images-processed/CT_NonCOVID/1924.png,1924.png,train,NonCOVID,0,original,
/Users/samehissa/Downloads/COVID-CT-Dataset-master/Images-processed/CT_NonCOVID/1952.png,1952.png,train,NonCOVID,0,original,
/Users/samehissa/Downloads/COVID-CT-Dataset-master/Images-processed/CT_NonCOVID/2007.png,2007.png,train,NonCOVID,0,original,
/Users/samehissa/Downloads/COVID-CT-Dataset-master/Images-processed/CT_NonCOVID/2039.png,2039.png,train,NonCOVID,0,original,
/Users/samehissa/Downloads/COVID-CT-Dataset-master/Images-processed/CT_NonCOVID/2040.png,2040.png,train,NonCOVID,0,original,
/Users/samehissa/Downloads/COVID-CT-Dataset-master/Images-processed/CT_NonCOVID/2041.png,2041.png,train,NonCOVID,0,original,
/Users/samehissa/Downloads/COVID-CT-Dataset-master/Images-processed/CT_NonCOVID/2138.png,2138.png,train,NonCOVID,0,original,
/Users/samehissa/Downloads/COVID-CT-Dataset-master/Images-processed/CT_NonCOVID/2139.png,2139.png,train,NonCOVID,0,original,
/Users/samehissa/Downloads/COVID-CT-Dataset-master/Images-processed/CT_NonCOVID/2140.png,2140.png,train,NonCOVID,0,original,
/Users/samehissa/Downloads/COVID-CT-Dataset-master/Images-processed/CT_NonCOVID/2141.png,2141.png,train,NonCOVID,0,original,
/Users/samehissa/Downloads/COVID-CT-Dataset-master/Images-processed/CT_NonCOVID/2142.png,2142.png,train,NonCOVID,0,original,
/Users/samehissa/Downloads/COVID-CT-Dataset-master/Images-processed/CT_NonCOVID/2143.png,2143.png,train,NonCOVID,0,original,
/Users/samehissa/Downloads/COVID-CT-Dataset-master/Images-processed/CT_NonCOVID/2144.png,2144.png,train,NonCOVID,0,original,
/Users/samehissa/Downloads/COVID-CT-Dataset-master/Images-processed/CT_NonCOVID/2145.png,2145.png,train,NonCOVID,0,original,
/Users/samehissa/Downloads/COVID-CT-Dataset-master/Images-processed/CT_NonCOVID/34.jpg,34.jpg,train,NonCOVID,0,original,
/Users/samehissa/Downloads/COVID-CT-Dataset-master/Images-processed/CT_NonCOVID/35%0.jpg,35%0.jpg,train,NonCOVID,0,original,
/Users/samehissa/Downloads/COVID-CT-Dataset-master/Images-processed/CT_NonCOVID/35%1.jpg,35%1.jpg,train,NonCOVID,0,original,
/Users/samehissa/Downloads/COVID-CT-Dataset-master/Images-processed/CT_NonCOVID/35%2.jpg,35%2.jpg,train,NonCOVID,0,original,
/Users/samehissa/Downloads/COVID-CT-Dataset-master/Images-processed/CT_NonCOVID/36%0.jpg,36%0.jpg,train,NonCOVID,0,original,
/Users/samehissa/Downloads/COVID-CT-Dataset-master/Images-processed/CT_NonCOVID/36%1.jpg,36%1.jpg,train,NonCOVID,0,original,
/Users/samehissa/Downloads/COVID-CT-Dataset-master/Images-processed/CT_NonCOVID/37%0.jpg,37%0.jpg,train,NonCOVID,0,original,
/Users/samehissa/Downloads/COVID-CT-Dataset-master/Images-processed/CT_NonCOVID/37%1.jpg,37%1.jpg,train,NonCOVID,0,original,
/Users/samehissa/Downloads/COVID-CT-Dataset-master/Images-processed/CT_NonCOVID/37%2.jpg,37%2.jpg,train,NonCOVID,0,original,
/Users/samehissa/Downloads/COVID-CT-Dataset-master/Images-processed/CT_NonCOVID/37%3.jpg,37%3.jpg,train,NonCOVID,0,original,
/Users/samehissa/Downloads/COVID-CT-Dataset-master/Images-processed/CT_NonCOVID/37%4.jpg,37%4.jpg,train,NonCOVID,0,original,
/Users/samehissa/Downloads/COVID-CT-Dataset-master/Images-processed/CT_NonCOVID/38%0.jpg,38%0.jpg,train,NonCOVID,0,original,
/Users/samehissa/Downloads/COVID-CT-Dataset-master/Images-processed/CT_NonCOVID/38%1.jpg,38%1.jpg,train,NonCOVID,0,original,
/Users/samehissa/Downloads/COVID-CT-Dataset-master/Images-processed/CT_NonCOVID/38%2.jpg,38%2.jpg,train,NonCOVID,0,original,
/Users/samehissa/Downloads/COVID-CT-Dataset-master/Images-processed/CT_NonCOVID/39%0.jpg,39%0.jpg,train,NonCOVID,0,original,
/Users/samehissa/Downloads/COVID-CT-Dataset-master/Images-processed/CT_NonCOVID/39%1.jpg,39%1.jpg,train,NonCOVID,0,original,
/Users/samehissa/Downloads/COVID-CT-Dataset-master/Images-processed/CT_NonCOVID/39%2.jpg,39%2.jpg,train,NonCOVID,0,original,
/Users/samehissa/Downloads/COVID-CT-Dataset-master/Images-processed/CT_NonCOVID/39%3.jpg,39%3.jpg,train,NonCOVID,0,original,
/Users/samehissa/Downloads/COVID-CT-Dataset-master/Images-processed/CT_NonCOVID/39%4.jpg,39%4.jpg,train,NonCOVID,0,original,
/Users/samehissa/Downloads/COVID-CT-Dataset-master/Images-processed/CT_NonCOVID/39%5.jpg,39%5.jpg,train,NonCOVID,0,original,
/Users/samehissa/Downloads/COVID-CT-Dataset-master/Images-processed/CT_NonCOVID/39%6.jpg,39%6.jpg,train,NonCOVID,0,original,
/Users/samehissa/Downloads/COVID-CT-Dataset-master/Images-processed/CT_NonCOVID/39%7.jpg,39%7.jpg,train,NonCOVID,0,original,
/Users/samehissa/Downloads/COVID-CT-Dataset-master/Images-processed/CT_NonCOVID/39%8.jpg,39%8.jpg,train,NonCOVID,0,original,
/Users/samehissa/Downloads/COVID-CT-Dataset-master/Images-processed/CT_NonCOVID/40%0.jpg,40%0.jpg,train,NonCOVID,0,original,
/Users/samehissa/Downloads/COVID-CT-Dataset-master/Images-processed/CT_NonCOVID/40%1.jpg,40%1.jpg,train,NonCOVID,0,original,
/Users/samehissa/Downloads/COVID-CT-Dataset-master/Images-processed/CT_NonCOVID/41.jpg,41.jpg,train,NonCOVID,0,original,
/Users/samehissa/Downloads/COVID-CT-Dataset-master/Images-processed/CT_NonCOVID/42.jpg,42.jpg,train,NonCOVID,0,original,
/Users/samehissa/Downloads/COVID-CT-Dataset-master/Images-processed/CT_NonCOVID/43%1.jpg,43%1.jpg,train,NonCOVID,0,original,
/Users/samehissa/Downloads/COVID-CT-Dataset-master/Images-processed/CT_NonCOVID/43%2.jpg,43%2.jpg,train,NonCOVID,0,original,
/Users/samehissa/Downloads/COVID-CT-Dataset-master/Images-processed/CT_NonCOVID/43%3.jpg,43%3.jpg,train,NonCOVID,0,original,
/Users/samehissa/Downloads/COVID-CT-Dataset-master/Images-processed/CT_NonCOVID/44%0.jpg,44%0.jpg,train,NonCOVID,0,original,
/Users/samehissa/Downloads/COVID-CT-Dataset-master/Images-processed/CT_NonCOVID/44%1.jpg,44%1.jpg,train,NonCOVID,0,original,
/Users/samehissa/Downloads/COVID-CT-Dataset-master/Images-processed/CT_NonCOVID/45.jpg,45.jpg,train,NonCOVID,0,original,
/Users/samehissa/Downloads/COVID-CT-Dataset-master/Images-processed/CT_NonCOVID/46.jpg,46.jpg,train,NonCOVID,0,original,
/Users/samehissa/Downloads/COVID-CT-Dataset-master/Images-processed/CT_NonCOVID/47.jpg,47.jpg,train,NonCOVID,0,original,
/Users/samehissa/Downloads/COVID-CT-Dataset-master/Images-processed/CT_NonCOVID/48.jpg,48.jpg,train,NonCOVID,0,original,
/Users/samehissa/Downloads/COVID-CT-Dataset-master/Images-processed/CT_NonCOVID/49%0.jpg,49%0.jpg,train,NonCOVID,0,original,
/Users/samehissa/Downloads/COVID-CT-Dataset-master/Images-processed/CT_NonCOVID/49%1.jpg,49%1.jpg,train,NonCOVID,0,original,
/Users/samehissa/Downloads/COVID-CT-Dataset-master/Images-processed/CT_NonCOVID/50.jpg,50.jpg,train,NonCOVID,0,original,
/Users/samehissa/Downloads/COVID-CT-Dataset-master/Images-processed/CT_NonCOVID/51%0.jpg,51%0.jpg,train,NonCOVID,0,original,
/Users/samehissa/Downloads/COVID-CT-Dataset-master/Images-processed/CT_NonCOVID/51%1.jpg,51%1.jpg,train,NonCOVID,0,original,
/Users/samehissa/Downloads/COVID-CT-Dataset-master/Images-processed/CT_NonCOVID/51%2.jpg,51%2.jpg,train,NonCOVID,0,original,
/Users/samehissa/Downloads/COVID-CT-Dataset-master/Images-processed/CT_NonCOVID/51%3.jpg,51%3.jpg,train,NonCOVID,0,original,
/Users/samehissa/Downloads/COVID-CT-Dataset-master/Images-processed/CT_NonCOVID/52%0.jpg,52%0.jpg,train,NonCOVID,0,original,
/Users/samehissa/Downloads/COVID-CT-Dataset-master/Images-processed/CT_NonCOVID/52%1.jpg,52%1.jpg,train,NonCOVID,0,original,
/Users/samehissa/Downloads/COVID-CT-Dataset-master/Images-processed/CT_NonCOVID/53.jpg,53.jpg,train,NonCOVID,0,original,
/Users/samehissa/Downloads/COVID-CT-Dataset-master/Images-processed/CT_NonCOVID/54%0.jpg,54%0.jpg,train,NonCOVID,0,original,
/Users/samehissa/Downloads/COVID-CT-Dataset-master/Images-processed/CT_NonCOVID/54%1.jpg,54%1.jpg,train,NonCOVID,0,original,
/Users/samehissa/Downloads/COVID-CT-Dataset-master/Images-processed/CT_NonCOVID/54%2.jpg,54%2.jpg,train,NonCOVID,0,original,
/Users/samehissa/Downloads/COVID-CT-Dataset-master/Images-processed/CT_NonCOVID/54%3.jpg,54%3.jpg,train,NonCOVID,0,original,
/Users/samehissa/Downloads/COVID-CT-Dataset-master/Images-processed/CT_NonCOVID/56%0.jpg,56%0.jpg,train,NonCOVID,0,original,
/Users/samehissa/Downloads/COVID-CT-Dataset-master/Images-processed/CT_NonCOVID/56%1.jpg,56%1.jpg,train,NonCOVID,0,original,
/Users/samehissa/Downloads/COVID-CT-Dataset-master/Images-processed/CT_NonCOVID/57%0.jpg,57%0.jpg,train,NonCOVID,0,original,
/Users/samehissa/Downloads/COVID-CT-Dataset-master/Images-processed/CT_NonCOVID/59%0.jpg,59%0.jpg,train,NonCOVID,0,original,
/Users/samehissa/Downloads/COVID-CT-Dataset-master/Images-processed/CT_NonCOVID/60.jpg,60.jpg,train,NonCOVID,0,original,
/Users/samehissa/Downloads/COVID-CT-Dataset-master/Images-processed/CT_NonCOVID/62.jpg,62.jpg,train,NonCOVID,0,original,
/Users/samehissa/Downloads/COVID-CT-Dataset-master/Images-processed/CT_NonCOVID/63%0.jpg,63%0.jpg,train,NonCOVID,0,original,
/Users/samehissa/Downloads/COVID-CT-Dataset-master/Images-processed/CT_NonCOVID/63%1.jpg,63%1.jpg,train,NonCOVID,0,original,
/Users/samehissa/Downloads/COVID-CT-Dataset-master/Images-processed/CT_NonCOVID/63%2.jpg,63%2.jpg,train,NonCOVID,0,original,
/Users/samehissa/Downloads/COVID-CT-Dataset-master/Images-processed/CT_NonCOVID/63%3.jpg,63%3.jpg,train,NonCOVID,0,original,
/Users/samehissa/Downloads/COVID-CT-Dataset-master/Images-processed/CT_NonCOVID/63%4.jpg,63%4.jpg,train,NonCOVID,0,original,
/Users/samehissa/Downloads/COVID-CT-Dataset-master/Images-processed/CT_NonCOVID/63%5.jpg,63%5.jpg,train,NonCOVID,0,original,
/Users/samehissa/Downloads/COVID-CT-Dataset-master/Images-processed/CT_NonCOVID/63%6.jpg,63%6.jpg,train,NonCOVID,0,original,
/Users/samehissa/Downloads/COVID-CT-Dataset-master/Images-processed/CT_NonCOVID/63%7.jpg,63%7.jpg,train,NonCOVID,0,original,
/Users/samehissa/Downloads/COVID-CT-Dataset-master/Images-processed/CT_NonCOVID/64.jpg,64.jpg,train,NonCOVID,0,original,
/Users/samehissa/Downloads/COVID-CT-Dataset-master/Images-processed/CT_NonCOVID/65%0.jpg,65%0.jpg,train,NonCOVID,0,original,
/Users/samehissa/Downloads/COVID-CT-Dataset-master/Images-processed/CT_NonCOVID/65%1.jpg,65%1.jpg,train,NonCOVID,0,original,
/Users/samehissa/Downloads/COVID-CT-Dataset-master/Images-processed/CT_NonCOVID/65%2.jpg,65%2.jpg,train,NonCOVID,0,original,
/Users/samehissa/Downloads/COVID-CT-Dataset-master/Images-processed/CT_NonCOVID/65%3.jpg,65%3.jpg,train,NonCOVID,0,original,
/Users/samehissa/Downloads/COVID-CT-Dataset-master/Images-processed/CT_NonCOVID/65%4.jpg,65%4.jpg,train,NonCOVID,0,original,
/Users/samehissa/Downloads/COVID-CT-Dataset-master/Images-processed/CT_NonCOVID/66.jpg,66.jpg,train,NonCOVID,0,original,
/Users/samehissa/Downloads/COVID-CT-Dataset-master/Images-processed/CT_NonCOVID/67%0.jpg,67%0.jpg,train,NonCOVID,0,original,
/Users/samehissa/Downloads/COVID-CT-Dataset-master/Images-processed/CT_NonCOVID/67%1.jpg,67%1.jpg,train,NonCOVID,0,original,
/Users/samehissa/Downloads/COVID-CT-Dataset-master/Images-processed/CT_NonCOVID/67%2.jpg,67%2.jpg,train,NonCOVID,0,original,
/Users/samehissa/Downloads/COVID-CT-Dataset-master/Images-processed/CT_NonCOVID/68.jpg,68.jpg,train,NonCOVID,0,original,
/Users/samehissa/Downloads/COVID-CT-Dataset-master/Images-processed/CT_NonCOVID/69%0.jpg,69%0.jpg,train,NonCOVID,0,original,
/Users/samehissa/Downloads/COVID-CT-Dataset-master/Images-processed/CT_NonCOVID/69%1.jpg,69%1.jpg,train,NonCOVID,0,original,
/Users/samehissa/Downloads/COVID-CT-Dataset-master/Images-processed/CT_NonCOVID/70%0.jpg,70%0.jpg,train,NonCOVID,0,original,
/Users/samehissa/Downloads/COVID-CT-Dataset-master/Images-processed/CT_NonCOVID/70%1.jpg,70%1.jpg,train,NonCOVID,0,original,
/Users/samehissa/Downloads/COVID-CT-Dataset-master/Images-processed/CT_NonCOVID/71%0.jpg,71%0.jpg,train,NonCOVID,0,original,
/Users/samehissa/Downloads/COVID-CT-Dataset-master/Images-processed/CT_NonCOVID/71%1.jpg,71%1.jpg,train,NonCOVID,0,original,
/Users/samehissa/Downloads/COVID-CT-Dataset-master/Images-processed/CT_NonCOVID/72.jpg,72.jpg,train,NonCOVID,0,original,
/Users/samehissa/Downloads/COVID-CT-Dataset-master/Images-processed/CT_NonCOVID/73.jpg,73.jpg,train,NonCOVID,0,original,
/Users/samehissa/Downloads/COVID-CT-Dataset-master/Images-processed/CT_NonCOVID/74.jpg,74.jpg,train,NonCOVID,0,original,
/Users/samehissa/Downloads/COVID-CT-Dataset-master/Images-processed/CT_NonCOVID/75%0.jpg,75%0.jpg,train,NonCOVID,0,original,
/Users/samehissa/Downloads/COVID-CT-Dataset-master/Images-processed/CT_NonCOVID/75%1.jpg,75%1.jpg,train,NonCOVID,0,original,
/Users/samehissa/Downloads/COVID-CT-Dataset-master/Images-processed/CT_NonCOVID/76%0.jpg,76%0.jpg,train,NonCOVID,0,original,
/Users/samehissa/Downloads/COVID-CT-Dataset-master/Images-processed/CT_NonCOVID/76%1.jpg,76%1.jpg,train,NonCOVID,0,original,
/Users/samehissa/Downloads/COVID-CT-Dataset-master/Images-processed/CT_NonCOVID/76%2.jpg,76%2.jpg,train,NonCOVID,0,original,
/Users/samehissa/Downloads/COVID-CT-Dataset-master/Images-processed/CT_NonCOVID/77.jpg,77.jpg,train,NonCOVID,0,original,
/Users/samehissa/Downloads/COVID-CT-Dataset-master/Images-processed/CT_NonCOVID/78.jpg,78.jpg,train,NonCOVID,0,original,
/Users/samehissa/Downloads/COVID-CT-Dataset-master/Images-processed/CT_NonCOVID/79.jpg,79.jpg,train,NonCOVID,0,original,
/Users/samehissa/Downloads/COVID-CT-Dataset-master/Images-processed/CT_NonCOVID/80%0.jpg,80%0.jpg,train,NonCOVID,0,original,
/Users/samehissa/Downloads/COVID-CT-Dataset-master/Images-processed/CT_NonCOVID/80%1.jpg,80%1.jpg,train,NonCOVID,0,original,
/Users/samehissa/Downloads/COVID-CT-Dataset-master/Images-processed/CT_NonCOVID/81%0.jpg,81%0.jpg,train,NonCOVID,0,original,
/Users/samehissa/Downloads/COVID-CT-Dataset-master/Images-processed/CT_NonCOVID/81%1.jpg,81%1.jpg,train,NonCOVID,0,original,
/Users/samehissa/Downloads/COVID-CT-Dataset-master/Images-processed/CT_NonCOVID/81%2.jpg,81%2.jpg,train,NonCOVID,0,original,
/Users/samehissa/Downloads/COVID-CT-Dataset-master/Images-processed/CT_NonCOVID/81%3.jpg,81%3.jpg,train,NonCOVID,0,original,
/Users/samehissa/Downloads/COVID-CT-Dataset-master/Images-processed/CT_NonCOVID/82%0.jpg,82%0.jpg,train,NonCOVID,0,original,
/Users/samehissa/Downloads/COVID-CT-Dataset-master/Images-processed/CT_NonCOVID/82%1.jpg,82%1.jpg,train,NonCOVID,0,original,
/Users/samehissa/Downloads/COVID-CT-Dataset-master/Images-processed/CT_NonCOVID/82%2.jpg,82%2.jpg,train,NonCOVID,0,original,
/Users/samehissa/Downloads/COVID-CT-Dataset-master/Images-processed/CT_NonCOVID/82%3.jpg,82%3.jpg,train,NonCOVID,0,original,
/Users/samehissa/Downloads/COVID-CT-Dataset-master/Images-processed/CT_NonCOVID/83%0.jpg,83%0.jpg,train,NonCOVID,0,original,
/Users/samehissa/Downloads/COVID-CT-Dataset-master/Images-processed/CT_NonCOVID/83%1.jpg,83%1.jpg,train,NonCOVID,0,original,
/Users/samehissa/Downloads/COVID-CT-Dataset-master/Images-processed/CT_NonCOVID/83%2.jpg,83%2.jpg,train,NonCOVID,0,original,
/Users/samehissa/Downloads/COVID-CT-Dataset-master/Images-processed/CT_NonCOVID/83%3.jpg,83%3.jpg,train,NonCOVID,0,original,
/Users/samehissa/Downloads/COVID-CT-Dataset-master/Images-processed/CT_NonCOVID/84%0.jpg,84%0.jpg,train,NonCOVID,0,original,
/Users/samehissa/Downloads/COVID-CT-Dataset-master/Images-processed/CT_NonCOVID/84%1.jpg,84%1.jpg,train,NonCOVID,0,original,
/Users/samehissa/Downloads/COVID-CT-Dataset-master/Images-processed/CT_NonCOVID/84%2.jpg,84%2.jpg,train,NonCOVID,0,original,
/Users/samehissa/Downloads/COVID-CT-Dataset-master/Images-processed/CT_NonCOVID/84%3.jpg,84%3.jpg,train,NonCOVID,0,original,
/Users/samehissa/Downloads/COVID-CT-Dataset-master/Images-processed/CT_NonCOVID/85%0.jpg,85%0.jpg,train,NonCOVID,0,original,
/Users/samehissa/Downloads/COVID-CT-Dataset-master/Images-processed/CT_NonCOVID/85%1.jpg,85%1.jpg,train,NonCOVID,0,original,
/Users/samehissa/Downloads/COVID-CT-Dataset-master/Images-processed/CT_NonCOVID/86.jpg,86.jpg,train,NonCOVID,0,original,
/Users/samehissa/Downloads/COVID-CT-Dataset-master/Images-processed/CT_NonCOVID/88.jpg,88.jpg,train,NonCOVID,0,original,
/Users/samehissa/Downloads/COVID-CT-Dataset-master/Images-processed/CT_NonCOVID/89%2.jpg,89%2.jpg,train,NonCOVID,0,original,
/Users/samehissa/Downloads/COVID-CT-Dataset-master/Images-processed/CT_NonCOVID/89%3.jpg,89%3.jpg,train,NonCOVID,0,original,
/Users/samehissa/Downloads/COVID-CT-Dataset-master/Images-processed/CT_NonCOVID/90.jpg,90.jpg,train,NonCOVID,0,original,
/Users/samehissa/Downloads/COVID-CT-Dataset-master/Images-processed/CT_NonCOVID/91%0.jpg,91%0.jpg,train,NonCOVID,0,original,
/Users/samehissa/Downloads/COVID-CT-Dataset-master/Images-processed/CT_NonCOVID/91%1.jpg,91%1.jpg,train,NonCOVID,0,original,
/Users/samehissa/Downloads/SS-VIRULEX-outputs/02_SVIS-RULEX/covid_ct_run/exact_sequence/outputs/augmented_train_images/COVID/2020.01.24.919183-p27-132_aug_0000.png,2020.01.24.919183-p27-132_aug_0000.png,train,COVID,1,augmented,/Users/samehissa/Downloads/COVID-CT-Dataset-master/Images-processed/CT_COVID/2020.01.24.919183-p27-132.png
/Users/samehissa/Downloads/SS-VIRULEX-outputs/02_SVIS-RULEX/covid_ct_run/exact_sequence/outputs/augmented_train_images/COVID/2020.01.24.919183-p27-133_aug_0001.png,2020.01.24.919183-p27-133_aug_0001.png,train,COVID,1,augmented,/Users/samehissa/Downloads/COVID-CT-Dataset-master/Images-processed/CT_COVID/2020.01.24.919183-p27-133.png
/Users/samehissa/Downloads/SS-VIRULEX-outputs/02_SVIS-RULEX/covid_ct_run/exact_sequence/outputs/augmented_train_images/COVID/2020.01.24.919183-p27-134_aug_0002.png,2020.01.24.919183-p27-134_aug_0002.png,train,COVID,1,augmented,/Users/samehissa/Downloads/COVID-CT-Dataset-master/Images-processed/CT_COVID/2020.01.24.919183-p27-134.png
/Users/samehissa/Downloads/SS-VIRULEX-outputs/02_SVIS-RULEX/covid_ct_run/exact_sequence/outputs/augmented_train_images/COVID/2020.01.24.919183-p27-135_aug_0003.png,2020.01.24.919183-p27-135_aug_0003.png,train,COVID,1,augmented,/Users/samehissa/Downloads/COVID-CT-Dataset-master/Images-processed/CT_COVID/2020.01.24.919183-p27-135.png
/Users/samehissa/Downloads/SS-VIRULEX-outputs/02_SVIS-RULEX/covid_ct_run/exact_sequence/outputs/augmented_train_images/COVID/2020.02.10.20021584-p6-52%0_aug_0004.png,2020.02.10.20021584-p6-52%0_aug_0004.png,train,COVID,1,augmented,/Users/samehissa/Downloads/COVID-CT-Dataset-master/Images-processed/CT_COVID/2020.02.10.20021584-p6-52%0.png
/Users/samehissa/Downloads/SS-VIRULEX-outputs/02_SVIS-RULEX/covid_ct_run/exact_sequence/outputs/augmented_train_images/COVID/2020.02.10.20021584-p6-52%1_aug_0005.png,2020.02.10.20021584-p6-52%1_aug_0005.png,train,COVID,1,augmented,/Users/samehissa/Downloads/COVID-CT-Dataset-master/Images-processed/CT_COVID/2020.02.10.20021584-p6-52%1.png
/Users/samehissa/Downloads/SS-VIRULEX-outputs/02_SVIS-RULEX/covid_ct_run/exact_sequence/outputs/augmented_train_images/COVID/2020.02.10.20021584-p6-52%10_aug_0006.png,2020.02.10.20021584-p6-52%10_aug_0006.png,train,COVID,1,augmented,/Users/samehissa/Downloads/COVID-CT-Dataset-master/Images-processed/CT_COVID/2020.02.10.20021584-p6-52%10.png
/Users/samehissa/Downloads/SS-VIRULEX-outputs/02_SVIS-RULEX/covid_ct_run/exact_sequence/outputs/augmented_train_images/COVID/2020.02.10.20021584-p6-52%11_aug_0007.png,2020.02.10.20021584-p6-52%11_aug_0007.png,train,COVID,1,augmented,/Users/samehissa/Downloads/COVID-CT-Dataset-master/Images-processed/CT_COVID/2020.02.10.20021584-p6-52%11.png
/Users/samehissa/Downloads/SS-VIRULEX-outputs/02_SVIS-RULEX/covid_ct_run/exact_sequence/outputs/augmented_train_images/COVID/2020.02.10.20021584-p6-52%12_aug_0008.png,2020.02.10.20021584-p6-52%12_aug_0008.png,train,COVID,1,augmented,/Users/samehissa/Downloads/COVID-CT-Dataset-master/Images-processed/CT_COVID/2020.02.10.20021584-p6-52%12.png
/Users/samehissa/Downloads/SS-VIRULEX-outputs/02_SVIS-RULEX/covid_ct_run/exact_sequence/outputs/augmented_train_images/COVID/2020.02.10.20021584-p6-52%13_aug_0009.png,2020.02.10.20021584-p6-52%13_aug_0009.png,train,COVID,1,augmented,/Users/samehissa/Downloads/COVID-CT-Dataset-master/Images-processed/CT_COVID/2020.02.10.20021584-p6-52%13.png
/Users/samehissa/Downloads/SS-VIRULEX-outputs/02_SVIS-RULEX/covid_ct_run/exact_sequence/outputs/augmented_train_images/COVID/2020.02.10.20021584-p6-52%14_aug_0010.png,2020.02.10.20021584-p6-52%14_aug_0010.png,train,COVID,1,augmented,/Users/samehissa/Downloads/COVID-CT-Dataset-master/Images-processed/CT_COVID/2020.02.10.20021584-p6-52%14.png
/Users/samehissa/Downloads/SS-VIRULEX-outputs/02_SVIS-RULEX/covid_ct_run/exact_sequence/outputs/augmented_train_images/COVID/2020.02.10.20021584-p6-52%15_aug_0011.png,2020.02.10.20021584-p6-52%15_aug_0011.png,train,COVID,1,augmented,/Users/samehissa/Downloads/COVID-CT-Dataset-master/Images-processed/CT_COVID/2020.02.10.20021584-p6-52%15.png
/Users/samehissa/Downloads/SS-VIRULEX-outputs/02_SVIS-RULEX/covid_ct_run/exact_sequence/outputs/augmented_train_images/COVID/2020.02.10.20021584-p6-52%2_aug_0012.png,2020.02.10.20021584-p6-52%2_aug_0012.png,train,COVID,1,augmented,/Users/samehissa/Downloads/COVID-CT-Dataset-master/Images-processed/CT_COVID/2020.02.10.20021584-p6-52%2.png
/Users/samehissa/Downloads/SS-VIRULEX-outputs/02_SVIS-RULEX/covid_ct_run/exact_sequence/outputs/augmented_train_images/COVID/2020.02.10.20021584-p6-52%3_aug_0013.png,2020.02.10.20021584-p6-52%3_aug_0013.png,train,COVID,1,augmented,/Users/samehissa/Downloads/COVID-CT-Dataset-master/Images-processed/CT_COVID/2020.02.10.20021584-p6-52%3.png
/Users/samehissa/Downloads/SS-VIRULEX-outputs/02_SVIS-RULEX/covid_ct_run/exact_sequence/outputs/augmented_train_images/COVID/2020.02.10.20021584-p6-52%4_aug_0014.png,2020.02.10.20021584-p6-52%4_aug_0014.png,train,COVID,1,augmented,/Users/samehissa/Downloads/COVID-CT-Dataset-master/Images-processed/CT_COVID/2020.02.10.20021584-p6-52%4.png
/Users/samehissa/Downloads/SS-VIRULEX-outputs/02_SVIS-RULEX/covid_ct_run/exact_sequence/outputs/augmented_train_images/COVID/2020.02.10.20021584-p6-52%5_aug_0015.png,2020.02.10.20021584-p6-52%5_aug_0015.png,train,COVID,1,augmented,/Users/samehissa/Downloads/COVID-CT-Dataset-master/Images-processed/CT_COVID/2020.02.10.20021584-p6-52%5.png
/Users/samehissa/Downloads/SS-VIRULEX-outputs/02_SVIS-RULEX/covid_ct_run/exact_sequence/outputs/augmented_train_images/COVID/2020.02.10.20021584-p6-52%6_aug_0016.png,2020.02.10.20021584-p6-52%6_aug_0016.png,train,COVID,1,augmented,/Users/samehissa/Downloads/COVID-CT-Dataset-master/Images-processed/CT_COVID/2020.02.10.20021584-p6-52%6.png
/Users/samehissa/Downloads/SS-VIRULEX-outputs/02_SVIS-RULEX/covid_ct_run/exact_sequence/outputs/augmented_train_images/COVID/2020.02.10.20021584-p6-52%7_aug_0017.png,2020.02.10.20021584-p6-52%7_aug_0017.png,train,COVID,1,augmented,/Users/samehissa/Downloads/COVID-CT-Dataset-master/Images-processed/CT_COVID/2020.02.10.20021584-p6-52%7.png
/Users/samehissa/Downloads/SS-VIRULEX-outputs/02_SVIS-RULEX/covid_ct_run/exact_sequence/outputs/augmented_train_images/COVID/2020.02.10.20021584-p6-52%8_aug_0018.png,2020.02.10.20021584-p6-52%8_aug_0018.png,train,COVID,1,augmented,/Users/samehissa/Downloads/COVID-CT-Dataset-master/Images-processed/CT_COVID/2020.02.10.20021584-p6-52%8.png
/Users/samehissa/Downloads/SS-VIRULEX-outputs/02_SVIS-RULEX/covid_ct_run/exact_sequence/outputs/augmented_train_images/COVID/2020.02.10.20021584-p6-52%9_aug_0019.png,2020.02.10.20021584-p6-52%9_aug_0019.png,train,COVID,1,augmented,/Users/samehissa/Downloads/COVID-CT-Dataset-master/Images-processed/CT_COVID/2020.02.10.20021584-p6-52%9.png
/Users/samehissa/Downloads/SS-VIRULEX-outputs/02_SVIS-RULEX/covid_ct_run/exact_sequence/outputs/augmented_train_images/COVID/2020.02.11.20021493-p16-109%0_aug_0020.png,2020.02.11.20021493-p16-109%0_aug_0020.png,train,COVID,1,augmented,/Users/samehissa/Downloads/COVID-CT-Dataset-master/Images-processed/CT_COVID/2020.02.11.20021493-p16-109%0.png
/Users/samehissa/Downloads/SS-VIRULEX-outputs/02_SVIS-RULEX/covid_ct_run/exact_sequence/outputs/augmented_train_images/COVID/2020.02.11.20021493-p16-109%1_aug_0021.png,2020.02.11.20021493-p16-109%1_aug_0021.png,train,COVID,1,augmented,/Users/samehissa/Downloads/COVID-CT-Dataset-master/Images-processed/CT_COVID/2020.02.11.20021493-p16-109%1.png
/Users/samehissa/Downloads/SS-VIRULEX-outputs/02_SVIS-RULEX/covid_ct_run/exact_sequence/outputs/augmented_train_images/COVID/2020.02.11.20021493-p16-109%2_aug_0022.png,2020.02.11.20021493-p16-109%2_aug_0022.png,train,COVID,1,augmented,/Users/samehissa/Downloads/COVID-CT-Dataset-master/Images-processed/CT_COVID/2020.02.11.20021493-p16-109%2.png
/Users/samehissa/Downloads/SS-VIRULEX-outputs/02_SVIS-RULEX/covid_ct_run/exact_sequence/outputs/augmented_train_images/COVID/2020.02.11.20022053-p12-67%0_aug_0023.png,2020.02.11.20022053-p12-67%0_aug_0023.png,train,COVID,1,augmented,/Users/samehissa/Downloads/COVID-CT-Dataset-master/Images-processed/CT_COVID/2020.02.11.20022053-p12-67%0.png
/Users/samehissa/Downloads/SS-VIRULEX-outputs/02_SVIS-RULEX/covid_ct_run/exact_sequence/outputs/augmented_train_images/COVID/2020.02.11.20022053-p12-67%1_aug_0024.png,2020.02.11.20022053-p12-67%1_aug_0024.png,train,COVID,1,augmented,/Users/samehissa/Downloads/COVID-CT-Dataset-master/Images-processed/CT_COVID/2020.02.11.20022053-p12-67%1.png
/Users/samehissa/Downloads/SS-VIRULEX-outputs/02_SVIS-RULEX/covid_ct_run/exact_sequence/outputs/augmented_train_images/COVID/2020.02.11.20022053-p12-67%2_aug_0025.png,2020.02.11.20022053-p12-67%2_aug_0025.png,train,COVID,1,augmented,/Users/samehissa/Downloads/COVID-CT-Dataset-master/Images-processed/CT_COVID/2020.02.11.20022053-p12-67%2.png
/Users/samehissa/Downloads/SS-VIRULEX-outputs/02_SVIS-RULEX/covid_ct_run/exact_sequence/outputs/augmented_train_images/COVID/2020.02.11.20022053-p12-67%3_aug_0026.png,2020.02.11.20022053-p12-67%3_aug_0026.png,train,COVID,1,augmented,/Users/samehissa/Downloads/COVID-CT-Dataset-master/Images-processed/CT_COVID/2020.02.11.20022053-p12-67%3.png
/Users/samehissa/Downloads/SS-VIRULEX-outputs/02_SVIS-RULEX/covid_ct_run/exact_sequence/outputs/augmented_train_images/COVID/2020.02.13.20022673-p13-77%0_aug_0027.png,2020.02.13.20022673-p13-77%0_aug_0027.png,train,COVID,1,augmented,/Users/samehissa/Downloads/COVID-CT-Dataset-master/Images-processed/CT_COVID/2020.02.13.20022673-p13-77%0.png
/Users/samehissa/Downloads/SS-VIRULEX-outputs/02_SVIS-RULEX/covid_ct_run/exact_sequence/outputs/augmented_train_images/COVID/2020.02.13.20022673-p13-77%1_aug_0028.png,2020.02.13.20022673-p13-77%1_aug_0028.png,train,COVID,1,augmented,/Users/samehissa/Downloads/COVID-CT-Dataset-master/Images-processed/CT_COVID/2020.02.13.20022673-p13-77%1.png
/Users/samehissa/Downloads/SS-VIRULEX-outputs/02_SVIS-RULEX/covid_ct_run/exact_sequence/outputs/augmented_train_images/COVID/2020.02.13.20022673-p13-77%2_aug_0029.png,2020.02.13.20022673-p13-77%2_aug_0029.png,train,COVID,1,augmented,/Users/samehissa/Downloads/COVID-CT-Dataset-master/Images-processed/CT_COVID/2020.02.13.20022673-p13-77%2.png
/Users/samehissa/Downloads/SS-VIRULEX-outputs/02_SVIS-RULEX/covid_ct_run/exact_sequence/outputs/augmented_train_images/COVID/2020.02.17.20024018-p17-61%0_aug_0030.png,2020.02.17.20024018-p17-61%0_aug_0030.png,train,COVID,1,augmented,/Users/samehissa/Downloads/COVID-CT-Dataset-master/Images-processed/CT_COVID/2020.02.17.20024018-p17-61%0.png
/Users/samehissa/Downloads/SS-VIRULEX-outputs/02_SVIS-RULEX/covid_ct_run/exact_sequence/outputs/augmented_train_images/COVID/2020.02.17.20024018-p17-61%1_aug_0031.png,2020.02.17.20024018-p17-61%1_aug_0031.png,train,COVID,1,augmented,/Users/samehissa/Downloads/COVID-CT-Dataset-master/Images-processed/CT_COVID/2020.02.17.20024018-p17-61%1.png
/Users/samehissa/Downloads/SS-VIRULEX-outputs/02_SVIS-RULEX/covid_ct_run/exact_sequence/outputs/augmented_train_images/COVID/2020.02.17.20024018-p17-61%2_aug_0032.png,2020.02.17.20024018-p17-61%2_aug_0032.png,train,COVID,1,augmented,/Users/samehissa/Downloads/COVID-CT-Dataset-master/Images-processed/CT_COVID/2020.02.17.20024018-p17-61%2.png
/Users/samehissa/Downloads/SS-VIRULEX-outputs/02_SVIS-RULEX/covid_ct_run/exact_sequence/outputs/augmented_train_images/COVID/2020.02.17.20024018-p17-61%3_aug_0033.png,2020.02.17.20024018-p17-61%3_aug_0033.png,train,COVID,1,augmented,/Users/samehissa/Downloads/COVID-CT-Dataset-master/Images-processed/CT_COVID/2020.02.17.20024018-p17-61%3.png
/Users/samehissa/Downloads/SS-VIRULEX-outputs/02_SVIS-RULEX/covid_ct_run/exact_sequence/outputs/augmented_train_images/COVID/2020.02.17.20024018-p17-61%4_aug_0034.png,2020.02.17.20024018-p17-61%4_aug_0034.png,train,COVID,1,augmented,/Users/samehissa/Downloads/COVID-CT-Dataset-master/Images-processed/CT_COVID/2020.02.17.20024018-p17-61%4.png
/Users/samehissa/Downloads/SS-VIRULEX-outputs/02_SVIS-RULEX/covid_ct_run/exact_sequence/outputs/augmented_train_images/COVID/2020.02.19.20025023-p20-93%0_aug_0035.png,2020.02.19.20025023-p20-93%0_aug_0035.png,train,COVID,1,augmented,/Users/samehissa/Downloads/COVID-CT-Dataset-master/Images-processed/CT_COVID/2020.02.19.20025023-p20-93%0.png
/Users/samehissa/Downloads/SS-VIRULEX-outputs/02_SVIS-RULEX/covid_ct_run/exact_sequence/outputs/augmented_train_images/COVID/2020.02.19.20025023-p20-93%1_aug_0036.png,2020.02.19.20025023-p20-93%1_aug_0036.png,train,COVID,1,augmented,/Users/samehissa/Downloads/COVID-CT-Dataset-master/Images-processed/CT_COVID/2020.02.19.20025023-p20-93%1.png
/Users/samehissa/Downloads/SS-VIRULEX-outputs/02_SVIS-RULEX/covid_ct_run/exact_sequence/outputs/augmented_train_images/COVID/2020.02.19.20025023-p20-93%2_aug_0037.png,2020.02.19.20025023-p20-93%2_aug_0037.png,train,COVID,1,augmented,/Users/samehissa/Downloads/COVID-CT-Dataset-master/Images-processed/CT_COVID/2020.02.19.20025023-p20-93%2.png
/Users/samehissa/Downloads/SS-VIRULEX-outputs/02_SVIS-RULEX/covid_ct_run/exact_sequence/outputs/augmented_train_images/COVID/2020.02.19.20025023-p20-93%3_aug_0038.png,2020.02.19.20025023-p20-93%3_aug_0038.png,train,COVID,1,augmented,/Users/samehissa/Downloads/COVID-CT-Dataset-master/Images-processed/CT_COVID/2020.02.19.20025023-p20-93%3.png
/Users/samehissa/Downloads/SS-VIRULEX-outputs/02_SVIS-RULEX/covid_ct_run/exact_sequence/outputs/augmented_train_images/COVID/2020.02.22.20024927-p18-66%0_aug_0039.png,2020.02.22.20024927-p18-66%0_aug_0039.png,train,COVID,1,augmented,/Users/samehissa/Downloads/COVID-CT-Dataset-master/Images-processed/CT_COVID/2020.02.22.20024927-p18-66%0.png
/Users/samehissa/Downloads/SS-VIRULEX-outputs/02_SVIS-RULEX/covid_ct_run/exact_sequence/outputs/augmented_train_images/COVID/2020.02.22.20024927-p18-66%1_aug_0040.png,2020.02.22.20024927-p18-66%1_aug_0040.png,train,COVID,1,augmented,/Users/samehissa/Downloads/COVID-CT-Dataset-master/Images-processed/CT_COVID/2020.02.22.20024927-p18-66%1.png
/Users/samehissa/Downloads/SS-VIRULEX-outputs/02_SVIS-RULEX/covid_ct_run/exact_sequence/outputs/augmented_train_images/COVID/2020.02.22.20024927-p18-66%2_aug_0041.png,2020.02.22.20024927-p18-66%2_aug_0041.png,train,COVID,1,augmented,/Users/samehissa/Downloads/COVID-CT-Dataset-master/Images-processed/CT_COVID/2020.02.22.20024927-p18-66%2.png
/Users/samehissa/Downloads/SS-VIRULEX-outputs/02_SVIS-RULEX/covid_ct_run/exact_sequence/outputs/augmented_train_images/COVID/2020.02.22.20024927-p19-68%0_aug_0042.png,2020.02.22.20024927-p19-68%0_aug_0042.png,train,COVID,1,augmented,/Users/samehissa/Downloads/COVID-CT-Dataset-master/Images-processed/CT_COVID/2020.02.22.20024927-p19-68%0.png
/Users/samehissa/Downloads/SS-VIRULEX-outputs/02_SVIS-RULEX/covid_ct_run/exact_sequence/outputs/augmented_train_images/COVID/2020.02.22.20024927-p19-68%1_aug_0043.png,2020.02.22.20024927-p19-68%1_aug_0043.png,train,COVID,1,augmented,/Users/samehissa/Downloads/COVID-CT-Dataset-master/Images-processed/CT_COVID/2020.02.22.20024927-p19-68%1.png
/Users/samehissa/Downloads/SS-VIRULEX-outputs/02_SVIS-RULEX/covid_ct_run/exact_sequence/outputs/augmented_train_images/COVID/2020.02.22.20024927-p19-68%2_aug_0044.png,2020.02.22.20024927-p19-68%2_aug_0044.png,train,COVID,1,augmented,/Users/samehissa/Downloads/COVID-CT-Dataset-master/Images-processed/CT_COVID/2020.02.22.20024927-p19-68%2.png
/Users/samehissa/Downloads/SS-VIRULEX-outputs/02_SVIS-RULEX/covid_ct_run/exact_sequence/outputs/augmented_train_images/COVID/2020.02.22.20024927-p19-68%3_aug_0045.png,2020.02.22.20024927-p19-68%3_aug_0045.png,train,COVID,1,augmented,/Users/samehissa/Downloads/COVID-CT-Dataset-master/Images-processed/CT_COVID/2020.02.22.20024927-p19-68%3.png
/Users/samehissa/Downloads/SS-VIRULEX-outputs/02_SVIS-RULEX/covid_ct_run/exact_sequence/outputs/augmented_train_images/COVID/2020.02.22.20024927-p19-68%4_aug_0046.png,2020.02.22.20024927-p19-68%4_aug_0046.png,train,COVID,1,augmented,/Users/samehissa/Downloads/COVID-CT-Dataset-master/Images-processed/CT_COVID/2020.02.22.20024927-p19-68%4.png
/Users/samehissa/Downloads/SS-VIRULEX-outputs/02_SVIS-RULEX/covid_ct_run/exact_sequence/outputs/augmented_train_images/COVID/2020.02.22.20024927-p19-68%5_aug_0047.png,2020.02.22.20024927-p19-68%5_aug_0047.png,train,COVID,1,augmented,/Users/samehissa/Downloads/COVID-CT-Dataset-master/Images-processed/CT_COVID/2020.02.22.20024927-p19-68%5.png
/Users/samehissa/Downloads/SS-VIRULEX-outputs/02_SVIS-RULEX/covid_ct_run/exact_sequence/outputs/augmented_train_images/COVID/2020.02.22.20024927-p20-70%0_aug_0048.png,2020.02.22.20024927-p20-70%0_aug_0048.png,train,COVID,1,augmented,/Users/samehissa/Downloads/COVID-CT-Dataset-master/Images-processed/CT_COVID/2020.02.22.20024927-p20-70%0.png
/Users/samehissa/Downloads/SS-VIRULEX-outputs/02_SVIS-RULEX/covid_ct_run/exact_sequence/outputs/augmented_train_images/COVID/2020.02.22.20024927-p20-70%1_aug_0049.png,2020.02.22.20024927-p20-70%1_aug_0049.png,train,COVID,1,augmented,/Users/samehissa/Downloads/COVID-CT-Dataset-master/Images-processed/CT_COVID/2020.02.22.20024927-p20-70%1.png
/Users/samehissa/Downloads/SS-VIRULEX-outputs/02_SVIS-RULEX/covid_ct_run/exact_sequence/outputs/augmented_train_images/COVID/2020.02.22.20024927-p20-70%2_aug_0050.png,2020.02.22.20024927-p20-70%2_aug_0050.png,train,COVID,1,augmented,/Users/samehissa/Downloads/COVID-CT-Dataset-master/Images-processed/CT_COVID/2020.02.22.20024927-p20-70%2.png
/Users/samehissa/Downloads/SS-VIRULEX-outputs/02_SVIS-RULEX/covid_ct_run/exact_sequence/outputs/augmented_train_images/COVID/2020.02.22.20024927-p20-70%3_aug_0051.png,2020.02.22.20024927-p20-70%3_aug_0051.png,train,COVID,1,augmented,/Users/samehissa/Downloads/COVID-CT-Dataset-master/Images-processed/CT_COVID/2020.02.22.20024927-p20-70%3.png
/Users/samehissa/Downloads/SS-VIRULEX-outputs/02_SVIS-RULEX/covid_ct_run/exact_sequence/outputs/augmented_train_images/COVID/2020.02.23.20026856-p17-115%0_aug_0052.png,2020.02.23.20026856-p17-115%0_aug_0052.png,train,COVID,1,augmented,/Users/samehissa/Downloads/COVID-CT-Dataset-master/Images-processed/CT_COVID/2020.02.23.20026856-p17-115%0.png
/Users/samehissa/Downloads/SS-VIRULEX-outputs/02_SVIS-RULEX/covid_ct_run/exact_sequence/outputs/augmented_train_images/COVID/2020.02.23.20026856-p17-115%1_aug_0053.png,2020.02.23.20026856-p17-115%1_aug_0053.png,train,COVID,1,augmented,/Users/samehissa/Downloads/COVID-CT-Dataset-master/Images-processed/CT_COVID/2020.02.23.20026856-p17-115%1.png
/Users/samehissa/Downloads/SS-VIRULEX-outputs/02_SVIS-RULEX/covid_ct_run/exact_sequence/outputs/augmented_train_images/COVID/2020.02.23.20026856-p17-115%2_aug_0054.png,2020.02.23.20026856-p17-115%2_aug_0054.png,train,COVID,1,augmented,/Users/samehissa/Downloads/COVID-CT-Dataset-master/Images-processed/CT_COVID/2020.02.23.20026856-p17-115%2.png
/Users/samehissa/Downloads/SS-VIRULEX-outputs/02_SVIS-RULEX/covid_ct_run/exact_sequence/outputs/augmented_train_images/COVID/2020.02.23.20026856-p17-115%3_aug_0055.png,2020.02.23.20026856-p17-115%3_aug_0055.png,train,COVID,1,augmented,/Users/samehissa/Downloads/COVID-CT-Dataset-master/Images-processed/CT_COVID/2020.02.23.20026856-p17-115%3.png
/Users/samehissa/Downloads/SS-VIRULEX-outputs/02_SVIS-RULEX/covid_ct_run/exact_sequence/outputs/augmented_train_images/COVID/2020.02.23.20026856-p17-115%4_aug_0056.png,2020.02.23.20026856-p17-115%4_aug_0056.png,train,COVID,1,augmented,/Users/samehissa/Downloads/COVID-CT-Dataset-master/Images-processed/CT_COVID/2020.02.23.20026856-p17-115%4.png
/Users/samehissa/Downloads/SS-VIRULEX-outputs/02_SVIS-RULEX/covid_ct_run/exact_sequence/outputs/augmented_train_images/COVID/2020.02.23.20026856-p17-115%5_aug_0057.png,2020.02.23.20026856-p17-115%5_aug_0057.png,train,COVID,1,augmented,/Users/samehissa/Downloads/COVID-CT-Dataset-master/Images-processed/CT_COVID/2020.02.23.20026856-p17-115%5.png
/Users/samehissa/Downloads/SS-VIRULEX-outputs/02_SVIS-RULEX/covid_ct_run/exact_sequence/outputs/augmented_train_images/COVID/2020.02.24.20027052-p8-73%0_aug_0058.png,2020.02.24.20027052-p8-73%0_aug_0058.png,train,COVID,1,augmented,/Users/samehissa/Downloads/COVID-CT-Dataset-master/Images-processed/CT_COVID/2020.02.24.20027052-p8-73%0.png
/Users/samehissa/Downloads/SS-VIRULEX-outputs/02_SVIS-RULEX/covid_ct_run/exact_sequence/outputs/augmented_train_images/COVID/2020.02.24.20027052-p8-73%1_aug_0059.png,2020.02.24.20027052-p8-73%1_aug_0059.png,train,COVID,1,augmented,/Users/samehissa/Downloads/COVID-CT-Dataset-master/Images-processed/CT_COVID/2020.02.24.20027052-p8-73%1.png
/Users/samehissa/Downloads/SS-VIRULEX-outputs/02_SVIS-RULEX/covid_ct_run/exact_sequence/outputs/augmented_train_images/COVID/2020.02.24.20027052-p8-73%2_aug_0060.png,2020.02.24.20027052-p8-73%2_aug_0060.png,train,COVID,1,augmented,/Users/samehissa/Downloads/COVID-CT-Dataset-master/Images-processed/CT_COVID/2020.02.24.20027052-p8-73%2.png
/Users/samehissa/Downloads/SS-VIRULEX-outputs/02_SVIS-RULEX/covid_ct_run/exact_sequence/outputs/augmented_train_images/COVID/2020.02.24.20027052-p8-73%3_aug_0061.png,2020.02.24.20027052-p8-73%3_aug_0061.png,train,COVID,1,augmented,/Users/samehissa/Downloads/COVID-CT-Dataset-master/Images-processed/CT_COVID/2020.02.24.20027052-p8-73%3.png
/Users/samehissa/Downloads/SS-VIRULEX-outputs/02_SVIS-RULEX/covid_ct_run/exact_sequence/outputs/augmented_train_images/COVID/2020.02.24.20027201-p19-669_aug_0062.png,2020.02.24.20027201-p19-669_aug_0062.png,train,COVID,1,augmented,/Users/samehissa/Downloads/COVID-CT-Dataset-master/Images-processed/CT_COVID/2020.02.24.20027201-p19-669.png
/Users/samehissa/Downloads/SS-VIRULEX-outputs/02_SVIS-RULEX/covid_ct_run/exact_sequence/outputs/augmented_train_images/COVID/2020.02.24.20027201-p19-670_aug_0063.png,2020.02.24.20027201-p19-670_aug_0063.png,train,COVID,1,augmented,/Users/samehissa/Downloads/COVID-CT-Dataset-master/Images-processed/CT_COVID/2020.02.24.20027201-p19-670.png
/Users/samehissa/Downloads/SS-VIRULEX-outputs/02_SVIS-RULEX/covid_ct_run/exact_sequence/outputs/augmented_train_images/COVID/2020.02.25.20021568-p23-108%0_aug_0064.png,2020.02.25.20021568-p23-108%0_aug_0064.png,train,COVID,1,augmented,/Users/samehissa/Downloads/COVID-CT-Dataset-master/Images-processed/CT_COVID/2020.02.25.20021568-p23-108%0.png
/Users/samehissa/Downloads/SS-VIRULEX-outputs/02_SVIS-RULEX/covid_ct_run/exact_sequence/outputs/augmented_train_images/COVID/2020.02.25.20021568-p23-108%1_aug_0065.png,2020.02.25.20021568-p23-108%1_aug_0065.png,train,COVID,1,augmented,/Users/samehissa/Downloads/COVID-CT-Dataset-master/Images-processed/CT_COVID/2020.02.25.20021568-p23-108%1.png
/Users/samehissa/Downloads/SS-VIRULEX-outputs/02_SVIS-RULEX/covid_ct_run/exact_sequence/outputs/augmented_train_images/COVID/2020.02.25.20021568-p23-108%10_aug_0066.png,2020.02.25.20021568-p23-108%10_aug_0066.png,train,COVID,1,augmented,/Users/samehissa/Downloads/COVID-CT-Dataset-master/Images-processed/CT_COVID/2020.02.25.20021568-p23-108%10.png
/Users/samehissa/Downloads/SS-VIRULEX-outputs/02_SVIS-RULEX/covid_ct_run/exact_sequence/outputs/augmented_train_images/COVID/2020.02.25.20021568-p23-108%11_aug_0067.png,2020.02.25.20021568-p23-108%11_aug_0067.png,train,COVID,1,augmented,/Users/samehissa/Downloads/COVID-CT-Dataset-master/Images-processed/CT_COVID/2020.02.25.20021568-p23-108%11.png
/Users/samehissa/Downloads/SS-VIRULEX-outputs/02_SVIS-RULEX/covid_ct_run/exact_sequence/outputs/augmented_train_images/COVID/2020.02.25.20021568-p23-108%12_aug_0068.png,2020.02.25.20021568-p23-108%12_aug_0068.png,train,COVID,1,augmented,/Users/samehissa/Downloads/COVID-CT-Dataset-master/Images-processed/CT_COVID/2020.02.25.20021568-p23-108%12.png
/Users/samehissa/Downloads/SS-VIRULEX-outputs/02_SVIS-RULEX/covid_ct_run/exact_sequence/outputs/augmented_train_images/COVID/2020.02.25.20021568-p23-108%13_aug_0069.png,2020.02.25.20021568-p23-108%13_aug_0069.png,train,COVID,1,augmented,/Users/samehissa/Downloads/COVID-CT-Dataset-master/Images-processed/CT_COVID/2020.02.25.20021568-p23-108%13.png
/Users/samehissa/Downloads/SS-VIRULEX-outputs/02_SVIS-RULEX/covid_ct_run/exact_sequence/outputs/augmented_train_images/COVID/2020.02.25.20021568-p23-108%14_aug_0070.png,2020.02.25.20021568-p23-108%14_aug_0070.png,train,COVID,1,augmented,/Users/samehissa/Downloads/COVID-CT-Dataset-master/Images-processed/CT_COVID/2020.02.25.20021568-p23-108%14.png
/Users/samehissa/Downloads/SS-VIRULEX-outputs/02_SVIS-RULEX/covid_ct_run/exact_sequence/outputs/augmented_train_images/COVID/2020.02.25.20021568-p23-108%15_aug_0071.png,2020.02.25.20021568-p23-108%15_aug_0071.png,train,COVID,1,augmented,/Users/samehissa/Downloads/COVID-CT-Dataset-master/Images-processed/CT_COVID/2020.02.25.20021568-p23-108%15.png
/Users/samehissa/Downloads/SS-VIRULEX-outputs/02_SVIS-RULEX/covid_ct_run/exact_sequence/outputs/augmented_train_images/COVID/2020.02.25.20021568-p23-108%2_aug_0072.png,2020.02.25.20021568-p23-108%2_aug_0072.png,train,COVID,1,augmented,/Users/samehissa/Downloads/COVID-CT-Dataset-master/Images-processed/CT_COVID/2020.02.25.20021568-p23-108%2.png
/Users/samehissa/Downloads/SS-VIRULEX-outputs/02_SVIS-RULEX/covid_ct_run/exact_sequence/outputs/augmented_train_images/COVID/2020.02.25.20021568-p23-108%3_aug_0073.png,2020.02.25.20021568-p23-108%3_aug_0073.png,train,COVID,1,augmented,/Users/samehissa/Downloads/COVID-CT-Dataset-master/Images-processed/CT_COVID/2020.02.25.20021568-p23-108%3.png
/Users/samehissa/Downloads/SS-VIRULEX-outputs/02_SVIS-RULEX/covid_ct_run/exact_sequence/outputs/augmented_train_images/COVID/2020.02.25.20021568-p23-108%4_aug_0074.png,2020.02.25.20021568-p23-108%4_aug_0074.png,train,COVID,1,augmented,/Users/samehissa/Downloads/COVID-CT-Dataset-master/Images-processed/CT_COVID/2020.02.25.20021568-p23-108%4.png
/Users/samehissa/Downloads/SS-VIRULEX-outputs/02_SVIS-RULEX/covid_ct_run/exact_sequence/outputs/augmented_train_images/COVID/2020.02.25.20021568-p23-108%5_aug_0075.png,2020.02.25.20021568-p23-108%5_aug_0075.png,train,COVID,1,augmented,/Users/samehissa/Downloads/COVID-CT-Dataset-master/Images-processed/CT_COVID/2020.02.25.20021568-p23-108%5.png
/Users/samehissa/Downloads/SS-VIRULEX-outputs/02_SVIS-RULEX/covid_ct_run/exact_sequence/outputs/augmented_train_images/COVID/2020.02.25.20021568-p23-108%6_aug_0076.png,2020.02.25.20021568-p23-108%6_aug_0076.png,train,COVID,1,augmented,/Users/samehissa/Downloads/COVID-CT-Dataset-master/Images-processed/CT_COVID/2020.02.25.20021568-p23-108%6.png
/Users/samehissa/Downloads/SS-VIRULEX-outputs/02_SVIS-RULEX/covid_ct_run/exact_sequence/outputs/augmented_train_images/COVID/2020.02.25.20021568-p23-108%7_aug_0077.png,2020.02.25.20021568-p23-108%7_aug_0077.png,train,COVID,1,augmented,/Users/samehissa/Downloads/COVID-CT-Dataset-master/Images-processed/CT_COVID/2020.02.25.20021568-p23-108%7.png
/Users/samehissa/Downloads/SS-VIRULEX-outputs/02_SVIS-RULEX/covid_ct_run/exact_sequence/outputs/augmented_train_images/COVID/2020.02.25.20021568-p23-108%8_aug_0078.png,2020.02.25.20021568-p23-108%8_aug_0078.png,train,COVID,1,augmented,/Users/samehissa/Downloads/COVID-CT-Dataset-master/Images-processed/CT_COVID/2020.02.25.20021568-p23-108%8.png
/Users/samehissa/Downloads/SS-VIRULEX-outputs/02_SVIS-RULEX/covid_ct_run/exact_sequence/outputs/augmented_train_images/COVID/2020.02.25.20021568-p23-108%9_aug_0079.png,2020.02.25.20021568-p23-108%9_aug_0079.png,train,COVID,1,augmented,/Users/samehissa/Downloads/COVID-CT-Dataset-master/Images-processed/CT_COVID/2020.02.25.20021568-p23-108%9.png
/Users/samehissa/Downloads/SS-VIRULEX-outputs/02_SVIS-RULEX/covid_ct_run/exact_sequence/outputs/augmented_train_images/COVID/2020.02.25.20021568-p24-111%0_aug_0080.png,2020.02.25.20021568-p24-111%0_aug_0080.png,train,COVID,1,augmented,/Users/samehissa/Downloads/COVID-CT-Dataset-master/Images-processed/CT_COVID/2020.02.25.20021568-p24-111%0.png
/Users/samehissa/Downloads/SS-VIRULEX-outputs/02_SVIS-RULEX/covid_ct_run/exact_sequence/outputs/augmented_train_images/COVID/2020.02.25.20021568-p24-111%1_aug_0081.png,2020.02.25.20021568-p24-111%1_aug_0081.png,train,COVID,1,augmented,/Users/samehissa/Downloads/COVID-CT-Dataset-master/Images-processed/CT_COVID/2020.02.25.20021568-p24-111%1.png
/Users/samehissa/Downloads/SS-VIRULEX-outputs/02_SVIS-RULEX/covid_ct_run/exact_sequence/outputs/augmented_train_images/COVID/2020.02.25.20021568-p24-111%2_aug_0082.png,2020.02.25.20021568-p24-111%2_aug_0082.png,train,COVID,1,augmented,/Users/samehissa/Downloads/COVID-CT-Dataset-master/Images-processed/CT_COVID/2020.02.25.20021568-p24-111%2.png
/Users/samehissa/Downloads/SS-VIRULEX-outputs/02_SVIS-RULEX/covid_ct_run/exact_sequence/outputs/augmented_train_images/COVID/2020.02.25.20021568-p24-111%3_aug_0083.png,2020.02.25.20021568-p24-111%3_aug_0083.png,train,COVID,1,augmented,/Users/samehissa/Downloads/COVID-CT-Dataset-master/Images-processed/CT_COVID/2020.02.25.20021568-p24-111%3.png
/Users/samehissa/Downloads/SS-VIRULEX-outputs/02_SVIS-RULEX/covid_ct_run/exact_sequence/outputs/augmented_train_images/COVID/2020.02.25.20021568-p24-111%4_aug_0084.png,2020.02.25.20021568-p24-111%4_aug_0084.png,train,COVID,1,augmented,/Users/samehissa/Downloads/COVID-CT-Dataset-master/Images-processed/CT_COVID/2020.02.25.20021568-p24-111%4.png
/Users/samehissa/Downloads/SS-VIRULEX-outputs/02_SVIS-RULEX/covid_ct_run/exact_sequence/outputs/augmented_train_images/COVID/2020.02.25.20021568-p24-111%5_aug_0085.png,2020.02.25.20021568-p24-111%5_aug_0085.png,train,COVID,1,augmented,/Users/samehissa/Downloads/COVID-CT-Dataset-master/Images-processed/CT_COVID/2020.02.25.20021568-p24-111%5.png
/Users/samehissa/Downloads/SS-VIRULEX-outputs/02_SVIS-RULEX/covid_ct_run/exact_sequence/outputs/augmented_train_images/COVID/2020.02.25.20021568-p24-111%6_aug_0086.png,2020.02.25.20021568-p24-111%6_aug_0086.png,train,COVID,1,augmented,/Users/samehissa/Downloads/COVID-CT-Dataset-master/Images-processed/CT_COVID/2020.02.25.20021568-p24-111%6.png
/Users/samehissa/Downloads/SS-VIRULEX-outputs/02_SVIS-RULEX/covid_ct_run/exact_sequence/outputs/augmented_train_images/COVID/2020.02.25.20021568-p24-111%7_aug_0087.png,2020.02.25.20021568-p24-111%7_aug_0087.png,train,COVID,1,augmented,/Users/samehissa/Downloads/COVID-CT-Dataset-master/Images-processed/CT_COVID/2020.02.25.20021568-p24-111%7.png
/Users/samehissa/Downloads/SS-VIRULEX-outputs/02_SVIS-RULEX/covid_ct_run/exact_sequence/outputs/augmented_train_images/COVID/2020.02.25.20021568-p24-111%8_aug_0088.png,2020.02.25.20021568-p24-111%8_aug_0088.png,train,COVID,1,augmented,/Users/samehissa/Downloads/COVID-CT-Dataset-master/Images-processed/CT_COVID/2020.02.25.20021568-p24-111%8.png
/Users/samehissa/Downloads/SS-VIRULEX-outputs/02_SVIS-RULEX/covid_ct_run/exact_sequence/outputs/augmented_train_images/COVID/2020.02.25.20021568-p24-111%9_aug_0089.png,2020.02.25.20021568-p24-111%9_aug_0089.png,train,COVID,1,augmented,/Users/samehissa/Downloads/COVID-CT-Dataset-master/Images-processed/CT_COVID/2020.02.25.20021568-p24-111%9.png
/Users/samehissa/Downloads/SS-VIRULEX-outputs/02_SVIS-RULEX/covid_ct_run/exact_sequence/outputs/augmented_train_images/COVID/2020.02.25.20027763-p15-53%0_aug_0090.png,2020.02.25.20027763-p15-53%0_aug_0090.png,train,COVID,1,augmented,/Users/samehissa/Downloads/COVID-CT-Dataset-master/Images-processed/CT_COVID/2020.02.25.20027763-p15-53%0.png
/Users/samehissa/Downloads/SS-VIRULEX-outputs/02_SVIS-RULEX/covid_ct_run/exact_sequence/outputs/augmented_train_images/COVID/2020.02.25.20027763-p15-53%1_aug_0091.png,2020.02.25.20027763-p15-53%1_aug_0091.png,train,COVID,1,augmented,/Users/samehissa/Downloads/COVID-CT-Dataset-master/Images-processed/CT_COVID/2020.02.25.20027763-p15-53%1.png
/Users/samehissa/Downloads/SS-VIRULEX-outputs/02_SVIS-RULEX/covid_ct_run/exact_sequence/outputs/augmented_train_images/COVID/2020.02.26.20026989-p34-114_1%0_aug_0092.png,2020.02.26.20026989-p34-114_1%0_aug_0092.png,train,COVID,1,augmented,/Users/samehissa/Downloads/COVID-CT-Dataset-master/Images-processed/CT_COVID/2020.02.26.20026989-p34-114_1%0.png
/Users/samehissa/Downloads/SS-VIRULEX-outputs/02_SVIS-RULEX/covid_ct_run/exact_sequence/outputs/augmented_train_images/COVID/2020.02.26.20026989-p34-114_1%1_aug_0093.png,2020.02.26.20026989-p34-114_1%1_aug_0093.png,train,COVID,1,augmented,/Users/samehissa/Downloads/COVID-CT-Dataset-master/Images-processed/CT_COVID/2020.02.26.20026989-p34-114_1%1.png
/Users/samehissa/Downloads/SS-VIRULEX-outputs/02_SVIS-RULEX/covid_ct_run/exact_sequence/outputs/augmented_train_images/COVID/2020.02.26.20026989-p34-114_2%0_aug_0094.png,2020.02.26.20026989-p34-114_2%0_aug_0094.png,train,COVID,1,augmented,/Users/samehissa/Downloads/COVID-CT-Dataset-master/Images-processed/CT_COVID/2020.02.26.20026989-p34-114_2%0.png
/Users/samehissa/Downloads/SS-VIRULEX-outputs/02_SVIS-RULEX/covid_ct_run/exact_sequence/outputs/augmented_train_images/COVID/2020.02.26.20026989-p34-114_2%1_aug_0095.png,2020.02.26.20026989-p34-114_2%1_aug_0095.png,train,COVID,1,augmented,/Users/samehissa/Downloads/COVID-CT-Dataset-master/Images-processed/CT_COVID/2020.02.26.20026989-p34-114_2%1.png
/Users/samehissa/Downloads/SS-VIRULEX-outputs/02_SVIS-RULEX/covid_ct_run/exact_sequence/outputs/augmented_train_images/COVID/2020.02.26.20027938-p6-80_1%0_aug_0096.png,2020.02.26.20027938-p6-80_1%0_aug_0096.png,train,COVID,1,augmented,/Users/samehissa/Downloads/COVID-CT-Dataset-master/Images-processed/CT_COVID/2020.02.26.20027938-p6-80_1%0.png
/Users/samehissa/Downloads/SS-VIRULEX-outputs/02_SVIS-RULEX/covid_ct_run/exact_sequence/outputs/augmented_train_images/COVID/2020.02.26.20027938-p6-80_1%1_aug_0097.png,2020.02.26.20027938-p6-80_1%1_aug_0097.png,train,COVID,1,augmented,/Users/samehissa/Downloads/COVID-CT-Dataset-master/Images-processed/CT_COVID/2020.02.26.20027938-p6-80_1%1.png
/Users/samehissa/Downloads/SS-VIRULEX-outputs/02_SVIS-RULEX/covid_ct_run/exact_sequence/outputs/augmented_train_images/COVID/2020.02.26.20027938-p6-80_2%0_aug_0098.png,2020.02.26.20027938-p6-80_2%0_aug_0098.png,train,COVID,1,augmented,/Users/samehissa/Downloads/COVID-CT-Dataset-master/Images-processed/CT_COVID/2020.02.26.20027938-p6-80_2%0.png
/Users/samehissa/Downloads/SS-VIRULEX-outputs/02_SVIS-RULEX/covid_ct_run/exact_sequence/outputs/augmented_train_images/COVID/2020.02.26.20027938-p6-80_2%1_aug_0099.png,2020.02.26.20027938-p6-80_2%1_aug_0099.png,train,COVID,1,augmented,/Users/samehissa/Downloads/COVID-CT-Dataset-master/Images-processed/CT_COVID/2020.02.26.20027938-p6-80_2%1.png
/Users/samehissa/Downloads/SS-VIRULEX-outputs/02_SVIS-RULEX/covid_ct_run/exact_sequence/outputs/augmented_train_images/COVID/2020.02.26.20027938-p6-80_3%0_aug_0100.png,2020.02.26.20027938-p6-80_3%0_aug_0100.png,train,COVID,1,augmented,/Users/samehissa/Downloads/COVID-CT-Dataset-master/Images-processed/CT_COVID/2020.02.26.20027938-p6-80_3%0.png
/Users/samehissa/Downloads/SS-VIRULEX-outputs/02_SVIS-RULEX/covid_ct_run/exact_sequence/outputs/augmented_train_images/COVID/2020.02.26.20027938-p6-80_3%1_aug_0101.png,2020.02.26.20027938-p6-80_3%1_aug_0101.png,train,COVID,1,augmented,/Users/samehissa/Downloads/COVID-CT-Dataset-master/Images-processed/CT_COVID/2020.02.26.20027938-p6-80_3%1.png
/Users/samehissa/Downloads/SS-VIRULEX-outputs/02_SVIS-RULEX/covid_ct_run/exact_sequence/outputs/augmented_train_images/COVID/2020.02.27.20027557-p25-137%0_aug_0102.png,2020.02.27.20027557-p25-137%0_aug_0102.png,train,COVID,1,augmented,/Users/samehissa/Downloads/COVID-CT-Dataset-master/Images-processed/CT_COVID/2020.02.27.20027557-p25-137%0.png
/Users/samehissa/Downloads/SS-VIRULEX-outputs/02_SVIS-RULEX/covid_ct_run/exact_sequence/outputs/augmented_train_images/COVID/2020.02.27.20027557-p25-137%1_aug_0103.png,2020.02.27.20027557-p25-137%1_aug_0103.png,train,COVID,1,augmented,/Users/samehissa/Downloads/COVID-CT-Dataset-master/Images-processed/CT_COVID/2020.02.27.20027557-p25-137%1.png
/Users/samehissa/Downloads/SS-VIRULEX-outputs/02_SVIS-RULEX/covid_ct_run/exact_sequence/outputs/augmented_train_images/COVID/2020.02.27.20027557-p25-137%2_aug_0104.png,2020.02.27.20027557-p25-137%2_aug_0104.png,train,COVID,1,augmented,/Users/samehissa/Downloads/COVID-CT-Dataset-master/Images-processed/CT_COVID/2020.02.27.20027557-p25-137%2.png
/Users/samehissa/Downloads/SS-VIRULEX-outputs/02_SVIS-RULEX/covid_ct_run/exact_sequence/outputs/augmented_train_images/COVID/2020.02.27.20027557-p25-137%3_aug_0105.png,2020.02.27.20027557-p25-137%3_aug_0105.png,train,COVID,1,augmented,/Users/samehissa/Downloads/COVID-CT-Dataset-master/Images-processed/CT_COVID/2020.02.27.20027557-p25-137%3.png
/Users/samehissa/Downloads/SS-VIRULEX-outputs/02_SVIS-RULEX/covid_ct_run/exact_sequence/outputs/augmented_train_images/COVID/2020.02.27.20027557-p25-137%4_aug_0106.png,2020.02.27.20027557-p25-137%4_aug_0106.png,train,COVID,1,augmented,/Users/samehissa/Downloads/COVID-CT-Dataset-master/Images-processed/CT_COVID/2020.02.27.20027557-p25-137%4.png
/Users/samehissa/Downloads/SS-VIRULEX-outputs/02_SVIS-RULEX/covid_ct_run/exact_sequence/outputs/augmented_train_images/COVID/2020.02.28.20029025-p23-182_aug_0107.png,2020.02.28.20029025-p23-182_aug_0107.png,train,COVID,1,augmented,/Users/samehissa/Downloads/COVID-CT-Dataset-master/Images-processed/CT_COVID/2020.02.28.20029025-p23-182.png
/Users/samehissa/Downloads/SS-VIRULEX-outputs/02_SVIS-RULEX/covid_ct_run/exact_sequence/outputs/augmented_train_images/COVID/2020.02.28.20029025-p23-183_aug_0108.png,2020.02.28.20029025-p23-183_aug_0108.png,train,COVID,1,augmented,/Users/samehissa/Downloads/COVID-CT-Dataset-master/Images-processed/CT_COVID/2020.02.28.20029025-p23-183.png
/Users/samehissa/Downloads/SS-VIRULEX-outputs/02_SVIS-RULEX/covid_ct_run/exact_sequence/outputs/augmented_train_images/COVID/2020.03.01.20029769-p21-73_1%0_aug_0109.png,2020.03.01.20029769-p21-73_1%0_aug_0109.png,train,COVID,1,augmented,/Users/samehissa/Downloads/COVID-CT-Dataset-master/Images-processed/CT_COVID/2020.03.01.20029769-p21-73_1%0.png
/Users/samehissa/Downloads/SS-VIRULEX-outputs/02_SVIS-RULEX/covid_ct_run/exact_sequence/outputs/augmented_train_images/COVID/2020.03.01.20029769-p21-73_1%1_aug_0110.png,2020.03.01.20029769-p21-73_1%1_aug_0110.png,train,COVID,1,augmented,/Users/samehissa/Downloads/COVID-CT-Dataset-master/Images-processed/CT_COVID/2020.03.01.20029769-p21-73_1%1.png
/Users/samehissa/Downloads/SS-VIRULEX-outputs/02_SVIS-RULEX/covid_ct_run/exact_sequence/outputs/augmented_train_images/COVID/2020.03.01.20029769-p21-73_1%2_aug_0111.png,2020.03.01.20029769-p21-73_1%2_aug_0111.png,train,COVID,1,augmented,/Users/samehissa/Downloads/COVID-CT-Dataset-master/Images-processed/CT_COVID/2020.03.01.20029769-p21-73_1%2.png
/Users/samehissa/Downloads/SS-VIRULEX-outputs/02_SVIS-RULEX/covid_ct_run/exact_sequence/outputs/augmented_train_images/COVID/2020.03.01.20029769-p21-73_2%0_aug_0112.png,2020.03.01.20029769-p21-73_2%0_aug_0112.png,train,COVID,1,augmented,/Users/samehissa/Downloads/COVID-CT-Dataset-master/Images-processed/CT_COVID/2020.03.01.20029769-p21-73_2%0.png
/Users/samehissa/Downloads/SS-VIRULEX-outputs/02_SVIS-RULEX/covid_ct_run/exact_sequence/outputs/augmented_train_images/COVID/2020.03.01.20029769-p21-73_2%1_aug_0113.png,2020.03.01.20029769-p21-73_2%1_aug_0113.png,train,COVID,1,augmented,/Users/samehissa/Downloads/COVID-CT-Dataset-master/Images-processed/CT_COVID/2020.03.01.20029769-p21-73_2%1.png
/Users/samehissa/Downloads/SS-VIRULEX-outputs/02_SVIS-RULEX/covid_ct_run/exact_sequence/outputs/augmented_train_images/COVID/2020.03.01.20029769-p21-73_2%2_aug_0114.png,2020.03.01.20029769-p21-73_2%2_aug_0114.png,train,COVID,1,augmented,/Users/samehissa/Downloads/COVID-CT-Dataset-master/Images-processed/CT_COVID/2020.03.01.20029769-p21-73_2%2.png
/Users/samehissa/Downloads/SS-VIRULEX-outputs/02_SVIS-RULEX/covid_ct_run/exact_sequence/outputs/augmented_train_images/COVID/2020.03.01.20029769-p21-73_3_aug_0115.png,2020.03.01.20029769-p21-73_3_aug_0115.png,train,COVID,1,augmented,/Users/samehissa/Downloads/COVID-CT-Dataset-master/Images-processed/CT_COVID/2020.03.01.20029769-p21-73_3.png
/Users/samehissa/Downloads/SS-VIRULEX-outputs/02_SVIS-RULEX/covid_ct_run/exact_sequence/outputs/augmented_train_images/COVID/2020.03.01.20029769-p21-73_4_aug_0116.png,2020.03.01.20029769-p21-73_4_aug_0116.png,train,COVID,1,augmented,/Users/samehissa/Downloads/COVID-CT-Dataset-master/Images-processed/CT_COVID/2020.03.01.20029769-p21-73_4.png
/Users/samehissa/Downloads/SS-VIRULEX-outputs/02_SVIS-RULEX/covid_ct_run/exact_sequence/outputs/augmented_train_images/COVID/2020.03.03.20030353-p17-106%0_aug_0117.png,2020.03.03.20030353-p17-106%0_aug_0117.png,train,COVID,1,augmented,/Users/samehissa/Downloads/COVID-CT-Dataset-master/Images-processed/CT_COVID/2020.03.03.20030353-p17-106%0.png
/Users/samehissa/Downloads/SS-VIRULEX-outputs/02_SVIS-RULEX/covid_ct_run/exact_sequence/outputs/augmented_train_images/COVID/2020.03.03.20030353-p17-106%1_aug_0118.png,2020.03.03.20030353-p17-106%1_aug_0118.png,train,COVID,1,augmented,/Users/samehissa/Downloads/COVID-CT-Dataset-master/Images-processed/CT_COVID/2020.03.03.20030353-p17-106%1.png
/Users/samehissa/Downloads/SS-VIRULEX-outputs/02_SVIS-RULEX/covid_ct_run/exact_sequence/outputs/augmented_train_images/COVID/2020.03.03.20030353-p17-106%2_aug_0119.png,2020.03.03.20030353-p17-106%2_aug_0119.png,train,COVID,1,augmented,/Users/samehissa/Downloads/COVID-CT-Dataset-master/Images-processed/CT_COVID/2020.03.03.20030353-p17-106%2.png
/Users/samehissa/Downloads/SS-VIRULEX-outputs/02_SVIS-RULEX/covid_ct_run/exact_sequence/outputs/augmented_train_images/COVID/2020.03.03.20030775-p10-88%0_aug_0120.png,2020.03.03.20030775-p10-88%0_aug_0120.png,train,COVID,1,augmented,/Users/samehissa/Downloads/COVID-CT-Dataset-master/Images-processed/CT_COVID/2020.03.03.20030775-p10-88%0.png
/Users/samehissa/Downloads/SS-VIRULEX-outputs/02_SVIS-RULEX/covid_ct_run/exact_sequence/outputs/augmented_train_images/COVID/2020.03.03.20030775-p10-88%1_aug_0121.png,2020.03.03.20030775-p10-88%1_aug_0121.png,train,COVID,1,augmented,/Users/samehissa/Downloads/COVID-CT-Dataset-master/Images-processed/CT_COVID/2020.03.03.20030775-p10-88%1.png
/Users/samehissa/Downloads/SS-VIRULEX-outputs/02_SVIS-RULEX/covid_ct_run/exact_sequence/outputs/augmented_train_images/COVID/2020.03.03.20030775-p11-91_aug_0122.png,2020.03.03.20030775-p11-91_aug_0122.png,train,COVID,1,augmented,/Users/samehissa/Downloads/COVID-CT-Dataset-master/Images-processed/CT_COVID/2020.03.03.20030775-p11-91.png
/Users/samehissa/Downloads/SS-VIRULEX-outputs/02_SVIS-RULEX/covid_ct_run/exact_sequence/outputs/augmented_train_images/COVID/2020.03.03.20030775-p12-93%0_aug_0123.png,2020.03.03.20030775-p12-93%0_aug_0123.png,train,COVID,1,augmented,/Users/samehissa/Downloads/COVID-CT-Dataset-master/Images-processed/CT_COVID/2020.03.03.20030775-p12-93%0.png
/Users/samehissa/Downloads/SS-VIRULEX-outputs/02_SVIS-RULEX/covid_ct_run/exact_sequence/outputs/augmented_train_images/COVID/2020.03.03.20030775-p12-93%1_aug_0124.png,2020.03.03.20030775-p12-93%1_aug_0124.png,train,COVID,1,augmented,/Users/samehissa/Downloads/COVID-CT-Dataset-master/Images-processed/CT_COVID/2020.03.03.20030775-p12-93%1.png
/Users/samehissa/Downloads/SS-VIRULEX-outputs/02_SVIS-RULEX/covid_ct_run/exact_sequence/outputs/augmented_train_images/COVID/2020.03.04.20026005-p12-1946%0_aug_0125.png,2020.03.04.20026005-p12-1946%0_aug_0125.png,train,COVID,1,augmented,/Users/samehissa/Downloads/COVID-CT-Dataset-master/Images-processed/CT_COVID/2020.03.04.20026005-p12-1946%0.png
/Users/samehissa/Downloads/SS-VIRULEX-outputs/02_SVIS-RULEX/covid_ct_run/exact_sequence/outputs/augmented_train_images/COVID/2020.03.04.20026005-p12-1946%1_aug_0126.png,2020.03.04.20026005-p12-1946%1_aug_0126.png,train,COVID,1,augmented,/Users/samehissa/Downloads/COVID-CT-Dataset-master/Images-processed/CT_COVID/2020.03.04.20026005-p12-1946%1.png
/Users/samehissa/Downloads/SS-VIRULEX-outputs/02_SVIS-RULEX/covid_ct_run/exact_sequence/outputs/augmented_train_images/COVID/2020.03.04.20026005-p12-1946%2_aug_0127.png,2020.03.04.20026005-p12-1946%2_aug_0127.png,train,COVID,1,augmented,/Users/samehissa/Downloads/COVID-CT-Dataset-master/Images-processed/CT_COVID/2020.03.04.20026005-p12-1946%2.png
/Users/samehissa/Downloads/SS-VIRULEX-outputs/02_SVIS-RULEX/covid_ct_run/exact_sequence/outputs/augmented_train_images/COVID/2020.03.04.20026005-p12-1946%3_aug_0128.png,2020.03.04.20026005-p12-1946%3_aug_0128.png,train,COVID,1,augmented,/Users/samehissa/Downloads/COVID-CT-Dataset-master/Images-processed/CT_COVID/2020.03.04.20026005-p12-1946%3.png
/Users/samehissa/Downloads/SS-VIRULEX-outputs/02_SVIS-RULEX/covid_ct_run/exact_sequence/outputs/augmented_train_images/COVID/2020.03.04.20026005-p12-1946%4_aug_0129.png,2020.03.04.20026005-p12-1946%4_aug_0129.png,train,COVID,1,augmented,/Users/samehissa/Downloads/COVID-CT-Dataset-master/Images-processed/CT_COVID/2020.03.04.20026005-p12-1946%4.png
/Users/samehissa/Downloads/SS-VIRULEX-outputs/02_SVIS-RULEX/covid_ct_run/exact_sequence/outputs/augmented_train_images/COVID/2020.03.04.20026005-p12-1946%5_aug_0130.png,2020.03.04.20026005-p12-1946%5_aug_0130.png,train,COVID,1,augmented,/Users/samehissa/Downloads/COVID-CT-Dataset-master/Images-processed/CT_COVID/2020.03.04.20026005-p12-1946%5.png
/Users/samehissa/Downloads/SS-VIRULEX-outputs/02_SVIS-RULEX/covid_ct_run/exact_sequence/outputs/augmented_train_images/COVID/2020.03.04.20030395-p27-108%0_aug_0131.png,2020.03.04.20030395-p27-108%0_aug_0131.png,train,COVID,1,augmented,/Users/samehissa/Downloads/COVID-CT-Dataset-master/Images-processed/CT_COVID/2020.03.04.20030395-p27-108%0.png
/Users/samehissa/Downloads/SS-VIRULEX-outputs/02_SVIS-RULEX/covid_ct_run/exact_sequence/outputs/augmented_train_images/COVID/2020.03.04.20030395-p27-108%1_aug_0132.png,2020.03.04.20030395-p27-108%1_aug_0132.png,train,COVID,1,augmented,/Users/samehissa/Downloads/COVID-CT-Dataset-master/Images-processed/CT_COVID/2020.03.04.20030395-p27-108%1.png
/Users/samehissa/Downloads/SS-VIRULEX-outputs/02_SVIS-RULEX/covid_ct_run/exact_sequence/outputs/augmented_train_images/COVID/2020.03.04.20030395-p27-108%2_aug_0133.png,2020.03.04.20030395-p27-108%2_aug_0133.png,train,COVID,1,augmented,/Users/samehissa/Downloads/COVID-CT-Dataset-master/Images-processed/CT_COVID/2020.03.04.20030395-p27-108%2.png
/Users/samehissa/Downloads/SS-VIRULEX-outputs/02_SVIS-RULEX/covid_ct_run/exact_sequence/outputs/augmented_train_images/COVID/2020.03.04.20030395-p27-108%3_aug_0134.png,2020.03.04.20030395-p27-108%3_aug_0134.png,train,COVID,1,augmented,/Users/samehissa/Downloads/COVID-CT-Dataset-master/Images-processed/CT_COVID/2020.03.04.20030395-p27-108%3.png
/Users/samehissa/Downloads/SS-VIRULEX-outputs/02_SVIS-RULEX/covid_ct_run/exact_sequence/outputs/augmented_train_images/COVID/2020.03.04.20030395-p27-108%4_aug_0135.png,2020.03.04.20030395-p27-108%4_aug_0135.png,train,COVID,1,augmented,/Users/samehissa/Downloads/COVID-CT-Dataset-master/Images-processed/CT_COVID/2020.03.04.20030395-p27-108%4.png
/Users/samehissa/Downloads/SS-VIRULEX-outputs/02_SVIS-RULEX/covid_ct_run/exact_sequence/outputs/augmented_train_images/COVID/2020.03.04.20030395-p27-108%5_aug_0136.png,2020.03.04.20030395-p27-108%5_aug_0136.png,train,COVID,1,augmented,/Users/samehissa/Downloads/COVID-CT-Dataset-master/Images-processed/CT_COVID/2020.03.04.20030395-p27-108%5.png
/Users/samehissa/Downloads/SS-VIRULEX-outputs/02_SVIS-RULEX/covid_ct_run/exact_sequence/outputs/augmented_train_images/COVID/2020.03.04.20030395-p27-108%6_aug_0137.png,2020.03.04.20030395-p27-108%6_aug_0137.png,train,COVID,1,augmented,/Users/samehissa/Downloads/COVID-CT-Dataset-master/Images-processed/CT_COVID/2020.03.04.20030395-p27-108%6.png
/Users/samehissa/Downloads/SS-VIRULEX-outputs/02_SVIS-RULEX/covid_ct_run/exact_sequence/outputs/augmented_train_images/COVID/2020.03.04.20030395-p27-108%7_aug_0138.png,2020.03.04.20030395-p27-108%7_aug_0138.png,train,COVID,1,augmented,/Users/samehissa/Downloads/COVID-CT-Dataset-master/Images-processed/CT_COVID/2020.03.04.20030395-p27-108%7.png
/Users/samehissa/Downloads/SS-VIRULEX-outputs/02_SVIS-RULEX/covid_ct_run/exact_sequence/outputs/augmented_train_images/COVID/2020.03.04.20030395-p27-108%8_aug_0139.png,2020.03.04.20030395-p27-108%8_aug_0139.png,train,COVID,1,augmented,/Users/samehissa/Downloads/COVID-CT-Dataset-master/Images-processed/CT_COVID/2020.03.04.20030395-p27-108%8.png
/Users/samehissa/Downloads/SS-VIRULEX-outputs/02_SVIS-RULEX/covid_ct_run/exact_sequence/outputs/augmented_train_images/COVID/2020.03.04.20031039-p23-97_1%0_aug_0140.png,2020.03.04.20031039-p23-97_1%0_aug_0140.png,train,COVID,1,augmented,/Users/samehissa/Downloads/COVID-CT-Dataset-master/Images-processed/CT_COVID/2020.03.04.20031039-p23-97_1%0.png
/Users/samehissa/Downloads/SS-VIRULEX-outputs/02_SVIS-RULEX/covid_ct_run/exact_sequence/outputs/augmented_train_images/COVID/2020.03.04.20031039-p23-97_1%1_aug_0141.png,2020.03.04.20031039-p23-97_1%1_aug_0141.png,train,COVID,1,augmented,/Users/samehissa/Downloads/COVID-CT-Dataset-master/Images-processed/CT_COVID/2020.03.04.20031039-p23-97_1%1.png
/Users/samehissa/Downloads/SS-VIRULEX-outputs/02_SVIS-RULEX/covid_ct_run/exact_sequence/outputs/augmented_train_images/COVID/2020.03.04.20031039-p23-97_1%2_aug_0142.png,2020.03.04.20031039-p23-97_1%2_aug_0142.png,train,COVID,1,augmented,/Users/samehissa/Downloads/COVID-CT-Dataset-master/Images-processed/CT_COVID/2020.03.04.20031039-p23-97_1%2.png
/Users/samehissa/Downloads/SS-VIRULEX-outputs/02_SVIS-RULEX/covid_ct_run/exact_sequence/outputs/augmented_train_images/COVID/2020.03.04.20031039-p23-97_2%0_aug_0143.png,2020.03.04.20031039-p23-97_2%0_aug_0143.png,train,COVID,1,augmented,/Users/samehissa/Downloads/COVID-CT-Dataset-master/Images-processed/CT_COVID/2020.03.04.20031039-p23-97_2%0.png
/Users/samehissa/Downloads/SS-VIRULEX-outputs/02_SVIS-RULEX/covid_ct_run/exact_sequence/outputs/augmented_train_images/COVID/2020.03.04.20031039-p23-97_2%1_aug_0144.png,2020.03.04.20031039-p23-97_2%1_aug_0144.png,train,COVID,1,augmented,/Users/samehissa/Downloads/COVID-CT-Dataset-master/Images-processed/CT_COVID/2020.03.04.20031039-p23-97_2%1.png
/Users/samehissa/Downloads/SS-VIRULEX-outputs/02_SVIS-RULEX/covid_ct_run/exact_sequence/outputs/augmented_train_images/COVID/2020.03.04.20031039-p23-97_2%2_aug_0145.png,2020.03.04.20031039-p23-97_2%2_aug_0145.png,train,COVID,1,augmented,/Users/samehissa/Downloads/COVID-CT-Dataset-master/Images-processed/CT_COVID/2020.03.04.20031039-p23-97_2%2.png
/Users/samehissa/Downloads/SS-VIRULEX-outputs/02_SVIS-RULEX/covid_ct_run/exact_sequence/outputs/augmented_train_images/COVID/2020.03.04.20031047-p12-81%0_aug_0146.png,2020.03.04.20031047-p12-81%0_aug_0146.png,train,COVID,1,augmented,/Users/samehissa/Downloads/COVID-CT-Dataset-master/Images-processed/CT_COVID/2020.03.04.20031047-p12-81%0.png
/Users/samehissa/Downloads/SS-VIRULEX-outputs/02_SVIS-RULEX/covid_ct_run/exact_sequence/outputs/augmented_train_images/COVID/2020.03.04.20031047-p12-81%1_aug_0147.png,2020.03.04.20031047-p12-81%1_aug_0147.png,train,COVID,1,augmented,/Users/samehissa/Downloads/COVID-CT-Dataset-master/Images-processed/CT_COVID/2020.03.04.20031047-p12-81%1.png
/Users/samehissa/Downloads/SS-VIRULEX-outputs/02_SVIS-RULEX/covid_ct_run/exact_sequence/outputs/augmented_train_images/COVID/2020.03.04.20031047-p12-81%2_aug_0148.png,2020.03.04.20031047-p12-81%2_aug_0148.png,train,COVID,1,augmented,/Users/samehissa/Downloads/COVID-CT-Dataset-master/Images-processed/CT_COVID/2020.03.04.20031047-p12-81%2.png
/Users/samehissa/Downloads/SS-VIRULEX-outputs/02_SVIS-RULEX/covid_ct_run/exact_sequence/outputs/augmented_train_images/COVID/2020.03.04.20031047-p12-81%3_aug_0149.png,2020.03.04.20031047-p12-81%3_aug_0149.png,train,COVID,1,augmented,/Users/samehissa/Downloads/COVID-CT-Dataset-master/Images-processed/CT_COVID/2020.03.04.20031047-p12-81%3.png
/Users/samehissa/Downloads/SS-VIRULEX-outputs/02_SVIS-RULEX/covid_ct_run/exact_sequence/outputs/augmented_train_images/COVID/2020.03.04.20031047-p13-84%0_aug_0150.png,2020.03.04.20031047-p13-84%0_aug_0150.png,train,COVID,1,augmented,/Users/samehissa/Downloads/COVID-CT-Dataset-master/Images-processed/CT_COVID/2020.03.04.20031047-p13-84%0.png
/Users/samehissa/Downloads/SS-VIRULEX-outputs/02_SVIS-RULEX/covid_ct_run/exact_sequence/outputs/augmented_train_images/COVID/2020.03.04.20031047-p13-84%1_aug_0151.png,2020.03.04.20031047-p13-84%1_aug_0151.png,train,COVID,1,augmented,/Users/samehissa/Downloads/COVID-CT-Dataset-master/Images-processed/CT_COVID/2020.03.04.20031047-p13-84%1.png
/Users/samehissa/Downloads/SS-VIRULEX-outputs/02_SVIS-RULEX/covid_ct_run/exact_sequence/outputs/augmented_train_images/COVID/2020.03.04.20031047-p13-84%2_aug_0152.png,2020.03.04.20031047-p13-84%2_aug_0152.png,train,COVID,1,augmented,/Users/samehissa/Downloads/COVID-CT-Dataset-master/Images-processed/CT_COVID/2020.03.04.20031047-p13-84%2.png
/Users/samehissa/Downloads/SS-VIRULEX-outputs/02_SVIS-RULEX/covid_ct_run/exact_sequence/outputs/augmented_train_images/COVID/2020.03.04.20031047-p13-84%3_aug_0153.png,2020.03.04.20031047-p13-84%3_aug_0153.png,train,COVID,1,augmented,/Users/samehissa/Downloads/COVID-CT-Dataset-master/Images-processed/CT_COVID/2020.03.04.20031047-p13-84%3.png
/Users/samehissa/Downloads/SS-VIRULEX-outputs/02_SVIS-RULEX/covid_ct_run/exact_sequence/outputs/augmented_train_images/COVID/2020.03.04.20031047-p13-84%4_aug_0154.png,2020.03.04.20031047-p13-84%4_aug_0154.png,train,COVID,1,augmented,/Users/samehissa/Downloads/COVID-CT-Dataset-master/Images-processed/CT_COVID/2020.03.04.20031047-p13-84%4.png
/Users/samehissa/Downloads/SS-VIRULEX-outputs/02_SVIS-RULEX/covid_ct_run/exact_sequence/outputs/augmented_train_images/COVID/2020.03.04.20031047-p13-84%5_aug_0155.png,2020.03.04.20031047-p13-84%5_aug_0155.png,train,COVID,1,augmented,/Users/samehissa/Downloads/COVID-CT-Dataset-master/Images-processed/CT_COVID/2020.03.04.20031047-p13-84%5.png
/Users/samehissa/Downloads/SS-VIRULEX-outputs/02_SVIS-RULEX/covid_ct_run/exact_sequence/outputs/augmented_train_images/COVID/2020.03.04.20031047-p14-87%0_aug_0156.png,2020.03.04.20031047-p14-87%0_aug_0156.png,train,COVID,1,augmented,/Users/samehissa/Downloads/COVID-CT-Dataset-master/Images-processed/CT_COVID/2020.03.04.20031047-p14-87%0.png
/Users/samehissa/Downloads/SS-VIRULEX-outputs/02_SVIS-RULEX/covid_ct_run/exact_sequence/outputs/augmented_train_images/COVID/2020.03.04.20031047-p14-87%1_aug_0157.png,2020.03.04.20031047-p14-87%1_aug_0157.png,train,COVID,1,augmented,/Users/samehissa/Downloads/COVID-CT-Dataset-master/Images-processed/CT_COVID/2020.03.04.20031047-p14-87%1.png
/Users/samehissa/Downloads/SS-VIRULEX-outputs/02_SVIS-RULEX/covid_ct_run/exact_sequence/outputs/augmented_train_images/COVID/2020.03.07.20031393-p7-50%0_aug_0158.png,2020.03.07.20031393-p7-50%0_aug_0158.png,train,COVID,1,augmented,/Users/samehissa/Downloads/COVID-CT-Dataset-master/Images-processed/CT_COVID/2020.03.07.20031393-p7-50%0.png
/Users/samehissa/Downloads/SS-VIRULEX-outputs/02_SVIS-RULEX/covid_ct_run/exact_sequence/outputs/augmented_train_images/COVID/2020.03.07.20031393-p7-50%1_aug_0159.png,2020.03.07.20031393-p7-50%1_aug_0159.png,train,COVID,1,augmented,/Users/samehissa/Downloads/COVID-CT-Dataset-master/Images-processed/CT_COVID/2020.03.07.20031393-p7-50%1.png
/Users/samehissa/Downloads/SS-VIRULEX-outputs/02_SVIS-RULEX/covid_ct_run/exact_sequence/outputs/augmented_train_images/COVID/2020.03.07.20031393-p7-50%2_aug_0160.png,2020.03.07.20031393-p7-50%2_aug_0160.png,train,COVID,1,augmented,/Users/samehissa/Downloads/COVID-CT-Dataset-master/Images-processed/CT_COVID/2020.03.07.20031393-p7-50%2.png
/Users/samehissa/Downloads/SS-VIRULEX-outputs/02_SVIS-RULEX/covid_ct_run/exact_sequence/outputs/augmented_train_images/COVID/2020.03.07.20031393-p7-50%3_aug_0161.png,2020.03.07.20031393-p7-50%3_aug_0161.png,train,COVID,1,augmented,/Users/samehissa/Downloads/COVID-CT-Dataset-master/Images-processed/CT_COVID/2020.03.07.20031393-p7-50%3.png
/Users/samehissa/Downloads/SS-VIRULEX-outputs/02_SVIS-RULEX/covid_ct_run/exact_sequence/outputs/augmented_train_images/COVID/2020.03.08.20031658-p15-103_aug_0162.png,2020.03.08.20031658-p15-103_aug_0162.png,train,COVID,1,augmented,/Users/samehissa/Downloads/COVID-CT-Dataset-master/Images-processed/CT_COVID/2020.03.08.20031658-p15-103.png
/Users/samehissa/Downloads/SS-VIRULEX-outputs/02_SVIS-RULEX/covid_ct_run/exact_sequence/outputs/augmented_train_images/COVID/2020.03.08.20031658-p15-104_aug_0163.png,2020.03.08.20031658-p15-104_aug_0163.png,train,COVID,1,augmented,/Users/samehissa/Downloads/COVID-CT-Dataset-master/Images-processed/CT_COVID/2020.03.08.20031658-p15-104.png
/Users/samehissa/Downloads/SS-VIRULEX-outputs/02_SVIS-RULEX/covid_ct_run/exact_sequence/outputs/augmented_train_images/COVID/2020.03.08.20031658-p15-105_aug_0164.png,2020.03.08.20031658-p15-105_aug_0164.png,train,COVID,1,augmented,/Users/samehissa/Downloads/COVID-CT-Dataset-master/Images-processed/CT_COVID/2020.03.08.20031658-p15-105.png
/Users/samehissa/Downloads/SS-VIRULEX-outputs/02_SVIS-RULEX/covid_ct_run/exact_sequence/outputs/augmented_train_images/COVID/2020.03.08.20031658-p15-106_aug_0165.png,2020.03.08.20031658-p15-106_aug_0165.png,train,COVID,1,augmented,/Users/samehissa/Downloads/COVID-CT-Dataset-master/Images-processed/CT_COVID/2020.03.08.20031658-p15-106.png
/Users/samehissa/Downloads/SS-VIRULEX-outputs/02_SVIS-RULEX/covid_ct_run/exact_sequence/outputs/augmented_train_images/COVID/2020.03.09.20033118-p20-93%0_aug_0166.png,2020.03.09.20033118-p20-93%0_aug_0166.png,train,COVID,1,augmented,/Users/samehissa/Downloads/COVID-CT-Dataset-master/Images-processed/CT_COVID/2020.03.09.20033118-p20-93%0.png
/Users/samehissa/Downloads/SS-VIRULEX-outputs/02_SVIS-RULEX/covid_ct_run/exact_sequence/outputs/augmented_train_images/COVID/2020.03.09.20033118-p20-93%1_aug_0167.png,2020.03.09.20033118-p20-93%1_aug_0167.png,train,COVID,1,augmented,/Users/samehissa/Downloads/COVID-CT-Dataset-master/Images-processed/CT_COVID/2020.03.09.20033118-p20-93%1.png
/Users/samehissa/Downloads/SS-VIRULEX-outputs/02_SVIS-RULEX/covid_ct_run/exact_sequence/outputs/augmented_train_images/COVID/2020.03.09.20033118-p20-93%2_aug_0168.png,2020.03.09.20033118-p20-93%2_aug_0168.png,train,COVID,1,augmented,/Users/samehissa/Downloads/COVID-CT-Dataset-master/Images-processed/CT_COVID/2020.03.09.20033118-p20-93%2.png
/Users/samehissa/Downloads/SS-VIRULEX-outputs/02_SVIS-RULEX/covid_ct_run/exact_sequence/outputs/augmented_train_images/COVID/2020.03.09.20033118-p20-93%3_aug_0169.png,2020.03.09.20033118-p20-93%3_aug_0169.png,train,COVID,1,augmented,/Users/samehissa/Downloads/COVID-CT-Dataset-master/Images-processed/CT_COVID/2020.03.09.20033118-p20-93%3.png
/Users/samehissa/Downloads/SS-VIRULEX-outputs/02_SVIS-RULEX/covid_ct_run/exact_sequence/outputs/augmented_train_images/COVID/2020.03.10.20032136-p34-118_1%0_aug_0170.png,2020.03.10.20032136-p34-118_1%0_aug_0170.png,train,COVID,1,augmented,/Users/samehissa/Downloads/COVID-CT-Dataset-master/Images-processed/CT_COVID/2020.03.10.20032136-p34-118_1%0.png
/Users/samehissa/Downloads/SS-VIRULEX-outputs/02_SVIS-RULEX/covid_ct_run/exact_sequence/outputs/augmented_train_images/COVID/2020.03.10.20032136-p34-118_1%1_aug_0171.png,2020.03.10.20032136-p34-118_1%1_aug_0171.png,train,COVID,1,augmented,/Users/samehissa/Downloads/COVID-CT-Dataset-master/Images-processed/CT_COVID/2020.03.10.20032136-p34-118_1%1.png
/Users/samehissa/Downloads/SS-VIRULEX-outputs/02_SVIS-RULEX/covid_ct_run/exact_sequence/outputs/augmented_train_images/COVID/2020.03.10.20032136-p34-118_2%0_aug_0172.png,2020.03.10.20032136-p34-118_2%0_aug_0172.png,train,COVID,1,augmented,/Users/samehissa/Downloads/COVID-CT-Dataset-master/Images-processed/CT_COVID/2020.03.10.20032136-p34-118_2%0.png
/Users/samehissa/Downloads/SS-VIRULEX-outputs/02_SVIS-RULEX/covid_ct_run/exact_sequence/outputs/augmented_train_images/COVID/2020.03.10.20032136-p34-118_2%1_aug_0173.png,2020.03.10.20032136-p34-118_2%1_aug_0173.png,train,COVID,1,augmented,/Users/samehissa/Downloads/COVID-CT-Dataset-master/Images-processed/CT_COVID/2020.03.10.20032136-p34-118_2%1.png
/Users/samehissa/Downloads/SS-VIRULEX-outputs/02_SVIS-RULEX/covid_ct_run/exact_sequence/outputs/augmented_train_images/COVID/2020.03.11.20033159-p12-45%0_aug_0174.png,2020.03.11.20033159-p12-45%0_aug_0174.png,train,COVID,1,augmented,/Users/samehissa/Downloads/COVID-CT-Dataset-master/Images-processed/CT_COVID/2020.03.11.20033159-p12-45%0.png
/Users/samehissa/Downloads/SS-VIRULEX-outputs/02_SVIS-RULEX/covid_ct_run/exact_sequence/outputs/augmented_train_images/COVID/2020.03.11.20033159-p12-45%1_aug_0175.png,2020.03.11.20033159-p12-45%1_aug_0175.png,train,COVID,1,augmented,/Users/samehissa/Downloads/COVID-CT-Dataset-master/Images-processed/CT_COVID/2020.03.11.20033159-p12-45%1.png
/Users/samehissa/Downloads/SS-VIRULEX-outputs/02_SVIS-RULEX/covid_ct_run/exact_sequence/outputs/augmented_train_images/COVID/2020.03.11.20033159-p12-45%2_aug_0176.png,2020.03.11.20033159-p12-45%2_aug_0176.png,train,COVID,1,augmented,/Users/samehissa/Downloads/COVID-CT-Dataset-master/Images-processed/CT_COVID/2020.03.11.20033159-p12-45%2.png
/Users/samehissa/Downloads/SS-VIRULEX-outputs/02_SVIS-RULEX/covid_ct_run/exact_sequence/outputs/augmented_train_images/COVID/2020.03.11.20033159-p12-45%3_aug_0177.png,2020.03.11.20033159-p12-45%3_aug_0177.png,train,COVID,1,augmented,/Users/samehissa/Downloads/COVID-CT-Dataset-master/Images-processed/CT_COVID/2020.03.11.20033159-p12-45%3.png
/Users/samehissa/Downloads/SS-VIRULEX-outputs/02_SVIS-RULEX/covid_ct_run/exact_sequence/outputs/augmented_train_images/COVID/2020.03.11.20033159-p12-45%4_aug_0178.png,2020.03.11.20033159-p12-45%4_aug_0178.png,train,COVID,1,augmented,/Users/samehissa/Downloads/COVID-CT-Dataset-master/Images-processed/CT_COVID/2020.03.11.20033159-p12-45%4.png
/Users/samehissa/Downloads/SS-VIRULEX-outputs/02_SVIS-RULEX/covid_ct_run/exact_sequence/outputs/augmented_train_images/COVID/2020.03.11.20033159-p12-45%5_aug_0179.png,2020.03.11.20033159-p12-45%5_aug_0179.png,train,COVID,1,augmented,/Users/samehissa/Downloads/COVID-CT-Dataset-master/Images-processed/CT_COVID/2020.03.11.20033159-p12-45%5.png
/Users/samehissa/Downloads/SS-VIRULEX-outputs/02_SVIS-RULEX/covid_ct_run/exact_sequence/outputs/augmented_train_images/COVID/2020.03.12.20027185-p8-216_aug_0180.png,2020.03.12.20027185-p8-216_aug_0180.png,train,COVID,1,augmented,/Users/samehissa/Downloads/COVID-CT-Dataset-master/Images-processed/CT_COVID/2020.03.12.20027185-p8-216.png
/Users/samehissa/Downloads/SS-VIRULEX-outputs/02_SVIS-RULEX/covid_ct_run/exact_sequence/outputs/augmented_train_images/COVID/2020.03.12.20027185-p8-217_aug_0181.png,2020.03.12.20027185-p8-217_aug_0181.png,train,COVID,1,augmented,/Users/samehissa/Downloads/COVID-CT-Dataset-master/Images-processed/CT_COVID/2020.03.12.20027185-p8-217.png
/Users/samehissa/Downloads/SS-VIRULEX-outputs/02_SVIS-RULEX/covid_ct_run/exact_sequence/outputs/augmented_train_images/COVID/2020.03.12.20027185-p8-218_aug_0182.png,2020.03.12.20027185-p8-218_aug_0182.png,train,COVID,1,augmented,/Users/samehissa/Downloads/COVID-CT-Dataset-master/Images-processed/CT_COVID/2020.03.12.20027185-p8-218.png
/Users/samehissa/Downloads/SS-VIRULEX-outputs/02_SVIS-RULEX/covid_ct_run/exact_sequence/outputs/augmented_train_images/COVID/2020.03.12.20027185-p8-221_aug_0183.png,2020.03.12.20027185-p8-221_aug_0183.png,train,COVID,1,augmented,/Users/samehissa/Downloads/COVID-CT-Dataset-master/Images-processed/CT_COVID/2020.03.12.20027185-p8-221.png
/Users/samehissa/Downloads/SS-VIRULEX-outputs/02_SVIS-RULEX/covid_ct_run/exact_sequence/outputs/augmented_train_images/COVID/2020.03.12.20034686-p17-91-3_aug_0184.png,2020.03.12.20034686-p17-91-3_aug_0184.png,train,COVID,1,augmented,/Users/samehissa/Downloads/COVID-CT-Dataset-master/Images-processed/CT_COVID/2020.03.12.20034686-p17-91-3.png
/Users/samehissa/Downloads/SS-VIRULEX-outputs/02_SVIS-RULEX/covid_ct_run/exact_sequence/outputs/augmented_train_images/COVID/2020.03.12.20034686-p17-91-4_aug_0185.png,2020.03.12.20034686-p17-91-4_aug_0185.png,train,COVID,1,augmented,/Users/samehissa/Downloads/COVID-CT-Dataset-master/Images-processed/CT_COVID/2020.03.12.20034686-p17-91-4.png
/Users/samehissa/Downloads/SS-VIRULEX-outputs/02_SVIS-RULEX/covid_ct_run/exact_sequence/outputs/augmented_train_images/COVID/2020.03.12.20034686-p17-91-5_aug_0186.png,2020.03.12.20034686-p17-91-5_aug_0186.png,train,COVID,1,augmented,/Users/samehissa/Downloads/COVID-CT-Dataset-master/Images-processed/CT_COVID/2020.03.12.20034686-p17-91-5.png
/Users/samehissa/Downloads/SS-VIRULEX-outputs/02_SVIS-RULEX/covid_ct_run/exact_sequence/outputs/augmented_train_images/COVID/2020.03.12.20034686-p17-91-6_aug_0187.png,2020.03.12.20034686-p17-91-6_aug_0187.png,train,COVID,1,augmented,/Users/samehissa/Downloads/COVID-CT-Dataset-master/Images-processed/CT_COVID/2020.03.12.20034686-p17-91-6.png
/Users/samehissa/Downloads/SS-VIRULEX-outputs/02_SVIS-RULEX/covid_ct_run/exact_sequence/outputs/augmented_train_images/COVID/2020.03.13.20035212-p23-152_aug_0188.png,2020.03.13.20035212-p23-152_aug_0188.png,train,COVID,1,augmented,/Users/samehissa/Downloads/COVID-CT-Dataset-master/Images-processed/CT_COVID/2020.03.13.20035212-p23-152.png
/Users/samehissa/Downloads/SS-VIRULEX-outputs/02_SVIS-RULEX/covid_ct_run/exact_sequence/outputs/augmented_train_images/COVID/2020.03.13.20035212-p23-153_aug_0189.png,2020.03.13.20035212-p23-153_aug_0189.png,train,COVID,1,augmented,/Users/samehissa/Downloads/COVID-CT-Dataset-master/Images-processed/CT_COVID/2020.03.13.20035212-p23-153.png
/Users/samehissa/Downloads/SS-VIRULEX-outputs/02_SVIS-RULEX/covid_ct_run/exact_sequence/outputs/augmented_train_images/COVID/2020.03.13.20035212-p23-154_aug_0190.png,2020.03.13.20035212-p23-154_aug_0190.png,train,COVID,1,augmented,/Users/samehissa/Downloads/COVID-CT-Dataset-master/Images-processed/CT_COVID/2020.03.13.20035212-p23-154.png
/Users/samehissa/Downloads/SS-VIRULEX-outputs/02_SVIS-RULEX/covid_ct_run/exact_sequence/outputs/augmented_train_images/COVID/2020.01.24.919183-p27-132_aug_0191.png,2020.01.24.919183-p27-132_aug_0191.png,train,COVID,1,augmented,/Users/samehissa/Downloads/COVID-CT-Dataset-master/Images-processed/CT_COVID/2020.01.24.919183-p27-132.png
/Users/samehissa/Downloads/SS-VIRULEX-outputs/02_SVIS-RULEX/covid_ct_run/exact_sequence/outputs/augmented_train_images/COVID/2020.01.24.919183-p27-133_aug_0192.png,2020.01.24.919183-p27-133_aug_0192.png,train,COVID,1,augmented,/Users/samehissa/Downloads/COVID-CT-Dataset-master/Images-processed/CT_COVID/2020.01.24.919183-p27-133.png
/Users/samehissa/Downloads/SS-VIRULEX-outputs/02_SVIS-RULEX/covid_ct_run/exact_sequence/outputs/augmented_train_images/COVID/2020.01.24.919183-p27-134_aug_0193.png,2020.01.24.919183-p27-134_aug_0193.png,train,COVID,1,augmented,/Users/samehissa/Downloads/COVID-CT-Dataset-master/Images-processed/CT_COVID/2020.01.24.919183-p27-134.png
/Users/samehissa/Downloads/SS-VIRULEX-outputs/02_SVIS-RULEX/covid_ct_run/exact_sequence/outputs/augmented_train_images/COVID/2020.01.24.919183-p27-135_aug_0194.png,2020.01.24.919183-p27-135_aug_0194.png,train,COVID,1,augmented,/Users/samehissa/Downloads/COVID-CT-Dataset-master/Images-processed/CT_COVID/2020.01.24.919183-p27-135.png
/Users/samehissa/Downloads/SS-VIRULEX-outputs/02_SVIS-RULEX/covid_ct_run/exact_sequence/outputs/augmented_train_images/COVID/2020.02.10.20021584-p6-52%0_aug_0195.png,2020.02.10.20021584-p6-52%0_aug_0195.png,train,COVID,1,augmented,/Users/samehissa/Downloads/COVID-CT-Dataset-master/Images-processed/CT_COVID/2020.02.10.20021584-p6-52%0.png
/Users/samehissa/Downloads/SS-VIRULEX-outputs/02_SVIS-RULEX/covid_ct_run/exact_sequence/outputs/augmented_train_images/COVID/2020.02.10.20021584-p6-52%1_aug_0196.png,2020.02.10.20021584-p6-52%1_aug_0196.png,train,COVID,1,augmented,/Users/samehissa/Downloads/COVID-CT-Dataset-master/Images-processed/CT_COVID/2020.02.10.20021584-p6-52%1.png
/Users/samehissa/Downloads/SS-VIRULEX-outputs/02_SVIS-RULEX/covid_ct_run/exact_sequence/outputs/augmented_train_images/COVID/2020.02.10.20021584-p6-52%10_aug_0197.png,2020.02.10.20021584-p6-52%10_aug_0197.png,train,COVID,1,augmented,/Users/samehissa/Downloads/COVID-CT-Dataset-master/Images-processed/CT_COVID/2020.02.10.20021584-p6-52%10.png
/Users/samehissa/Downloads/SS-VIRULEX-outputs/02_SVIS-RULEX/covid_ct_run/exact_sequence/outputs/augmented_train_images/COVID/2020.02.10.20021584-p6-52%11_aug_0198.png,2020.02.10.20021584-p6-52%11_aug_0198.png,train,COVID,1,augmented,/Users/samehissa/Downloads/COVID-CT-Dataset-master/Images-processed/CT_COVID/2020.02.10.20021584-p6-52%11.png
/Users/samehissa/Downloads/SS-VIRULEX-outputs/02_SVIS-RULEX/covid_ct_run/exact_sequence/outputs/augmented_train_images/COVID/2020.02.10.20021584-p6-52%12_aug_0199.png,2020.02.10.20021584-p6-52%12_aug_0199.png,train,COVID,1,augmented,/Users/samehissa/Downloads/COVID-CT-Dataset-master/Images-processed/CT_COVID/2020.02.10.20021584-p6-52%12.png
/Users/samehissa/Downloads/SS-VIRULEX-outputs/02_SVIS-RULEX/covid_ct_run/exact_sequence/outputs/augmented_train_images/COVID/2020.02.10.20021584-p6-52%13_aug_0200.png,2020.02.10.20021584-p6-52%13_aug_0200.png,train,COVID,1,augmented,/Users/samehissa/Downloads/COVID-CT-Dataset-master/Images-processed/CT_COVID/2020.02.10.20021584-p6-52%13.png
/Users/samehissa/Downloads/SS-VIRULEX-outputs/02_SVIS-RULEX/covid_ct_run/exact_sequence/outputs/augmented_train_images/COVID/2020.02.10.20021584-p6-52%14_aug_0201.png,2020.02.10.20021584-p6-52%14_aug_0201.png,train,COVID,1,augmented,/Users/samehissa/Downloads/COVID-CT-Dataset-master/Images-processed/CT_COVID/2020.02.10.20021584-p6-52%14.png
/Users/samehissa/Downloads/SS-VIRULEX-outputs/02_SVIS-RULEX/covid_ct_run/exact_sequence/outputs/augmented_train_images/COVID/2020.02.10.20021584-p6-52%15_aug_0202.png,2020.02.10.20021584-p6-52%15_aug_0202.png,train,COVID,1,augmented,/Users/samehissa/Downloads/COVID-CT-Dataset-master/Images-processed/CT_COVID/2020.02.10.20021584-p6-52%15.png
/Users/samehissa/Downloads/SS-VIRULEX-outputs/02_SVIS-RULEX/covid_ct_run/exact_sequence/outputs/augmented_train_images/COVID/2020.02.10.20021584-p6-52%2_aug_0203.png,2020.02.10.20021584-p6-52%2_aug_0203.png,train,COVID,1,augmented,/Users/samehissa/Downloads/COVID-CT-Dataset-master/Images-processed/CT_COVID/2020.02.10.20021584-p6-52%2.png
/Users/samehissa/Downloads/SS-VIRULEX-outputs/02_SVIS-RULEX/covid_ct_run/exact_sequence/outputs/augmented_train_images/COVID/2020.02.10.20021584-p6-52%3_aug_0204.png,2020.02.10.20021584-p6-52%3_aug_0204.png,train,COVID,1,augmented,/Users/samehissa/Downloads/COVID-CT-Dataset-master/Images-processed/CT_COVID/2020.02.10.20021584-p6-52%3.png
/Users/samehissa/Downloads/SS-VIRULEX-outputs/02_SVIS-RULEX/covid_ct_run/exact_sequence/outputs/augmented_train_images/COVID/2020.02.10.20021584-p6-52%4_aug_0205.png,2020.02.10.20021584-p6-52%4_aug_0205.png,train,COVID,1,augmented,/Users/samehissa/Downloads/COVID-CT-Dataset-master/Images-processed/CT_COVID/2020.02.10.20021584-p6-52%4.png
/Users/samehissa/Downloads/SS-VIRULEX-outputs/02_SVIS-RULEX/covid_ct_run/exact_sequence/outputs/augmented_train_images/COVID/2020.02.10.20021584-p6-52%5_aug_0206.png,2020.02.10.20021584-p6-52%5_aug_0206.png,train,COVID,1,augmented,/Users/samehissa/Downloads/COVID-CT-Dataset-master/Images-processed/CT_COVID/2020.02.10.20021584-p6-52%5.png
/Users/samehissa/Downloads/SS-VIRULEX-outputs/02_SVIS-RULEX/covid_ct_run/exact_sequence/outputs/augmented_train_images/COVID/2020.02.10.20021584-p6-52%6_aug_0207.png,2020.02.10.20021584-p6-52%6_aug_0207.png,train,COVID,1,augmented,/Users/samehissa/Downloads/COVID-CT-Dataset-master/Images-processed/CT_COVID/2020.02.10.20021584-p6-52%6.png
/Users/samehissa/Downloads/SS-VIRULEX-outputs/02_SVIS-RULEX/covid_ct_run/exact_sequence/outputs/augmented_train_images/COVID/2020.02.10.20021584-p6-52%7_aug_0208.png,2020.02.10.20021584-p6-52%7_aug_0208.png,train,COVID,1,augmented,/Users/samehissa/Downloads/COVID-CT-Dataset-master/Images-processed/CT_COVID/2020.02.10.20021584-p6-52%7.png
/Users/samehissa/Downloads/SS-VIRULEX-outputs/02_SVIS-RULEX/covid_ct_run/exact_sequence/outputs/augmented_train_images/COVID/2020.02.10.20021584-p6-52%8_aug_0209.png,2020.02.10.20021584-p6-52%8_aug_0209.png,train,COVID,1,augmented,/Users/samehissa/Downloads/COVID-CT-Dataset-master/Images-processed/CT_COVID/2020.02.10.20021584-p6-52%8.png
/Users/samehissa/Downloads/SS-VIRULEX-outputs/02_SVIS-RULEX/covid_ct_run/exact_sequence/outputs/augmented_train_images/COVID/2020.02.10.20021584-p6-52%9_aug_0210.png,2020.02.10.20021584-p6-52%9_aug_0210.png,train,COVID,1,augmented,/Users/samehissa/Downloads/COVID-CT-Dataset-master/Images-processed/CT_COVID/2020.02.10.20021584-p6-52%9.png
/Users/samehissa/Downloads/SS-VIRULEX-outputs/02_SVIS-RULEX/covid_ct_run/exact_sequence/outputs/augmented_train_images/COVID/2020.02.11.20021493-p16-109%0_aug_0211.png,2020.02.11.20021493-p16-109%0_aug_0211.png,train,COVID,1,augmented,/Users/samehissa/Downloads/COVID-CT-Dataset-master/Images-processed/CT_COVID/2020.02.11.20021493-p16-109%0.png
/Users/samehissa/Downloads/SS-VIRULEX-outputs/02_SVIS-RULEX/covid_ct_run/exact_sequence/outputs/augmented_train_images/COVID/2020.02.11.20021493-p16-109%1_aug_0212.png,2020.02.11.20021493-p16-109%1_aug_0212.png,train,COVID,1,augmented,/Users/samehissa/Downloads/COVID-CT-Dataset-master/Images-processed/CT_COVID/2020.02.11.20021493-p16-109%1.png
/Users/samehissa/Downloads/SS-VIRULEX-outputs/02_SVIS-RULEX/covid_ct_run/exact_sequence/outputs/augmented_train_images/COVID/2020.02.11.20021493-p16-109%2_aug_0213.png,2020.02.11.20021493-p16-109%2_aug_0213.png,train,COVID,1,augmented,/Users/samehissa/Downloads/COVID-CT-Dataset-master/Images-processed/CT_COVID/2020.02.11.20021493-p16-109%2.png
/Users/samehissa/Downloads/SS-VIRULEX-outputs/02_SVIS-RULEX/covid_ct_run/exact_sequence/outputs/augmented_train_images/COVID/2020.02.11.20022053-p12-67%0_aug_0214.png,2020.02.11.20022053-p12-67%0_aug_0214.png,train,COVID,1,augmented,/Users/samehissa/Downloads/COVID-CT-Dataset-master/Images-processed/CT_COVID/2020.02.11.20022053-p12-67%0.png
/Users/samehissa/Downloads/SS-VIRULEX-outputs/02_SVIS-RULEX/covid_ct_run/exact_sequence/outputs/augmented_train_images/COVID/2020.02.11.20022053-p12-67%1_aug_0215.png,2020.02.11.20022053-p12-67%1_aug_0215.png,train,COVID,1,augmented,/Users/samehissa/Downloads/COVID-CT-Dataset-master/Images-processed/CT_COVID/2020.02.11.20022053-p12-67%1.png
/Users/samehissa/Downloads/SS-VIRULEX-outputs/02_SVIS-RULEX/covid_ct_run/exact_sequence/outputs/augmented_train_images/COVID/2020.02.11.20022053-p12-67%2_aug_0216.png,2020.02.11.20022053-p12-67%2_aug_0216.png,train,COVID,1,augmented,/Users/samehissa/Downloads/COVID-CT-Dataset-master/Images-processed/CT_COVID/2020.02.11.20022053-p12-67%2.png
/Users/samehissa/Downloads/SS-VIRULEX-outputs/02_SVIS-RULEX/covid_ct_run/exact_sequence/outputs/augmented_train_images/COVID/2020.02.11.20022053-p12-67%3_aug_0217.png,2020.02.11.20022053-p12-67%3_aug_0217.png,train,COVID,1,augmented,/Users/samehissa/Downloads/COVID-CT-Dataset-master/Images-processed/CT_COVID/2020.02.11.20022053-p12-67%3.png
/Users/samehissa/Downloads/SS-VIRULEX-outputs/02_SVIS-RULEX/covid_ct_run/exact_sequence/outputs/augmented_train_images/COVID/2020.02.13.20022673-p13-77%0_aug_0218.png,2020.02.13.20022673-p13-77%0_aug_0218.png,train,COVID,1,augmented,/Users/samehissa/Downloads/COVID-CT-Dataset-master/Images-processed/CT_COVID/2020.02.13.20022673-p13-77%0.png
/Users/samehissa/Downloads/SS-VIRULEX-outputs/02_SVIS-RULEX/covid_ct_run/exact_sequence/outputs/augmented_train_images/COVID/2020.02.13.20022673-p13-77%1_aug_0219.png,2020.02.13.20022673-p13-77%1_aug_0219.png,train,COVID,1,augmented,/Users/samehissa/Downloads/COVID-CT-Dataset-master/Images-processed/CT_COVID/2020.02.13.20022673-p13-77%1.png
/Users/samehissa/Downloads/SS-VIRULEX-outputs/02_SVIS-RULEX/covid_ct_run/exact_sequence/outputs/augmented_train_images/COVID/2020.02.13.20022673-p13-77%2_aug_0220.png,2020.02.13.20022673-p13-77%2_aug_0220.png,train,COVID,1,augmented,/Users/samehissa/Downloads/COVID-CT-Dataset-master/Images-processed/CT_COVID/2020.02.13.20022673-p13-77%2.png
/Users/samehissa/Downloads/SS-VIRULEX-outputs/02_SVIS-RULEX/covid_ct_run/exact_sequence/outputs/augmented_train_images/COVID/2020.02.17.20024018-p17-61%0_aug_0221.png,2020.02.17.20024018-p17-61%0_aug_0221.png,train,COVID,1,augmented,/Users/samehissa/Downloads/COVID-CT-Dataset-master/Images-processed/CT_COVID/2020.02.17.20024018-p17-61%0.png
/Users/samehissa/Downloads/SS-VIRULEX-outputs/02_SVIS-RULEX/covid_ct_run/exact_sequence/outputs/augmented_train_images/COVID/2020.02.17.20024018-p17-61%1_aug_0222.png,2020.02.17.20024018-p17-61%1_aug_0222.png,train,COVID,1,augmented,/Users/samehissa/Downloads/COVID-CT-Dataset-master/Images-processed/CT_COVID/2020.02.17.20024018-p17-61%1.png
/Users/samehissa/Downloads/SS-VIRULEX-outputs/02_SVIS-RULEX/covid_ct_run/exact_sequence/outputs/augmented_train_images/COVID/2020.02.17.20024018-p17-61%2_aug_0223.png,2020.02.17.20024018-p17-61%2_aug_0223.png,train,COVID,1,augmented,/Users/samehissa/Downloads/COVID-CT-Dataset-master/Images-processed/CT_COVID/2020.02.17.20024018-p17-61%2.png
/Users/samehissa/Downloads/SS-VIRULEX-outputs/02_SVIS-RULEX/covid_ct_run/exact_sequence/outputs/augmented_train_images/COVID/2020.02.17.20024018-p17-61%3_aug_0224.png,2020.02.17.20024018-p17-61%3_aug_0224.png,train,COVID,1,augmented,/Users/samehissa/Downloads/COVID-CT-Dataset-master/Images-processed/CT_COVID/2020.02.17.20024018-p17-61%3.png
/Users/samehissa/Downloads/SS-VIRULEX-outputs/02_SVIS-RULEX/covid_ct_run/exact_sequence/outputs/augmented_train_images/COVID/2020.02.17.20024018-p17-61%4_aug_0225.png,2020.02.17.20024018-p17-61%4_aug_0225.png,train,COVID,1,augmented,/Users/samehissa/Downloads/COVID-CT-Dataset-master/Images-processed/CT_COVID/2020.02.17.20024018-p17-61%4.png
/Users/samehissa/Downloads/SS-VIRULEX-outputs/02_SVIS-RULEX/covid_ct_run/exact_sequence/outputs/augmented_train_images/COVID/2020.02.19.20025023-p20-93%0_aug_0226.png,2020.02.19.20025023-p20-93%0_aug_0226.png,train,COVID,1,augmented,/Users/samehissa/Downloads/COVID-CT-Dataset-master/Images-processed/CT_COVID/2020.02.19.20025023-p20-93%0.png
/Users/samehissa/Downloads/SS-VIRULEX-outputs/02_SVIS-RULEX/covid_ct_run/exact_sequence/outputs/augmented_train_images/COVID/2020.02.19.20025023-p20-93%1_aug_0227.png,2020.02.19.20025023-p20-93%1_aug_0227.png,train,COVID,1,augmented,/Users/samehissa/Downloads/COVID-CT-Dataset-master/Images-processed/CT_COVID/2020.02.19.20025023-p20-93%1.png
/Users/samehissa/Downloads/SS-VIRULEX-outputs/02_SVIS-RULEX/covid_ct_run/exact_sequence/outputs/augmented_train_images/COVID/2020.02.19.20025023-p20-93%2_aug_0228.png,2020.02.19.20025023-p20-93%2_aug_0228.png,train,COVID,1,augmented,/Users/samehissa/Downloads/COVID-CT-Dataset-master/Images-processed/CT_COVID/2020.02.19.20025023-p20-93%2.png
/Users/samehissa/Downloads/SS-VIRULEX-outputs/02_SVIS-RULEX/covid_ct_run/exact_sequence/outputs/augmented_train_images/COVID/2020.02.19.20025023-p20-93%3_aug_0229.png,2020.02.19.20025023-p20-93%3_aug_0229.png,train,COVID,1,augmented,/Users/samehissa/Downloads/COVID-CT-Dataset-master/Images-processed/CT_COVID/2020.02.19.20025023-p20-93%3.png
/Users/samehissa/Downloads/SS-VIRULEX-outputs/02_SVIS-RULEX/covid_ct_run/exact_sequence/outputs/augmented_train_images/COVID/2020.02.22.20024927-p18-66%0_aug_0230.png,2020.02.22.20024927-p18-66%0_aug_0230.png,train,COVID,1,augmented,/Users/samehissa/Downloads/COVID-CT-Dataset-master/Images-processed/CT_COVID/2020.02.22.20024927-p18-66%0.png
/Users/samehissa/Downloads/SS-VIRULEX-outputs/02_SVIS-RULEX/covid_ct_run/exact_sequence/outputs/augmented_train_images/COVID/2020.02.22.20024927-p18-66%1_aug_0231.png,2020.02.22.20024927-p18-66%1_aug_0231.png,train,COVID,1,augmented,/Users/samehissa/Downloads/COVID-CT-Dataset-master/Images-processed/CT_COVID/2020.02.22.20024927-p18-66%1.png
/Users/samehissa/Downloads/SS-VIRULEX-outputs/02_SVIS-RULEX/covid_ct_run/exact_sequence/outputs/augmented_train_images/COVID/2020.02.22.20024927-p18-66%2_aug_0232.png,2020.02.22.20024927-p18-66%2_aug_0232.png,train,COVID,1,augmented,/Users/samehissa/Downloads/COVID-CT-Dataset-master/Images-processed/CT_COVID/2020.02.22.20024927-p18-66%2.png
/Users/samehissa/Downloads/SS-VIRULEX-outputs/02_SVIS-RULEX/covid_ct_run/exact_sequence/outputs/augmented_train_images/COVID/2020.02.22.20024927-p19-68%0_aug_0233.png,2020.02.22.20024927-p19-68%0_aug_0233.png,train,COVID,1,augmented,/Users/samehissa/Downloads/COVID-CT-Dataset-master/Images-processed/CT_COVID/2020.02.22.20024927-p19-68%0.png
/Users/samehissa/Downloads/SS-VIRULEX-outputs/02_SVIS-RULEX/covid_ct_run/exact_sequence/outputs/augmented_train_images/COVID/2020.02.22.20024927-p19-68%1_aug_0234.png,2020.02.22.20024927-p19-68%1_aug_0234.png,train,COVID,1,augmented,/Users/samehissa/Downloads/COVID-CT-Dataset-master/Images-processed/CT_COVID/2020.02.22.20024927-p19-68%1.png
/Users/samehissa/Downloads/SS-VIRULEX-outputs/02_SVIS-RULEX/covid_ct_run/exact_sequence/outputs/augmented_train_images/COVID/2020.02.22.20024927-p19-68%2_aug_0235.png,2020.02.22.20024927-p19-68%2_aug_0235.png,train,COVID,1,augmented,/Users/samehissa/Downloads/COVID-CT-Dataset-master/Images-processed/CT_COVID/2020.02.22.20024927-p19-68%2.png
/Users/samehissa/Downloads/SS-VIRULEX-outputs/02_SVIS-RULEX/covid_ct_run/exact_sequence/outputs/augmented_train_images/COVID/2020.02.22.20024927-p19-68%3_aug_0236.png,2020.02.22.20024927-p19-68%3_aug_0236.png,train,COVID,1,augmented,/Users/samehissa/Downloads/COVID-CT-Dataset-master/Images-processed/CT_COVID/2020.02.22.20024927-p19-68%3.png
/Users/samehissa/Downloads/SS-VIRULEX-outputs/02_SVIS-RULEX/covid_ct_run/exact_sequence/outputs/augmented_train_images/COVID/2020.02.22.20024927-p19-68%4_aug_0237.png,2020.02.22.20024927-p19-68%4_aug_0237.png,train,COVID,1,augmented,/Users/samehissa/Downloads/COVID-CT-Dataset-master/Images-processed/CT_COVID/2020.02.22.20024927-p19-68%4.png
/Users/samehissa/Downloads/SS-VIRULEX-outputs/02_SVIS-RULEX/covid_ct_run/exact_sequence/outputs/augmented_train_images/COVID/2020.02.22.20024927-p19-68%5_aug_0238.png,2020.02.22.20024927-p19-68%5_aug_0238.png,train,COVID,1,augmented,/Users/samehissa/Downloads/COVID-CT-Dataset-master/Images-processed/CT_COVID/2020.02.22.20024927-p19-68%5.png
/Users/samehissa/Downloads/SS-VIRULEX-outputs/02_SVIS-RULEX/covid_ct_run/exact_sequence/outputs/augmented_train_images/COVID/2020.02.22.20024927-p20-70%0_aug_0239.png,2020.02.22.20024927-p20-70%0_aug_0239.png,train,COVID,1,augmented,/Users/samehissa/Downloads/COVID-CT-Dataset-master/Images-processed/CT_COVID/2020.02.22.20024927-p20-70%0.png
/Users/samehissa/Downloads/SS-VIRULEX-outputs/02_SVIS-RULEX/covid_ct_run/exact_sequence/outputs/augmented_train_images/COVID/2020.02.22.20024927-p20-70%1_aug_0240.png,2020.02.22.20024927-p20-70%1_aug_0240.png,train,COVID,1,augmented,/Users/samehissa/Downloads/COVID-CT-Dataset-master/Images-processed/CT_COVID/2020.02.22.20024927-p20-70%1.png
/Users/samehissa/Downloads/SS-VIRULEX-outputs/02_SVIS-RULEX/covid_ct_run/exact_sequence/outputs/augmented_train_images/COVID/2020.02.22.20024927-p20-70%2_aug_0241.png,2020.02.22.20024927-p20-70%2_aug_0241.png,train,COVID,1,augmented,/Users/samehissa/Downloads/COVID-CT-Dataset-master/Images-processed/CT_COVID/2020.02.22.20024927-p20-70%2.png
/Users/samehissa/Downloads/SS-VIRULEX-outputs/02_SVIS-RULEX/covid_ct_run/exact_sequence/outputs/augmented_train_images/COVID/2020.02.22.20024927-p20-70%3_aug_0242.png,2020.02.22.20024927-p20-70%3_aug_0242.png,train,COVID,1,augmented,/Users/samehissa/Downloads/COVID-CT-Dataset-master/Images-processed/CT_COVID/2020.02.22.20024927-p20-70%3.png
/Users/samehissa/Downloads/SS-VIRULEX-outputs/02_SVIS-RULEX/covid_ct_run/exact_sequence/outputs/augmented_train_images/COVID/2020.02.23.20026856-p17-115%0_aug_0243.png,2020.02.23.20026856-p17-115%0_aug_0243.png,train,COVID,1,augmented,/Users/samehissa/Downloads/COVID-CT-Dataset-master/Images-processed/CT_COVID/2020.02.23.20026856-p17-115%0.png
/Users/samehissa/Downloads/SS-VIRULEX-outputs/02_SVIS-RULEX/covid_ct_run/exact_sequence/outputs/augmented_train_images/COVID/2020.02.23.20026856-p17-115%1_aug_0244.png,2020.02.23.20026856-p17-115%1_aug_0244.png,train,COVID,1,augmented,/Users/samehissa/Downloads/COVID-CT-Dataset-master/Images-processed/CT_COVID/2020.02.23.20026856-p17-115%1.png
/Users/samehissa/Downloads/SS-VIRULEX-outputs/02_SVIS-RULEX/covid_ct_run/exact_sequence/outputs/augmented_train_images/COVID/2020.02.23.20026856-p17-115%2_aug_0245.png,2020.02.23.20026856-p17-115%2_aug_0245.png,train,COVID,1,augmented,/Users/samehissa/Downloads/COVID-CT-Dataset-master/Images-processed/CT_COVID/2020.02.23.20026856-p17-115%2.png
/Users/samehissa/Downloads/SS-VIRULEX-outputs/02_SVIS-RULEX/covid_ct_run/exact_sequence/outputs/augmented_train_images/COVID/2020.02.23.20026856-p17-115%3_aug_0246.png,2020.02.23.20026856-p17-115%3_aug_0246.png,train,COVID,1,augmented,/Users/samehissa/Downloads/COVID-CT-Dataset-master/Images-processed/CT_COVID/2020.02.23.20026856-p17-115%3.png
/Users/samehissa/Downloads/SS-VIRULEX-outputs/02_SVIS-RULEX/covid_ct_run/exact_sequence/outputs/augmented_train_images/COVID/2020.02.23.20026856-p17-115%4_aug_0247.png,2020.02.23.20026856-p17-115%4_aug_0247.png,train,COVID,1,augmented,/Users/samehissa/Downloads/COVID-CT-Dataset-master/Images-processed/CT_COVID/2020.02.23.20026856-p17-115%4.png
/Users/samehissa/Downloads/SS-VIRULEX-outputs/02_SVIS-RULEX/covid_ct_run/exact_sequence/outputs/augmented_train_images/COVID/2020.02.23.20026856-p17-115%5_aug_0248.png,2020.02.23.20026856-p17-115%5_aug_0248.png,train,COVID,1,augmented,/Users/samehissa/Downloads/COVID-CT-Dataset-master/Images-processed/CT_COVID/2020.02.23.20026856-p17-115%5.png
/Users/samehissa/Downloads/SS-VIRULEX-outputs/02_SVIS-RULEX/covid_ct_run/exact_sequence/outputs/augmented_train_images/COVID/2020.02.24.20027052-p8-73%0_aug_0249.png,2020.02.24.20027052-p8-73%0_aug_0249.png,train,COVID,1,augmented,/Users/samehissa/Downloads/COVID-CT-Dataset-master/Images-processed/CT_COVID/2020.02.24.20027052-p8-73%0.png
/Users/samehissa/Downloads/SS-VIRULEX-outputs/02_SVIS-RULEX/covid_ct_run/exact_sequence/outputs/augmented_train_images/COVID/2020.02.24.20027052-p8-73%1_aug_0250.png,2020.02.24.20027052-p8-73%1_aug_0250.png,train,COVID,1,augmented,/Users/samehissa/Downloads/COVID-CT-Dataset-master/Images-processed/CT_COVID/2020.02.24.20027052-p8-73%1.png
/Users/samehissa/Downloads/SS-VIRULEX-outputs/02_SVIS-RULEX/covid_ct_run/exact_sequence/outputs/augmented_train_images/COVID/2020.02.24.20027052-p8-73%2_aug_0251.png,2020.02.24.20027052-p8-73%2_aug_0251.png,train,COVID,1,augmented,/Users/samehissa/Downloads/COVID-CT-Dataset-master/Images-processed/CT_COVID/2020.02.24.20027052-p8-73%2.png
/Users/samehissa/Downloads/SS-VIRULEX-outputs/02_SVIS-RULEX/covid_ct_run/exact_sequence/outputs/augmented_train_images/COVID/2020.02.24.20027052-p8-73%3_aug_0252.png,2020.02.24.20027052-p8-73%3_aug_0252.png,train,COVID,1,augmented,/Users/samehissa/Downloads/COVID-CT-Dataset-master/Images-processed/CT_COVID/2020.02.24.20027052-p8-73%3.png
/Users/samehissa/Downloads/SS-VIRULEX-outputs/02_SVIS-RULEX/covid_ct_run/exact_sequence/outputs/augmented_train_images/COVID/2020.02.24.20027201-p19-669_aug_0253.png,2020.02.24.20027201-p19-669_aug_0253.png,train,COVID,1,augmented,/Users/samehissa/Downloads/COVID-CT-Dataset-master/Images-processed/CT_COVID/2020.02.24.20027201-p19-669.png
/Users/samehissa/Downloads/SS-VIRULEX-outputs/02_SVIS-RULEX/covid_ct_run/exact_sequence/outputs/augmented_train_images/COVID/2020.02.24.20027201-p19-670_aug_0254.png,2020.02.24.20027201-p19-670_aug_0254.png,train,COVID,1,augmented,/Users/samehissa/Downloads/COVID-CT-Dataset-master/Images-processed/CT_COVID/2020.02.24.20027201-p19-670.png
/Users/samehissa/Downloads/SS-VIRULEX-outputs/02_SVIS-RULEX/covid_ct_run/exact_sequence/outputs/augmented_train_images/COVID/2020.02.25.20021568-p23-108%0_aug_0255.png,2020.02.25.20021568-p23-108%0_aug_0255.png,train,COVID,1,augmented,/Users/samehissa/Downloads/COVID-CT-Dataset-master/Images-processed/CT_COVID/2020.02.25.20021568-p23-108%0.png
/Users/samehissa/Downloads/SS-VIRULEX-outputs/02_SVIS-RULEX/covid_ct_run/exact_sequence/outputs/augmented_train_images/COVID/2020.02.25.20021568-p23-108%1_aug_0256.png,2020.02.25.20021568-p23-108%1_aug_0256.png,train,COVID,1,augmented,/Users/samehissa/Downloads/COVID-CT-Dataset-master/Images-processed/CT_COVID/2020.02.25.20021568-p23-108%1.png
/Users/samehissa/Downloads/SS-VIRULEX-outputs/02_SVIS-RULEX/covid_ct_run/exact_sequence/outputs/augmented_train_images/COVID/2020.02.25.20021568-p23-108%10_aug_0257.png,2020.02.25.20021568-p23-108%10_aug_0257.png,train,COVID,1,augmented,/Users/samehissa/Downloads/COVID-CT-Dataset-master/Images-processed/CT_COVID/2020.02.25.20021568-p23-108%10.png
/Users/samehissa/Downloads/SS-VIRULEX-outputs/02_SVIS-RULEX/covid_ct_run/exact_sequence/outputs/augmented_train_images/COVID/2020.02.25.20021568-p23-108%11_aug_0258.png,2020.02.25.20021568-p23-108%11_aug_0258.png,train,COVID,1,augmented,/Users/samehissa/Downloads/COVID-CT-Dataset-master/Images-processed/CT_COVID/2020.02.25.20021568-p23-108%11.png
/Users/samehissa/Downloads/SS-VIRULEX-outputs/02_SVIS-RULEX/covid_ct_run/exact_sequence/outputs/augmented_train_images/COVID/2020.02.25.20021568-p23-108%12_aug_0259.png,2020.02.25.20021568-p23-108%12_aug_0259.png,train,COVID,1,augmented,/Users/samehissa/Downloads/COVID-CT-Dataset-master/Images-processed/CT_COVID/2020.02.25.20021568-p23-108%12.png
/Users/samehissa/Downloads/SS-VIRULEX-outputs/02_SVIS-RULEX/covid_ct_run/exact_sequence/outputs/augmented_train_images/COVID/2020.02.25.20021568-p23-108%13_aug_0260.png,2020.02.25.20021568-p23-108%13_aug_0260.png,train,COVID,1,augmented,/Users/samehissa/Downloads/COVID-CT-Dataset-master/Images-processed/CT_COVID/2020.02.25.20021568-p23-108%13.png
/Users/samehissa/Downloads/SS-VIRULEX-outputs/02_SVIS-RULEX/covid_ct_run/exact_sequence/outputs/augmented_train_images/COVID/2020.02.25.20021568-p23-108%14_aug_0261.png,2020.02.25.20021568-p23-108%14_aug_0261.png,train,COVID,1,augmented,/Users/samehissa/Downloads/COVID-CT-Dataset-master/Images-processed/CT_COVID/2020.02.25.20021568-p23-108%14.png
/Users/samehissa/Downloads/SS-VIRULEX-outputs/02_SVIS-RULEX/covid_ct_run/exact_sequence/outputs/augmented_train_images/COVID/2020.02.25.20021568-p23-108%15_aug_0262.png,2020.02.25.20021568-p23-108%15_aug_0262.png,train,COVID,1,augmented,/Users/samehissa/Downloads/COVID-CT-Dataset-master/Images-processed/CT_COVID/2020.02.25.20021568-p23-108%15.png
/Users/samehissa/Downloads/SS-VIRULEX-outputs/02_SVIS-RULEX/covid_ct_run/exact_sequence/outputs/augmented_train_images/COVID/2020.02.25.20021568-p23-108%2_aug_0263.png,2020.02.25.20021568-p23-108%2_aug_0263.png,train,COVID,1,augmented,/Users/samehissa/Downloads/COVID-CT-Dataset-master/Images-processed/CT_COVID/2020.02.25.20021568-p23-108%2.png
/Users/samehissa/Downloads/SS-VIRULEX-outputs/02_SVIS-RULEX/covid_ct_run/exact_sequence/outputs/augmented_train_images/COVID/2020.02.25.20021568-p23-108%3_aug_0264.png,2020.02.25.20021568-p23-108%3_aug_0264.png,train,COVID,1,augmented,/Users/samehissa/Downloads/COVID-CT-Dataset-master/Images-processed/CT_COVID/2020.02.25.20021568-p23-108%3.png
/Users/samehissa/Downloads/SS-VIRULEX-outputs/02_SVIS-RULEX/covid_ct_run/exact_sequence/outputs/augmented_train_images/COVID/2020.02.25.20021568-p23-108%4_aug_0265.png,2020.02.25.20021568-p23-108%4_aug_0265.png,train,COVID,1,augmented,/Users/samehissa/Downloads/COVID-CT-Dataset-master/Images-processed/CT_COVID/2020.02.25.20021568-p23-108%4.png
/Users/samehissa/Downloads/SS-VIRULEX-outputs/02_SVIS-RULEX/covid_ct_run/exact_sequence/outputs/augmented_train_images/COVID/2020.02.25.20021568-p23-108%5_aug_0266.png,2020.02.25.20021568-p23-108%5_aug_0266.png,train,COVID,1,augmented,/Users/samehissa/Downloads/COVID-CT-Dataset-master/Images-processed/CT_COVID/2020.02.25.20021568-p23-108%5.png
/Users/samehissa/Downloads/SS-VIRULEX-outputs/02_SVIS-RULEX/covid_ct_run/exact_sequence/outputs/augmented_train_images/COVID/2020.02.25.20021568-p23-108%6_aug_0267.png,2020.02.25.20021568-p23-108%6_aug_0267.png,train,COVID,1,augmented,/Users/samehissa/Downloads/COVID-CT-Dataset-master/Images-processed/CT_COVID/2020.02.25.20021568-p23-108%6.png
/Users/samehissa/Downloads/SS-VIRULEX-outputs/02_SVIS-RULEX/covid_ct_run/exact_sequence/outputs/augmented_train_images/COVID/2020.02.25.20021568-p23-108%7_aug_0268.png,2020.02.25.20021568-p23-108%7_aug_0268.png,train,COVID,1,augmented,/Users/samehissa/Downloads/COVID-CT-Dataset-master/Images-processed/CT_COVID/2020.02.25.20021568-p23-108%7.png
/Users/samehissa/Downloads/SS-VIRULEX-outputs/02_SVIS-RULEX/covid_ct_run/exact_sequence/outputs/augmented_train_images/COVID/2020.02.25.20021568-p23-108%8_aug_0269.png,2020.02.25.20021568-p23-108%8_aug_0269.png,train,COVID,1,augmented,/Users/samehissa/Downloads/COVID-CT-Dataset-master/Images-processed/CT_COVID/2020.02.25.20021568-p23-108%8.png
/Users/samehissa/Downloads/SS-VIRULEX-outputs/02_SVIS-RULEX/covid_ct_run/exact_sequence/outputs/augmented_train_images/COVID/2020.02.25.20021568-p23-108%9_aug_0270.png,2020.02.25.20021568-p23-108%9_aug_0270.png,train,COVID,1,augmented,/Users/samehissa/Downloads/COVID-CT-Dataset-master/Images-processed/CT_COVID/2020.02.25.20021568-p23-108%9.png
/Users/samehissa/Downloads/SS-VIRULEX-outputs/02_SVIS-RULEX/covid_ct_run/exact_sequence/outputs/augmented_train_images/COVID/2020.02.25.20021568-p24-111%0_aug_0271.png,2020.02.25.20021568-p24-111%0_aug_0271.png,train,COVID,1,augmented,/Users/samehissa/Downloads/COVID-CT-Dataset-master/Images-processed/CT_COVID/2020.02.25.20021568-p24-111%0.png
/Users/samehissa/Downloads/SS-VIRULEX-outputs/02_SVIS-RULEX/covid_ct_run/exact_sequence/outputs/augmented_train_images/COVID/2020.02.25.20021568-p24-111%1_aug_0272.png,2020.02.25.20021568-p24-111%1_aug_0272.png,train,COVID,1,augmented,/Users/samehissa/Downloads/COVID-CT-Dataset-master/Images-processed/CT_COVID/2020.02.25.20021568-p24-111%1.png
/Users/samehissa/Downloads/SS-VIRULEX-outputs/02_SVIS-RULEX/covid_ct_run/exact_sequence/outputs/augmented_train_images/COVID/2020.02.25.20021568-p24-111%2_aug_0273.png,2020.02.25.20021568-p24-111%2_aug_0273.png,train,COVID,1,augmented,/Users/samehissa/Downloads/COVID-CT-Dataset-master/Images-processed/CT_COVID/2020.02.25.20021568-p24-111%2.png
/Users/samehissa/Downloads/SS-VIRULEX-outputs/02_SVIS-RULEX/covid_ct_run/exact_sequence/outputs/augmented_train_images/COVID/2020.02.25.20021568-p24-111%3_aug_0274.png,2020.02.25.20021568-p24-111%3_aug_0274.png,train,COVID,1,augmented,/Users/samehissa/Downloads/COVID-CT-Dataset-master/Images-processed/CT_COVID/2020.02.25.20021568-p24-111%3.png
/Users/samehissa/Downloads/SS-VIRULEX-outputs/02_SVIS-RULEX/covid_ct_run/exact_sequence/outputs/augmented_train_images/COVID/2020.02.25.20021568-p24-111%4_aug_0275.png,2020.02.25.20021568-p24-111%4_aug_0275.png,train,COVID,1,augmented,/Users/samehissa/Downloads/COVID-CT-Dataset-master/Images-processed/CT_COVID/2020.02.25.20021568-p24-111%4.png
/Users/samehissa/Downloads/SS-VIRULEX-outputs/02_SVIS-RULEX/covid_ct_run/exact_sequence/outputs/augmented_train_images/COVID/2020.02.25.20021568-p24-111%5_aug_0276.png,2020.02.25.20021568-p24-111%5_aug_0276.png,train,COVID,1,augmented,/Users/samehissa/Downloads/COVID-CT-Dataset-master/Images-processed/CT_COVID/2020.02.25.20021568-p24-111%5.png
/Users/samehissa/Downloads/SS-VIRULEX-outputs/02_SVIS-RULEX/covid_ct_run/exact_sequence/outputs/augmented_train_images/NonCOVID/14_aug_0000.png,14_aug_0000.png,train,NonCOVID,0,augmented,/Users/samehissa/Downloads/COVID-CT-Dataset-master/Images-processed/CT_NonCOVID/14.png
/Users/samehissa/Downloads/SS-VIRULEX-outputs/02_SVIS-RULEX/covid_ct_run/exact_sequence/outputs/augmented_train_images/NonCOVID/15_aug_0001.png,15_aug_0001.png,train,NonCOVID,0,augmented,/Users/samehissa/Downloads/COVID-CT-Dataset-master/Images-processed/CT_NonCOVID/15.png
/Users/samehissa/Downloads/SS-VIRULEX-outputs/02_SVIS-RULEX/covid_ct_run/exact_sequence/outputs/augmented_train_images/NonCOVID/33_aug_0002.png,33_aug_0002.png,train,NonCOVID,0,augmented,/Users/samehissa/Downloads/COVID-CT-Dataset-master/Images-processed/CT_NonCOVID/33.png
/Users/samehissa/Downloads/SS-VIRULEX-outputs/02_SVIS-RULEX/covid_ct_run/exact_sequence/outputs/augmented_train_images/NonCOVID/43_aug_0003.png,43_aug_0003.png,train,NonCOVID,0,augmented,/Users/samehissa/Downloads/COVID-CT-Dataset-master/Images-processed/CT_NonCOVID/43.png
/Users/samehissa/Downloads/SS-VIRULEX-outputs/02_SVIS-RULEX/covid_ct_run/exact_sequence/outputs/augmented_train_images/NonCOVID/44_aug_0004.png,44_aug_0004.png,train,NonCOVID,0,augmented,/Users/samehissa/Downloads/COVID-CT-Dataset-master/Images-processed/CT_NonCOVID/44.png
/Users/samehissa/Downloads/SS-VIRULEX-outputs/02_SVIS-RULEX/covid_ct_run/exact_sequence/outputs/augmented_train_images/NonCOVID/59_aug_0005.png,59_aug_0005.png,train,NonCOVID,0,augmented,/Users/samehissa/Downloads/COVID-CT-Dataset-master/Images-processed/CT_NonCOVID/59.png
/Users/samehissa/Downloads/SS-VIRULEX-outputs/02_SVIS-RULEX/covid_ct_run/exact_sequence/outputs/augmented_train_images/NonCOVID/81_aug_0006.png,81_aug_0006.png,train,NonCOVID,0,augmented,/Users/samehissa/Downloads/COVID-CT-Dataset-master/Images-processed/CT_NonCOVID/81.png
/Users/samehissa/Downloads/SS-VIRULEX-outputs/02_SVIS-RULEX/covid_ct_run/exact_sequence/outputs/augmented_train_images/NonCOVID/82_aug_0007.png,82_aug_0007.png,train,NonCOVID,0,augmented,/Users/samehissa/Downloads/COVID-CT-Dataset-master/Images-processed/CT_NonCOVID/82.png
/Users/samehissa/Downloads/SS-VIRULEX-outputs/02_SVIS-RULEX/covid_ct_run/exact_sequence/outputs/augmented_train_images/NonCOVID/102_aug_0008.png,102_aug_0008.png,train,NonCOVID,0,augmented,/Users/samehissa/Downloads/COVID-CT-Dataset-master/Images-processed/CT_NonCOVID/102.png
/Users/samehissa/Downloads/SS-VIRULEX-outputs/02_SVIS-RULEX/covid_ct_run/exact_sequence/outputs/augmented_train_images/NonCOVID/103_aug_0009.png,103_aug_0009.png,train,NonCOVID,0,augmented,/Users/samehissa/Downloads/COVID-CT-Dataset-master/Images-processed/CT_NonCOVID/103.png
/Users/samehissa/Downloads/SS-VIRULEX-outputs/02_SVIS-RULEX/covid_ct_run/exact_sequence/outputs/augmented_train_images/NonCOVID/104_aug_0010.png,104_aug_0010.png,train,NonCOVID,0,augmented,/Users/samehissa/Downloads/COVID-CT-Dataset-master/Images-processed/CT_NonCOVID/104.png
/Users/samehissa/Downloads/SS-VIRULEX-outputs/02_SVIS-RULEX/covid_ct_run/exact_sequence/outputs/augmented_train_images/NonCOVID/114_aug_0011.png,114_aug_0011.png,train,NonCOVID,0,augmented,/Users/samehissa/Downloads/COVID-CT-Dataset-master/Images-processed/CT_NonCOVID/114.png
/Users/samehissa/Downloads/SS-VIRULEX-outputs/02_SVIS-RULEX/covid_ct_run/exact_sequence/outputs/augmented_train_images/NonCOVID/115_aug_0012.png,115_aug_0012.png,train,NonCOVID,0,augmented,/Users/samehissa/Downloads/COVID-CT-Dataset-master/Images-processed/CT_NonCOVID/115.png
/Users/samehissa/Downloads/SS-VIRULEX-outputs/02_SVIS-RULEX/covid_ct_run/exact_sequence/outputs/augmented_train_images/NonCOVID/116_aug_0013.png,116_aug_0013.png,train,NonCOVID,0,augmented,/Users/samehissa/Downloads/COVID-CT-Dataset-master/Images-processed/CT_NonCOVID/116.png
/Users/samehissa/Downloads/SS-VIRULEX-outputs/02_SVIS-RULEX/covid_ct_run/exact_sequence/outputs/augmented_train_images/NonCOVID/117_aug_0014.png,117_aug_0014.png,train,NonCOVID,0,augmented,/Users/samehissa/Downloads/COVID-CT-Dataset-master/Images-processed/CT_NonCOVID/117.png
/Users/samehissa/Downloads/SS-VIRULEX-outputs/02_SVIS-RULEX/covid_ct_run/exact_sequence/outputs/augmented_train_images/NonCOVID/118_aug_0015.png,118_aug_0015.png,train,NonCOVID,0,augmented,/Users/samehissa/Downloads/COVID-CT-Dataset-master/Images-processed/CT_NonCOVID/118.png
/Users/samehissa/Downloads/SS-VIRULEX-outputs/02_SVIS-RULEX/covid_ct_run/exact_sequence/outputs/augmented_train_images/NonCOVID/120_aug_0016.png,120_aug_0016.png,train,NonCOVID,0,augmented,/Users/samehissa/Downloads/COVID-CT-Dataset-master/Images-processed/CT_NonCOVID/120.png
/Users/samehissa/Downloads/SS-VIRULEX-outputs/02_SVIS-RULEX/covid_ct_run/exact_sequence/outputs/augmented_train_images/NonCOVID/158_aug_0017.png,158_aug_0017.png,train,NonCOVID,0,augmented,/Users/samehissa/Downloads/COVID-CT-Dataset-master/Images-processed/CT_NonCOVID/158.png
/Users/samehissa/Downloads/SS-VIRULEX-outputs/02_SVIS-RULEX/covid_ct_run/exact_sequence/outputs/augmented_train_images/NonCOVID/171_aug_0018.png,171_aug_0018.png,train,NonCOVID,0,augmented,/Users/samehissa/Downloads/COVID-CT-Dataset-master/Images-processed/CT_NonCOVID/171.png
/Users/samehissa/Downloads/SS-VIRULEX-outputs/02_SVIS-RULEX/covid_ct_run/exact_sequence/outputs/augmented_train_images/NonCOVID/174_aug_0019.png,174_aug_0019.png,train,NonCOVID,0,augmented,/Users/samehissa/Downloads/COVID-CT-Dataset-master/Images-processed/CT_NonCOVID/174.png
/Users/samehissa/Downloads/SS-VIRULEX-outputs/02_SVIS-RULEX/covid_ct_run/exact_sequence/outputs/augmented_train_images/NonCOVID/226_aug_0020.png,226_aug_0020.png,train,NonCOVID,0,augmented,/Users/samehissa/Downloads/COVID-CT-Dataset-master/Images-processed/CT_NonCOVID/226.png
/Users/samehissa/Downloads/SS-VIRULEX-outputs/02_SVIS-RULEX/covid_ct_run/exact_sequence/outputs/augmented_train_images/NonCOVID/227_aug_0021.png,227_aug_0021.png,train,NonCOVID,0,augmented,/Users/samehissa/Downloads/COVID-CT-Dataset-master/Images-processed/CT_NonCOVID/227.png
/Users/samehissa/Downloads/SS-VIRULEX-outputs/02_SVIS-RULEX/covid_ct_run/exact_sequence/outputs/augmented_train_images/NonCOVID/294_aug_0022.png,294_aug_0022.png,train,NonCOVID,0,augmented,/Users/samehissa/Downloads/COVID-CT-Dataset-master/Images-processed/CT_NonCOVID/294.png
/Users/samehissa/Downloads/SS-VIRULEX-outputs/02_SVIS-RULEX/covid_ct_run/exact_sequence/outputs/augmented_train_images/NonCOVID/354_aug_0023.png,354_aug_0023.png,train,NonCOVID,0,augmented,/Users/samehissa/Downloads/COVID-CT-Dataset-master/Images-processed/CT_NonCOVID/354.png
/Users/samehissa/Downloads/SS-VIRULEX-outputs/02_SVIS-RULEX/covid_ct_run/exact_sequence/outputs/augmented_train_images/NonCOVID/361_aug_0024.png,361_aug_0024.png,train,NonCOVID,0,augmented,/Users/samehissa/Downloads/COVID-CT-Dataset-master/Images-processed/CT_NonCOVID/361.png
/Users/samehissa/Downloads/SS-VIRULEX-outputs/02_SVIS-RULEX/covid_ct_run/exact_sequence/outputs/augmented_train_images/NonCOVID/378_aug_0025.png,378_aug_0025.png,train,NonCOVID,0,augmented,/Users/samehissa/Downloads/COVID-CT-Dataset-master/Images-processed/CT_NonCOVID/378.png
/Users/samehissa/Downloads/SS-VIRULEX-outputs/02_SVIS-RULEX/covid_ct_run/exact_sequence/outputs/augmented_train_images/NonCOVID/381_aug_0026.png,381_aug_0026.png,train,NonCOVID,0,augmented,/Users/samehissa/Downloads/COVID-CT-Dataset-master/Images-processed/CT_NonCOVID/381.png
/Users/samehissa/Downloads/SS-VIRULEX-outputs/02_SVIS-RULEX/covid_ct_run/exact_sequence/outputs/augmented_train_images/NonCOVID/382_aug_0027.png,382_aug_0027.png,train,NonCOVID,0,augmented,/Users/samehissa/Downloads/COVID-CT-Dataset-master/Images-processed/CT_NonCOVID/382.png
/Users/samehissa/Downloads/SS-VIRULEX-outputs/02_SVIS-RULEX/covid_ct_run/exact_sequence/outputs/augmented_train_images/NonCOVID/383_aug_0028.png,383_aug_0028.png,train,NonCOVID,0,augmented,/Users/samehissa/Downloads/COVID-CT-Dataset-master/Images-processed/CT_NonCOVID/383.png
/Users/samehissa/Downloads/SS-VIRULEX-outputs/02_SVIS-RULEX/covid_ct_run/exact_sequence/outputs/augmented_train_images/NonCOVID/385_aug_0029.png,385_aug_0029.png,train,NonCOVID,0,augmented,/Users/samehissa/Downloads/COVID-CT-Dataset-master/Images-processed/CT_NonCOVID/385.png
/Users/samehissa/Downloads/SS-VIRULEX-outputs/02_SVIS-RULEX/covid_ct_run/exact_sequence/outputs/augmented_train_images/NonCOVID/575_aug_0030.png,575_aug_0030.png,train,NonCOVID,0,augmented,/Users/samehissa/Downloads/COVID-CT-Dataset-master/Images-processed/CT_NonCOVID/575.png
/Users/samehissa/Downloads/SS-VIRULEX-outputs/02_SVIS-RULEX/covid_ct_run/exact_sequence/outputs/augmented_train_images/NonCOVID/576_aug_0031.png,576_aug_0031.png,train,NonCOVID,0,augmented,/Users/samehissa/Downloads/COVID-CT-Dataset-master/Images-processed/CT_NonCOVID/576.png
/Users/samehissa/Downloads/SS-VIRULEX-outputs/02_SVIS-RULEX/covid_ct_run/exact_sequence/outputs/augmented_train_images/NonCOVID/577_aug_0032.png,577_aug_0032.png,train,NonCOVID,0,augmented,/Users/samehissa/Downloads/COVID-CT-Dataset-master/Images-processed/CT_NonCOVID/577.png
/Users/samehissa/Downloads/SS-VIRULEX-outputs/02_SVIS-RULEX/covid_ct_run/exact_sequence/outputs/augmented_train_images/NonCOVID/578_aug_0033.png,578_aug_0033.png,train,NonCOVID,0,augmented,/Users/samehissa/Downloads/COVID-CT-Dataset-master/Images-processed/CT_NonCOVID/578.png
/Users/samehissa/Downloads/SS-VIRULEX-outputs/02_SVIS-RULEX/covid_ct_run/exact_sequence/outputs/augmented_train_images/NonCOVID/579_aug_0034.png,579_aug_0034.png,train,NonCOVID,0,augmented,/Users/samehissa/Downloads/COVID-CT-Dataset-master/Images-processed/CT_NonCOVID/579.png
/Users/samehissa/Downloads/SS-VIRULEX-outputs/02_SVIS-RULEX/covid_ct_run/exact_sequence/outputs/augmented_train_images/NonCOVID/580_aug_0035.png,580_aug_0035.png,train,NonCOVID,0,augmented,/Users/samehissa/Downloads/COVID-CT-Dataset-master/Images-processed/CT_NonCOVID/580.png
/Users/samehissa/Downloads/SS-VIRULEX-outputs/02_SVIS-RULEX/covid_ct_run/exact_sequence/outputs/augmented_train_images/NonCOVID/585_aug_0036.png,585_aug_0036.png,train,NonCOVID,0,augmented,/Users/samehissa/Downloads/COVID-CT-Dataset-master/Images-processed/CT_NonCOVID/585.png
/Users/samehissa/Downloads/SS-VIRULEX-outputs/02_SVIS-RULEX/covid_ct_run/exact_sequence/outputs/augmented_train_images/NonCOVID/586_aug_0037.png,586_aug_0037.png,train,NonCOVID,0,augmented,/Users/samehissa/Downloads/COVID-CT-Dataset-master/Images-processed/CT_NonCOVID/586.png
/Users/samehissa/Downloads/SS-VIRULEX-outputs/02_SVIS-RULEX/covid_ct_run/exact_sequence/outputs/augmented_train_images/NonCOVID/587_aug_0038.png,587_aug_0038.png,train,NonCOVID,0,augmented,/Users/samehissa/Downloads/COVID-CT-Dataset-master/Images-processed/CT_NonCOVID/587.png
/Users/samehissa/Downloads/SS-VIRULEX-outputs/02_SVIS-RULEX/covid_ct_run/exact_sequence/outputs/augmented_train_images/NonCOVID/672_aug_0039.png,672_aug_0039.png,train,NonCOVID,0,augmented,/Users/samehissa/Downloads/COVID-CT-Dataset-master/Images-processed/CT_NonCOVID/672.png
/Users/samehissa/Downloads/SS-VIRULEX-outputs/02_SVIS-RULEX/covid_ct_run/exact_sequence/outputs/augmented_train_images/NonCOVID/673_aug_0040.png,673_aug_0040.png,train,NonCOVID,0,augmented,/Users/samehissa/Downloads/COVID-CT-Dataset-master/Images-processed/CT_NonCOVID/673.png
/Users/samehissa/Downloads/SS-VIRULEX-outputs/02_SVIS-RULEX/covid_ct_run/exact_sequence/outputs/augmented_train_images/NonCOVID/704_aug_0041.png,704_aug_0041.png,train,NonCOVID,0,augmented,/Users/samehissa/Downloads/COVID-CT-Dataset-master/Images-processed/CT_NonCOVID/704.png
/Users/samehissa/Downloads/SS-VIRULEX-outputs/02_SVIS-RULEX/covid_ct_run/exact_sequence/outputs/augmented_train_images/NonCOVID/705_aug_0042.png,705_aug_0042.png,train,NonCOVID,0,augmented,/Users/samehissa/Downloads/COVID-CT-Dataset-master/Images-processed/CT_NonCOVID/705.png
/Users/samehissa/Downloads/SS-VIRULEX-outputs/02_SVIS-RULEX/covid_ct_run/exact_sequence/outputs/augmented_train_images/NonCOVID/706_aug_0043.png,706_aug_0043.png,train,NonCOVID,0,augmented,/Users/samehissa/Downloads/COVID-CT-Dataset-master/Images-processed/CT_NonCOVID/706.png
/Users/samehissa/Downloads/SS-VIRULEX-outputs/02_SVIS-RULEX/covid_ct_run/exact_sequence/outputs/augmented_train_images/NonCOVID/781_aug_0044.png,781_aug_0044.png,train,NonCOVID,0,augmented,/Users/samehissa/Downloads/COVID-CT-Dataset-master/Images-processed/CT_NonCOVID/781.png
/Users/samehissa/Downloads/SS-VIRULEX-outputs/02_SVIS-RULEX/covid_ct_run/exact_sequence/outputs/augmented_train_images/NonCOVID/782_aug_0045.png,782_aug_0045.png,train,NonCOVID,0,augmented,/Users/samehissa/Downloads/COVID-CT-Dataset-master/Images-processed/CT_NonCOVID/782.png
/Users/samehissa/Downloads/SS-VIRULEX-outputs/02_SVIS-RULEX/covid_ct_run/exact_sequence/outputs/augmented_train_images/NonCOVID/921_aug_0046.png,921_aug_0046.png,train,NonCOVID,0,augmented,/Users/samehissa/Downloads/COVID-CT-Dataset-master/Images-processed/CT_NonCOVID/921.png
/Users/samehissa/Downloads/SS-VIRULEX-outputs/02_SVIS-RULEX/covid_ct_run/exact_sequence/outputs/augmented_train_images/NonCOVID/956_aug_0047.png,956_aug_0047.png,train,NonCOVID,0,augmented,/Users/samehissa/Downloads/COVID-CT-Dataset-master/Images-processed/CT_NonCOVID/956.png
/Users/samehissa/Downloads/SS-VIRULEX-outputs/02_SVIS-RULEX/covid_ct_run/exact_sequence/outputs/augmented_train_images/NonCOVID/957_aug_0048.png,957_aug_0048.png,train,NonCOVID,0,augmented,/Users/samehissa/Downloads/COVID-CT-Dataset-master/Images-processed/CT_NonCOVID/957.png
/Users/samehissa/Downloads/SS-VIRULEX-outputs/02_SVIS-RULEX/covid_ct_run/exact_sequence/outputs/augmented_train_images/NonCOVID/1029_aug_0049.png,1029_aug_0049.png,train,NonCOVID,0,augmented,/Users/samehissa/Downloads/COVID-CT-Dataset-master/Images-processed/CT_NonCOVID/1029.png
/Users/samehissa/Downloads/SS-VIRULEX-outputs/02_SVIS-RULEX/covid_ct_run/exact_sequence/outputs/augmented_train_images/NonCOVID/1030_aug_0050.png,1030_aug_0050.png,train,NonCOVID,0,augmented,/Users/samehissa/Downloads/COVID-CT-Dataset-master/Images-processed/CT_NonCOVID/1030.png
/Users/samehissa/Downloads/SS-VIRULEX-outputs/02_SVIS-RULEX/covid_ct_run/exact_sequence/outputs/augmented_train_images/NonCOVID/1058_aug_0051.png,1058_aug_0051.png,train,NonCOVID,0,augmented,/Users/samehissa/Downloads/COVID-CT-Dataset-master/Images-processed/CT_NonCOVID/1058.png
/Users/samehissa/Downloads/SS-VIRULEX-outputs/02_SVIS-RULEX/covid_ct_run/exact_sequence/outputs/augmented_train_images/NonCOVID/1059_aug_0052.png,1059_aug_0052.png,train,NonCOVID,0,augmented,/Users/samehissa/Downloads/COVID-CT-Dataset-master/Images-processed/CT_NonCOVID/1059.png
/Users/samehissa/Downloads/SS-VIRULEX-outputs/02_SVIS-RULEX/covid_ct_run/exact_sequence/outputs/augmented_train_images/NonCOVID/1060_aug_0053.png,1060_aug_0053.png,train,NonCOVID,0,augmented,/Users/samehissa/Downloads/COVID-CT-Dataset-master/Images-processed/CT_NonCOVID/1060.png
/Users/samehissa/Downloads/SS-VIRULEX-outputs/02_SVIS-RULEX/covid_ct_run/exact_sequence/outputs/augmented_train_images/NonCOVID/1061_aug_0054.png,1061_aug_0054.png,train,NonCOVID,0,augmented,/Users/samehissa/Downloads/COVID-CT-Dataset-master/Images-processed/CT_NonCOVID/1061.png
/Users/samehissa/Downloads/SS-VIRULEX-outputs/02_SVIS-RULEX/covid_ct_run/exact_sequence/outputs/augmented_train_images/NonCOVID/1062_aug_0055.png,1062_aug_0055.png,train,NonCOVID,0,augmented,/Users/samehissa/Downloads/COVID-CT-Dataset-master/Images-processed/CT_NonCOVID/1062.png
/Users/samehissa/Downloads/SS-VIRULEX-outputs/02_SVIS-RULEX/covid_ct_run/exact_sequence/outputs/augmented_train_images/NonCOVID/1065_aug_0056.png,1065_aug_0056.png,train,NonCOVID,0,augmented,/Users/samehissa/Downloads/COVID-CT-Dataset-master/Images-processed/CT_NonCOVID/1065.png
/Users/samehissa/Downloads/SS-VIRULEX-outputs/02_SVIS-RULEX/covid_ct_run/exact_sequence/outputs/augmented_train_images/NonCOVID/1093_aug_0057.png,1093_aug_0057.png,train,NonCOVID,0,augmented,/Users/samehissa/Downloads/COVID-CT-Dataset-master/Images-processed/CT_NonCOVID/1093.png
/Users/samehissa/Downloads/SS-VIRULEX-outputs/02_SVIS-RULEX/covid_ct_run/exact_sequence/outputs/augmented_train_images/NonCOVID/1094_aug_0058.png,1094_aug_0058.png,train,NonCOVID,0,augmented,/Users/samehissa/Downloads/COVID-CT-Dataset-master/Images-processed/CT_NonCOVID/1094.png
/Users/samehissa/Downloads/SS-VIRULEX-outputs/02_SVIS-RULEX/covid_ct_run/exact_sequence/outputs/augmented_train_images/NonCOVID/1099_aug_0059.png,1099_aug_0059.png,train,NonCOVID,0,augmented,/Users/samehissa/Downloads/COVID-CT-Dataset-master/Images-processed/CT_NonCOVID/1099.png
/Users/samehissa/Downloads/SS-VIRULEX-outputs/02_SVIS-RULEX/covid_ct_run/exact_sequence/outputs/augmented_train_images/NonCOVID/1100_aug_0060.png,1100_aug_0060.png,train,NonCOVID,0,augmented,/Users/samehissa/Downloads/COVID-CT-Dataset-master/Images-processed/CT_NonCOVID/1100.png
/Users/samehissa/Downloads/SS-VIRULEX-outputs/02_SVIS-RULEX/covid_ct_run/exact_sequence/outputs/augmented_train_images/NonCOVID/1101_aug_0061.png,1101_aug_0061.png,train,NonCOVID,0,augmented,/Users/samehissa/Downloads/COVID-CT-Dataset-master/Images-processed/CT_NonCOVID/1101.png
/Users/samehissa/Downloads/SS-VIRULEX-outputs/02_SVIS-RULEX/covid_ct_run/exact_sequence/outputs/augmented_train_images/NonCOVID/1115_aug_0062.png,1115_aug_0062.png,train,NonCOVID,0,augmented,/Users/samehissa/Downloads/COVID-CT-Dataset-master/Images-processed/CT_NonCOVID/1115.png
/Users/samehissa/Downloads/SS-VIRULEX-outputs/02_SVIS-RULEX/covid_ct_run/exact_sequence/outputs/augmented_train_images/NonCOVID/1123_aug_0063.png,1123_aug_0063.png,train,NonCOVID,0,augmented,/Users/samehissa/Downloads/COVID-CT-Dataset-master/Images-processed/CT_NonCOVID/1123.png
/Users/samehissa/Downloads/SS-VIRULEX-outputs/02_SVIS-RULEX/covid_ct_run/exact_sequence/outputs/augmented_train_images/NonCOVID/1124_aug_0064.png,1124_aug_0064.png,train,NonCOVID,0,augmented,/Users/samehissa/Downloads/COVID-CT-Dataset-master/Images-processed/CT_NonCOVID/1124.png
/Users/samehissa/Downloads/SS-VIRULEX-outputs/02_SVIS-RULEX/covid_ct_run/exact_sequence/outputs/augmented_train_images/NonCOVID/1221_aug_0065.png,1221_aug_0065.png,train,NonCOVID,0,augmented,/Users/samehissa/Downloads/COVID-CT-Dataset-master/Images-processed/CT_NonCOVID/1221.png
/Users/samehissa/Downloads/SS-VIRULEX-outputs/02_SVIS-RULEX/covid_ct_run/exact_sequence/outputs/augmented_train_images/NonCOVID/1239_aug_0066.png,1239_aug_0066.png,train,NonCOVID,0,augmented,/Users/samehissa/Downloads/COVID-CT-Dataset-master/Images-processed/CT_NonCOVID/1239.png
/Users/samehissa/Downloads/SS-VIRULEX-outputs/02_SVIS-RULEX/covid_ct_run/exact_sequence/outputs/augmented_train_images/NonCOVID/1240_aug_0067.png,1240_aug_0067.png,train,NonCOVID,0,augmented,/Users/samehissa/Downloads/COVID-CT-Dataset-master/Images-processed/CT_NonCOVID/1240.png
/Users/samehissa/Downloads/SS-VIRULEX-outputs/02_SVIS-RULEX/covid_ct_run/exact_sequence/outputs/augmented_train_images/NonCOVID/1277_aug_0068.png,1277_aug_0068.png,train,NonCOVID,0,augmented,/Users/samehissa/Downloads/COVID-CT-Dataset-master/Images-processed/CT_NonCOVID/1277.png
/Users/samehissa/Downloads/SS-VIRULEX-outputs/02_SVIS-RULEX/covid_ct_run/exact_sequence/outputs/augmented_train_images/NonCOVID/1305_aug_0069.png,1305_aug_0069.png,train,NonCOVID,0,augmented,/Users/samehissa/Downloads/COVID-CT-Dataset-master/Images-processed/CT_NonCOVID/1305.png
/Users/samehissa/Downloads/SS-VIRULEX-outputs/02_SVIS-RULEX/covid_ct_run/exact_sequence/outputs/augmented_train_images/NonCOVID/1306_aug_0070.png,1306_aug_0070.png,train,NonCOVID,0,augmented,/Users/samehissa/Downloads/COVID-CT-Dataset-master/Images-processed/CT_NonCOVID/1306.png
/Users/samehissa/Downloads/SS-VIRULEX-outputs/02_SVIS-RULEX/covid_ct_run/exact_sequence/outputs/augmented_train_images/NonCOVID/1307_aug_0071.png,1307_aug_0071.png,train,NonCOVID,0,augmented,/Users/samehissa/Downloads/COVID-CT-Dataset-master/Images-processed/CT_NonCOVID/1307.png
/Users/samehissa/Downloads/SS-VIRULEX-outputs/02_SVIS-RULEX/covid_ct_run/exact_sequence/outputs/augmented_train_images/NonCOVID/1308_aug_0072.png,1308_aug_0072.png,train,NonCOVID,0,augmented,/Users/samehissa/Downloads/COVID-CT-Dataset-master/Images-processed/CT_NonCOVID/1308.png
/Users/samehissa/Downloads/SS-VIRULEX-outputs/02_SVIS-RULEX/covid_ct_run/exact_sequence/outputs/augmented_train_images/NonCOVID/1309_aug_0073.png,1309_aug_0073.png,train,NonCOVID,0,augmented,/Users/samehissa/Downloads/COVID-CT-Dataset-master/Images-processed/CT_NonCOVID/1309.png
/Users/samehissa/Downloads/SS-VIRULEX-outputs/02_SVIS-RULEX/covid_ct_run/exact_sequence/outputs/augmented_train_images/NonCOVID/1310_aug_0074.png,1310_aug_0074.png,train,NonCOVID,0,augmented,/Users/samehissa/Downloads/COVID-CT-Dataset-master/Images-processed/CT_NonCOVID/1310.png
/Users/samehissa/Downloads/SS-VIRULEX-outputs/02_SVIS-RULEX/covid_ct_run/exact_sequence/outputs/augmented_train_images/NonCOVID/1312_aug_0075.png,1312_aug_0075.png,train,NonCOVID,0,augmented,/Users/samehissa/Downloads/COVID-CT-Dataset-master/Images-processed/CT_NonCOVID/1312.png
/Users/samehissa/Downloads/SS-VIRULEX-outputs/02_SVIS-RULEX/covid_ct_run/exact_sequence/outputs/augmented_train_images/NonCOVID/1313_aug_0076.png,1313_aug_0076.png,train,NonCOVID,0,augmented,/Users/samehissa/Downloads/COVID-CT-Dataset-master/Images-processed/CT_NonCOVID/1313.png
/Users/samehissa/Downloads/SS-VIRULEX-outputs/02_SVIS-RULEX/covid_ct_run/exact_sequence/outputs/augmented_train_images/NonCOVID/1328_aug_0077.png,1328_aug_0077.png,train,NonCOVID,0,augmented,/Users/samehissa/Downloads/COVID-CT-Dataset-master/Images-processed/CT_NonCOVID/1328.png
/Users/samehissa/Downloads/SS-VIRULEX-outputs/02_SVIS-RULEX/covid_ct_run/exact_sequence/outputs/augmented_train_images/NonCOVID/1330_aug_0078.png,1330_aug_0078.png,train,NonCOVID,0,augmented,/Users/samehissa/Downloads/COVID-CT-Dataset-master/Images-processed/CT_NonCOVID/1330.png
/Users/samehissa/Downloads/SS-VIRULEX-outputs/02_SVIS-RULEX/covid_ct_run/exact_sequence/outputs/augmented_train_images/NonCOVID/1331_aug_0079.png,1331_aug_0079.png,train,NonCOVID,0,augmented,/Users/samehissa/Downloads/COVID-CT-Dataset-master/Images-processed/CT_NonCOVID/1331.png
/Users/samehissa/Downloads/SS-VIRULEX-outputs/02_SVIS-RULEX/covid_ct_run/exact_sequence/outputs/augmented_train_images/NonCOVID/1332_aug_0080.png,1332_aug_0080.png,train,NonCOVID,0,augmented,/Users/samehissa/Downloads/COVID-CT-Dataset-master/Images-processed/CT_NonCOVID/1332.png
/Users/samehissa/Downloads/SS-VIRULEX-outputs/02_SVIS-RULEX/covid_ct_run/exact_sequence/outputs/augmented_train_images/NonCOVID/1333_aug_0081.png,1333_aug_0081.png,train,NonCOVID,0,augmented,/Users/samehissa/Downloads/COVID-CT-Dataset-master/Images-processed/CT_NonCOVID/1333.png
/Users/samehissa/Downloads/SS-VIRULEX-outputs/02_SVIS-RULEX/covid_ct_run/exact_sequence/outputs/augmented_train_images/NonCOVID/1335_aug_0082.png,1335_aug_0082.png,train,NonCOVID,0,augmented,/Users/samehissa/Downloads/COVID-CT-Dataset-master/Images-processed/CT_NonCOVID/1335.png
/Users/samehissa/Downloads/SS-VIRULEX-outputs/02_SVIS-RULEX/covid_ct_run/exact_sequence/outputs/augmented_train_images/NonCOVID/1336_aug_0083.png,1336_aug_0083.png,train,NonCOVID,0,augmented,/Users/samehissa/Downloads/COVID-CT-Dataset-master/Images-processed/CT_NonCOVID/1336.png
/Users/samehissa/Downloads/SS-VIRULEX-outputs/02_SVIS-RULEX/covid_ct_run/exact_sequence/outputs/augmented_train_images/NonCOVID/1463_aug_0084.png,1463_aug_0084.png,train,NonCOVID,0,augmented,/Users/samehissa/Downloads/COVID-CT-Dataset-master/Images-processed/CT_NonCOVID/1463.png
/Users/samehissa/Downloads/SS-VIRULEX-outputs/02_SVIS-RULEX/covid_ct_run/exact_sequence/outputs/augmented_train_images/NonCOVID/1561_aug_0085.png,1561_aug_0085.png,train,NonCOVID,0,augmented,/Users/samehissa/Downloads/COVID-CT-Dataset-master/Images-processed/CT_NonCOVID/1561.png
/Users/samehissa/Downloads/SS-VIRULEX-outputs/02_SVIS-RULEX/covid_ct_run/exact_sequence/outputs/augmented_train_images/NonCOVID/1562_aug_0086.png,1562_aug_0086.png,train,NonCOVID,0,augmented,/Users/samehissa/Downloads/COVID-CT-Dataset-master/Images-processed/CT_NonCOVID/1562.png
/Users/samehissa/Downloads/SS-VIRULEX-outputs/02_SVIS-RULEX/covid_ct_run/exact_sequence/outputs/augmented_train_images/NonCOVID/1575_aug_0087.png,1575_aug_0087.png,train,NonCOVID,0,augmented,/Users/samehissa/Downloads/COVID-CT-Dataset-master/Images-processed/CT_NonCOVID/1575.png
/Users/samehissa/Downloads/SS-VIRULEX-outputs/02_SVIS-RULEX/covid_ct_run/exact_sequence/outputs/augmented_train_images/NonCOVID/1576_aug_0088.png,1576_aug_0088.png,train,NonCOVID,0,augmented,/Users/samehissa/Downloads/COVID-CT-Dataset-master/Images-processed/CT_NonCOVID/1576.png
/Users/samehissa/Downloads/SS-VIRULEX-outputs/02_SVIS-RULEX/covid_ct_run/exact_sequence/outputs/augmented_train_images/NonCOVID/1577_aug_0089.png,1577_aug_0089.png,train,NonCOVID,0,augmented,/Users/samehissa/Downloads/COVID-CT-Dataset-master/Images-processed/CT_NonCOVID/1577.png
/Users/samehissa/Downloads/SS-VIRULEX-outputs/02_SVIS-RULEX/covid_ct_run/exact_sequence/outputs/augmented_train_images/NonCOVID/1638_aug_0090.png,1638_aug_0090.png,train,NonCOVID,0,augmented,/Users/samehissa/Downloads/COVID-CT-Dataset-master/Images-processed/CT_NonCOVID/1638.png
/Users/samehissa/Downloads/SS-VIRULEX-outputs/02_SVIS-RULEX/covid_ct_run/exact_sequence/outputs/augmented_train_images/NonCOVID/1702_aug_0091.png,1702_aug_0091.png,train,NonCOVID,0,augmented,/Users/samehissa/Downloads/COVID-CT-Dataset-master/Images-processed/CT_NonCOVID/1702.png
/Users/samehissa/Downloads/SS-VIRULEX-outputs/02_SVIS-RULEX/covid_ct_run/exact_sequence/outputs/augmented_train_images/NonCOVID/1845_aug_0092.png,1845_aug_0092.png,train,NonCOVID,0,augmented,/Users/samehissa/Downloads/COVID-CT-Dataset-master/Images-processed/CT_NonCOVID/1845.png
/Users/samehissa/Downloads/SS-VIRULEX-outputs/02_SVIS-RULEX/covid_ct_run/exact_sequence/outputs/augmented_train_images/NonCOVID/1846_aug_0093.png,1846_aug_0093.png,train,NonCOVID,0,augmented,/Users/samehissa/Downloads/COVID-CT-Dataset-master/Images-processed/CT_NonCOVID/1846.png
/Users/samehissa/Downloads/SS-VIRULEX-outputs/02_SVIS-RULEX/covid_ct_run/exact_sequence/outputs/augmented_train_images/NonCOVID/1868_aug_0094.png,1868_aug_0094.png,train,NonCOVID,0,augmented,/Users/samehissa/Downloads/COVID-CT-Dataset-master/Images-processed/CT_NonCOVID/1868.png
/Users/samehissa/Downloads/SS-VIRULEX-outputs/02_SVIS-RULEX/covid_ct_run/exact_sequence/outputs/augmented_train_images/NonCOVID/1888_aug_0095.png,1888_aug_0095.png,train,NonCOVID,0,augmented,/Users/samehissa/Downloads/COVID-CT-Dataset-master/Images-processed/CT_NonCOVID/1888.png
/Users/samehissa/Downloads/SS-VIRULEX-outputs/02_SVIS-RULEX/covid_ct_run/exact_sequence/outputs/augmented_train_images/NonCOVID/1889_aug_0096.png,1889_aug_0096.png,train,NonCOVID,0,augmented,/Users/samehissa/Downloads/COVID-CT-Dataset-master/Images-processed/CT_NonCOVID/1889.png
/Users/samehissa/Downloads/SS-VIRULEX-outputs/02_SVIS-RULEX/covid_ct_run/exact_sequence/outputs/augmented_train_images/NonCOVID/1920_aug_0097.png,1920_aug_0097.png,train,NonCOVID,0,augmented,/Users/samehissa/Downloads/COVID-CT-Dataset-master/Images-processed/CT_NonCOVID/1920.png
/Users/samehissa/Downloads/SS-VIRULEX-outputs/02_SVIS-RULEX/covid_ct_run/exact_sequence/outputs/augmented_train_images/NonCOVID/1921_aug_0098.png,1921_aug_0098.png,train,NonCOVID,0,augmented,/Users/samehissa/Downloads/COVID-CT-Dataset-master/Images-processed/CT_NonCOVID/1921.png
/Users/samehissa/Downloads/SS-VIRULEX-outputs/02_SVIS-RULEX/covid_ct_run/exact_sequence/outputs/augmented_train_images/NonCOVID/1922_aug_0099.png,1922_aug_0099.png,train,NonCOVID,0,augmented,/Users/samehissa/Downloads/COVID-CT-Dataset-master/Images-processed/CT_NonCOVID/1922.png
/Users/samehissa/Downloads/SS-VIRULEX-outputs/02_SVIS-RULEX/covid_ct_run/exact_sequence/outputs/augmented_train_images/NonCOVID/1923_aug_0100.png,1923_aug_0100.png,train,NonCOVID,0,augmented,/Users/samehissa/Downloads/COVID-CT-Dataset-master/Images-processed/CT_NonCOVID/1923.png
/Users/samehissa/Downloads/SS-VIRULEX-outputs/02_SVIS-RULEX/covid_ct_run/exact_sequence/outputs/augmented_train_images/NonCOVID/1924_aug_0101.png,1924_aug_0101.png,train,NonCOVID,0,augmented,/Users/samehissa/Downloads/COVID-CT-Dataset-master/Images-processed/CT_NonCOVID/1924.png
/Users/samehissa/Downloads/SS-VIRULEX-outputs/02_SVIS-RULEX/covid_ct_run/exact_sequence/outputs/augmented_train_images/NonCOVID/1952_aug_0102.png,1952_aug_0102.png,train,NonCOVID,0,augmented,/Users/samehissa/Downloads/COVID-CT-Dataset-master/Images-processed/CT_NonCOVID/1952.png
/Users/samehissa/Downloads/SS-VIRULEX-outputs/02_SVIS-RULEX/covid_ct_run/exact_sequence/outputs/augmented_train_images/NonCOVID/2007_aug_0103.png,2007_aug_0103.png,train,NonCOVID,0,augmented,/Users/samehissa/Downloads/COVID-CT-Dataset-master/Images-processed/CT_NonCOVID/2007.png
/Users/samehissa/Downloads/SS-VIRULEX-outputs/02_SVIS-RULEX/covid_ct_run/exact_sequence/outputs/augmented_train_images/NonCOVID/2039_aug_0104.png,2039_aug_0104.png,train,NonCOVID,0,augmented,/Users/samehissa/Downloads/COVID-CT-Dataset-master/Images-processed/CT_NonCOVID/2039.png
/Users/samehissa/Downloads/SS-VIRULEX-outputs/02_SVIS-RULEX/covid_ct_run/exact_sequence/outputs/augmented_train_images/NonCOVID/2040_aug_0105.png,2040_aug_0105.png,train,NonCOVID,0,augmented,/Users/samehissa/Downloads/COVID-CT-Dataset-master/Images-processed/CT_NonCOVID/2040.png
/Users/samehissa/Downloads/SS-VIRULEX-outputs/02_SVIS-RULEX/covid_ct_run/exact_sequence/outputs/augmented_train_images/NonCOVID/2041_aug_0106.png,2041_aug_0106.png,train,NonCOVID,0,augmented,/Users/samehissa/Downloads/COVID-CT-Dataset-master/Images-processed/CT_NonCOVID/2041.png
/Users/samehissa/Downloads/SS-VIRULEX-outputs/02_SVIS-RULEX/covid_ct_run/exact_sequence/outputs/augmented_train_images/NonCOVID/2138_aug_0107.png,2138_aug_0107.png,train,NonCOVID,0,augmented,/Users/samehissa/Downloads/COVID-CT-Dataset-master/Images-processed/CT_NonCOVID/2138.png
/Users/samehissa/Downloads/SS-VIRULEX-outputs/02_SVIS-RULEX/covid_ct_run/exact_sequence/outputs/augmented_train_images/NonCOVID/2139_aug_0108.png,2139_aug_0108.png,train,NonCOVID,0,augmented,/Users/samehissa/Downloads/COVID-CT-Dataset-master/Images-processed/CT_NonCOVID/2139.png
/Users/samehissa/Downloads/SS-VIRULEX-outputs/02_SVIS-RULEX/covid_ct_run/exact_sequence/outputs/augmented_train_images/NonCOVID/2140_aug_0109.png,2140_aug_0109.png,train,NonCOVID,0,augmented,/Users/samehissa/Downloads/COVID-CT-Dataset-master/Images-processed/CT_NonCOVID/2140.png
/Users/samehissa/Downloads/SS-VIRULEX-outputs/02_SVIS-RULEX/covid_ct_run/exact_sequence/outputs/augmented_train_images/NonCOVID/2141_aug_0110.png,2141_aug_0110.png,train,NonCOVID,0,augmented,/Users/samehissa/Downloads/COVID-CT-Dataset-master/Images-processed/CT_NonCOVID/2141.png
/Users/samehissa/Downloads/SS-VIRULEX-outputs/02_SVIS-RULEX/covid_ct_run/exact_sequence/outputs/augmented_train_images/NonCOVID/2142_aug_0111.png,2142_aug_0111.png,train,NonCOVID,0,augmented,/Users/samehissa/Downloads/COVID-CT-Dataset-master/Images-processed/CT_NonCOVID/2142.png
/Users/samehissa/Downloads/SS-VIRULEX-outputs/02_SVIS-RULEX/covid_ct_run/exact_sequence/outputs/augmented_train_images/NonCOVID/2143_aug_0112.png,2143_aug_0112.png,train,NonCOVID,0,augmented,/Users/samehissa/Downloads/COVID-CT-Dataset-master/Images-processed/CT_NonCOVID/2143.png
/Users/samehissa/Downloads/SS-VIRULEX-outputs/02_SVIS-RULEX/covid_ct_run/exact_sequence/outputs/augmented_train_images/NonCOVID/2144_aug_0113.png,2144_aug_0113.png,train,NonCOVID,0,augmented,/Users/samehissa/Downloads/COVID-CT-Dataset-master/Images-processed/CT_NonCOVID/2144.png
/Users/samehissa/Downloads/SS-VIRULEX-outputs/02_SVIS-RULEX/covid_ct_run/exact_sequence/outputs/augmented_train_images/NonCOVID/2145_aug_0114.png,2145_aug_0114.png,train,NonCOVID,0,augmented,/Users/samehissa/Downloads/COVID-CT-Dataset-master/Images-processed/CT_NonCOVID/2145.png
/Users/samehissa/Downloads/SS-VIRULEX-outputs/02_SVIS-RULEX/covid_ct_run/exact_sequence/outputs/augmented_train_images/NonCOVID/34_aug_0115.png,34_aug_0115.png,train,NonCOVID,0,augmented,/Users/samehissa/Downloads/COVID-CT-Dataset-master/Images-processed/CT_NonCOVID/34.jpg
/Users/samehissa/Downloads/SS-VIRULEX-outputs/02_SVIS-RULEX/covid_ct_run/exact_sequence/outputs/augmented_train_images/NonCOVID/35%0_aug_0116.png,35%0_aug_0116.png,train,NonCOVID,0,augmented,/Users/samehissa/Downloads/COVID-CT-Dataset-master/Images-processed/CT_NonCOVID/35%0.jpg
/Users/samehissa/Downloads/SS-VIRULEX-outputs/02_SVIS-RULEX/covid_ct_run/exact_sequence/outputs/augmented_train_images/NonCOVID/35%1_aug_0117.png,35%1_aug_0117.png,train,NonCOVID,0,augmented,/Users/samehissa/Downloads/COVID-CT-Dataset-master/Images-processed/CT_NonCOVID/35%1.jpg
/Users/samehissa/Downloads/SS-VIRULEX-outputs/02_SVIS-RULEX/covid_ct_run/exact_sequence/outputs/augmented_train_images/NonCOVID/35%2_aug_0118.png,35%2_aug_0118.png,train,NonCOVID,0,augmented,/Users/samehissa/Downloads/COVID-CT-Dataset-master/Images-processed/CT_NonCOVID/35%2.jpg
/Users/samehissa/Downloads/SS-VIRULEX-outputs/02_SVIS-RULEX/covid_ct_run/exact_sequence/outputs/augmented_train_images/NonCOVID/36%0_aug_0119.png,36%0_aug_0119.png,train,NonCOVID,0,augmented,/Users/samehissa/Downloads/COVID-CT-Dataset-master/Images-processed/CT_NonCOVID/36%0.jpg
/Users/samehissa/Downloads/SS-VIRULEX-outputs/02_SVIS-RULEX/covid_ct_run/exact_sequence/outputs/augmented_train_images/NonCOVID/36%1_aug_0120.png,36%1_aug_0120.png,train,NonCOVID,0,augmented,/Users/samehissa/Downloads/COVID-CT-Dataset-master/Images-processed/CT_NonCOVID/36%1.jpg
/Users/samehissa/Downloads/SS-VIRULEX-outputs/02_SVIS-RULEX/covid_ct_run/exact_sequence/outputs/augmented_train_images/NonCOVID/37%0_aug_0121.png,37%0_aug_0121.png,train,NonCOVID,0,augmented,/Users/samehissa/Downloads/COVID-CT-Dataset-master/Images-processed/CT_NonCOVID/37%0.jpg
/Users/samehissa/Downloads/SS-VIRULEX-outputs/02_SVIS-RULEX/covid_ct_run/exact_sequence/outputs/augmented_train_images/NonCOVID/37%1_aug_0122.png,37%1_aug_0122.png,train,NonCOVID,0,augmented,/Users/samehissa/Downloads/COVID-CT-Dataset-master/Images-processed/CT_NonCOVID/37%1.jpg
/Users/samehissa/Downloads/SS-VIRULEX-outputs/02_SVIS-RULEX/covid_ct_run/exact_sequence/outputs/augmented_train_images/NonCOVID/37%2_aug_0123.png,37%2_aug_0123.png,train,NonCOVID,0,augmented,/Users/samehissa/Downloads/COVID-CT-Dataset-master/Images-processed/CT_NonCOVID/37%2.jpg
/Users/samehissa/Downloads/SS-VIRULEX-outputs/02_SVIS-RULEX/covid_ct_run/exact_sequence/outputs/augmented_train_images/NonCOVID/37%3_aug_0124.png,37%3_aug_0124.png,train,NonCOVID,0,augmented,/Users/samehissa/Downloads/COVID-CT-Dataset-master/Images-processed/CT_NonCOVID/37%3.jpg
/Users/samehissa/Downloads/SS-VIRULEX-outputs/02_SVIS-RULEX/covid_ct_run/exact_sequence/outputs/augmented_train_images/NonCOVID/37%4_aug_0125.png,37%4_aug_0125.png,train,NonCOVID,0,augmented,/Users/samehissa/Downloads/COVID-CT-Dataset-master/Images-processed/CT_NonCOVID/37%4.jpg
/Users/samehissa/Downloads/SS-VIRULEX-outputs/02_SVIS-RULEX/covid_ct_run/exact_sequence/outputs/augmented_train_images/NonCOVID/38%0_aug_0126.png,38%0_aug_0126.png,train,NonCOVID,0,augmented,/Users/samehissa/Downloads/COVID-CT-Dataset-master/Images-processed/CT_NonCOVID/38%0.jpg
/Users/samehissa/Downloads/SS-VIRULEX-outputs/02_SVIS-RULEX/covid_ct_run/exact_sequence/outputs/augmented_train_images/NonCOVID/38%1_aug_0127.png,38%1_aug_0127.png,train,NonCOVID,0,augmented,/Users/samehissa/Downloads/COVID-CT-Dataset-master/Images-processed/CT_NonCOVID/38%1.jpg
/Users/samehissa/Downloads/SS-VIRULEX-outputs/02_SVIS-RULEX/covid_ct_run/exact_sequence/outputs/augmented_train_images/NonCOVID/38%2_aug_0128.png,38%2_aug_0128.png,train,NonCOVID,0,augmented,/Users/samehissa/Downloads/COVID-CT-Dataset-master/Images-processed/CT_NonCOVID/38%2.jpg
/Users/samehissa/Downloads/SS-VIRULEX-outputs/02_SVIS-RULEX/covid_ct_run/exact_sequence/outputs/augmented_train_images/NonCOVID/39%0_aug_0129.png,39%0_aug_0129.png,train,NonCOVID,0,augmented,/Users/samehissa/Downloads/COVID-CT-Dataset-master/Images-processed/CT_NonCOVID/39%0.jpg
/Users/samehissa/Downloads/SS-VIRULEX-outputs/02_SVIS-RULEX/covid_ct_run/exact_sequence/outputs/augmented_train_images/NonCOVID/39%1_aug_0130.png,39%1_aug_0130.png,train,NonCOVID,0,augmented,/Users/samehissa/Downloads/COVID-CT-Dataset-master/Images-processed/CT_NonCOVID/39%1.jpg
/Users/samehissa/Downloads/SS-VIRULEX-outputs/02_SVIS-RULEX/covid_ct_run/exact_sequence/outputs/augmented_train_images/NonCOVID/39%2_aug_0131.png,39%2_aug_0131.png,train,NonCOVID,0,augmented,/Users/samehissa/Downloads/COVID-CT-Dataset-master/Images-processed/CT_NonCOVID/39%2.jpg
/Users/samehissa/Downloads/SS-VIRULEX-outputs/02_SVIS-RULEX/covid_ct_run/exact_sequence/outputs/augmented_train_images/NonCOVID/39%3_aug_0132.png,39%3_aug_0132.png,train,NonCOVID,0,augmented,/Users/samehissa/Downloads/COVID-CT-Dataset-master/Images-processed/CT_NonCOVID/39%3.jpg
/Users/samehissa/Downloads/SS-VIRULEX-outputs/02_SVIS-RULEX/covid_ct_run/exact_sequence/outputs/augmented_train_images/NonCOVID/39%4_aug_0133.png,39%4_aug_0133.png,train,NonCOVID,0,augmented,/Users/samehissa/Downloads/COVID-CT-Dataset-master/Images-processed/CT_NonCOVID/39%4.jpg
/Users/samehissa/Downloads/SS-VIRULEX-outputs/02_SVIS-RULEX/covid_ct_run/exact_sequence/outputs/augmented_train_images/NonCOVID/39%5_aug_0134.png,39%5_aug_0134.png,train,NonCOVID,0,augmented,/Users/samehissa/Downloads/COVID-CT-Dataset-master/Images-processed/CT_NonCOVID/39%5.jpg
/Users/samehissa/Downloads/SS-VIRULEX-outputs/02_SVIS-RULEX/covid_ct_run/exact_sequence/outputs/augmented_train_images/NonCOVID/39%6_aug_0135.png,39%6_aug_0135.png,train,NonCOVID,0,augmented,/Users/samehissa/Downloads/COVID-CT-Dataset-master/Images-processed/CT_NonCOVID/39%6.jpg
/Users/samehissa/Downloads/SS-VIRULEX-outputs/02_SVIS-RULEX/covid_ct_run/exact_sequence/outputs/augmented_train_images/NonCOVID/39%7_aug_0136.png,39%7_aug_0136.png,train,NonCOVID,0,augmented,/Users/samehissa/Downloads/COVID-CT-Dataset-master/Images-processed/CT_NonCOVID/39%7.jpg
/Users/samehissa/Downloads/SS-VIRULEX-outputs/02_SVIS-RULEX/covid_ct_run/exact_sequence/outputs/augmented_train_images/NonCOVID/39%8_aug_0137.png,39%8_aug_0137.png,train,NonCOVID,0,augmented,/Users/samehissa/Downloads/COVID-CT-Dataset-master/Images-processed/CT_NonCOVID/39%8.jpg
/Users/samehissa/Downloads/SS-VIRULEX-outputs/02_SVIS-RULEX/covid_ct_run/exact_sequence/outputs/augmented_train_images/NonCOVID/40%0_aug_0138.png,40%0_aug_0138.png,train,NonCOVID,0,augmented,/Users/samehissa/Downloads/COVID-CT-Dataset-master/Images-processed/CT_NonCOVID/40%0.jpg
/Users/samehissa/Downloads/SS-VIRULEX-outputs/02_SVIS-RULEX/covid_ct_run/exact_sequence/outputs/augmented_train_images/NonCOVID/40%1_aug_0139.png,40%1_aug_0139.png,train,NonCOVID,0,augmented,/Users/samehissa/Downloads/COVID-CT-Dataset-master/Images-processed/CT_NonCOVID/40%1.jpg
/Users/samehissa/Downloads/SS-VIRULEX-outputs/02_SVIS-RULEX/covid_ct_run/exact_sequence/outputs/augmented_train_images/NonCOVID/41_aug_0140.png,41_aug_0140.png,train,NonCOVID,0,augmented,/Users/samehissa/Downloads/COVID-CT-Dataset-master/Images-processed/CT_NonCOVID/41.jpg
/Users/samehissa/Downloads/SS-VIRULEX-outputs/02_SVIS-RULEX/covid_ct_run/exact_sequence/outputs/augmented_train_images/NonCOVID/42_aug_0141.png,42_aug_0141.png,train,NonCOVID,0,augmented,/Users/samehissa/Downloads/COVID-CT-Dataset-master/Images-processed/CT_NonCOVID/42.jpg
/Users/samehissa/Downloads/SS-VIRULEX-outputs/02_SVIS-RULEX/covid_ct_run/exact_sequence/outputs/augmented_train_images/NonCOVID/43%1_aug_0142.png,43%1_aug_0142.png,train,NonCOVID,0,augmented,/Users/samehissa/Downloads/COVID-CT-Dataset-master/Images-processed/CT_NonCOVID/43%1.jpg
/Users/samehissa/Downloads/SS-VIRULEX-outputs/02_SVIS-RULEX/covid_ct_run/exact_sequence/outputs/augmented_train_images/NonCOVID/43%2_aug_0143.png,43%2_aug_0143.png,train,NonCOVID,0,augmented,/Users/samehissa/Downloads/COVID-CT-Dataset-master/Images-processed/CT_NonCOVID/43%2.jpg
/Users/samehissa/Downloads/SS-VIRULEX-outputs/02_SVIS-RULEX/covid_ct_run/exact_sequence/outputs/augmented_train_images/NonCOVID/43%3_aug_0144.png,43%3_aug_0144.png,train,NonCOVID,0,augmented,/Users/samehissa/Downloads/COVID-CT-Dataset-master/Images-processed/CT_NonCOVID/43%3.jpg
/Users/samehissa/Downloads/SS-VIRULEX-outputs/02_SVIS-RULEX/covid_ct_run/exact_sequence/outputs/augmented_train_images/NonCOVID/44%0_aug_0145.png,44%0_aug_0145.png,train,NonCOVID,0,augmented,/Users/samehissa/Downloads/COVID-CT-Dataset-master/Images-processed/CT_NonCOVID/44%0.jpg
/Users/samehissa/Downloads/SS-VIRULEX-outputs/02_SVIS-RULEX/covid_ct_run/exact_sequence/outputs/augmented_train_images/NonCOVID/44%1_aug_0146.png,44%1_aug_0146.png,train,NonCOVID,0,augmented,/Users/samehissa/Downloads/COVID-CT-Dataset-master/Images-processed/CT_NonCOVID/44%1.jpg
/Users/samehissa/Downloads/SS-VIRULEX-outputs/02_SVIS-RULEX/covid_ct_run/exact_sequence/outputs/augmented_train_images/NonCOVID/45_aug_0147.png,45_aug_0147.png,train,NonCOVID,0,augmented,/Users/samehissa/Downloads/COVID-CT-Dataset-master/Images-processed/CT_NonCOVID/45.jpg
/Users/samehissa/Downloads/SS-VIRULEX-outputs/02_SVIS-RULEX/covid_ct_run/exact_sequence/outputs/augmented_train_images/NonCOVID/46_aug_0148.png,46_aug_0148.png,train,NonCOVID,0,augmented,/Users/samehissa/Downloads/COVID-CT-Dataset-master/Images-processed/CT_NonCOVID/46.jpg
/Users/samehissa/Downloads/SS-VIRULEX-outputs/02_SVIS-RULEX/covid_ct_run/exact_sequence/outputs/augmented_train_images/NonCOVID/47_aug_0149.png,47_aug_0149.png,train,NonCOVID,0,augmented,/Users/samehissa/Downloads/COVID-CT-Dataset-master/Images-processed/CT_NonCOVID/47.jpg
/Users/samehissa/Downloads/SS-VIRULEX-outputs/02_SVIS-RULEX/covid_ct_run/exact_sequence/outputs/augmented_train_images/NonCOVID/48_aug_0150.png,48_aug_0150.png,train,NonCOVID,0,augmented,/Users/samehissa/Downloads/COVID-CT-Dataset-master/Images-processed/CT_NonCOVID/48.jpg
/Users/samehissa/Downloads/SS-VIRULEX-outputs/02_SVIS-RULEX/covid_ct_run/exact_sequence/outputs/augmented_train_images/NonCOVID/49%0_aug_0151.png,49%0_aug_0151.png,train,NonCOVID,0,augmented,/Users/samehissa/Downloads/COVID-CT-Dataset-master/Images-processed/CT_NonCOVID/49%0.jpg
/Users/samehissa/Downloads/SS-VIRULEX-outputs/02_SVIS-RULEX/covid_ct_run/exact_sequence/outputs/augmented_train_images/NonCOVID/49%1_aug_0152.png,49%1_aug_0152.png,train,NonCOVID,0,augmented,/Users/samehissa/Downloads/COVID-CT-Dataset-master/Images-processed/CT_NonCOVID/49%1.jpg
/Users/samehissa/Downloads/SS-VIRULEX-outputs/02_SVIS-RULEX/covid_ct_run/exact_sequence/outputs/augmented_train_images/NonCOVID/50_aug_0153.png,50_aug_0153.png,train,NonCOVID,0,augmented,/Users/samehissa/Downloads/COVID-CT-Dataset-master/Images-processed/CT_NonCOVID/50.jpg
/Users/samehissa/Downloads/SS-VIRULEX-outputs/02_SVIS-RULEX/covid_ct_run/exact_sequence/outputs/augmented_train_images/NonCOVID/51%0_aug_0154.png,51%0_aug_0154.png,train,NonCOVID,0,augmented,/Users/samehissa/Downloads/COVID-CT-Dataset-master/Images-processed/CT_NonCOVID/51%0.jpg
/Users/samehissa/Downloads/SS-VIRULEX-outputs/02_SVIS-RULEX/covid_ct_run/exact_sequence/outputs/augmented_train_images/NonCOVID/51%1_aug_0155.png,51%1_aug_0155.png,train,NonCOVID,0,augmented,/Users/samehissa/Downloads/COVID-CT-Dataset-master/Images-processed/CT_NonCOVID/51%1.jpg
/Users/samehissa/Downloads/SS-VIRULEX-outputs/02_SVIS-RULEX/covid_ct_run/exact_sequence/outputs/augmented_train_images/NonCOVID/51%2_aug_0156.png,51%2_aug_0156.png,train,NonCOVID,0,augmented,/Users/samehissa/Downloads/COVID-CT-Dataset-master/Images-processed/CT_NonCOVID/51%2.jpg
/Users/samehissa/Downloads/SS-VIRULEX-outputs/02_SVIS-RULEX/covid_ct_run/exact_sequence/outputs/augmented_train_images/NonCOVID/51%3_aug_0157.png,51%3_aug_0157.png,train,NonCOVID,0,augmented,/Users/samehissa/Downloads/COVID-CT-Dataset-master/Images-processed/CT_NonCOVID/51%3.jpg
/Users/samehissa/Downloads/SS-VIRULEX-outputs/02_SVIS-RULEX/covid_ct_run/exact_sequence/outputs/augmented_train_images/NonCOVID/52%0_aug_0158.png,52%0_aug_0158.png,train,NonCOVID,0,augmented,/Users/samehissa/Downloads/COVID-CT-Dataset-master/Images-processed/CT_NonCOVID/52%0.jpg
/Users/samehissa/Downloads/SS-VIRULEX-outputs/02_SVIS-RULEX/covid_ct_run/exact_sequence/outputs/augmented_train_images/NonCOVID/52%1_aug_0159.png,52%1_aug_0159.png,train,NonCOVID,0,augmented,/Users/samehissa/Downloads/COVID-CT-Dataset-master/Images-processed/CT_NonCOVID/52%1.jpg
/Users/samehissa/Downloads/SS-VIRULEX-outputs/02_SVIS-RULEX/covid_ct_run/exact_sequence/outputs/augmented_train_images/NonCOVID/53_aug_0160.png,53_aug_0160.png,train,NonCOVID,0,augmented,/Users/samehissa/Downloads/COVID-CT-Dataset-master/Images-processed/CT_NonCOVID/53.jpg
/Users/samehissa/Downloads/SS-VIRULEX-outputs/02_SVIS-RULEX/covid_ct_run/exact_sequence/outputs/augmented_train_images/NonCOVID/54%0_aug_0161.png,54%0_aug_0161.png,train,NonCOVID,0,augmented,/Users/samehissa/Downloads/COVID-CT-Dataset-master/Images-processed/CT_NonCOVID/54%0.jpg
/Users/samehissa/Downloads/SS-VIRULEX-outputs/02_SVIS-RULEX/covid_ct_run/exact_sequence/outputs/augmented_train_images/NonCOVID/54%1_aug_0162.png,54%1_aug_0162.png,train,NonCOVID,0,augmented,/Users/samehissa/Downloads/COVID-CT-Dataset-master/Images-processed/CT_NonCOVID/54%1.jpg
/Users/samehissa/Downloads/SS-VIRULEX-outputs/02_SVIS-RULEX/covid_ct_run/exact_sequence/outputs/augmented_train_images/NonCOVID/54%2_aug_0163.png,54%2_aug_0163.png,train,NonCOVID,0,augmented,/Users/samehissa/Downloads/COVID-CT-Dataset-master/Images-processed/CT_NonCOVID/54%2.jpg
/Users/samehissa/Downloads/SS-VIRULEX-outputs/02_SVIS-RULEX/covid_ct_run/exact_sequence/outputs/augmented_train_images/NonCOVID/54%3_aug_0164.png,54%3_aug_0164.png,train,NonCOVID,0,augmented,/Users/samehissa/Downloads/COVID-CT-Dataset-master/Images-processed/CT_NonCOVID/54%3.jpg
/Users/samehissa/Downloads/SS-VIRULEX-outputs/02_SVIS-RULEX/covid_ct_run/exact_sequence/outputs/augmented_train_images/NonCOVID/56%0_aug_0165.png,56%0_aug_0165.png,train,NonCOVID,0,augmented,/Users/samehissa/Downloads/COVID-CT-Dataset-master/Images-processed/CT_NonCOVID/56%0.jpg
/Users/samehissa/Downloads/SS-VIRULEX-outputs/02_SVIS-RULEX/covid_ct_run/exact_sequence/outputs/augmented_train_images/NonCOVID/56%1_aug_0166.png,56%1_aug_0166.png,train,NonCOVID,0,augmented,/Users/samehissa/Downloads/COVID-CT-Dataset-master/Images-processed/CT_NonCOVID/56%1.jpg
/Users/samehissa/Downloads/SS-VIRULEX-outputs/02_SVIS-RULEX/covid_ct_run/exact_sequence/outputs/augmented_train_images/NonCOVID/57%0_aug_0167.png,57%0_aug_0167.png,train,NonCOVID,0,augmented,/Users/samehissa/Downloads/COVID-CT-Dataset-master/Images-processed/CT_NonCOVID/57%0.jpg
/Users/samehissa/Downloads/SS-VIRULEX-outputs/02_SVIS-RULEX/covid_ct_run/exact_sequence/outputs/augmented_train_images/NonCOVID/59%0_aug_0168.png,59%0_aug_0168.png,train,NonCOVID,0,augmented,/Users/samehissa/Downloads/COVID-CT-Dataset-master/Images-processed/CT_NonCOVID/59%0.jpg
/Users/samehissa/Downloads/SS-VIRULEX-outputs/02_SVIS-RULEX/covid_ct_run/exact_sequence/outputs/augmented_train_images/NonCOVID/60_aug_0169.png,60_aug_0169.png,train,NonCOVID,0,augmented,/Users/samehissa/Downloads/COVID-CT-Dataset-master/Images-processed/CT_NonCOVID/60.jpg
/Users/samehissa/Downloads/SS-VIRULEX-outputs/02_SVIS-RULEX/covid_ct_run/exact_sequence/outputs/augmented_train_images/NonCOVID/62_aug_0170.png,62_aug_0170.png,train,NonCOVID,0,augmented,/Users/samehissa/Downloads/COVID-CT-Dataset-master/Images-processed/CT_NonCOVID/62.jpg
/Users/samehissa/Downloads/SS-VIRULEX-outputs/02_SVIS-RULEX/covid_ct_run/exact_sequence/outputs/augmented_train_images/NonCOVID/63%0_aug_0171.png,63%0_aug_0171.png,train,NonCOVID,0,augmented,/Users/samehissa/Downloads/COVID-CT-Dataset-master/Images-processed/CT_NonCOVID/63%0.jpg
/Users/samehissa/Downloads/SS-VIRULEX-outputs/02_SVIS-RULEX/covid_ct_run/exact_sequence/outputs/augmented_train_images/NonCOVID/63%1_aug_0172.png,63%1_aug_0172.png,train,NonCOVID,0,augmented,/Users/samehissa/Downloads/COVID-CT-Dataset-master/Images-processed/CT_NonCOVID/63%1.jpg
/Users/samehissa/Downloads/SS-VIRULEX-outputs/02_SVIS-RULEX/covid_ct_run/exact_sequence/outputs/augmented_train_images/NonCOVID/63%2_aug_0173.png,63%2_aug_0173.png,train,NonCOVID,0,augmented,/Users/samehissa/Downloads/COVID-CT-Dataset-master/Images-processed/CT_NonCOVID/63%2.jpg
/Users/samehissa/Downloads/SS-VIRULEX-outputs/02_SVIS-RULEX/covid_ct_run/exact_sequence/outputs/augmented_train_images/NonCOVID/63%3_aug_0174.png,63%3_aug_0174.png,train,NonCOVID,0,augmented,/Users/samehissa/Downloads/COVID-CT-Dataset-master/Images-processed/CT_NonCOVID/63%3.jpg
/Users/samehissa/Downloads/SS-VIRULEX-outputs/02_SVIS-RULEX/covid_ct_run/exact_sequence/outputs/augmented_train_images/NonCOVID/63%4_aug_0175.png,63%4_aug_0175.png,train,NonCOVID,0,augmented,/Users/samehissa/Downloads/COVID-CT-Dataset-master/Images-processed/CT_NonCOVID/63%4.jpg
/Users/samehissa/Downloads/SS-VIRULEX-outputs/02_SVIS-RULEX/covid_ct_run/exact_sequence/outputs/augmented_train_images/NonCOVID/63%5_aug_0176.png,63%5_aug_0176.png,train,NonCOVID,0,augmented,/Users/samehissa/Downloads/COVID-CT-Dataset-master/Images-processed/CT_NonCOVID/63%5.jpg
/Users/samehissa/Downloads/SS-VIRULEX-outputs/02_SVIS-RULEX/covid_ct_run/exact_sequence/outputs/augmented_train_images/NonCOVID/63%6_aug_0177.png,63%6_aug_0177.png,train,NonCOVID,0,augmented,/Users/samehissa/Downloads/COVID-CT-Dataset-master/Images-processed/CT_NonCOVID/63%6.jpg
/Users/samehissa/Downloads/SS-VIRULEX-outputs/02_SVIS-RULEX/covid_ct_run/exact_sequence/outputs/augmented_train_images/NonCOVID/63%7_aug_0178.png,63%7_aug_0178.png,train,NonCOVID,0,augmented,/Users/samehissa/Downloads/COVID-CT-Dataset-master/Images-processed/CT_NonCOVID/63%7.jpg
/Users/samehissa/Downloads/SS-VIRULEX-outputs/02_SVIS-RULEX/covid_ct_run/exact_sequence/outputs/augmented_train_images/NonCOVID/64_aug_0179.png,64_aug_0179.png,train,NonCOVID,0,augmented,/Users/samehissa/Downloads/COVID-CT-Dataset-master/Images-processed/CT_NonCOVID/64.jpg
/Users/samehissa/Downloads/SS-VIRULEX-outputs/02_SVIS-RULEX/covid_ct_run/exact_sequence/outputs/augmented_train_images/NonCOVID/65%0_aug_0180.png,65%0_aug_0180.png,train,NonCOVID,0,augmented,/Users/samehissa/Downloads/COVID-CT-Dataset-master/Images-processed/CT_NonCOVID/65%0.jpg
/Users/samehissa/Downloads/SS-VIRULEX-outputs/02_SVIS-RULEX/covid_ct_run/exact_sequence/outputs/augmented_train_images/NonCOVID/65%1_aug_0181.png,65%1_aug_0181.png,train,NonCOVID,0,augmented,/Users/samehissa/Downloads/COVID-CT-Dataset-master/Images-processed/CT_NonCOVID/65%1.jpg
/Users/samehissa/Downloads/SS-VIRULEX-outputs/02_SVIS-RULEX/covid_ct_run/exact_sequence/outputs/augmented_train_images/NonCOVID/65%2_aug_0182.png,65%2_aug_0182.png,train,NonCOVID,0,augmented,/Users/samehissa/Downloads/COVID-CT-Dataset-master/Images-processed/CT_NonCOVID/65%2.jpg
/Users/samehissa/Downloads/SS-VIRULEX-outputs/02_SVIS-RULEX/covid_ct_run/exact_sequence/outputs/augmented_train_images/NonCOVID/65%3_aug_0183.png,65%3_aug_0183.png,train,NonCOVID,0,augmented,/Users/samehissa/Downloads/COVID-CT-Dataset-master/Images-processed/CT_NonCOVID/65%3.jpg
/Users/samehissa/Downloads/SS-VIRULEX-outputs/02_SVIS-RULEX/covid_ct_run/exact_sequence/outputs/augmented_train_images/NonCOVID/65%4_aug_0184.png,65%4_aug_0184.png,train,NonCOVID,0,augmented,/Users/samehissa/Downloads/COVID-CT-Dataset-master/Images-processed/CT_NonCOVID/65%4.jpg
/Users/samehissa/Downloads/SS-VIRULEX-outputs/02_SVIS-RULEX/covid_ct_run/exact_sequence/outputs/augmented_train_images/NonCOVID/66_aug_0185.png,66_aug_0185.png,train,NonCOVID,0,augmented,/Users/samehissa/Downloads/COVID-CT-Dataset-master/Images-processed/CT_NonCOVID/66.jpg
/Users/samehissa/Downloads/SS-VIRULEX-outputs/02_SVIS-RULEX/covid_ct_run/exact_sequence/outputs/augmented_train_images/NonCOVID/67%0_aug_0186.png,67%0_aug_0186.png,train,NonCOVID,0,augmented,/Users/samehissa/Downloads/COVID-CT-Dataset-master/Images-processed/CT_NonCOVID/67%0.jpg
/Users/samehissa/Downloads/SS-VIRULEX-outputs/02_SVIS-RULEX/covid_ct_run/exact_sequence/outputs/augmented_train_images/NonCOVID/67%1_aug_0187.png,67%1_aug_0187.png,train,NonCOVID,0,augmented,/Users/samehissa/Downloads/COVID-CT-Dataset-master/Images-processed/CT_NonCOVID/67%1.jpg
/Users/samehissa/Downloads/SS-VIRULEX-outputs/02_SVIS-RULEX/covid_ct_run/exact_sequence/outputs/augmented_train_images/NonCOVID/67%2_aug_0188.png,67%2_aug_0188.png,train,NonCOVID,0,augmented,/Users/samehissa/Downloads/COVID-CT-Dataset-master/Images-processed/CT_NonCOVID/67%2.jpg
/Users/samehissa/Downloads/SS-VIRULEX-outputs/02_SVIS-RULEX/covid_ct_run/exact_sequence/outputs/augmented_train_images/NonCOVID/68_aug_0189.png,68_aug_0189.png,train,NonCOVID,0,augmented,/Users/samehissa/Downloads/COVID-CT-Dataset-master/Images-processed/CT_NonCOVID/68.jpg
/Users/samehissa/Downloads/SS-VIRULEX-outputs/02_SVIS-RULEX/covid_ct_run/exact_sequence/outputs/augmented_train_images/NonCOVID/69%0_aug_0190.png,69%0_aug_0190.png,train,NonCOVID,0,augmented,/Users/samehissa/Downloads/COVID-CT-Dataset-master/Images-processed/CT_NonCOVID/69%0.jpg
/Users/samehissa/Downloads/SS-VIRULEX-outputs/02_SVIS-RULEX/covid_ct_run/exact_sequence/outputs/augmented_train_images/NonCOVID/69%1_aug_0191.png,69%1_aug_0191.png,train,NonCOVID,0,augmented,/Users/samehissa/Downloads/COVID-CT-Dataset-master/Images-processed/CT_NonCOVID/69%1.jpg
/Users/samehissa/Downloads/SS-VIRULEX-outputs/02_SVIS-RULEX/covid_ct_run/exact_sequence/outputs/augmented_train_images/NonCOVID/70%0_aug_0192.png,70%0_aug_0192.png,train,NonCOVID,0,augmented,/Users/samehissa/Downloads/COVID-CT-Dataset-master/Images-processed/CT_NonCOVID/70%0.jpg
/Users/samehissa/Downloads/SS-VIRULEX-outputs/02_SVIS-RULEX/covid_ct_run/exact_sequence/outputs/augmented_train_images/NonCOVID/70%1_aug_0193.png,70%1_aug_0193.png,train,NonCOVID,0,augmented,/Users/samehissa/Downloads/COVID-CT-Dataset-master/Images-processed/CT_NonCOVID/70%1.jpg
/Users/samehissa/Downloads/SS-VIRULEX-outputs/02_SVIS-RULEX/covid_ct_run/exact_sequence/outputs/augmented_train_images/NonCOVID/71%0_aug_0194.png,71%0_aug_0194.png,train,NonCOVID,0,augmented,/Users/samehissa/Downloads/COVID-CT-Dataset-master/Images-processed/CT_NonCOVID/71%0.jpg
/Users/samehissa/Downloads/SS-VIRULEX-outputs/02_SVIS-RULEX/covid_ct_run/exact_sequence/outputs/augmented_train_images/NonCOVID/71%1_aug_0195.png,71%1_aug_0195.png,train,NonCOVID,0,augmented,/Users/samehissa/Downloads/COVID-CT-Dataset-master/Images-processed/CT_NonCOVID/71%1.jpg
/Users/samehissa/Downloads/SS-VIRULEX-outputs/02_SVIS-RULEX/covid_ct_run/exact_sequence/outputs/augmented_train_images/NonCOVID/72_aug_0196.png,72_aug_0196.png,train,NonCOVID,0,augmented,/Users/samehissa/Downloads/COVID-CT-Dataset-master/Images-processed/CT_NonCOVID/72.jpg
/Users/samehissa/Downloads/SS-VIRULEX-outputs/02_SVIS-RULEX/covid_ct_run/exact_sequence/outputs/augmented_train_images/NonCOVID/73_aug_0197.png,73_aug_0197.png,train,NonCOVID,0,augmented,/Users/samehissa/Downloads/COVID-CT-Dataset-master/Images-processed/CT_NonCOVID/73.jpg
/Users/samehissa/Downloads/SS-VIRULEX-outputs/02_SVIS-RULEX/covid_ct_run/exact_sequence/outputs/augmented_train_images/NonCOVID/74_aug_0198.png,74_aug_0198.png,train,NonCOVID,0,augmented,/Users/samehissa/Downloads/COVID-CT-Dataset-master/Images-processed/CT_NonCOVID/74.jpg
/Users/samehissa/Downloads/SS-VIRULEX-outputs/02_SVIS-RULEX/covid_ct_run/exact_sequence/outputs/augmented_train_images/NonCOVID/75%0_aug_0199.png,75%0_aug_0199.png,train,NonCOVID,0,augmented,/Users/samehissa/Downloads/COVID-CT-Dataset-master/Images-processed/CT_NonCOVID/75%0.jpg
/Users/samehissa/Downloads/SS-VIRULEX-outputs/02_SVIS-RULEX/covid_ct_run/exact_sequence/outputs/augmented_train_images/NonCOVID/75%1_aug_0200.png,75%1_aug_0200.png,train,NonCOVID,0,augmented,/Users/samehissa/Downloads/COVID-CT-Dataset-master/Images-processed/CT_NonCOVID/75%1.jpg
/Users/samehissa/Downloads/SS-VIRULEX-outputs/02_SVIS-RULEX/covid_ct_run/exact_sequence/outputs/augmented_train_images/NonCOVID/76%0_aug_0201.png,76%0_aug_0201.png,train,NonCOVID,0,augmented,/Users/samehissa/Downloads/COVID-CT-Dataset-master/Images-processed/CT_NonCOVID/76%0.jpg
/Users/samehissa/Downloads/SS-VIRULEX-outputs/02_SVIS-RULEX/covid_ct_run/exact_sequence/outputs/augmented_train_images/NonCOVID/76%1_aug_0202.png,76%1_aug_0202.png,train,NonCOVID,0,augmented,/Users/samehissa/Downloads/COVID-CT-Dataset-master/Images-processed/CT_NonCOVID/76%1.jpg
/Users/samehissa/Downloads/SS-VIRULEX-outputs/02_SVIS-RULEX/covid_ct_run/exact_sequence/outputs/augmented_train_images/NonCOVID/76%2_aug_0203.png,76%2_aug_0203.png,train,NonCOVID,0,augmented,/Users/samehissa/Downloads/COVID-CT-Dataset-master/Images-processed/CT_NonCOVID/76%2.jpg
/Users/samehissa/Downloads/SS-VIRULEX-outputs/02_SVIS-RULEX/covid_ct_run/exact_sequence/outputs/augmented_train_images/NonCOVID/77_aug_0204.png,77_aug_0204.png,train,NonCOVID,0,augmented,/Users/samehissa/Downloads/COVID-CT-Dataset-master/Images-processed/CT_NonCOVID/77.jpg
/Users/samehissa/Downloads/SS-VIRULEX-outputs/02_SVIS-RULEX/covid_ct_run/exact_sequence/outputs/augmented_train_images/NonCOVID/78_aug_0205.png,78_aug_0205.png,train,NonCOVID,0,augmented,/Users/samehissa/Downloads/COVID-CT-Dataset-master/Images-processed/CT_NonCOVID/78.jpg
/Users/samehissa/Downloads/SS-VIRULEX-outputs/02_SVIS-RULEX/covid_ct_run/exact_sequence/outputs/augmented_train_images/NonCOVID/79_aug_0206.png,79_aug_0206.png,train,NonCOVID,0,augmented,/Users/samehissa/Downloads/COVID-CT-Dataset-master/Images-processed/CT_NonCOVID/79.jpg
/Users/samehissa/Downloads/SS-VIRULEX-outputs/02_SVIS-RULEX/covid_ct_run/exact_sequence/outputs/augmented_train_images/NonCOVID/80%0_aug_0207.png,80%0_aug_0207.png,train,NonCOVID,0,augmented,/Users/samehissa/Downloads/COVID-CT-Dataset-master/Images-processed/CT_NonCOVID/80%0.jpg
/Users/samehissa/Downloads/SS-VIRULEX-outputs/02_SVIS-RULEX/covid_ct_run/exact_sequence/outputs/augmented_train_images/NonCOVID/80%1_aug_0208.png,80%1_aug_0208.png,train,NonCOVID,0,augmented,/Users/samehissa/Downloads/COVID-CT-Dataset-master/Images-processed/CT_NonCOVID/80%1.jpg
/Users/samehissa/Downloads/SS-VIRULEX-outputs/02_SVIS-RULEX/covid_ct_run/exact_sequence/outputs/augmented_train_images/NonCOVID/81%0_aug_0209.png,81%0_aug_0209.png,train,NonCOVID,0,augmented,/Users/samehissa/Downloads/COVID-CT-Dataset-master/Images-processed/CT_NonCOVID/81%0.jpg
/Users/samehissa/Downloads/SS-VIRULEX-outputs/02_SVIS-RULEX/covid_ct_run/exact_sequence/outputs/augmented_train_images/NonCOVID/81%1_aug_0210.png,81%1_aug_0210.png,train,NonCOVID,0,augmented,/Users/samehissa/Downloads/COVID-CT-Dataset-master/Images-processed/CT_NonCOVID/81%1.jpg
/Users/samehissa/Downloads/SS-VIRULEX-outputs/02_SVIS-RULEX/covid_ct_run/exact_sequence/outputs/augmented_train_images/NonCOVID/81%2_aug_0211.png,81%2_aug_0211.png,train,NonCOVID,0,augmented,/Users/samehissa/Downloads/COVID-CT-Dataset-master/Images-processed/CT_NonCOVID/81%2.jpg
/Users/samehissa/Downloads/SS-VIRULEX-outputs/02_SVIS-RULEX/covid_ct_run/exact_sequence/outputs/augmented_train_images/NonCOVID/81%3_aug_0212.png,81%3_aug_0212.png,train,NonCOVID,0,augmented,/Users/samehissa/Downloads/COVID-CT-Dataset-master/Images-processed/CT_NonCOVID/81%3.jpg
/Users/samehissa/Downloads/SS-VIRULEX-outputs/02_SVIS-RULEX/covid_ct_run/exact_sequence/outputs/augmented_train_images/NonCOVID/82%0_aug_0213.png,82%0_aug_0213.png,train,NonCOVID,0,augmented,/Users/samehissa/Downloads/COVID-CT-Dataset-master/Images-processed/CT_NonCOVID/82%0.jpg
/Users/samehissa/Downloads/SS-VIRULEX-outputs/02_SVIS-RULEX/covid_ct_run/exact_sequence/outputs/augmented_train_images/NonCOVID/82%1_aug_0214.png,82%1_aug_0214.png,train,NonCOVID,0,augmented,/Users/samehissa/Downloads/COVID-CT-Dataset-master/Images-processed/CT_NonCOVID/82%1.jpg
/Users/samehissa/Downloads/SS-VIRULEX-outputs/02_SVIS-RULEX/covid_ct_run/exact_sequence/outputs/augmented_train_images/NonCOVID/82%2_aug_0215.png,82%2_aug_0215.png,train,NonCOVID,0,augmented,/Users/samehissa/Downloads/COVID-CT-Dataset-master/Images-processed/CT_NonCOVID/82%2.jpg
/Users/samehissa/Downloads/SS-VIRULEX-outputs/02_SVIS-RULEX/covid_ct_run/exact_sequence/outputs/augmented_train_images/NonCOVID/82%3_aug_0216.png,82%3_aug_0216.png,train,NonCOVID,0,augmented,/Users/samehissa/Downloads/COVID-CT-Dataset-master/Images-processed/CT_NonCOVID/82%3.jpg
/Users/samehissa/Downloads/SS-VIRULEX-outputs/02_SVIS-RULEX/covid_ct_run/exact_sequence/outputs/augmented_train_images/NonCOVID/83%0_aug_0217.png,83%0_aug_0217.png,train,NonCOVID,0,augmented,/Users/samehissa/Downloads/COVID-CT-Dataset-master/Images-processed/CT_NonCOVID/83%0.jpg
/Users/samehissa/Downloads/SS-VIRULEX-outputs/02_SVIS-RULEX/covid_ct_run/exact_sequence/outputs/augmented_train_images/NonCOVID/83%1_aug_0218.png,83%1_aug_0218.png,train,NonCOVID,0,augmented,/Users/samehissa/Downloads/COVID-CT-Dataset-master/Images-processed/CT_NonCOVID/83%1.jpg
/Users/samehissa/Downloads/SS-VIRULEX-outputs/02_SVIS-RULEX/covid_ct_run/exact_sequence/outputs/augmented_train_images/NonCOVID/83%2_aug_0219.png,83%2_aug_0219.png,train,NonCOVID,0,augmented,/Users/samehissa/Downloads/COVID-CT-Dataset-master/Images-processed/CT_NonCOVID/83%2.jpg
/Users/samehissa/Downloads/SS-VIRULEX-outputs/02_SVIS-RULEX/covid_ct_run/exact_sequence/outputs/augmented_train_images/NonCOVID/83%3_aug_0220.png,83%3_aug_0220.png,train,NonCOVID,0,augmented,/Users/samehissa/Downloads/COVID-CT-Dataset-master/Images-processed/CT_NonCOVID/83%3.jpg
/Users/samehissa/Downloads/SS-VIRULEX-outputs/02_SVIS-RULEX/covid_ct_run/exact_sequence/outputs/augmented_train_images/NonCOVID/84%0_aug_0221.png,84%0_aug_0221.png,train,NonCOVID,0,augmented,/Users/samehissa/Downloads/COVID-CT-Dataset-master/Images-processed/CT_NonCOVID/84%0.jpg
/Users/samehissa/Downloads/SS-VIRULEX-outputs/02_SVIS-RULEX/covid_ct_run/exact_sequence/outputs/augmented_train_images/NonCOVID/84%1_aug_0222.png,84%1_aug_0222.png,train,NonCOVID,0,augmented,/Users/samehissa/Downloads/COVID-CT-Dataset-master/Images-processed/CT_NonCOVID/84%1.jpg
/Users/samehissa/Downloads/SS-VIRULEX-outputs/02_SVIS-RULEX/covid_ct_run/exact_sequence/outputs/augmented_train_images/NonCOVID/84%2_aug_0223.png,84%2_aug_0223.png,train,NonCOVID,0,augmented,/Users/samehissa/Downloads/COVID-CT-Dataset-master/Images-processed/CT_NonCOVID/84%2.jpg
/Users/samehissa/Downloads/SS-VIRULEX-outputs/02_SVIS-RULEX/covid_ct_run/exact_sequence/outputs/augmented_train_images/NonCOVID/84%3_aug_0224.png,84%3_aug_0224.png,train,NonCOVID,0,augmented,/Users/samehissa/Downloads/COVID-CT-Dataset-master/Images-processed/CT_NonCOVID/84%3.jpg
/Users/samehissa/Downloads/SS-VIRULEX-outputs/02_SVIS-RULEX/covid_ct_run/exact_sequence/outputs/augmented_train_images/NonCOVID/85%0_aug_0225.png,85%0_aug_0225.png,train,NonCOVID,0,augmented,/Users/samehissa/Downloads/COVID-CT-Dataset-master/Images-processed/CT_NonCOVID/85%0.jpg
/Users/samehissa/Downloads/SS-VIRULEX-outputs/02_SVIS-RULEX/covid_ct_run/exact_sequence/outputs/augmented_train_images/NonCOVID/85%1_aug_0226.png,85%1_aug_0226.png,train,NonCOVID,0,augmented,/Users/samehissa/Downloads/COVID-CT-Dataset-master/Images-processed/CT_NonCOVID/85%1.jpg
/Users/samehissa/Downloads/SS-VIRULEX-outputs/02_SVIS-RULEX/covid_ct_run/exact_sequence/outputs/augmented_train_images/NonCOVID/86_aug_0227.png,86_aug_0227.png,train,NonCOVID,0,augmented,/Users/samehissa/Downloads/COVID-CT-Dataset-master/Images-processed/CT_NonCOVID/86.jpg
/Users/samehissa/Downloads/SS-VIRULEX-outputs/02_SVIS-RULEX/covid_ct_run/exact_sequence/outputs/augmented_train_images/NonCOVID/88_aug_0228.png,88_aug_0228.png,train,NonCOVID,0,augmented,/Users/samehissa/Downloads/COVID-CT-Dataset-master/Images-processed/CT_NonCOVID/88.jpg
/Users/samehissa/Downloads/SS-VIRULEX-outputs/02_SVIS-RULEX/covid_ct_run/exact_sequence/outputs/augmented_train_images/NonCOVID/89%2_aug_0229.png,89%2_aug_0229.png,train,NonCOVID,0,augmented,/Users/samehissa/Downloads/COVID-CT-Dataset-master/Images-processed/CT_NonCOVID/89%2.jpg
/Users/samehissa/Downloads/SS-VIRULEX-outputs/02_SVIS-RULEX/covid_ct_run/exact_sequence/outputs/augmented_train_images/NonCOVID/89%3_aug_0230.png,89%3_aug_0230.png,train,NonCOVID,0,augmented,/Users/samehissa/Downloads/COVID-CT-Dataset-master/Images-processed/CT_NonCOVID/89%3.jpg
/Users/samehissa/Downloads/SS-VIRULEX-outputs/02_SVIS-RULEX/covid_ct_run/exact_sequence/outputs/augmented_train_images/NonCOVID/90_aug_0231.png,90_aug_0231.png,train,NonCOVID,0,augmented,/Users/samehissa/Downloads/COVID-CT-Dataset-master/Images-processed/CT_NonCOVID/90.jpg
/Users/samehissa/Downloads/SS-VIRULEX-outputs/02_SVIS-RULEX/covid_ct_run/exact_sequence/outputs/augmented_train_images/NonCOVID/91%0_aug_0232.png,91%0_aug_0232.png,train,NonCOVID,0,augmented,/Users/samehissa/Downloads/COVID-CT-Dataset-master/Images-processed/CT_NonCOVID/91%0.jpg
/Users/samehissa/Downloads/SS-VIRULEX-outputs/02_SVIS-RULEX/covid_ct_run/exact_sequence/outputs/augmented_train_images/NonCOVID/91%1_aug_0233.png,91%1_aug_0233.png,train,NonCOVID,0,augmented,/Users/samehissa/Downloads/COVID-CT-Dataset-master/Images-processed/CT_NonCOVID/91%1.jpg
