geometric_mean,shannon_entropy,coef_of_var,signal_to_noise,percentile_75,std_dev,mean_abs_dev,entropy,iqr,label
0.0004700081427451359,5.616774794978603,1.3858979787535934,0.72155199297049,0.4703986421227455,0.39194427824684935,0.32862306529941065,3.8932516131075827,0.4703986421227455,1
0.0005582888471672221,5.589701673901015,1.4297935676624862,0.6993997038995793,0.4554571285843849,0.35686919121809724,0.2947684210034822,3.874485955563695,0.4554571285843849,1
0.0006492739538658794,5.59291365951586,1.4439963499303323,0.6925205011594062,0.38322147727012634,0.3419876215529937,0.27555307601505774,3.876712334336623,0.38322147727012634,1
0.0015098903403198446,5.683440696892982,1.4464933030344016,0.6913252370725365,0.3873993456363678,0.37392080963970503,0.28449154669397103,3.9394608950590193,0.3873993456363678,1
0.000389832949758841,5.471160476017635,1.547859025909078,0.6460517449015062,0.3446507677435875,0.33608262952006146,0.2671896304231325,3.7923194584706312,0.3446507677435875,1
0.0013507962716055525,5.782904504409654,1.3380306484756959,0.7473649340252108,0.4402126148343086,0.35553202244860055,0.27889329796087736,4.008403952806958,0.4402126148343086,1
0.0005005350575013997,5.5502168780447345,1.4797180998903117,0.6758029794166026,0.5283577293157578,0.4763261472657457,0.3769470919547757,3.847117180640928,0.5283577293157578,1
0.0003547932721591438,5.466410291709841,1.5351103537057513,0.6514174664399937,0.4523544907569885,0.4342749791036864,0.3470020095919608,3.7890268816105426,0.4523544907569885,1
0.00018063181409359822,5.315649572724853,1.6652361059583096,0.6005137824995959,0.3566398099064827,0.36136779706554556,0.2800948108688317,3.6845275143069074,0.3566398099064827,1
0.0009319719684212577,5.697780417907852,1.344239893408581,0.7439132750244911,0.6577388048171997,0.4765353395291446,0.4019904558158487,3.949400432250493,0.6577388048171997,1
0.0006665385241926091,5.669320177745629,1.3968800699113593,0.7158793054026038,0.4895143210887909,0.40554342238528046,0.31904004327407165,3.9296732970239896,0.4895143210887909,1
0.0008951449762901703,5.606461966339987,1.4505122673759578,0.6894101099770258,0.5215793401002884,0.4590883295976366,0.3672551138495237,3.886103305013126,0.5215793401002884,1
0.0004054365546238369,5.533133020968505,1.5260465774973508,0.6552858390532283,0.290497325360775,0.3041324465542581,0.23315145590368047,3.8352755532754506,0.290497325360775,1
0.00039795128049471937,5.56321083527456,1.44544687138126,0.6918258351085966,0.5031390190124512,0.3982306045140375,0.3255837466615503,3.8561239054590994,0.5031390190124512,1
0.0008152306416166568,5.613173760986509,1.44442878600763,0.6923133842852338,0.5052090585231781,0.3818532776971126,0.30768091998947966,3.890755566548863,0.5052090585231781,1
0.0005437827026717139,5.616432944662131,1.4492817568404566,0.6899949622377356,0.3619919642806053,0.34614947424194076,0.2719846057534596,3.893014660524547,0.3619919642806053,1
0.0006780003785424485,5.657931478025356,1.377153919371502,0.7261333289640965,0.5271070748567581,0.3787824570341358,0.31477264960722096,3.9217792519226387,0.5271070748567581,1
0.0006233297417969246,5.616927543315782,1.4358889524353784,0.6964306716453135,0.40373966097831726,0.34572698778664707,0.27597528484398026,3.8933574901868333,0.40373966097831726,1
0.00021547177499461396,5.363438714853675,1.6307895060583453,0.6131982433068941,0.3898564502596855,0.36500490492249904,0.28181115278160007,3.7176524234348793,0.3898564502596855,1
0.0010016041477615009,5.700994097328181,1.3586107104015217,0.7360442119807108,0.5238548517227173,0.4081166296860585,0.3396492286888133,3.9516279850799183,0.5238548517227173,1
0.0005052415373708802,5.540618478906021,1.5072168088790032,0.6634729518294535,0.39701762795448303,0.4141177872821566,0.3203757143965049,3.840464077340042,0.39701762795448303,1
0.0003249440605000554,5.390487149568579,1.604993092932282,0.6230538720658522,0.32103750109672546,0.35225932850251856,0.2775583239945263,3.736400969696076,0.32103750109672546,1
0.00014464640427719005,5.233402267907577,1.7757381038494102,0.5631440247937254,0.20845036581158638,0.27047258856134976,0.19843325755164187,3.62751802686416,0.20845036581158638,1
0.00067873805780742,5.679980285227087,1.4053371145034892,0.7115704120561385,0.33203552663326263,0.2709756428316118,0.21282335681553377,3.9370623204692277,0.33203552663326263,1
0.0005098285455842647,5.610096501114839,1.4720743543697832,0.6793109726801906,0.2927578315138817,0.2674877130413349,0.20581743597904278,3.888622572544965,0.2927578315138817,1
0.0004851333132787097,5.567654163230383,1.4799495761569077,0.6756968853165368,0.4171762391924858,0.3729989859273731,0.29111791694622013,3.859203785703981,0.4171762391924858,1
0.0004347647250569442,5.560411041636629,1.4802272555769704,0.675570101199348,0.4254402071237564,0.36722053642448216,0.29091361324719855,3.8541832363928172,0.4254402071237564,1
0.00031353054755611695,5.396130319829876,1.626505211448815,0.6148134813018662,0.3295827656984329,0.37472823103305103,0.2850249010450625,3.7403125172521126,0.3295827656984329,1
0.0009288652128650715,5.754909261860124,1.322311312739022,0.7562491816239022,0.39759815484285355,0.3172690474095024,0.25873186074920795,3.9889991293646596,0.39759815484285355,1
0.0004484415984415413,5.590512535623571,1.4155507538131293,0.7064365061374684,0.37932100892066956,0.3056957201407883,0.2541948071675506,3.875048002080507,0.37932100892066956,1
0.0005419087834951368,5.602426272870921,1.4454894470161859,0.6918049151969671,0.3691099211573601,0.303425701801572,0.24438744316421435,3.8833059754634403,0.3691099211573601,1
0.00029934428203888405,5.467459645718906,1.539771184576211,0.6494447300529201,0.2985011413693428,0.26891092797442917,0.21571895790236795,3.7897542383833356,0.2985011413693428,1
0.0005678391636422134,5.472158083217433,1.5773627683807787,0.6339679118313325,0.33001621067523956,0.3817469949691276,0.2902633259451477,3.7930109470884776,0.33001621067523956,1
0.0005311287885421738,5.620062958853088,1.414936404848352,0.7067432801290874,0.37671272456645966,0.3121026851337993,0.25653590674642146,3.8955307946264024,0.37671272456645966,1
0.0007498339790284497,5.682756209317976,1.3680155174431214,0.7309841839955624,0.5284062027931213,0.43605402239721464,0.35570520679038964,3.9389864444262765,0.5284062027931213,1
0.0002894160843335657,5.468663439926571,1.5551363304067154,0.6430287400945368,0.3669181540608406,0.37810180683136146,0.29323130179363943,3.7905886449443544,0.3669181540608406,1
0.0005134455341254733,5.581307709301317,1.4707223497773865,0.67993627375934,0.45539359748363495,0.3959197833164428,0.3100373431148,3.868667702667693,0.45539359748363495,1
0.0012092988367461413,5.758823358424879,1.3426591325079757,0.7447888202103622,0.5173524618148804,0.40180637515775336,0.3182299942793634,3.9917121743629593,0.5173524618148804,1
0.0007469875359058809,5.683263571719779,1.3288209227213847,0.7525451662088299,0.6723056584596634,0.44685670148837525,0.38657820635626194,3.9393381212446075,0.6723056584596634,1
0.00048259411857418154,5.473256329502464,1.5476152695916456,0.6461543519546438,0.6169968843460083,0.6029891441176294,0.4729035522053664,3.793772193404506,0.6169968843460083,1
0.0008467403729067339,5.5987239804941025,1.474644658052339,0.6781282196226758,0.4813273251056671,0.5424575338056031,0.41804272848537494,3.880739741940841,0.4813273251056671,1
0.0005064767420573405,5.452626821798891,1.5792487375857256,0.6332113771632593,0.5594167560338974,0.5773695377864302,0.44677142359432764,3.7794729083034353,0.5594167560338974,1
0.0007688214516475976,5.642969448366419,1.4219851538044588,0.7032406430108837,0.5462393462657928,0.44521780420730195,0.35435435703173823,3.911408363249091,0.5462393462657928,1
0.0014216597150570043,5.767105392404995,1.3530573172723168,0.7390657027978715,0.6721206605434418,0.5737605407463584,0.44334792378913335,3.9974528428655773,0.6721206605434418,1
0.0007596615623027904,5.630338537203881,1.4381010803184961,0.695359990885231,0.5380581468343735,0.4887819949143163,0.38003217922582166,3.9026532827888767,0.5380581468343735,1
0.0015321720072698733,5.785159153961045,1.297938801064573,0.7704510010723903,0.7789181619882584,0.5709743469502261,0.4678016112648038,4.009966756786655,0.7789181619882584,1
0.0009671939318303303,5.759185432997817,1.2920497425231723,0.773962432031219,0.6546555310487747,0.4904423543541389,0.4103801260688016,3.991963145332344,0.6546555310487747,1
0.000846133647034139,5.62044603325064,1.4322300231075336,0.6982098546260822,0.368600569665432,0.34676669420103573,0.28108138883919764,3.895796321565009,0.368600569665432,1
0.0006963254522643007,5.518785997305713,1.5428922326278995,0.6481319382406628,0.45741450041532516,0.441155278107005,0.34249057307442854,3.825330954274158,0.45741450041532516,1
0.0006964481377399789,5.581233022676045,1.5007443526831512,0.6663347694193886,0.6022818237543106,0.5382708200518104,0.4109076009410728,3.8686159338439605,0.6022818237543106,1
0.0012098267960559308,5.670585605149235,1.4036032161233687,0.7124500759952831,0.438964806497097,0.35945189628235397,0.2923548324996261,3.9305504244610034,0.438964806497097,1
0.0010406439385975675,5.654298483152846,1.4229995160039268,0.7027395277389917,0.5920338183641434,0.5019690853390523,0.39867057254042493,3.9192610517697704,0.5920338183641434,1
0.0005953993919903239,5.537938278074018,1.4752016525384974,0.6778719294949082,0.5445635616779327,0.4526106400787446,0.3721405910434896,3.8386063036900016,0.5445635616779327,1
0.0003985477459960445,5.507540011547487,1.4991933680457432,0.6670236897423362,0.48700301349163055,0.39872166988460583,0.3207148488788789,3.8175358309532283,0.48700301349163055,1
0.0010648230905072555,5.582804863533389,1.4697940194584755,0.6803660369482057,0.5204851180315018,0.48359286928743184,0.38278177100471567,3.8697054509025186,0.5204851180315018,1
0.0005747886871038688,5.681924962805552,1.3384803268570171,0.7471141693719948,0.6122674345970154,0.41974741343213445,0.3570366516169088,3.93841026824984,0.6122674345970154,1
0.0007597297570003992,5.670150434157156,1.395241479557159,0.716720253796565,0.5731777846813202,0.46026338636730607,0.36887965132973477,3.9302487869147806,0.5731777846813202,1
0.0009580941643863763,5.739691914511146,1.3211762772078948,0.7568994184996735,0.5841823816299438,0.40915663842404476,0.3380469311634897,3.9784512679541146,0.5841823816299438,1
0.000643154232761233,5.698598405397899,1.3560574357094088,0.7374292345771938,0.36298707872629166,0.277534543329741,0.22630835451673192,3.949967417972953,0.36298707872629166,1
0.0008526905522166832,5.692813065644769,1.352239563861649,0.7395121756383928,0.5488165616989136,0.4204949196416954,0.34809756828713034,3.9459573260344896,0.5488165616989136,1
0.000573707378926181,5.6480465949724366,1.3908985339187088,0.718957101587918,0.36251599341630936,0.27613141815689585,0.22796408943577262,3.9149275731043423,0.36251599341630936,1
0.00030336253887783526,5.293638490654294,1.7641999415759668,0.5668277814362684,0.33551952987909317,0.40632030296252414,0.292745851851123,3.6692705948286277,0.33551952987909317,1
0.001478158445301889,5.760228190024694,1.3399343796032397,0.7463035068503322,0.5335966795682907,0.4398392402079932,0.3465043481106136,3.9926859294255332,0.5335966795682907,1
0.0004014260604700291,5.381857885694182,1.6462145901488003,0.6074529657823735,0.5202747583389282,0.48428397746544444,0.36947852764501476,3.7304196197712294,0.5202747583389282,1
0.0009936323209432136,5.750404903243307,1.3423036409399232,0.7449858565820493,0.4453948736190796,0.36071537535289927,0.28994674459409,3.985876945889181,0.4453948736190796,1
0.00030943523576535146,5.4373045626780545,1.5870015485901936,0.6301173669941406,0.37084661424160004,0.3619523825982076,0.27718717784210867,3.7688523275940202,0.37084661424160004,1
0.001015835086132105,5.708752436932944,1.385933030724211,0.7215337807499029,0.44992097467184067,0.3999229522828629,0.31545834375992854,3.9570056563027856,0.44992097467184067,1
0.0004808005241655193,5.6297953248115,1.3864827232967059,0.7212470121326847,0.39370036125183105,0.2874834785358868,0.23876440660660592,3.902276756650653,0.39370036125183105,1
0.001113116382197346,5.692390257573641,1.40261325196256,0.7129532181361689,0.5130479782819748,0.4222583410653287,0.33375251364259384,3.9456642578120693,0.5130479782819748,1
0.00037480853661431366,5.431781018017084,1.6101187485543476,0.6210703134712284,0.3073563203215599,0.32850230009872317,0.24972445809252974,3.76502369818557,0.3073563203215599,1
0.000820914575327654,5.702091910259593,1.3660414675181947,0.7320404881561073,0.5142912715673447,0.42784739614469997,0.3450891785505519,3.952388931018109,0.5142912715673447,1
0.0028139797051766244,5.847292099484623,1.2981853503628729,0.7703046173414303,0.703670933842659,0.5463126057662939,0.43570081422444673,4.053034032796209,0.703670933842659,1
0.0009194163100005579,5.591942881338625,1.4805237918256546,0.6754350712328894,0.462031327188015,0.4334236231088083,0.3379438709292799,3.8760394421801236,0.462031327188015,1
0.0004649372905616527,5.578994742840317,1.4746723419883132,0.6781145838712364,0.33472196757793427,0.3146161597743659,0.24571689748472636,3.8670644764865214,0.33472196757793427,1
0.0008217184692989477,5.590856443671619,1.4936445104322527,0.6695018466205114,0.47535963356494904,0.4460152021207141,0.3414468511764426,3.875286380974385,0.47535963356494904,1
0.000536818666668862,5.58351504512412,1.4803654892250941,0.675506707592993,0.3155527412891388,0.3142332523281656,0.24410742892894177,3.870197711269818,0.3155527412891388,1
0.0004562849110190537,5.460856136845818,1.5932437269407238,0.6276485133542481,0.396242618560791,0.33974507756572075,0.258535789977941,3.785177034826152,0.396242618560791,1
0.00041595885533508224,5.363548268343188,1.6688635414379092,0.5992083833584837,0.2779037430882454,0.3361007952308519,0.25489734200834846,3.717728360127256,0.2779037430882454,1
0.000576702750755947,5.645510196704475,1.3782975624766094,0.7255308157707541,0.4819570705294609,0.37805346690122005,0.3139165704083098,3.9131694757961277,0.4819570705294609,1
0.0007393904211297641,5.613099750871697,1.4682343335981678,0.6810885007118241,0.45544376224279404,0.4033816052168329,0.3117595623189118,3.8907042666464475,0.45544376224279404,1
0.0003389903767260041,5.393181380971598,1.6298875626493539,0.6135380673981079,0.5092006027698517,0.5168654097588606,0.3961954573037474,3.7382684685968535,0.5092006027698517,1
0.0005063266417589646,5.553900845038868,1.4678502909305884,0.6812666878092881,0.44353366643190384,0.4009455838524038,0.32450418527014335,3.849670711976187,0.44353366643190384,1
0.0008016653298865738,5.664512353251794,1.394490828209505,0.7171055487107935,0.4102242514491081,0.34608387027143406,0.27871691565496803,3.926340767031461,0.4102242514491081,1
0.0005357650677155482,5.5670070072091855,1.4716502159108151,0.6795077488603696,0.5097339749336243,0.43962194035174473,0.3525460517121246,3.8587552113325048,0.5097339749336243,1
0.0002829270613690366,5.355543148438771,1.6372926177788205,0.610763020809527,0.4462077245116234,0.4515037202076286,0.3511284532614809,3.7121796338354653,0.4462077245116234,1
0.0005486400900006729,5.6052165734844905,1.4366369555631437,0.6960684487622248,0.4712868332862854,0.42681924413337413,0.3425815758646422,3.8852400644666494,0.4712868332862854,1
0.0008414620617770699,5.716300243248432,1.3660382843667311,0.7320417236757198,0.420564629137516,0.335602674840119,0.26795477369563514,3.962237396969778,0.420564629137516,1
0.0005761114975890013,5.691911661664475,1.3252250058023471,0.7545871136850881,0.6465471088886261,0.4370832749381973,0.3738613354236122,3.945332520407003,0.6465471088886261,1
0.0005319489444704735,5.576817561747115,1.452271621586772,0.6885748458614863,0.5056655779480934,0.4362959617373238,0.34986783859244497,3.865555369550199,0.5056655779480934,1
0.0006755894791228841,5.678844291698951,1.4267763744989133,0.7008784572529826,0.4095109924674034,0.3148806667197863,0.2435858380159175,3.9362749097580663,0.4095109924674034,1
0.0002803449803313879,5.319915020965139,1.7073393702805764,0.5857045708971426,0.2225370742380619,0.28354585215759875,0.21061171625693476,3.687484097728488,0.2225370742380619,1
0.0006216057594452359,5.589427172454135,1.475408301452158,0.6777766661480144,0.4958794564008713,0.373100660824304,0.29442396878584987,3.8742956856597286,0.4958794564008713,1
0.0004190578371374895,5.666987438326877,1.3389823145073552,0.7468334720022977,0.432613730430603,0.3135664227463984,0.26631196827293024,3.9280563652729,0.432613730430603,1
0.00042191751138826464,5.5771998599748915,1.4341908417965858,0.6972551194652459,0.40191879868507385,0.3232817778061246,0.26604888664223836,3.865820358488916,0.40191879868507385,1
0.0006306306163079431,5.704650363963934,1.3284020785658568,0.7527823072511481,0.5678402930498123,0.4135057901793487,0.346940826691025,3.954162315989865,0.5678402930498123,1
0.0005351517436443055,5.588617861680127,1.4865917347175084,0.6726780097243767,0.4650317579507828,0.4114170831335631,0.3163924285267967,3.8737347141785294,0.4650317579507828,1
0.000923806982591081,5.624460802335143,1.4519301250936978,0.688737093712314,0.6071340590715408,0.5360857865320333,0.4199378812506893,3.89857914743653,0.6071340590715408,1
0.0005111102890439462,5.47799967923582,1.5551824755230215,0.6430098587775896,0.41628894209861755,0.42807375917787077,0.32992702923111494,3.7970600328985933,0.41628894209861755,1
0.0006682491510954329,5.599273205208322,1.4530252868525542,0.6882176093212556,0.4931091219186783,0.4147992378037524,0.33147117505563983,3.8811204355029956,0.4931091219186783,1
0.00044601616009718766,5.490110415002892,1.5420004020471014,0.6485062124515656,0.3865579590201378,0.31648778300470426,0.24965167889934037,3.8054545552500443,0.3865579590201378,1
0.0008360083545504954,5.720093406598883,1.3844511296718065,0.7223059487325354,0.4770428463816643,0.3685527314293603,0.2864635757578071,3.9648666174515492,0.4770428463816643,1
0.0005615381226187731,5.566866119817513,1.4829382706575895,0.6743352465109349,0.4090914875268936,0.40721559228691656,0.32037404107222756,3.858657555634191,0.4090914875268936,1
0.0009434039309191332,5.685621522963106,1.3809072056401452,0.72416044578695,0.8371037989854813,0.6163799826196384,0.4970266853204919,3.940972528500817,0.8371037989854813,1
0.0007367573809180029,5.64098650597302,1.4193916737359786,0.7045258167440697,0.609703779220581,0.5203495381384725,0.41522280834442427,3.9100338923198947,0.609703779220581,1
0.0004637466154071918,5.380461226785799,1.6415265524423908,0.6091880695930019,0.5088663995265961,0.6217611873081035,0.4779926901194358,3.7294515295866804,0.5088663995265961,1
0.0006309835024983577,5.523740340290055,1.509869862590581,0.6623078024083885,0.8242428600788116,0.7095283454565509,0.5623676984396297,3.828765043145282,0.8242428600788116,1
0.00039445591605749195,5.454107101186335,1.5715799669002084,0.6363014060478612,0.5989831238985062,0.6861784387347206,0.5247891332918471,3.7804989597872822,0.5989831238985062,1
0.00039747775097155266,5.580490291470699,1.4346281667684417,0.6970424013127212,0.44031529128551483,0.299611464007899,0.24662459065939402,3.8681011118030626,0.44031529128551483,1
0.0004644221959892721,5.598301274050459,1.4417909084169742,0.6935796029893694,0.4114955887198448,0.3091995907658453,0.2501027365394748,3.8804467441612234,0.4114955887198448,1
0.000628719276817675,5.576158075119888,1.5105264592746064,0.6620195061048768,0.458686962723732,0.4951777718685638,0.37144826373059914,3.8650982482539193,0.458686962723732,1
0.0007449385681049248,5.672471239158195,1.3811227086257276,0.7240470199998821,0.49487242847681046,0.4507407318281386,0.3628446788486599,3.9318574463578813,0.49487242847681046,1
0.0003627238096203635,5.555760888520534,1.4456462443264646,0.6917303831230669,0.5243007093667984,0.38917195436843965,0.32042197393502647,3.850959995871225,0.5243007093667984,1
0.001489524975605719,5.743089769055333,1.3480350856168315,0.74181901083766,0.6686269491910934,0.5138173053312612,0.412643613722139,3.9808064812513693,0.6686269491910934,1
0.0006851761069950423,5.633448682101883,1.4139049021858223,0.707259140077527,0.45744970440864563,0.35276645027647224,0.2874161078948987,3.904809070956058,0.45744970440864563,1
0.00033342032191039267,5.501917974528846,1.510494160703607,0.6620332107669763,0.4608859047293663,0.3702398378942918,0.2965963619473939,3.813638931844753,0.4608859047293663,1
0.0004284621804725657,5.548149170953141,1.4762066910894487,0.6774104985390299,0.5642859935760498,0.4785955760427734,0.38154829206428076,3.845683955300166,0.5642859935760498,1
0.0008377274721062337,5.7178324969937595,1.3134152080969999,0.7613721727364484,0.6725920140743256,0.4526298071459139,0.38538785730384006,3.9632994743332555,0.6725920140743256,1
0.0006344101786609621,5.702961110396583,1.3604763591028928,0.7350349410022492,0.5796974152326584,0.42741301879783083,0.34313175885193914,3.952991414642404,0.5796974152326584,1
0.0008738779202563205,5.740319804834207,1.3218641116536087,0.7565058267349183,0.6432965248823166,0.4767838069525541,0.3916019313699053,3.978886488361245,0.6432965248823166,1
0.00118709699621334,5.632303785639765,1.4514029124322607,0.6889874956986216,0.7121404111385345,0.6484596535880865,0.505244686954029,3.9040154892013086,0.7121404111385345,1
0.0006123116833926678,5.632960337503048,1.414584610108078,0.7069194454783105,0.5229397863149643,0.3799612722928938,0.30967863670230145,3.904470576274236,0.5229397863149643,1
0.0013348366371708316,5.836330500239969,1.2619640842903128,0.7924132614882875,0.5014203637838364,0.3419861549113286,0.2831972788485473,4.045436031185347,0.5014203637838364,1
0.0008288511795860654,5.626596344618802,1.4279537153572608,0.7003010660990371,0.44849997013807297,0.40147720591721536,0.320397162157974,3.900059392549415,0.44849997013807297,1
0.0007874707715297832,5.621624217413634,1.4240507762293517,0.7022204131122789,0.48858893662691116,0.40393766645842943,0.32718714428870044,3.8966129765957693,0.48858893662691116,1
0.0008126533323567094,5.575106229940538,1.4791973474059414,0.6760406422352782,0.45619670301675797,0.4039958266426452,0.321929824394374,3.8643691647334686,0.45619670301675797,1
0.000942907988079402,5.718543849970571,1.3495046229424135,0.74101082723616,0.5297556668519974,0.4060088520098704,0.33184289412292856,3.963792546643514,0.5297556668519974,1
0.0008027215018994425,5.621442237446248,1.4341044987616003,0.6972978022505051,0.5539193749427795,0.479657642548525,0.3808402061140441,3.8964868376944555,0.5539193749427795,1
0.0007249548659819427,5.683933366846107,1.397681343481751,0.7154686516885703,0.42341405153274536,0.35540432592642535,0.27835568452292136,3.9398023878479744,0.42341405153274536,1
0.0017886738885238927,5.846941767184914,1.2669194337717657,0.789314145991654,0.5554992407560349,0.3892415489620653,0.3170788272191203,4.052791200950407,0.5554992407560349,1
0.0008544355919359601,5.6980239884425865,1.3543779246180407,0.7383445414894924,0.5622465908527374,0.40778869624658465,0.3373945967034615,3.949569262479912,0.5622465908527374,1
0.0007952791660208306,5.614512014039477,1.44862191750875,0.6903091106429636,0.36074938625097275,0.32336546423981904,0.2583100824123221,3.8916831728794037,0.36074938625097275,1
0.0006837598145856446,5.585584142458938,1.4711261663410724,0.6797499936818209,0.4886957108974457,0.500568524341998,0.39285340391961654,3.8716319002537514,0.4886957108974457,1
0.0004834383180244922,5.546766892407307,1.4586169485512317,0.6855796628479743,0.6137759387493134,0.5307316287111158,0.43477087026758454,3.8447258328233724,0.6137759387493134,1
0.0007680699134738005,5.64624569452787,1.4309111551777354,0.6988539677631632,0.5574437230825424,0.48503856848935,0.37942439386119986,3.9136792840387216,0.5574437230825424,1
0.0012771851538483556,5.68951962380061,1.4359185688571567,0.696417009088373,0.5314970761537552,0.5305080328501032,0.3985607923768839,3.943674486105872,0.5314970761537552,1
0.001442298307095568,5.710768703420049,1.3797291033658579,0.724778141276856,0.5049228221178055,0.3992010891733417,0.3208104427506555,3.958403225733581,0.5049228221178055,1
0.0013817518931409545,5.662400512476589,1.4030857991190646,0.7127135165479332,0.6532469838857651,0.5598807668108571,0.45230974158454273,3.9248769505523358,0.6532469838857651,1
0.0007446654300441735,5.663880290647875,1.402926881876419,0.7127939004311239,0.4812043085694313,0.4393957265605017,0.3480885132603362,3.9259026546196165,0.4812043085694313,1
0.0008353583235512934,5.63186242320179,1.4198366244500824,0.7043053608969624,0.8276046067476273,0.6878505971756991,0.5520201953659125,3.90370956007182,0.8276046067476273,1
0.001349755074850693,5.686735389111147,1.4179486217015445,0.7052428867157645,0.6561162024736404,0.5492031429127527,0.424270201876368,3.9417446016808544,0.6561162024736404,1
0.0011794707804680753,5.684809429172631,1.4057664528517355,0.7113544575312124,0.5806323438882828,0.5657647166971305,0.44110189959565105,3.9404096279796,0.5806323438882828,1
0.0013129049558568623,5.694238540045536,1.390026745965447,0.7194091624514605,0.6469238102436066,0.49433884122621197,0.39859736979087756,3.9469453895963404,0.6469238102436066,1
0.0006802044919122649,5.684470188227475,1.3601057739486833,0.7352349265908794,0.4659332409501076,0.36614713870660015,0.30035759143601126,3.9401744840749355,0.4659332409501076,1
0.0006760091292951771,5.647092562192995,1.404894546856294,0.7117956209775321,0.5645488351583481,0.4517492548128516,0.3613079404015025,3.9142662879731116,0.5645488351583481,1
0.000555253568041841,5.571146887033355,1.4634265798000277,0.6833258778717661,0.4158046692609787,0.36394541025454963,0.29197021691948066,3.8616247573604854,0.4158046692609787,1
0.0007612370258936816,5.735001856118362,1.3299938358848953,0.7518807699292669,0.37937310338020325,0.31146011308863203,0.25206041423700754,3.975200367202495,0.37937310338020325,1
0.0008747692396180679,5.67072146020825,1.3907800492218598,0.7190191921728225,0.46835046261548996,0.4077431342879461,0.3272383688663467,3.9306445920121234,0.46835046261548996,1
0.000590869419911548,5.630348854541069,1.4084912730953696,0.7099774851741395,0.4316619858145714,0.3438734578191225,0.28094032510534817,3.9026604342220574,0.4316619858145714,1
0.0006225679331782436,5.642487272361162,1.417553282153942,0.7054390160719044,0.4722193628549576,0.38352166592134745,0.30602745686076105,3.911074144310514,0.4722193628549576,1
0.0007511076821079502,5.635861444146133,1.4208200902598254,0.7038172548670657,0.5694638043642044,0.4339489241971859,0.3491871780213387,3.906481470164393,0.5694638043642044,1
0.0005891471264672399,5.629391261128326,1.4458204095476206,0.6916471473667629,0.4846612736582756,0.41014910885348205,0.3172446352400584,3.9019966810478923,0.4846612736582756,1
0.0009765030274591749,5.716068139507918,1.3405740416067575,0.7459471133370859,0.5126919150352478,0.37545205795541786,0.31360322368959714,3.9620765149164447,0.5126919150352478,1
0.0007669955006251105,5.711440070933967,1.3458371207456392,0.7430296767004136,0.4437229335308075,0.32475014012423836,0.2675676553667472,3.9588685822329728,0.4437229335308075,1
0.000564098981526955,5.623832291044627,1.4168330888120697,0.7057972317023121,0.3968590348958969,0.3196785833386861,0.26077022427125485,3.8981434966075597,0.3968590348958969,1
0.0016527554195432924,5.86381054109917,1.2456937078003358,0.8027636503731985,0.5304971039295197,0.4216056177096484,0.3443850004238129,4.064483744028576,0.5304971039295197,1
0.0014572511860647312,5.826616235477644,1.2704594908206461,0.7871143742621127,0.4497615918517113,0.32542901116137884,0.2674561441349397,4.038702615954131,0.4497615918517113,1
0.0008817970129355112,5.651536248504501,1.4046772523558868,0.7119060457235415,0.7094979733228683,0.5644103224515558,0.45119280087976676,3.917346416611224,0.7094979733228683,1
0.00220970218923208,5.81142110636085,1.324299901205918,0.7551146856871382,0.7416853606700897,0.5895015912281965,0.45637153871371083,4.02817015504858,0.7416853606700897,1
0.00044444917932914065,5.571208592208586,1.4711289294203815,0.679748081855853,0.3889097347855568,0.34105569391595353,0.26998435296991374,3.861667528128722,0.3889097347855568,1
0.0005008008282947655,5.569314373931276,1.4546398657212276,0.6874532993614855,0.41795969009399414,0.330585468979919,0.2672639682496083,3.8603545560704395,0.41795969009399414,1
0.00041335515862036973,5.503227830928465,1.5127361002513846,0.6610519127483916,0.38019123673439026,0.34394356432941314,0.2758310111090623,3.814546855115087,0.38019123673439026,1
0.00044109396292160843,5.5924359543978746,1.4583098151505862,0.6857228757537855,0.346839003264904,0.27779105561751133,0.21980456145979588,3.876381214380953,0.346839003264904,1
0.0004251879369929991,5.421459764973961,1.6048449518039156,0.6231109849212705,0.24195482954382896,0.2872368334713902,0.22037890762999268,3.757869550738883,0.24195482954382896,1
0.00047797106477774946,5.511678978271242,1.5387742034694627,0.6498657548286507,0.29403994232416153,0.29933285089750716,0.23114003958380636,3.8204047440682296,0.29403994232416153,1
0.00045335197616281524,5.6142774447940065,1.4075618034742574,0.7104459217480971,0.3843875303864479,0.2892576699328751,0.2378618882655701,3.8915205818682588,0.3843875303864479,1
0.0014370952394926395,5.694068259683602,1.385423592014797,0.7217992945841859,0.5503486692905426,0.44871453214391555,0.3633755298365031,3.946827360243563,0.5503486692905426,1
0.0007017743458295978,5.6883048777907055,1.360047234270671,0.7352663510875923,0.4360607862472534,0.32973262781138457,0.27290910457122664,3.942832488334012,0.4360607862472534,1
0.0003373189877682573,5.460241493122302,1.5314391353266807,0.6529788883531,0.43227097392082214,0.38822278260762055,0.31504599905747455,3.7847509962621495,0.43227097392082214,1
0.0003436663075134966,5.450051353831001,1.551232621748138,0.6446469160684598,0.41893038153648376,0.37393068586675166,0.29743674175905,3.7776877299428713,0.41893038153648376,1
0.00027952343269134077,5.488467143464453,1.5153312624930395,0.659920113362881,0.48480193316936493,0.41297072675826413,0.32846596666172445,3.80431552621628,0.48480193316936493,1
0.0001851153216780858,5.311579495181746,1.6562846547923604,0.603759648483089,0.3921036496758461,0.4631689677591087,0.35613725428174803,3.681706351533242,0.3921036496758461,1
0.00034959899594373136,5.405854236030473,1.6486802635225546,0.6065444201308934,0.419311948120594,0.45754335337398017,0.3397101876166744,3.7470526223505582,0.419311948120594,1
0.0003970671548696257,5.501860347291628,1.567676435651488,0.6378843051681076,0.2728329226374626,0.2627340271936832,0.19817211473491625,3.8135989876877527,0.2728329226374626,1
0.0005010556119862777,5.5433585717048866,1.5045481215718117,0.6646491785338354,0.34447555989027023,0.3005761679464127,0.2369523784605576,3.842363364938047,0.34447555989027023,1
0.0006014949846962251,5.606700536442087,1.4485350828598909,0.690351292482189,0.6226058751344681,0.5172380928501126,0.4068079886592386,3.8862686692067636,0.6226058751344681,1
0.0005513735242871564,5.651098463090559,1.4150750381520587,0.7066738905106827,0.3398003652691841,0.29261701998461165,0.23176263087270854,3.9170429668858606,0.3398003652691841,1
0.00032143425075601296,5.42290641774425,1.5992060875425447,0.6253088636365992,0.39975605905056,0.44273584980838987,0.34015392960941426,3.758872294027859,0.39975605905056,1
0.0003030917157516336,5.440171448988677,1.6287790898876195,0.6139548836510755,0.29811012744903564,0.32016551302246443,0.23320135556221544,3.7708395017572127,0.29811012744903564,1
0.00040894135111251066,5.5517580381515,1.5691882137860758,0.6372695741604416,0.23836498335003853,0.2441859487676033,0.1762537321905029,3.848185431423725,0.23836498335003853,1
0.000618447875200564,5.602556624787076,1.4296775963747632,0.6994565160436528,0.4835483580827713,0.37183273656684357,0.30409687875931013,3.883396328526605,0.4835483580827713,1
0.0004317924386579809,5.488223591040443,1.5489440744652263,0.6455993888459293,0.37648386508226395,0.37704891769596216,0.2911514439865641,3.8041467085402605,0.37648386508226395,1
0.0004751064725528268,5.595612708269211,1.4353818964148646,0.6966765993239462,0.39428291469812393,0.3309413262645874,0.26831871047909317,3.878583172370204,0.39428291469812393,1
0.000642391213768018,5.673719952323826,1.3797635620540563,0.724759705983547,0.48994310945272446,0.33710353403193527,0.27742148119887133,3.9327229883679653,0.48994310945272446,1
0.0006690780932026931,5.643041894801247,1.3997988870194988,0.7143864964241126,0.4676768407225609,0.38798632753137574,0.31605334227361936,3.911458579291134,0.4676768407225609,1
0.0010192494080239391,5.707337473127859,1.401443339850191,0.7135483300959462,0.4667603373527527,0.4089759105635758,0.31549974507652223,3.956024878130698,0.4667603373527527,1
0.0007771588591596862,5.764240487226919,1.3005410618754931,0.7689085043872961,0.49331656098365784,0.3427912220844419,0.2819671273973654,3.995467041918823,0.49331656098365784,1
0.0005000609216456006,5.562696758235763,1.4798589897364602,0.6757380269592802,0.3779844269156456,0.33265620414340963,0.26530352495944953,3.855767574409065,0.3779844269156456,1
0.0007138392230195024,5.61052905129776,1.4345611312285347,0.6970757844085022,0.5433087646961212,0.45994528576303556,0.3700774510783731,3.888922393484707,0.5433087646961212,1
0.0009569223919551527,5.700426793507222,1.3730498306856573,0.7283039905846258,0.5112971067428589,0.42936043687197745,0.34670600634831317,3.9512347600359004,0.5112971067428589,1
0.0011405327750012818,5.788147308150609,1.271217887584992,0.786644937921926,0.46842481940984726,0.3467714460723441,0.29021592548764374,4.01203798743823,0.46842481940984726,1
0.0007379600993921424,5.667242005952585,1.3755483724335793,0.7269808984443233,0.4305185601115227,0.3833824541609338,0.3152270757244082,3.928232818104922,0.4305185601115227,1
0.0004036253475382039,5.502717518040801,1.544782161009185,0.6473381585913199,0.2812177911400795,0.2808609861014335,0.21710410422667792,3.814193133175801,0.2812177911400795,0
0.00030605760967175626,5.440154123139967,1.601433840104648,0.6244388168889503,0.42144595831632614,0.39253159721236347,0.29741113567865796,3.770827492394029,0.42144595831632614,0
0.00029295875501908367,5.294187605820054,1.7541917086397236,0.5700613547406042,0.25896260887384415,0.322777674661928,0.2329328842306495,3.669651212457577,0.25896260887384415,0
0.00043573632826256686,5.549735078287819,1.4686254005786281,0.6809069043651106,0.4340963438153267,0.3540038524436767,0.2860322602980432,3.8467832224978284,0.4340963438153267,0
0.000544827160617269,5.64431603149023,1.426409818289386,0.7010586785465817,0.3581136614084244,0.33137454744773276,0.25862142899495666,3.912341743544751,0.3581136614084244,0
0.0008112938600129151,5.688057278524829,1.3671975729426082,0.7314212386580421,0.4761274456977844,0.3762630522215062,0.30819438704907043,3.942660865600959,0.4761274456977844,0
0.0006334433959727471,5.564341454007565,1.5092515459478322,0.6625777556380664,0.27464039623737335,0.2858772488708289,0.2203382193770267,3.85690759064617,0.27464039623737335,0
0.0002572202682674506,5.466039960547722,1.5198089593184323,0.6579752270137267,0.3532428964972496,0.298063817841117,0.241517154273879,3.7887701876096473,0.3532428964972496,0
0.00046871098614678956,5.524979018303215,1.5222944807489314,0.6569013075019884,0.45646126568317413,0.3616374144248371,0.28265505217086684,3.829623629317728,0.45646126568317413,0
0.00032524464163335304,5.4356172273205585,1.5952576099033535,0.6268563706078508,0.34402305632829666,0.3839540662029135,0.2908398899820668,3.7676827558483112,0.34402305632829666,0
0.0003996118386162219,5.5195987997332985,1.4619475989801876,0.6840173256425851,0.5082426816225052,0.3979113965999295,0.3309629036075421,3.825894345985193,0.5082426816225052,0
0.000443488705253827,5.418151636501001,1.6000871730794488,0.6249644385137024,0.3960879445075989,0.4135120396237082,0.3189166353815267,3.7555765308149223,0.3960879445075989,0
0.0007977368745609046,5.617935042981879,1.4406728962281292,0.6941183812511328,0.48223216086626053,0.4062788266808586,0.32511439415975474,3.8940558357398025,0.48223216086626053,0
0.0006258487657068197,5.520496884386802,1.5349665087981972,0.6514784135851888,0.3948144391179085,0.40750663459314956,0.31607133367293727,3.8265168508306733,0.3948144391179085,0
0.0008101171427081811,5.635974083105301,1.4299336074395088,0.6993314586438207,0.47410064190626144,0.40907299629010774,0.3288763244163988,3.906559545541361,0.47410064190626144,0
0.0007136427717898114,5.571966287184589,1.4931561279227878,0.6697207364900516,0.44139913469552994,0.4204651181836875,0.3268917381492429,3.862192722265063,0.44139913469552994,0
0.0003616359946203383,5.511142427095219,1.5610393994793383,0.6405963620546216,0.2687249928712845,0.2604380749468004,0.19495357786462364,3.8200328351333446,0.2687249928712845,0
0.0002582334797340973,5.316922751737256,1.6843095766699314,0.5937135608272144,0.32637739181518555,0.3900602522339716,0.29641211674243095,3.6854100147497038,0.32637739181518555,0
0.0008193260091175015,5.5560369162099725,1.5254324187084547,0.6555505102737911,0.5446124225854874,0.5001171556212395,0.38190248820183115,3.8511513236859143,0.5446124225854874,0
0.001064813996275873,5.773816717789196,1.2989651940268025,0.769841405007375,0.4622930586338043,0.35587408658376585,0.2936244627821907,4.0021047791334565,0.4622930586338043,0
0.00020918768380968694,5.345039771899113,1.6307340307263987,0.6132189391683609,0.27109263092279434,0.3324886726372623,0.258893145677348,3.7048992480006415,0.27109263092279434,0
0.001002350500874419,5.642968343858355,1.4649097246022011,0.6826346221960047,0.5513265281915665,0.52532084651016,0.39779964599074447,3.911407597662441,0.5513265281915665,0
0.0016230315748107275,5.802570629976234,1.3037600208300695,0.767010169235862,0.4582761451601982,0.3564061084545553,0.28703851292618765,4.02203547229597,0.4582761451601982,0
0.00036709424544935864,5.525619294062602,1.4944229701591412,0.6691532416621154,0.6225319355726242,0.4938008768814411,0.39413716484386896,3.830067434655125,0.6225319355726242,0
0.0003922787167135739,5.550030661080829,1.4580611425009111,0.6858399051755506,0.3538479879498482,0.2870017624498932,0.23587549064222912,3.8469881048774255,0.3538479879498482,0
0.0005057331199875351,5.62072495450856,1.4129807184589862,0.7077214015443158,0.3932485654950142,0.30251803558574764,0.24795608293152327,3.8959896550485347,0.3932485654950142,0
0.001246637855570606,5.807387873870486,1.2788430776589703,0.7819547141549653,0.5063777565956116,0.3806961146443434,0.31451853960300014,4.025374531319342,0.5063777565956116,0
0.00044328789480198397,5.721900204248392,1.324147164873787,0.7551992755722734,0.25340817868709564,0.1991888456407367,0.16270999919282758,3.9661189941481467,0.25340817868709564,0
0.0004621387379109144,5.509043552213964,1.5413048702541454,0.6487992024283484,0.4770553335547447,0.38030230367120565,0.29768741343451666,3.818578005927055,0.4770553335547447,0
0.0004911615137640971,5.529288692185856,1.5141791687495592,0.6604212659920056,0.2775174379348755,0.2579679382323668,0.20366654507552084,3.8326108676186115,0.2775174379348755,0
0.0003537996524694117,5.475637011408002,1.5525203689362066,0.6441118506714579,0.3200806677341461,0.30940883067479413,0.2422171885161788,3.795422356355141,0.3200806677341461,0
0.0006682735551362486,5.6411939690190165,1.4129370482531303,0.7077434043261002,0.36888428032398224,0.3201659111129974,0.2576910936081731,3.9101776947452986,0.36888428032398224,0
0.000628793654874998,5.554468393739045,1.5175586130019454,0.6589511565631396,0.33504629880189896,0.3336871535012569,0.25565927367097174,3.8500641067575456,0.33504629880189896,0
0.00048110197929566496,5.63456451417046,1.398493466998789,0.7150525333310555,0.35247158259153366,0.27000834015962916,0.22379439469114004,3.9055825068083707,0.35247158259153366,0
0.0004484305786960932,5.553523094274748,1.4682712911992495,0.6810712424441359,0.4220292419195175,0.37771983579654533,0.30439482027259146,3.849408875099083,0.4220292419195175,0
0.0006279598450202888,5.587696562196973,1.4542769246768081,0.6876253095394232,0.4429848715662956,0.4202530481257337,0.3385571005910606,3.8730961180393293,0.4429848715662956,0
0.00031805542590352136,5.4342254709824385,1.610796795801543,0.620809072888472,0.3671639412641525,0.36568497060987043,0.275448149238116,3.7667180638665156,0.3671639412641525,0
0.0004157535086336487,5.496721528247937,1.5223245549467617,0.6568885667708418,0.46317511051893234,0.41580962311529773,0.33061120868023863,3.810037029756211,0.46317511051893234,0
0.000297013989459646,5.470262666997805,1.531164361642583,0.6530958194490152,0.3694159761071205,0.3382342746655813,0.27000159232875376,3.7916971446798557,0.3694159761071205,0
0.0005795545052249974,5.589856220805972,1.5022808273591381,0.6656522760882574,0.28371433168649673,0.2986897215359562,0.2259967560239602,3.8745930793151295,0.28371433168649673,0
0.0003945664519559428,5.456337977889084,1.6207562019695696,0.6169940932815886,0.3209950178861618,0.33369547582905323,0.2472597662086855,3.782045285683971,0.3209950178861618,0
0.0005392447105019598,5.657517441640785,1.3702465776474377,0.7297937592171859,0.5657412856817245,0.38475582819770915,0.31914867619900633,3.9214922637700242,0.5657412856817245,0
0.0008897818758472488,5.773162791698224,1.3002302663452288,0.7690923227116457,0.4445977807044983,0.3466919657555152,0.28404646958331625,4.001651512107205,0.4445977807044983,0
0.000594290521284182,5.67325904165585,1.3436097281306383,0.7442619165934306,0.6043166071176529,0.4083976507629201,0.34540133563245945,3.93240350943797,0.6043166071176529,0
0.0005134851591644816,5.62841477470616,1.401231012165504,0.7136559474440498,0.4045862853527069,0.31701398261359626,0.2614877886743159,3.9013198322375127,0.4045862853527069,0
0.00011662499548054183,5.2232406063020616,1.7389818845762437,0.5750462697742823,0.18031851947307587,0.20185325826830816,0.15319641390840388,3.620474499772493,0.18031851947307587,0
0.00032630892600886186,5.5201123961730545,1.4865515309215305,0.6726953861467957,0.28549399971961975,0.27443177531099766,0.22066949516363366,3.8262503439093556,0.28549399971961975,0
0.0007915689785952858,5.690579552527778,1.3697726590387667,0.7300464719662215,0.571883499622345,0.43423919392418486,0.35481329563322106,3.9444091727147033,0.571883499622345,0
0.000340928434833656,5.4502564620347265,1.5319945226025187,0.6527421375337527,0.414094902575016,0.38158715316013286,0.3099521711382067,3.7778299001159916,0.414094902575016,0
0.0006925259051148361,5.642108706674405,1.4460324827733932,0.691545659852905,0.43574658781290054,0.3980039224124062,0.3093263746541197,3.9108117425720823,0.43574658781290054,0
0.0003481131246278198,5.424670863874534,1.6486294960292975,0.6065621549574282,0.2464219257235527,0.267367091485371,0.1975169247073154,3.760095314888316,0.2464219257235527,0
0.00033491408411874004,5.562276546331962,1.4529074209166577,0.6882725311892132,0.3185260593891144,0.26796461386043613,0.21944508061415036,3.8554763057127093,0.3185260593891144,0
0.0001227678077867033,5.1838721203138025,1.8031758413096426,0.5545747809934897,0.1595238745212555,0.2408054345464477,0.1769680999634602,3.593186344706817,0.1595238745212555,0
0.0001482589572416381,5.243163051955126,1.722217420576491,0.5806443973182597,0.20285852253437042,0.24367687763786486,0.18775468029355125,3.634283686806773,0.20285852253437042,0
0.00026482145551347453,5.408028239607372,1.6097764171415965,0.6212014769875683,0.19772813469171524,0.22162765712443025,0.1695277940964246,3.7485595268004137,0.19772813469171524,0
0.00020176698149486014,5.345558405625893,1.665622164588955,0.6003738009500985,0.21523341909050941,0.2444918595584543,0.18634465615923546,3.705258737506103,0.21523341909050941,0
0.0004625362314869294,5.526515859182609,1.5120500863671889,0.6613521511207815,0.4365379512310028,0.4127482129255695,0.32307140513739796,3.8306888862402495,0.4365379512310028,0
0.00023934794611774906,5.248034676847728,1.7516153060557393,0.5709000736779909,0.2532297298312187,0.3713710733822638,0.27863418800598083,3.637660439865825,0.2532297298312187,0
0.0002670172069920569,5.386703056437355,1.6279112005551801,0.6142819356433545,0.2577480375766754,0.2811610735723005,0.21442263153494423,3.7337780362111914,0.2577480375766754,0
0.0007152580930944392,5.52396549840474,1.537742401301919,0.6503024055945925,0.4295642599463463,0.41369249342913555,0.3154499452767823,3.828921110857658,0.4295642599463463,0
0.000522418553716439,5.55119515690534,1.4886089180739401,0.6717663345589175,0.41287171095609665,0.3782833946780028,0.29901608556247083,3.8477952718749586,0.41287171095609665,0
0.0004959864785551237,5.34659992027966,1.7229075431902967,0.5804127508502124,0.30913111567497253,0.40105838409211897,0.2915879409615627,3.705980660451874,0.30913111567497253,0
0.0002583930369744599,5.24721189678986,1.7673594027967996,0.565814588184904,0.30629218369722366,0.44104604708662565,0.32529971417375236,3.6370901321884936,0.30629218369722366,0
0.0012326906356630524,5.789327050310427,1.2814593911394272,0.7803579472630032,0.45963291078805923,0.33556614355555153,0.2826901929693122,4.012855722390096,0.45963291078805923,0
0.0007473405997477524,5.691325669320736,1.3580775931216154,0.7363326458337713,0.4099816456437111,0.31922171045935815,0.2645569029125454,3.94492634146611,0.4099816456437111,0
0.00035202043091732887,5.421891458605813,1.6039597451447678,0.6234554790493333,0.3975941240787506,0.398609456318003,0.30626352579338345,3.7581687779626676,0.3975941240787506,0
0.0009498850235624471,5.690973501007513,1.387684362295086,0.7206227904935432,0.40199796855449677,0.33084890094465447,0.26645747588230506,3.9446822369927195,0.40199796855449677,0
0.001454073102477316,5.834619921390061,1.2805740982735287,0.780897527533179,0.48334307223558426,0.35052748831037145,0.28204710686350154,4.0442503482784105,0.48334307223558426,0
0.0006922474716625106,5.669316629388311,1.388576108866559,0.7201604077633077,0.4947691783308983,0.40597030660883393,0.3289356270428243,3.929670837490119,0.4947691783308983,0
0.0008875048288961988,5.695917715321755,1.38440448345393,0.7223305491507915,0.5130412131547928,0.4256722194117945,0.34138484483719367,3.948109305204719,0.5130412131547928,0
0.001028981839039322,5.681975610790852,1.380002936766006,0.7246342564821249,0.5414610058069229,0.3849144089278985,0.3170927124465379,3.938445374758051,0.5414610058069229,0
0.0005224478025429278,5.573904955863796,1.4490979833531465,0.6900826398775177,0.5003589019179344,0.37904438938914836,0.30807492683152304,3.863536504994095,0.5003589019179344,0
0.000976799255533507,5.745805805733278,1.341658102197813,0.7453443842710209,0.4763968586921692,0.37482351492846133,0.3023470955996004,3.982689094416987,0.4763968586921692,0
0.00042307447282942775,5.630263213850601,1.3661368264457767,0.7319889967529344,0.47886085510253906,0.34782717775531335,0.2960063974842342,3.90260107261892,0.47886085510253906,0
0.0012357742949097403,5.804219199071251,1.2970681252848222,0.7709671449502807,0.4179396778345108,0.3235562507904249,0.26198652217885865,4.023178173316141,0.4179396778345108,0
0.000253867990159304,5.437886734360471,1.5280072037554777,0.6544455015581108,0.3815993517637253,0.39075315643328334,0.3161743329972069,3.7692558582542874,0.3815993517637253,0
0.00014411526197338388,5.2983301963615705,1.661094157927092,0.6020108800948681,0.34907667338848114,0.3082541467315089,0.24222546061491812,3.672522637411643,0.34907667338848114,0
0.00044964944777699413,5.568818006310658,1.4849729023086895,0.6734104958377896,0.3051668182015419,0.2731073365205692,0.21325464965590868,3.860010500253688,0.3051668182015419,0
0.000401900980553536,5.629837746051448,1.4082206324117374,0.7101133098856552,0.33483171463012695,0.26415311509342054,0.21289006354123785,3.9023061608135174,0.33483171463012695,0
0.0003646497437395972,5.517397907476352,1.4964640365662525,0.6682394512442709,0.3476349115371704,0.27075236884584447,0.21756955685475532,3.8243688037225736,0.3476349115371704,0
0.00037934011921670035,5.5980054841239895,1.404498995060991,0.7119952302783938,0.3737262487411499,0.29286029132185804,0.24406602690180534,3.880241718207653,0.3737262487411499,0
0.0006534002491960656,5.490785281701109,1.5670445993569988,0.6381422670235495,0.3565206378698349,0.38360530601983966,0.2913200905859412,3.805922337199169,0.3565206378698349,0
0.00045221626967768597,5.444954143156124,1.5921669111205285,0.6280732535455469,0.37920109182596207,0.3924721551444728,0.3024895287530853,3.774154612734861,0.37920109182596207,0
0.00035737378696561726,5.507174461021165,1.4999526490314052,0.6666855604624803,0.3281639516353607,0.30983505711453785,0.2483766703863921,3.8172824506365552,0.3281639516353607,0
0.00037731910329360456,5.443652200681598,1.5655901833995027,0.6387350928272904,0.4427870512008667,0.38330571295855403,0.30391388260102303,3.7732521749793895,0.4427870512008667,0
0.0004141915859479464,5.440542349791453,1.615644522565562,0.6189464699987083,0.38790642470121384,0.39588412299052145,0.2973205939355239,3.7710965906029257,0.38790642470121384,0
0.000432249637378146,5.562028186151997,1.4371273699459983,0.6958308877012608,0.5457869619131088,0.4190348433163168,0.3437655023371917,3.855304155554201,0.5457869619131088,0
0.00047050920231999006,5.557053744855649,1.450235121623759,0.6895413675546325,0.39531485736370087,0.3459048828502128,0.2861975804745498,3.8518561355947787,0.39531485736370087,0
0.0006978255072725388,5.5739731129520305,1.4515014696518553,0.6889399943909043,0.5172642022371292,0.3867504932264058,0.3188135838319113,3.8635837478876414,0.5172642022371292,0
0.00027668350275541375,5.384191586816158,1.62918036475709,0.6138038781623344,0.3828328773379326,0.36050405972285743,0.27821573151356915,3.732037218124196,0.3828328773379326,0
0.0014025382580618638,5.730090250596604,1.3837285896976284,0.722683256441204,0.4413352534174919,0.3973342278520025,0.31244850561893145,3.971795901683066,0.4413352534174919,0
0.00034463064420501156,5.579379269587653,1.4154299223816598,0.7064970534302465,0.42202887684106827,0.34123765513230514,0.2845153080106684,3.8673310101172875,0.42202887684106827,0
0.00043497687374797643,5.604515936983021,1.4151884131996728,0.7066172265921732,0.3902684822678566,0.2866667040975644,0.2344754916793903,3.884754420251061,0.3902684822678566,0
0.0003602576694274569,5.462028229332629,1.5646136074382824,0.6391334861255082,0.3247622773051262,0.3277992225543281,0.25408022073823133,3.7859894674287418,0.3247622773051262,0
0.00032883299262269887,5.459921856081905,1.583752118729916,0.6314096127359546,0.27411124110221863,0.271145513479369,0.2063028902567794,3.7845294407487957,0.27411124110221863,0
0.0003008541594582358,5.3406465079374135,1.690264420050978,0.5916216883203778,0.29635487496852875,0.3436296169338172,0.258610636063338,3.7018540694721342,0.29635487496852875,0
0.0004965353988147137,5.620223159718694,1.385627431920253,0.7216924742274676,0.4516540840268135,0.32151139217546704,0.2731840750908532,3.8956418374047184,0.4516540840268135,0
0.0009356241362582599,5.696337616551334,1.3533613162173412,0.7388988164328864,0.42569129168987274,0.3418511810443447,0.2821352349537847,3.948400358558115,0.42569129168987274,0
0.0008893678840659954,5.683508730016859,1.3744745325407013,0.7275489639490904,0.5243298411369324,0.4035705106180451,0.32998291808621616,3.9395080520270196,0.5243298411369324,0
0.0008882989629161809,5.630412229850387,1.4509372376197827,0.6892080822043493,0.4838280826807022,0.42935654662806805,0.33809577473743957,3.9027043626390285,0.4838280826807022,0
0.000594044238568962,5.639564247173281,1.4105958217029395,0.708918000028081,0.37114202231168747,0.3094786349834458,0.2484413080048853,3.9090480576428286,0.37114202231168747,0
0.0006305679839327975,5.631730184593167,1.4512049474694315,0.6890804932537907,0.3737555146217346,0.3356837577592302,0.2607898329274576,3.9036178992530925,0.3737555146217346,0
0.00018542434054631606,5.289134912852411,1.705950223809572,0.5861817148727423,0.2786254212260246,0.3152257342463118,0.2377680529943973,3.6661489525728186,0.2786254212260246,0
0.00039600665180840046,5.483255157281753,1.5591123381747136,0.6413885830827839,0.32438576966524124,0.3178072686421707,0.24618690495026385,3.800702852688626,0.32438576966524124,0
0.0004807734827551624,5.480034938883756,1.5774211944211514,0.6339442123735822,0.32077208906412125,0.3374581894871646,0.25869576196782873,3.798470767385268,0.32077208906412125,0
0.00020553524006308653,5.3285627151199755,1.6380027174030927,0.6104977374870098,0.36894015222787857,0.3281876655172071,0.26075764557936054,3.6934782225502563,0.36894015222787857,0
0.0004049693327150137,5.415112084760616,1.5883120585479689,0.6295976723751672,0.3420475050806999,0.4123815636369011,0.32224376709555713,3.753469674095908,0.3420475050806999,0
0.0004758274271347899,5.567721427793916,1.4576754254611763,0.6860218711894407,0.43464887142181396,0.36009486704877586,0.29075440174324285,3.8592504099465454,0.43464887142181396,0
0.0005866374766169917,5.679340815271388,1.34098412546844,0.7457190461650544,0.5287017077207565,0.3850537624004356,0.3252587492697785,3.9366190736723823,0.5287017077207565,0
0.00047983201323398473,5.60208215409641,1.4077517381653697,0.7103505337598155,0.44334661960601807,0.3569642768964249,0.2958572606126779,3.88306745050511,0.44334661960601807,0
0.0006410863675543826,5.597365441939281,1.4464138489208287,0.6913632481677676,0.4187600091099739,0.38121056804065906,0.3049237119456052,3.879798074771883,0.4187600091099739,0
0.0008975488165706749,5.699736671902036,1.3729918925519626,0.7283342157074552,0.39420967549085617,0.3303846903741894,0.2659023169403554,3.950756404191022,0.39420967549085617,0
0.0006457782321460327,5.668363394059414,1.3930211384618711,0.7178617127430117,0.34354276955127716,0.2890450333494148,0.2332829266003955,3.9290101051094846,0.34354276955127716,0
0.0005899466970029001,5.701552177821533,1.3657920702989559,0.7321731700614933,0.34208205342292786,0.2709837645451066,0.21676412478504403,3.952014817000411,0.34208205342292786,0
0.0006977279438372091,5.7257117778705044,1.3357302647874658,0.7486508611051486,0.303788498044014,0.22794194918629276,0.18746628270105248,3.96876097565781,0.303788498044014,0
0.0004997024869302014,5.630411919345125,1.4312176795574247,0.6987026277226936,0.2608070597052574,0.22489751195685032,0.1777126417805448,3.902704147413183,0.2608070597052574,0
0.0007995777506752783,5.661095101508245,1.4228614405555464,0.702807298669473,0.4420987665653229,0.3854175076090975,0.3025024258480471,3.9239721086201564,0.4420987665653229,0
0.0007449435018905569,5.578715316400907,1.485545270432913,0.6731518244619101,0.43127478659152985,0.4014623623902306,0.31293401527242537,3.86687079283787,0.43127478659152985,0
0.0012127763499842508,5.775128487137138,1.3154314798360547,0.7602048116469887,0.4573461711406708,0.3759902003566926,0.3036072826085956,4.003014028358527,0.4573461711406708,0
0.00037718919764175403,5.428051093045062,1.5722838101890855,0.6360161606874184,0.4915815368294716,0.47903344616517246,0.37864641757323625,3.7624383112075144,0.4915815368294716,0
0.00035185278024013486,5.478150530845044,1.556330768488274,0.6425346141618598,0.2942873612046242,0.2769949446975028,0.21411082312687313,3.7971645952662083,0.2942873612046242,0
0.00042397600115626243,5.403460803894872,1.6610978427728937,0.6020099229306612,0.31868061423301697,0.382307008340908,0.28055720520439564,3.7453936216139057,0.31868061423301697,0
0.0006099765819433894,5.502964967252762,1.5974280965728482,0.6260044910315761,0.3686606287956238,0.35242869215951744,0.2621463602542917,3.8143646518994028,0.3686606287956238,0
0.0010411794489643127,5.677811619097408,1.4146522955525975,0.7068854258926796,0.38775525242090225,0.3436926052612073,0.27096084992831493,3.935559115655866,0.38775525242090225,0
0.00034113602583840034,5.4268780641975995,1.6339459330077863,0.6120133358997465,0.26506227254867554,0.3031340149432653,0.2226751413393231,3.76162522956918,0.26506227254867554,0
0.00040482746688191173,5.537748017738124,1.5054399533421072,0.6642555810536014,0.36660679429769516,0.32164051086382,0.25069722581184806,3.8384744252746055,0.36660679429769516,0
0.0004002256246586864,5.622539063812043,1.382006912220376,0.7235830280561855,0.42293333262205124,0.307345093991433,0.25803542467099305,3.897247099797471,0.42293333262205124,0
0.00043340529066591364,5.545816868172644,1.5143336016528215,0.6603545534588028,0.3442571684718132,0.34355980752589454,0.26233634084906043,3.8440673262036533,0.3442571684718132,0
0.0002692834676400492,5.407553575699957,1.6177897966272632,0.6181253363623384,0.27097872644662857,0.31869401132971725,0.24262250659160145,3.748230514851275,0.27097872644662857,0
0.0007299590591861143,5.68959997665023,1.3768192506030632,0.726309346750766,0.3674333766102791,0.3021593915044116,0.24386455583271527,3.943730182457037,0.3674333766102791,0
0.0005941295214312142,5.627528488193702,1.4224385203140613,0.7030158158302594,0.4182937666773796,0.31025227922399434,0.25243101448648986,3.900705505240235,0.4182937666773796,0
0.0005749364930378886,5.61433034728808,1.4551841837007353,0.68719594137688,0.35545705258846283,0.29984862301792314,0.23546840553936477,3.8915572510828698,0.35545705258846283,0
0.00034441364495026714,5.4183468244125965,1.6134700042076042,0.6197802306720362,0.26851287484169006,0.31361529762770624,0.2391999323994014,3.755711824765523,0.26851287484169006,0
0.0003684140501416996,5.583479712912233,1.4143117275921882,0.7070554913854025,0.442155160009861,0.31984801407266855,0.2679536774248845,3.870173220846767,0.442155160009861,0
0.0006240902576839531,5.568104947548161,1.4947620726086872,0.6690007061352734,0.34582769870758057,0.32072558030355813,0.24973957942142988,3.8595162455828893,0.34582769870758057,0
0.00027000883954062915,5.36964029604558,1.6384253601023093,0.6103400846661721,0.29057294875383377,0.3005704506644618,0.23057506466534505,3.7219510319530613,0.29057294875383377,0
0.0007497174773789556,5.6598730961481305,1.4184803324762452,0.704977716812884,0.39060594141483307,0.33626152558877914,0.2650841528293313,3.9231250790501635,0.39060594141483307,0
0.0002485013173572757,5.380392978766714,1.602109273409281,0.6241755305422572,0.4163214862346649,0.3854619446950492,0.3035385643770496,3.7294042236646745,0.4163214862346649,0
0.00035810582740865087,5.496578387341065,1.5216592792017667,0.6571755671766265,0.3832114711403847,0.3703500294964253,0.2905821796194914,3.809937812040189,0.3832114711403847,0
0.0003779687131958571,5.580018369568737,1.4129105964122757,0.7077568547102967,0.4955848157405853,0.3520749314229271,0.297429058562102,3.8677740004672714,0.4955848157405853,0
0.0020815330953919313,5.869621478925905,1.2547814138494933,0.7969494419299887,0.5299180746078491,0.3770034586017155,0.3042819672272117,4.068511579199586,0.5299180746078491,0
0.0007992975006578777,5.584513136871273,1.4666846706433805,0.681808330936246,0.5192190557718277,0.46025606499169197,0.3653951744885262,3.8708895357502975,0.5192190557718277,0
0.0004341198205289029,5.46563882088008,1.5600391377290892,0.6410082014640293,0.4681798070669174,0.47211783755153286,0.3664645668875437,3.78849213878001,0.4681798070669174,0
0.0004422978610839036,5.496354495574728,1.5395995777814635,0.6495181121375354,0.45231593400239944,0.45687209058279793,0.3535334689440788,3.8097826220936017,0.45231593400239944,0
0.0009374931531010787,5.72647388616406,1.3185731441331554,0.7583941351483517,0.7485593259334564,0.5374238439518043,0.4504668304571169,3.96928922887277,0.7485593259334564,0
0.0007551439907983979,5.66502335666873,1.3875973652799718,0.7206682834261509,0.47908469289541245,0.38629670619274126,0.3164526913319605,3.926694967609167,0.47908469289541245,0
0.00065967316725752,5.6510117655096685,1.4120969758310349,0.7081646949708298,0.4411727711558342,0.3602501316909757,0.2888827501714104,3.916982872702105,0.4411727711558342,0
0.0005801904933142577,5.632688170584714,1.4393177053101052,0.6947718591324497,0.48105374723672867,0.3903191467012588,0.30766102964571473,3.904281924542149,0.48105374723672867,0
0.0014265389344672807,5.754059174618327,1.3715413923955608,0.7291049211434737,0.43791595846414566,0.41300839539103235,0.31854764240637223,3.988409893789778,0.43791595846414566,0
0.00078618495783816,5.723657978873149,1.3443228230413173,0.7438667658757716,0.45739153772592545,0.34137384240806434,0.2805513896400669,3.9673373906733573,0.45739153772592545,0
0.0012919366214936875,5.760857279230862,1.3498784562986852,0.7408051925387238,0.409988671541214,0.33000175006858845,0.2626895788580441,3.9931219808351086,0.409988671541214,0
0.0005560665283228805,5.688552740563463,1.3638868918073546,0.733196423491895,0.4509394019842148,0.3323486480915005,0.27144215319015075,3.9430042937161134,0.4509394019842148,0
0.0006053459512981623,5.607465722822923,1.4510747615464967,0.6891426287712069,0.4158174470067024,0.39615089222593447,0.31412209702801874,3.8867990559892442,0.4158174470067024,0
0.000603834465179525,5.628933236834747,1.4188782272043008,0.7047798801371736,0.3767857477068901,0.31514805356231196,0.2542600521314853,3.9016792028001714,0.3767857477068901,0
0.00044612311481713137,5.449983516426439,1.6049783416873504,0.6230599092564427,0.49129777401685715,0.4273366942361792,0.3257929194260214,3.7776407086371613,0.49129777401685715,0
0.0003451021951929001,5.5220783665374285,1.5134178457006386,0.6607540413875592,0.40055953711271286,0.3287144024408069,0.258408944925975,3.8276130507244854,0.40055953711271286,0
0.0005418926551356662,5.56389539549098,1.4901437283721297,0.6710746913533476,0.4937285929918289,0.4429844381514678,0.34696645090798484,3.8565984064430334,0.4937285929918289,0
0.0006628961369530345,5.62423762876541,1.4242851190017811,0.7021048315532509,0.50706847012043,0.3942524480538636,0.3198722759169641,3.898424455305896,0.50706847012043,0
0.0006273715093270984,5.678462324492029,1.3515475423574845,0.739890671329171,0.5221442729234695,0.38736290590165307,0.32202583015708797,3.9360101502655227,0.5221442729234695,0
0.000493578907739069,5.520199456759331,1.5020563438033245,0.665751894916734,0.33382491022348404,0.3181824286472268,0.2542189477447323,3.826310689709272,0.33382491022348404,0
0.0009281964763025396,5.754181663211417,1.295998948383381,0.7716035681654813,0.5465076863765717,0.38653387638983544,0.32633272176872197,3.9884947964127297,0.5465076863765717,0
0.0006611418899578783,5.60291010623342,1.4652577391596058,0.6824720861626086,0.460698626935482,0.4009629435305239,0.3136412671333346,3.883641343194518,0.460698626935482,0
0.00015641832289024665,5.301582743201292,1.6458916524229104,0.6075712158420332,0.2381638064980507,0.2771921190271264,0.21789738452798701,3.6747771310832356,0.2381638064980507,0
0.0005093538239977574,5.526774550186882,1.5231428652529582,0.6565351026234935,0.32069019228219986,0.30838865666814763,0.23972876079233174,3.830868197180496,0.32069019228219986,0
0.0002415980268789264,5.397871850221474,1.6128478545709735,0.620018862580522,0.25029636546969414,0.25590443569356097,0.19772486106262477,3.7415196541329094,0.25029636546969414,0
0.0006414379967278584,5.596496043310349,1.4701030319610395,0.680222764473584,0.4168943464756012,0.40790612225654416,0.31409052501558676,3.8791954535634567,0.4168943464756012,0
0.0005140818158765894,5.530680006835672,1.5242498602268792,0.656058873776294,0.40732331573963165,0.424925912967594,0.32592723840821236,3.833575253445404,0.40732331573963165,0
0.0009090573404878901,5.664584494337638,1.3908963452134082,0.7189592124272071,0.5291628539562225,0.44265756555351277,0.3575096330565657,3.926390771421716,0.5291628539562225,0
0.0002543362175643689,5.359782157365935,1.6194695578863536,0.6174846951144285,0.39758020639419556,0.4284844658039733,0.33585543546723784,3.7151178909216975,0.39758020639419556,0
0.0012234473710681282,5.625799975603012,1.4667812863537324,0.6817635354742668,0.5261436551809311,0.4988894709636833,0.3868649384374976,3.8995073916114356,0.5261436551809311,0
0.0009665739160210463,5.754674194017732,1.361393046730512,0.73453956013205,0.3944642022252083,0.338948990195735,0.25895726461385493,3.9888361927524656,0.3944642022252083,0
0.0006099062145907815,5.57070303980387,1.4994068303761543,0.6669289919777376,0.4291941970586777,0.47302410549067353,0.36507252047431393,3.8613171059047677,0.4291941970586777,0
0.00032817414614969074,5.442955234706386,1.5742386519425815,0.635225791382582,0.328686960041523,0.33261225615849066,0.25956330500457625,3.772769074978725,0.328686960041523,0
0.000480151604999593,5.445757133314197,1.585245974017479,0.6308159718583524,0.6178817003965378,0.6577787882688085,0.5010574532101373,3.7747112030989447,0.6178817003965378,0
0.00043084961935547296,5.5009863659853,1.5441296834794462,0.6476125045655753,0.46601638942956924,0.43321678333671926,0.33405098434832325,3.812993190009408,0.46601638942956924,0
0.0005778339680106436,5.485906327511564,1.5835946584125686,0.6314734807099068,0.5149704813957214,0.5078662189274726,0.37974118324518713,3.8025405038586024,0.5149704813957214,0
0.0006843446653347346,5.563762134062255,1.5012006305379992,0.6661318433737283,0.45705311745405197,0.4070481270936272,0.31911232157830227,3.856506036659435,0.45705311745405197,0
0.0006944693492493639,5.565954963876729,1.4970893747513334,0.6679615837348197,0.6107082813978195,0.5524093372699996,0.4290903298347075,3.8580259904627847,0.6107082813978195,0
0.0004604778167592356,5.540518119461524,1.4971067861865308,0.6679534087055359,0.48656413704156876,0.413398003002398,0.32705849904971274,3.8403945134740445,0.48656413704156876,0
0.0007747250969327202,5.669204664283322,1.3935456294793314,0.7175919856006151,0.39469874650239944,0.35401678190108143,0.2850775598708424,3.9295932291932756,0.39469874650239944,0
0.00030045133811284266,5.38850026421899,1.6974022213194628,0.5891337662335798,0.27457456290721893,0.3293211000735091,0.23130908295502195,3.735023765717914,0.27457456290721893,0
0.001618320097041083,5.8318881061330305,1.2759979159193906,0.7836979778677409,0.456436850130558,0.33183569211002084,0.2715715003478749,4.042356798235188,0.456436850130558,0
0.0008865927721832731,5.749162203837233,1.3027061064104162,0.7676305915538572,0.47595711797475815,0.3400291881808294,0.2859306000639208,3.9850155722995786,0.47595711797475815,0
0.0008080063506236705,5.692859742844957,1.3555166812590045,0.7377239525422465,0.41620900481939316,0.3476842401209657,0.2883651402023304,3.9459896802041943,0.41620900481939316,0
0.00033276698479827637,5.492725672676811,1.5058392501848687,0.6640793787287854,0.34485113620758057,0.3118877164046134,0.2524083662397061,3.80726731373316,0.34485113620758057,0
0.00038543822590049313,5.518809288170273,1.4717686097785934,0.6794524038309504,0.4056180417537689,0.3048581810898076,0.25168398276204584,3.825347098271263,0.4056180417537689,0
0.0005260059387442046,5.5134527847144135,1.5605167537873628,0.6408120283610799,0.5337591916322708,0.4776191360256714,0.36343395208496077,3.8216342530031726,0.5337591916322708,0
0.000817945028910667,5.63391876393319,1.4321839495446391,0.698233097839389,0.6595009714365005,0.5668173638825316,0.44824045113091415,3.9051349068520618,0.6595009714365005,0
0.00045530175462837267,5.55255055190765,1.4735223103891852,0.6786447603680668,0.5579012036323547,0.5540865525568602,0.4371407798785185,3.8487347600993544,0.5579012036323547,0
0.0008334751801952238,5.709611084174073,1.375209233623083,0.7271601444181174,0.4597909301519394,0.3766364060895643,0.2971505561927188,3.95760082521707,0.4597909301519394,0
0.0004347012832312604,5.503220940114187,1.547672837832414,0.6461296486767784,0.35865267366170883,0.3713286731101397,0.28223148748679705,3.8145420787666007,0.35865267366170883,0
0.0006803641093574459,5.583621181666047,1.479206824653218,0.6760364369814968,0.49289173632860184,0.4369277409577354,0.342119130111314,3.8702712795146086,0.49289173632860184,0
0.0004999874607821391,5.4971555824240355,1.5366928629157321,0.6507461688493511,0.3662332221865654,0.33258297217859323,0.26117574832653645,3.810337893184584,0.3662332221865654,0
0.0007738274882568098,5.727645141374964,1.3614151775573384,0.7345270909475993,0.3440225347876549,0.27247433961940953,0.2169448505484297,3.970101081119925,0.3440225347876549,0
0.0016349320967340712,5.880567568886366,1.2233304309278354,0.8174388210820698,0.63248710334301,0.4515175297595992,0.37139135945108137,4.076098830593836,0.63248710334301,0
0.0008131685250138606,5.578627797298286,1.5031300298279056,0.6652769965131876,0.52621890604496,0.46117122418314205,0.3530415710720263,3.866810129218643,0.52621890604496,0
0.0006763322344840428,5.563141196660903,1.512585598767337,0.6611182964167426,0.5053190514445305,0.5035849246883849,0.3859569221813217,3.856075635650383,0.5053190514445305,0
0.0009015432211157783,5.625058424107897,1.4511780457879702,0.6890939756686059,0.6103307604789734,0.5125501029716834,0.4031862677002209,3.8989933872833564,0.6103307604789734,0
0.0006493781469126638,5.686115100310984,1.3578910077450672,0.7364336737859689,0.3725007548928261,0.2997083985880768,0.24658444214958308,3.9413146502478877,0.3725007548928261,0
0.002066612363616959,5.882642640549695,1.2400358400206999,0.80642673499357,0.7230576127767563,0.5138057324330593,0.4167399189495882,4.077537160666731,0.7230576127767563,0
0.0008688052332461998,5.674776682658088,1.4156608077834767,0.7063817907271998,0.37715358287096024,0.3351718070811696,0.2623107690080815,3.933455458019773,0.37715358287096024,0
0.0005090358424218534,5.559301168017134,1.4563484263674238,0.6866474415433602,0.565413773059845,0.48099043264487645,0.39123855850311884,3.853413930622686,0.565413773059845,0
0.0005490800099909479,5.546223529242692,1.4849983087155743,0.6733998223014723,0.4434328228235245,0.41618134392329,0.3303612135534877,3.8443492021778,0.4434328228235245,0
0.00020689535087927062,5.31864499739602,1.695789590011863,0.5896943089898027,0.35108861327171326,0.3953300058294633,0.2938730064236097,3.686603784472307,0.35108861327171326,0
0.0010220100529125073,5.773523455364933,1.295770232508866,0.7717391101692989,0.393563412129879,0.29122327034667217,0.2418559330114931,4.001901505110917,0.393563412129879,0
0.000724287873486748,5.664893546967396,1.4078212355976207,0.7103154645036535,0.43349940329790115,0.35649273695125155,0.2825144847292904,3.9266049903806772,0.43349940329790115,0
0.0005913384579059204,5.497921605666084,1.5513835605302253,0.6445845631989369,0.498136967420578,0.47499483603569614,0.36595608486084075,3.810868860035052,0.498136967420578,0
0.0013766517362874358,5.699730398051478,1.401236250077564,0.7136540957939059,0.6176852881908417,0.4972746127502989,0.3904279564923172,3.950752055489196,0.6176852881908417,0
0.0007510931126747314,5.642353156998459,1.436993171229105,0.6958957573228883,0.4039098471403122,0.39233438255968317,0.3082505211150419,3.9109811826249867,0.4039098471403122,0
0.0007354942392693267,5.674574562460348,1.3771930004972615,0.7261127141274882,0.47386427223682404,0.37699734273489094,0.30705241297800967,3.9333153589745757,0.47386427223682404,0
0.000383177765910748,5.437198909033847,1.5648181043786678,0.6390505668534908,0.45887456089258194,0.47542557717933837,0.3745217181615317,3.768779094068421,0.45887456089258194,0
0.0006909411757430811,5.610065220559184,1.4726694557636903,0.6790374131371151,0.439191572368145,0.4269202837633852,0.32518380180476925,3.888600890516005,0.439191572368145,0
0.0003293912610308326,5.491800312713014,1.5133782863976224,0.6607717033835456,0.46535512059926987,0.4078570589939897,0.3262208216065119,3.8066259030832494,0.46535512059926987,0
0.0008262353321252638,5.729804837267103,1.3345077688262363,0.7493381706887347,0.5122719705104828,0.41845494184952764,0.34024998944175877,3.9715980682384275,0.5122719705104828,0
0.00034825194555310494,5.499982047311336,1.4957232627688575,0.6685716450990746,0.4849855378270149,0.5441877616075683,0.4369508326308278,3.812297049352166,0.4849855378270149,0
0.0013258926171144363,5.7544872759840136,1.356479192314286,0.7372005358012211,0.43793925642967224,0.3555390444393292,0.280812658231298,3.9887066310443986,0.43793925642967224,0
0.00025616648302293773,5.415957683650634,1.573884053256942,0.6353692036000531,0.4301031082868576,0.393309061221307,0.31149165357965103,3.7540557985824075,0.4301031082868576,0
0.0003152650677280775,5.497375865997033,1.5009593993234833,0.6662377187300884,0.2758063077926636,0.23618851272612412,0.19244550056021126,3.8104905821221307,0.2758063077926636,0
0.0005244557651830269,5.519277491104884,1.5247492630154487,0.6558436284945242,0.3553989753127098,0.3435472130488837,0.26962275959817816,3.8256716318153186,0.3553989753127098,0
0.000586135820328812,5.5534109002191405,1.5149538054335103,0.660084449837895,0.42976364493370056,0.392031243253248,0.29946661039230094,3.8493311081057637,0.42976364493370056,0
0.0011474857835161157,5.696125108512538,1.3774479100389485,0.7259784739062913,0.5156439989805222,0.4051222676448639,0.3265639894502783,3.948253059210177,0.5156439989805222,0
0.0006883999389475677,5.648658334935991,1.398291777837107,0.7151567821461248,0.5714458376169205,0.4647563068618642,0.37703197885525697,3.915351598935317,0.5714458376169205,0
0.0007459191172900693,5.67780929746843,1.3789499877648679,0.7251875466092499,0.49107198417186737,0.37857522881397576,0.3071084437644913,3.935557506425286,0.49107198417186737,0
0.00032258052522078726,5.455968857350587,1.5601369901490592,0.6409675245222208,0.3688453435897827,0.3501993099407207,0.27431601864736876,3.7817894308234257,0.3688453435897827,0
0.0011128259254939749,5.7732576883717766,1.3445704202928765,0.7437302383834101,0.5387015044689178,0.43088633156826966,0.33430777913054044,4.001717289468924,0.5387015044689178,0
0.0004631153145011585,5.618098365770544,1.4300989422544175,0.6992499617152087,0.355236291885376,0.29678953932343793,0.23553006949532573,3.8941690424702875,0.355236291885376,0
0.0001507056901459226,5.335281848156816,1.6143718879317515,0.6194337066354516,0.27549634128808975,0.27490777155169743,0.21801487205402736,3.6981355706705505,0.27549634128808975,0
0.0008701423454650377,5.723817235535312,1.3135896753732448,0.7612707013467728,0.5411951541900635,0.37501586680726096,0.3181238773863697,3.96744777897972,0.5411951541900635,0
0.0010308843180164011,5.673017297470761,1.4232414025137605,0.7026193361934688,0.37569648772478104,0.3256764468560577,0.2580075545110958,3.932235945137658,0.37569648772478104,0
0.000672706596054923,5.662283930560732,1.3918014931483151,0.7184913762358062,0.5131461322307587,0.38026461154138086,0.3096443000358704,3.924796142126055,0.5131461322307587,0
0.001581245968522437,5.82335374401052,1.2735234479326767,0.7852214372987579,0.6277830898761749,0.47897652466207324,0.39282964023141176,4.036441229192093,0.6277830898761749,0
0.0009332680305660681,5.632971259313335,1.4368507437625888,0.6959652499802282,0.7556660622358322,0.5515913665584639,0.4415663963513907,3.904478146696241,0.7556660622358322,0
0.0005014986566689945,5.528621637233092,1.5479374961413737,0.6460194161873913,0.4520173743367195,0.4305791135432336,0.323808990154248,3.832148500358825,0.4520173743367195,0
0.00014391948811707568,5.1595699202571685,1.7998853094301042,0.5555897647073967,0.29850053042173386,0.46632263902915144,0.3490995672509598,3.5763413432561557,0.29850053042173386,0
0.0006026058497628875,5.621685860877742,1.427567808173595,0.7004902884347911,0.4462810605764389,0.3825117040280886,0.30435363066112586,3.8966557045891146,0.4462810605764389,1
0.00037605301594031347,5.614353125410538,1.4064173522954988,0.7110242424633555,0.37573978304862976,0.31570571451471713,0.25739771020016633,3.8915730396742285,0.37573978304862976,1
0.0007137114113732658,5.670338029049603,1.3728587275651458,0.7284046572277327,0.39916564524173737,0.3021936150726394,0.2519619758721774,3.9303788177855687,0.39916564524173737,1
0.0011578228648578982,5.719498158444177,1.3566729677894622,0.7370956739524301,0.5524279177188873,0.44954343962522325,0.36467862061931555,3.96445402287138,0.5524279177188873,1
0.0002767891801409275,5.421793159736593,1.5783673144030466,0.6335644073706639,0.38159647583961487,0.3776657510781534,0.296023205921756,3.758100642378616,0.38159647583961487,1
0.0004884324231528292,5.611415775092201,1.420222264209599,0.7041127060907496,0.3618774265050888,0.28915866042401644,0.23401502364595217,3.8895370235827578,0.3618774265050888,1
0.0007498935051675183,5.54046632462157,1.5152493261513864,0.6599562134032949,0.5327230095863342,0.5579253592585409,0.43182928191919245,3.840358612026762,0.5327230095863342,1
0.0004739029056489208,5.553938448801898,1.4641831666754583,0.6829728488406176,0.4732465520501137,0.3771538005742359,0.3059980399439155,3.8496967769185115,0.4732465520501137,1
0.0003341515517921088,5.469017496537793,1.5400758919468331,0.6493169998934936,0.42009247839450836,0.3933540088009528,0.3087600863646003,3.7908340582861815,0.42009247839450836,1
0.0006430469297685188,5.618933223546739,1.4283375189948002,0.7001127321592197,0.38269757479429245,0.3680342508892388,0.29407890168545237,3.894747721784026,0.38269757479429245,1
0.000651737002089396,5.704386953424841,1.3474796444116581,0.7421239029277108,0.38578856736421585,0.31774442322093893,0.2598112876803498,3.9539797337173628,0.38578856736421585,1
0.00028831749934128594,5.484899805278291,1.4731653982884771,0.6788084186563038,0.435590036213398,0.34181289384908387,0.2888913264576445,3.8018428358104397,0.435590036213398,1
0.0005664233723991217,5.598164333241367,1.45081098818718,0.6892676864046314,0.40655605494976044,0.34882463248916856,0.278913071613033,3.880351824025497,0.40655605494976044,1
0.0005943438247304468,5.652877904672932,1.372172737620902,0.7287690946815737,0.40822702646255493,0.3429042736008983,0.2855074531798891,3.918276381801654,0.40822702646255493,1
0.00046239116614031183,5.442398603906341,1.6192121616155501,0.6175828605487074,0.4200625568628311,0.43077460652335153,0.3255662484140771,3.7723832479090618,0.4200625568628311,1
0.0006588234450234536,5.684510447440127,1.375573385986048,0.72696776699586,0.5385900288820267,0.40204932985292047,0.3266403440971999,3.9402023896346763,0.5385900288820267,1
0.0007336324603603485,5.5954778911531395,1.4571459999417857,0.6862714917415497,0.5907883644104004,0.4462413611294574,0.35718949790452825,3.8784897242663066,0.5907883644104004,1
0.0003732793449525134,5.529917468785568,1.4689168593499784,0.6807718612646094,0.4248747453093529,0.36554720055758616,0.29839394581131273,3.8330467023459045,0.4248747453093529,1
0.00028837982821257503,5.422315132272921,1.5587939749542845,0.641519871207607,0.4177049919962883,0.3717533797387235,0.3004168886732259,3.758462446170501,0.4177049919962883,1
0.0006616754301856854,5.709962378590751,1.3421619156874116,0.745064721595668,0.5417520105838776,0.399048933875772,0.3259631302195203,3.9578443239515364,0.5417520105838776,1
0.00048382475043918014,5.579401987587294,1.478803812782777,0.6762202605408832,0.3526277616620064,0.34477532402836725,0.26657041068369836,3.867346757034687,0.3526277616620064,1
0.0002891355470285537,5.4416147859852835,1.5858713243307747,0.6305663239917381,0.3285938873887062,0.33913232323435066,0.25694635513434605,3.7718399467270087,0.3285938873887062,1
0.00021102291090229034,5.343842750221384,1.6859948417612445,0.5931194351538601,0.2437560148537159,0.27087088045674107,0.20036441972024477,3.704069535799656,0.2437560148537159,1
0.0010205111959096578,5.741921522210072,1.3625863809254035,0.7338960675365418,0.38276591897010803,0.31119973709889287,0.24728137309111275,3.9799967142443813,0.38276591897010803,1
0.00045237240294917363,5.576946511565961,1.4575921843473785,0.6860606988507094,0.3496292531490326,0.30419378782875195,0.24563889494174873,3.865644750753568,0.3496292531490326,1
0.0005526517627300139,5.552609539605628,1.5217980064350023,0.6571157965538003,0.3987024053931236,0.4014752315825422,0.307618315048785,3.848775647255895,0.3987024053931236,1
0.00037314416334447093,5.420142824857863,1.565740248144522,0.6386739528791541,0.423558346927166,0.40216497737627455,0.3239036388852128,3.7569567174104437,0.423558346927166,1
0.0004940887053626598,5.6359832728708525,1.429437757800043,0.6995732924586844,0.33074951171875,0.2839760710319314,0.22456932422574027,3.906565915401444,0.33074951171875,1
0.0005073566191504511,5.639784589087226,1.4035563793566652,0.7124734371331355,0.37038788944482803,0.29742422393787254,0.23943126543599647,3.90920078701924,0.37038788944482803,1
0.000596586827933018,5.629334889837816,1.406789065611229,0.7108363884358175,0.42942187935113907,0.31833753609511256,0.2629843811956789,3.9019576074468123,0.42942187935113907,1
0.00026746487990179105,5.457617514250908,1.5355917015790257,0.6512125333691973,0.3042197972536087,0.29088321182602017,0.23224114117283534,3.7829321927055926,0.3042197972536087,1
0.00029887936491284484,5.423148200868787,1.5976744984597682,0.6259074355932048,0.26749733090400696,0.27383983001729534,0.2109211267414821,3.759039885318938,0.26749733090400696,1
0.000953497795533163,5.753217221293145,1.3062459980370513,0.7655505968245697,0.5319093465805054,0.3851175524238668,0.3235015692559955,3.987826296216266,0.5319093465805054,1
0.0006444904202720741,5.661313240624711,1.3946622107660935,0.7170170192666444,0.31661709398031235,0.2891205696121793,0.23418700830598027,3.9241233111337053,0.31661709398031235,1
0.0011327000155452458,5.72743975005492,1.3541206127340761,0.7384847156934438,0.4534173160791397,0.38105438290185295,0.30764370195947777,3.969958714705526,0.4534173160791397,1
0.0003463334301610083,5.500140624909325,1.539304612695439,0.6496425377239806,0.431955024600029,0.4454177621434767,0.3394621419529358,3.812406966967113,0.431955024600029,1
0.0004710591372874177,5.577313483721962,1.4523585490298645,0.6885334287402888,0.4478392079472542,0.3863266785281765,0.3105284240546098,3.8658991164688423,0.4478392079472542,1
0.0009598288159086328,5.787248435612768,1.3000488823062926,0.7691994218615551,0.41047538816928864,0.317324505608369,0.2580148990600719,4.011414936472942,0.41047538816928864,1
0.0007505133071102312,5.684829188534271,1.3408859552149839,0.7457739220371005,0.6749308705329895,0.450008591515102,0.3820095471219247,3.94042332412541,0.6749308705329895,1
0.00047199882856278745,5.560619385980656,1.4680741136579862,0.6811633091104056,0.6186401844024658,0.5622005903090666,0.4466238711429469,3.8543276496874643,0.6186401844024658,1
0.0005998430649395897,5.569815821776723,1.482143228681986,0.6746974082512835,0.6409455090761185,0.5540306377798959,0.4328141075602616,3.8607021332307094,0.6409455090761185,1
0.0008019298070618582,5.566035236574065,1.490649683499369,0.6708473375221946,0.6297384202480316,0.6140059175587591,0.4833639211365153,3.8580816312566197,0.6297384202480316,1
0.0009159622515167799,5.633755915569347,1.4464750212256874,0.6913345390611166,0.6273641586303711,0.5382302316720053,0.42296162206821464,3.9050220289678057,0.6273641586303711,1
0.0011490539643038739,5.655409979793438,1.4238498037996945,0.7023200317656332,0.629660576581955,0.5679981845359507,0.4484482344478238,3.920031482532396,0.629660576581955,1
0.0005060295901092879,5.575788010702159,1.4562729007961406,0.6866829784483163,0.4989355057477951,0.4572363904730949,0.36608948587922896,3.864841739146147,0.4989355057477951,1
0.0020721859552148593,5.756017199293182,1.3361554927291508,0.7484145736902595,0.7568498849868774,0.5693048044752922,0.4629146785422904,3.9897670930726212,0.7568498849868774,1
0.0009187201584341191,5.759502487296557,1.2913815996418319,0.7743625838053305,0.5716550648212433,0.4153119730254041,0.3507723169041128,3.9921829106255995,0.5716550648212433,1
0.00046441467487774534,5.5457314364516,1.500632988392126,0.666383498589823,0.35330960154533386,0.34023967798226323,0.2662142635665532,3.84400810944708,0.35330960154533386,1
0.0010431912262902198,5.698516750094367,1.3932889080035191,0.7177246483073303,0.5656732320785522,0.45279241773286943,0.35697624719637133,3.9499108188295304,0.5656732320785522,1
0.0005604770917309002,5.617254460712379,1.430578180506023,0.6990164732788602,0.5151976346969604,0.43753753242424914,0.35157677517554475,3.893584092058562,0.5151976346969604,1
0.0010046145418181821,5.698384820570852,1.395605807562423,0.7165333646238768,0.5571721792221069,0.5333270216046432,0.41448789083096926,3.9498193722522763,0.5571721792221069,1
0.0005174992825189893,5.59086227522392,1.4350265590007776,0.6968497133298499,0.5301156640052795,0.4643076870440917,0.3761485917070786,3.875290423098419,0.5301156640052795,1
0.0013854531789422276,5.7447698192157794,1.3872348120958218,0.7208568630008347,0.4887665957212448,0.4414792374920305,0.3349625349865164,3.9819710032832827,0.4887665957212448,1
0.0005825040494593704,5.614131674270242,1.4104291736511985,0.7090023715453221,0.5824450701475143,0.42176471015870753,0.3469661497654215,3.891419541440703,0.5824450701475143,1
0.001166618860752095,5.737792654960913,1.3523989803376968,0.7394253080487295,0.6302645653486252,0.5082946362211993,0.40801588401018307,3.9771348015517196,0.6302645653486252,1
0.0006007392998598094,5.598234858931839,1.4008217364363211,0.7138651669111575,0.6715112030506134,0.4635400785011304,0.39658892093871145,3.880400708709005,0.6715112030506134,1
0.0006996858003771742,5.645130421351631,1.4342046442849927,0.6972491544729531,0.554324597120285,0.49396493285135673,0.3799088269893218,3.912906235581059,0.554324597120285,1
0.0009490257571261837,5.722925395834171,1.3617823187837006,0.7343291587944191,0.36115793138742447,0.28285350929525116,0.2275412866372335,3.9668296028053636,0.36115793138742447,1
0.000262834733281893,5.509176644092095,1.481300973931825,0.6750799945206777,0.3816453590989113,0.2988066413561484,0.24502967948137666,3.8186702581871366,0.3816453590989113,1
0.0011013815997397529,5.782924691991479,1.2665967038177641,0.7895153776075718,0.6403745114803314,0.4123516313396692,0.3604034191084793,4.008417945772383,0.6403745114803314,1
0.00044878462115783337,5.668186290626602,1.3456892351248182,0.7431107844842344,0.3519517555832863,0.26199759184978444,0.22232509507716713,3.928887346364364,0.3519517555832863,1
0.0003797849585128253,5.462675908402215,1.5748235387814042,0.634990263211367,0.38633453845977783,0.4190055143180778,0.3186854502728238,3.7864384043497323,0.38633453845977783,1
0.000730719545326024,5.687889056988216,1.3646964225875895,0.7327619101577153,0.5605581700801849,0.409398934274625,0.3374526552227053,3.942544263317147,0.5605581700801849,1
0.0006860924865641166,5.547108537591841,1.5077070496445735,0.663257425384528,0.5302872508764267,0.47527996102112824,0.37281639015509427,3.844962643219784,0.5302872508764267,1
0.0007420694914584232,5.699634808299601,1.321811638956634,0.7565354392139987,0.6098523288965225,0.37719184348467805,0.32445607638828733,3.950685797722191,0.6098523288965225,1
0.00031045505894924534,5.446237762752091,1.579143504782712,0.6332530528495159,0.42689499258995056,0.3914330355122992,0.30474331145705946,3.7750443500387147,0.42689499258995056,1
0.000923765951443439,5.787104266995967,1.273909971891234,0.7849828569336001,0.5885969549417496,0.3982802384995547,0.33620024157880835,4.011315006402682,0.5885969549417496,1
0.0005358095579153586,5.620857512543475,1.427199915035778,0.7006706147250386,0.36176522821187973,0.338042820884462,0.2718013425433128,3.896081537276696,0.36176522821187973,1
0.0008331455351363543,5.6505441929670805,1.4122146360350012,0.708106026289855,0.5189727544784546,0.43368628778794105,0.3458714979767592,3.9166587761125022,0.5189727544784546,1
0.0002469639478482078,5.374007244369991,1.647173273138598,0.6070985305742304,0.2882832735776901,0.283584256288106,0.2140100597706862,3.72497796987178,0.2882832735776901,1
0.0014628570526287951,5.70880090593324,1.4022292786546249,0.7131485887511282,0.5852374732494354,0.46107880590055855,0.3649344436753381,3.957039252453685,0.5852374732494354,1
0.0007499461914774191,5.592069701129854,1.5044702399803984,0.6646843343452984,0.4646899178624153,0.45454521536129106,0.3444231667680242,3.876127346960852,0.4646899178624153,1
0.0008811176685855633,5.669910332394055,1.4152281606561388,0.7065982572173789,0.5046021267771721,0.4448160200914843,0.3496208936824132,3.9300823610546414,0.5046021267771721,1
0.0008525953684091691,5.638822205360997,1.4836560904704117,0.6740085891032063,0.3695569932460785,0.3276800902322511,0.24828475056744992,3.9085337134527873,0.3695569932460785,1
0.0012819708337614103,5.720149838278077,1.3583624207588862,0.7361788214723778,0.5488899499177933,0.4248162535120721,0.34638128838906823,3.964905732910876,0.5488899499177933,1
0.000503666070306774,5.6240075974875285,1.4322173079491012,0.6982157322927255,0.3842003792524338,0.2990842773699204,0.23723142600260871,3.8982650097741915,0.3842003792524338,1
0.0006176011530387471,5.6344946265860525,1.4306962240702397,0.6989582300696151,0.4020286574959755,0.32263620202331966,0.254516346668197,3.9055340644262833,0.4020286574959755,1
0.0005769661730416989,5.593968381491494,1.4395598401293135,0.6946551203676736,0.4948316961526871,0.4191142597720652,0.33962055984011386,3.877443411900308,0.4948316961526871,1
0.00034615562836355336,5.489139154265657,1.5146435916564085,0.6602196877452444,0.4227888584136963,0.4030831953957329,0.321773999645643,3.804781328608443,0.4227888584136963,1
0.0004682828556666652,5.5962996899483475,1.4346579863476139,0.6970286524998568,0.5265981554985046,0.439177602271757,0.3543763139805378,3.879059351784191,0.5265981554985046,1
0.0004337850427208238,5.531114366329829,1.482486939534977,0.6745406243680732,0.5564557760953903,0.42841340315925036,0.3480695414834827,3.833876328504128,0.5564557760953903,1
0.000662246724271463,5.571797131682965,1.4852888424246928,0.6732680892806849,0.3935452625155449,0.41338769981332507,0.3243281382447094,3.8620754726060373,0.3935452625155449,1
0.0004726312576816727,5.591334834379554,1.4584131275283108,0.6856749525330595,0.3864188864827156,0.37764130164825205,0.29577842879734817,3.875617976144796,0.3864188864827156,1
0.0003826801781385325,5.45952502295103,1.532893312325431,0.6523594888431579,0.46568548679351807,0.39962809835491725,0.32571434982298797,3.784254376982976,0.46568548679351807,1
0.0002526340352050101,5.36435439921699,1.611004155425116,0.6207296131131276,0.5127128809690475,0.49655308177759755,0.391929993947997,3.718287127469594,0.5127128809690475,1
0.0002573074677817512,5.403817829840179,1.5970694821058853,0.6261453201724697,0.4404120594263077,0.4135999991462898,0.3218885252645123,3.7456410931412814,0.4404120594263077,1
0.0006244934665547467,5.603819823476512,1.4801637142366155,0.6755990051643324,0.3798926994204521,0.3487735840551103,0.26698555612438213,3.8842719111366737,0.3798926994204521,1
0.001332109730962121,5.669724378658421,1.4209127184059869,0.7037718448102894,0.6264059096574783,0.6116747840640736,0.48235315321653616,3.9299534677470698,0.6264059096574783,1
0.00034996353603781625,5.3620719790071885,1.6469160550087596,0.6071943011043046,0.45037125051021576,0.5109848123336987,0.3912708893317358,3.716705074336317,0.45037125051021576,1
0.000447575343929137,5.565969549043947,1.452368960229277,0.688528478171225,0.49423643946647644,0.3831304558448804,0.31192632475676874,3.8580361001303216,0.49423643946647644,1
0.0001682492047429279,5.212292155632543,1.8530337871450653,0.5396537144635212,0.24782045185565948,0.29122657656571443,0.20426908103070218,3.612885612059416,0.24782045185565948,1
0.0009674463438906997,5.68225805100405,1.4086461944658422,0.7098996777776508,0.4972720891237259,0.39675417988150957,0.3128085536563958,3.9386411473955056,0.4972720891237259,1
0.0003207873297616609,5.470371729034685,1.5103221237174262,0.6621081988684342,0.40318483859300613,0.29949396405413764,0.24855127597584215,3.7917727407232236,0.40318483859300613,1
0.0005180007399528332,5.618735246536305,1.4234172481324194,0.7025328233277442,0.4349738135933876,0.37567105995114647,0.2988754523721582,3.894610494577428,0.4349738135933876,1
0.0009760124602041621,5.7565391297546356,1.313105156600453,0.7615514908700328,0.4773280471563339,0.3558301368566079,0.2922905505693052,3.9901288677004256,0.4773280471563339,1
0.00038558938937810364,5.3221064671842715,1.6734544665469362,0.5975649690296401,0.35499874502420425,0.4477216964486151,0.3444379019148869,3.6890030924966286,0.35499874502420425,1
0.0006937283418256738,5.687420774719403,1.3742954923643511,0.7276438794414279,0.5105952173471451,0.4354561628317912,0.3482768451767697,3.9422196747828115,0.5105952173471451,1
0.000285949319893014,5.410986114646467,1.6065262690545614,0.622459768086693,0.4384678825736046,0.4923335679883033,0.37315622177584373,3.7506097695442095,0.4384678825736046,1
0.0006139108231482224,5.615489992524273,1.4469483703093586,0.6911078764574199,0.44869422912597656,0.3869282251419707,0.30346082486175874,3.8923610559087867,0.44869422912597656,1
0.0006562327035011541,5.677836814905318,1.367877859962372,0.7310567673080227,0.3440348729491234,0.27520636451916464,0.2265408737313237,3.935576580059081,0.3440348729491234,1
0.00065083251251319,5.678141864387596,1.3655579479106523,0.7322995272909717,0.5398721247911453,0.3905848498641832,0.32228512191250047,3.9357880242476524,0.5398721247911453,1
0.000303033840749498,5.4954222356922875,1.5228037345343717,0.6566818183123477,0.4584416598081589,0.40409277134574895,0.31747170536209524,3.809136428784538,0.4584416598081589,1
0.0004418498171676176,5.532881005300329,1.4909982298737539,0.6706903823249855,0.610078364610672,0.5472964166097566,0.43465714081662554,3.835100869325597,0.610078364610672,1
0.00045087697851143286,5.479516393335494,1.5077682894326767,0.6632306937718715,0.6614646166563034,0.5582364716792403,0.45752408336466033,3.798111339000496,0.6614646166563034,1
0.00032438365532440333,5.407416214905795,1.5997360447314535,0.6251020192378507,0.6044515371322632,0.565548827773005,0.43780946940296417,3.7481353036040805,0.6044515371322632,1
0.0003618843464492849,5.553005362319928,1.4446840068985185,0.6921910703720631,0.429843932390213,0.3800948239839461,0.3109158166025736,3.849050010654314,0.429843932390213,1
0.0003517913554188808,5.412972450124953,1.5852584953384246,0.6308108163471063,0.6201848387718201,0.5572776665007891,0.4409728560735857,3.7519865923807685,0.6201848387718201,1
0.00025337091504588964,5.3875448134429735,1.6202069933588965,0.6172033039586658,0.3804715424776077,0.3459477042106615,0.2654939383053261,3.7343614977063524,0.3804715424776077,1
0.0001093466667459413,5.297675216091779,1.6271408998769425,0.614572271833025,0.24501202255487442,0.23144993238211267,0.18791074330601987,3.6720686396843156,0.24501202255487442,1
0.0003785084934179117,5.444427717829859,1.5595215980739041,0.6412209706732125,0.5041913837194443,0.48849558640530494,0.38541930364976906,3.773789722504182,0.5041913837194443,1
0.000756050517032722,5.71248104229374,1.3366705700217445,0.7481254426875602,0.5005017295479774,0.36521908422516636,0.3042886551702395,3.9595901285960435,0.5005017295479774,1
0.001283641907647519,5.7469720284993455,1.3262372518238756,0.754011206187482,0.605866864323616,0.4444312949677946,0.36768366005912867,3.9834974584391887,0.605866864323616,1
0.0013363238287073574,5.760949022216689,1.332842271310992,0.7502747192356413,0.5978377163410187,0.4674838506344702,0.3733207707946349,3.9931855722270715,0.5978377163410187,1
0.0009409376146699054,5.751375019100918,1.331171700643181,0.75121565534544,0.42045699805021286,0.33573575763163466,0.2725582443865733,3.986549378960701,0.42045699805021286,1
0.0001978177516216444,5.390927101160191,1.594070824550875,0.6273226837722925,0.2967698648571968,0.31131021590547764,0.2448941701932199,3.736705920901385,0.2967698648571968,1
0.0006476742879609527,5.571317613754403,1.4654989827165252,0.6823597748943313,0.4015294536948204,0.40915665527178224,0.3264541127979612,3.8617430961058266,0.4015294536948204,1
0.0006931040374083501,5.644028876134961,1.4091483402236098,0.7096469801787081,0.547701820731163,0.4682215597218297,0.3737289836240052,3.912142702619864,0.547701820731163,1
0.0008968312440206102,5.695070219305223,1.3392000688333847,0.746712849714508,0.686982199549675,0.476129719928806,0.40160696041101573,3.947521865730323,0.686982199549675,1
0.0006663785459149293,5.66322680484523,1.3744203627730232,0.7275780011597752,0.6898215860128403,0.5051259601833583,0.4178944149243762,3.9254496927779785,0.6898215860128403,1
0.0009113023441001181,5.686755122496666,1.3845179773390626,0.7222713827455288,0.582255482673645,0.437430681156369,0.3543296197838117,3.94175827982139,0.582255482673645,1
0.0005025300448804767,5.669814265239198,1.348109744302622,0.7417774157720812,0.5024831295013428,0.37911802778780923,0.3199939976116184,3.930015772377107,0.5024831295013428,1
0.0017815885414118183,5.856469586036516,1.2697667722447183,0.7875438042102963,0.4300214648246765,0.3283278826021892,0.26569990172778546,4.059395381724281,0.4300214648246765,1
0.0005583143552915583,5.551320381293792,1.493304438785196,0.6696542593540699,0.492230124771595,0.4306519920204049,0.3435177897226822,3.8478820708067505,0.492230124771595,1
0.0016338094027642882,5.661332653375243,1.4587588363528403,0.6855126543459219,0.49293293058872223,0.424079801302832,0.3256313163001181,3.9241367670270026,0.49293293058872223,1
0.0007739333491106206,5.672867717576862,1.4162487070726923,0.7060886695347603,0.4472934603691101,0.35277092253899417,0.2753686002415634,3.932132264255932,0.4472934603691101,1
0.0013421921687912085,5.715188007580132,1.392055277784101,0.718360382651204,0.43742623925209045,0.37907701922284487,0.2987698730094053,3.9614664539521787,0.43742623925209045,1
0.0007301402637057735,5.710781742490332,1.3590251446685264,0.7358196540311785,0.5097334533929825,0.38636337701828616,0.3121655906925298,3.9584122637283836,0.5097334533929825,1
0.0005521578535706099,5.624287675950905,1.421474948767573,0.7034920651498536,0.3397902324795723,0.2737666357084011,0.2211383645434637,3.8984591453714166,0.3397902324795723,1
0.0010127363030178985,5.782898189911251,1.2825780769147992,0.7796771264301601,0.4174129292368889,0.31147029317431285,0.26135906872195847,4.008399575930193,0.4174129292368889,1
0.0009141392452043755,5.649380651161303,1.419503914207303,0.7044700401664505,0.561926543712616,0.4949157233037347,0.39566033755272656,3.9158522703903635,0.561926543712616,1
0.0007586933284413361,5.673182488230659,1.413994816984854,0.7072140194792426,0.4137295037508011,0.32873470959544376,0.2578774382445772,3.9323504466471357,0.4137295037508011,1
0.001008526012139456,5.72267362933574,1.3315292381733699,0.7510146494631049,0.7055691182613373,0.4911718016858993,0.4090133117539949,3.966655091566817,0.7055691182613373,1
0.000994694217252265,5.6375211800866145,1.441576448661979,0.6936838633805621,0.6639931797981262,0.5953314526773791,0.463027075154514,3.9076319114520115,0.6639931797981262,1
0.0009301411419940679,5.638931257814255,1.4215005767696505,0.7034804465583129,0.5443822741508484,0.46740421960719264,0.3749034547768133,3.9086093028532956,0.5443822741508484,1
0.0010328721742590592,5.628681345982166,1.4370172198522255,0.6958847448584567,0.6650031059980392,0.610273859052967,0.4806569288433309,3.901504605365895,0.6650031059980392,1
0.0016784938557920567,5.836725506565212,1.2912410219160757,0.7744468279265093,0.46076855808496475,0.40217258560194663,0.31615910207585785,4.045709828705995,0.46076855808496475,1
0.0006298735612996157,5.5781813874910195,1.4609304773820084,0.6844939508554598,0.6154665052890778,0.5193145158118754,0.4170980162216438,3.8665007015193624,0.6154665052890778,1
0.000956146537427249,5.660696403681808,1.4016925401026046,0.713422071773076,0.7651821225881577,0.6234205222418125,0.4983395684430434,3.923695752345864,0.7651821225881577,1
0.0009724228677365047,5.630664180163123,1.444387954721767,0.6923337392975161,0.7374864965677261,0.6728056157117952,0.5266190496586205,3.902879001287943,0.7374864965677261,1
0.0013186773054912587,5.7539297635214846,1.333480690569629,0.7499157411249743,0.7231081277132034,0.5435789947961426,0.4398155887743087,3.9883201928528678,0.7231081277132034,1
0.0010685131877917644,5.686825323579461,1.3938448220719322,0.7174384923755474,0.6240063607692719,0.4825668982217679,0.38371096067649546,3.941806939504,0.6240063607692719,1
0.0011697612901060473,5.768205481609585,1.3018594584107726,0.768130188773763,0.5936935544013977,0.4084199832034025,0.34278855773050054,3.9982153665961038,0.5936935544013977,1
0.0011063034944041737,5.735318113081254,1.3329574615044368,0.750209509055904,0.5001871958374977,0.37918727396172675,0.3122038156276119,3.9754195798246554,0.5001871958374977,1
0.0006095271268716213,5.524233739822385,1.5390804891154568,0.6497369677058549,0.39670150727033615,0.398413806410452,0.3045824131533692,3.8291070416400075,0.39670150727033615,1
0.0007704062628673394,5.746582179147241,1.3053094168383137,0.7660997077504657,0.49558164179325104,0.352454670357307,0.295483202471587,3.983227235459934,0.49558164179325104,1
0.00041093353637704097,5.663999408089207,1.3419152733320543,0.7452010426199543,0.44489636272192,0.2994714512295468,0.2540070791912967,3.925985220538232,0.44489636272192,1
0.000656142731351373,5.611879801621374,1.4290060108054434,0.6997854130967702,0.4599539637565613,0.41010217968273865,0.3312336484800653,3.889858662263159,0.4599539637565613,1
0.0009777883812866163,5.652536940790162,1.4326897622863703,0.6979856833377559,0.3361106738448143,0.3270893195049713,0.2568666738096397,3.918040043647639,0.3361106738448143,1
0.00033883103856613384,5.536420215718613,1.4932405675044709,0.6696821528935825,0.3367840424180031,0.29053066841057945,0.2289324029779891,3.8375540630484397,0.3367840424180031,1
0.0007503775660178441,5.60687850696025,1.4458906466849164,0.6916131348620042,0.33856403082609177,0.3292519460528519,0.2640789343569736,3.886392028969651,0.33856403082609177,1
0.0006305261960646455,5.633702968428178,1.4069870807647906,0.7107367868653179,0.5146250873804092,0.39634371574285937,0.3228523763536941,3.904985328806184,0.5146250873804092,1
0.0003246104706915693,5.465137613684941,1.5133407181828824,0.6607879196684187,0.4438299685716629,0.36561869458211255,0.3005445517728731,3.7881447284258236,0.4438299685716629,1
0.0006213331540555715,5.615854588359823,1.432948061533735,0.6978602541926342,0.4858415573835373,0.39975383432372,0.31901889225514424,3.8926137744842415,0.4858415573835373,1
0.0004898347536809466,5.574808401997743,1.4496294555664968,0.6898295685823234,0.4578625038266182,0.36522078004849584,0.29505531883569347,3.864162726134629,0.4578625038266182,1
0.0008538837154979603,5.650304989633964,1.4281400992752553,0.7002098103558065,0.4979836419224739,0.4363134611717678,0.3417028348267195,3.9164929729965716,0.4979836419224739,1
0.0006960276037412158,5.58894629778923,1.4732078996851818,0.6787892308632619,0.45733677595853806,0.42682574120209565,0.33096789255296244,3.873962368741547,0.45733677595853806,1
0.00107761265589115,5.671414675260923,1.406365058919211,0.7110517187063191,0.6458587795495987,0.5855726958853534,0.4634796989460028,3.9311250920714054,0.6458587795495987,1
0.0016396719754258843,5.814444771649059,1.2955865844597148,0.7718495142786872,0.6054631769657135,0.47079132966584336,0.3767195686036189,4.0302660001180595,0.6054631769657135,1
0.00039160440040814,5.526070385560987,1.4928163525520495,0.6698728545258935,0.4066965878009796,0.3510445684683489,0.27971832295691,3.8303801074554076,0.4066965878009796,1
0.0005170190706209678,5.675865755402464,1.383144094787751,0.7229879133740975,0.3548337444663048,0.28272337854603413,0.22809788594167912,3.9342103457219615,0.3548337444663048,1
0.0003173685493081822,5.50416700000822,1.4944189603125704,0.6691546405058393,0.5117297768592834,0.3819923044225803,0.31149714258407357,3.815197837514789,0.5117297768592834,1
0.00025495953538398836,5.3768611648711095,1.6115468669508302,0.6205197078018772,0.31071410328149796,0.29333924017620305,0.23062239793580375,3.7269561568206715,0.31071410328149796,1
0.000510435829777112,5.598483534213481,1.4675885957595365,0.6813874105652643,0.3093312755227089,0.27724075417608623,0.21758787024924686,3.880573077279351,0.3093312755227089,1
0.0004498350247749311,5.532257540795393,1.4925260084407206,0.6700029396544451,0.34772810339927673,0.3137900538559628,0.2518484278555633,3.834668716661821,0.34772810339927673,1
0.00044588069570175977,5.529687381977627,1.4689645575698456,0.6807498582351164,0.4800228103995323,0.3867441728556411,0.3172355428910123,3.8328872183236964,0.4800228103995323,1
0.0010997205486105218,5.759880389492587,1.3086648448367442,0.7641358162753912,0.6067950576543808,0.4309295084481743,0.35764103840915595,3.9924448524673055,0.6067950576543808,1
0.00043041780098733933,5.579028900646652,1.431688097769127,0.6984740077793778,0.43071264773607254,0.32504779686261737,0.27042860471556196,3.8670881528736754,0.43071264773607254,1
0.0003443905913023546,5.412455891312376,1.6145193782437854,0.619377827740564,0.37085413187742233,0.4008554991405323,0.30324415737993604,3.7516285410962387,0.37085413187742233,1
0.0005709467694984005,5.629346962979388,1.432122423921889,0.6982624748751236,0.4314654916524887,0.37708028021172946,0.2980290216069079,3.901965975910853,0.4314654916524887,1
0.00041469361701372315,5.479493622112377,1.5341593992419769,0.6518210553119225,0.4328136593103409,0.3844119187930909,0.3047407273161866,3.798095555191395,0.4328136593103409,1
0.00022591595120912035,5.344327062745675,1.628049016152018,0.614230549712443,0.3746704235672951,0.39095231768682226,0.30709824667655994,3.7044052356603787,0.3746704235672951,1
0.0002290881276542726,5.299873059214962,1.6766455134325122,0.5964273842851848,0.308301143348217,0.37008838260002846,0.28623236058365364,3.6735920684484626,0.308301143348217,1
0.00040647604819134335,5.4829199467184875,1.561107302698579,0.6405688344106749,0.30596499145030975,0.30168357237540233,0.23239689632549698,3.800470502431804,0.30596499145030975,1
0.0008786215576461613,5.723423170018927,1.3460458398386161,0.7429141376133119,0.3357320725917816,0.28443670423862866,0.23107410316848132,3.9671746335780838,0.3357320725917816,1
0.00024816594512306055,5.406304662388365,1.5908857554263518,0.6285792679345213,0.5109090358018875,0.4552715152438439,0.3562537240307222,3.7473648341105803,0.5109090358018875,1
0.00046790755965713356,5.535657096776061,1.498036991223202,0.6675381294638576,0.35497602820396423,0.3135758229498591,0.25001035411222006,3.8370251093049763,0.35497602820396423,1
0.0002682605383584261,5.515694298609054,1.4482193041413773,0.6905015674999501,0.5859605669975281,0.43470474286580923,0.36732808411989026,3.8231879520394294,0.5859605669975281,1
0.0001265704543370227,5.197626869934544,1.7715112064019591,0.5644879510322671,0.2447647899389267,0.30591534951815547,0.22752416670164166,3.602720410625741,0.2447647899389267,1
0.000297575212612255,5.413706433450386,1.6222497564898124,0.6164260009773128,0.28625988215208054,0.32572971700902786,0.2454386062092908,3.752495350853372,0.28625988215208054,1
0.0003131852004196747,5.493614571853852,1.48243457301434,0.6745642360063251,0.5127990394830704,0.3766716309514573,0.31355274412248946,3.807883451691527,0.5127990394830704,1
0.0006390975249802876,5.661060513507555,1.40175689412677,0.7133886279257813,0.4777727648615837,0.38870878451786794,0.3095246666243838,3.9239481340449975,0.4777727648615837,1
0.0008422315289362507,5.712731505407578,1.3576390604202189,0.7365705390352002,0.38947567343711853,0.326215269005157,0.26518892885496825,3.959763736397233,0.38947567343711853,1
0.000588763264791668,5.552572114829328,1.4869721796623234,0.6725059037056262,0.43635670095682144,0.4114317171720932,0.3271504703254777,3.848749706377721,0.43635670095682144,1
0.0007549314955159577,5.678042862218965,1.400246315805415,0.714158233740722,0.44049811363220215,0.3899685994718919,0.3071161855008313,3.935719401173596,0.44049811363220215,1
0.000857792858557416,5.689606237450446,1.395045401092544,0.7168207918238892,0.4878077879548073,0.4080026330443714,0.3233591862567664,3.9437345221130546,0.4878077879548073,1
0.0009458420478146809,5.695484688615246,1.3655872738006225,0.7322834409500332,0.37602926790714264,0.32762898279650604,0.26648298223085476,3.947809153963995,0.37602926790714264,1
0.0007384004808404192,5.594020854592424,1.4824067602215745,0.6745766473242663,0.3574192225933075,0.3313751261899619,0.25610084824103296,3.8774797834822734,0.3574192225933075,1
0.0011080387963026568,5.725938448331851,1.3326893669668147,0.7503610097706275,0.6542997360229492,0.537375640461366,0.4433854550586602,3.968918091649009,0.6542997360229492,1
0.0005842534636111232,5.682111383633366,1.3701778513430771,0.7298302328187192,0.5208284109830856,0.359743422209122,0.29315737253637053,3.9385394853210363,0.5208284109830856,1
0.0007799147290024255,5.69334605734739,1.3740026722521848,0.7277985362787545,0.4498515725135803,0.34888183633056297,0.28144780247714607,3.946326767730423,0.4498515725135803,1
0.0011488699788665421,5.773133625937212,1.3172169123078925,0.7591748168404473,0.6196990311145782,0.4780425742853162,0.3819407898718623,4.001631295942191,0.6196990311145782,1
0.0009506976889142306,5.778653498830044,1.3094531254567872,0.7636754671410089,0.4421951696276665,0.36065600444038426,0.2906565911789585,4.0054573802749065,0.4421951696276665,1
0.0008957620175626358,5.714685490355591,1.3656743108769733,0.7322370539734908,0.43758490681648254,0.3751045686055226,0.29787294390530406,3.9611181355548055,0.43758490681648254,1
0.0005184299547336654,5.552684187335199,1.5048251503546326,0.6645271813405336,0.37138722836971283,0.35913964219537037,0.27903288796096604,3.848827389119183,0.37138722836971283,1
0.0005256568614342422,5.568511769901028,1.440010135865234,0.6944380297616314,0.5724290907382965,0.4548725904283221,0.37443726643869013,3.859798233349768,0.5724290907382965,1
0.0008858926178880939,5.657759213342482,1.4210115438166446,0.7037222909629959,0.45203249901533127,0.39985497389547814,0.3190478237870593,3.9216598471433928,0.45203249901533127,1
0.0007739702972890082,5.696001593714982,1.3846032582281804,0.7222263429343727,0.34985050559043884,0.32761061349836995,0.26103162268805136,3.948167445276494,0.34985050559043884,1
0.000620631567852628,5.510019953274853,1.5285238050194903,0.6542246672868389,0.43433790653944016,0.4945047662637721,0.38197655050771573,3.8192547955695044,0.43433790653944016,1
0.0004368346618692713,5.581482870381547,1.4256741733312464,0.701420847566548,0.5075102001428604,0.41442289785037056,0.34051368199720855,3.8687891150765985,0.5075102001428604,1
0.0008641169669741014,5.6268570853258675,1.4956564180057936,0.6686011313122437,0.44329026341438293,0.4120529105657148,0.30735529400823225,3.9002401242353755,0.44329026341438293,1
0.0007610023703905856,5.498401695269916,1.5520747309963396,0.644297523605811,0.4827248752117157,0.4774700300791242,0.37147561083520486,3.8112016327903646,0.4827248752117157,1
0.00041802164383470856,5.5255715242953904,1.4884993778195899,0.6718155710863807,0.3826092481613159,0.3400854978073643,0.27461739293426035,3.830034323175669,0.3826092481613159,1
0.0005608440725934,5.640803453042079,1.4006358587929129,0.7139597617766199,0.5448624938726425,0.4244615545214112,0.34458517136977207,3.9099070096969193,0.5448624938726425,1
0.0003915481261659846,5.471425806158971,1.55135148786885,0.64459725284269,0.3376300036907196,0.3233383118708229,0.2543127577700943,3.7925033713100165,0.3376300036907196,1
0.0005858542027467173,5.602875811659711,1.4363382475086859,0.6962129796139596,0.42766081541776657,0.3746755859717928,0.30333964081287945,3.8836175720074437,0.42766081541776657,1
0.00036267259152663613,5.468795488093679,1.5469350389055274,0.6464381411144731,0.5287722796201706,0.4568233715510804,0.36323465152963763,3.790680173759083,0.5287722796201706,1
0.000982527589917091,5.740486238829391,1.3621567237204335,0.7341278797529569,0.4565025418996811,0.3606811949471118,0.28407820427014485,3.9790018516157564,0.4565025418996811,1
0.0006939305094282855,5.704531110444428,1.3378095523830527,0.7474884943047164,0.49755748361349106,0.3633680924050813,0.3032203486902745,3.954079655749048,0.49755748361349106,1
0.0006315273043793191,5.648872641705466,1.4103991335660515,0.7090173283982186,0.47993240505456924,0.38844749940431506,0.3092913976740874,3.915500145068354,0.47993240505456924,1
0.0006661921627490271,5.60691761737087,1.4394956129580438,0.6946859748816776,0.4501330405473709,0.3865808456900203,0.3108887885416607,3.886419138240504,0.4501330405473709,1
0.0004975168555185401,5.590794082271875,1.4135058804256415,0.7074592276981907,0.6107713580131531,0.4501478862576002,0.3750000621223535,3.8752431553459763,0.6107713580131531,1
0.000631828698789501,5.631493348311809,1.4476736273361128,0.6907614967184058,0.3606262654066086,0.3573433044795743,0.2750251881766985,3.9034537368524154,0.3606262654066086,1
0.0006224386579096293,5.602764919892778,1.452795395328612,0.688326186788772,0.3786597177386284,0.34657750439285606,0.2754507738727625,3.8835407076918447,0.3786597177386284,1
0.00021916806185421576,5.254234638304772,1.7938127202318603,0.5574698128202221,0.17944109067320824,0.28100697921174894,0.1984680793091229,3.6419579256693555,0.17944109067320824,1
0.0012585245157891699,5.86735016809652,1.223841521971629,0.8170965149095271,0.4455897808074951,0.29783119168910205,0.25036727537462866,4.066937226502024,0.4455897808074951,1
0.000553937551267638,5.52780491783801,1.5283076094690375,0.6543162139039773,0.2979177236557007,0.28158669201988773,0.21987545139069198,3.8315823936128166,0.2979177236557007,1
0.000443713187629067,5.569069416391235,1.4414122301194299,0.693761857379288,0.40922578424215317,0.31506053667304434,0.2590204085767027,3.8601847644422045,0.40922578424215317,1
0.00047706239547344576,5.546818319453955,1.4988352311506685,0.6671826537807627,0.33587200939655304,0.3191919989691286,0.24876370797414893,3.8447614793357614,0.33587200939655304,1
0.0002816614458802929,5.3373905985879855,1.6827373028621406,0.5942682957489287,0.32878733426332474,0.38897768312792913,0.28958201662635474,3.699597245086421,0.32878733426332474,1
0.0007140311466464218,5.666437214324203,1.39077402070623,0.7190220247147142,0.4404932036995888,0.35115820676100395,0.28592453581427435,3.9276749790567713,0.4404932036995888,1
0.0004982244639232433,5.623436434411106,1.3993013471340578,0.714640299882439,0.43294133991003036,0.3489589682125598,0.28768218851246274,3.8978691096981297,0.43294133991003036,1
0.000567886259600149,5.515246473412166,1.5257711430388887,0.655404642387719,0.3877013549208641,0.3984639383815743,0.31392390738631093,3.822877543266823,0.3877013549208641,1
0.0002260030780930905,5.341329600751359,1.6735908623878306,0.5975154448355787,0.23409995436668396,0.2769008774769617,0.20942381118629783,3.702327553330182,0.23409995436668396,1
0.0006238425899148394,5.620241430319468,1.4350403110765364,0.6968424929384641,0.3855440393090248,0.341044248879862,0.2737266798116025,3.895654501620133,0.3855440393090248,1
0.0006613292520308649,5.661440960273747,1.396631021726362,0.7160064741444544,0.3586510792374611,0.31781719681547144,0.2527572833025289,3.9242118396483363,0.3586510792374611,1
0.001455994172724427,5.750366701895475,1.345725844226575,0.7430918654305256,0.542908102273941,0.4826115309260574,0.3822621681738383,3.9858504667326384,0.542908102273941,1
0.00027777143891499995,5.391805556461772,1.5972232083629807,0.6260850338406091,0.41248317807912827,0.4075731863380408,0.32201899516485355,3.7373148197169233,0.41248317807912827,1
0.0005784923674327635,5.586535992287139,1.4383380998565185,0.6952449544948371,0.44298893213272095,0.3713021575630154,0.30480986998213666,3.872291672278487,0.44298893213272095,1
0.0007603369468786871,5.710460381411634,1.3479153837120226,0.7418845918239907,0.6158341467380524,0.426303427777302,0.3489474680106923,3.958189513202744,0.6158341467380524,1
0.0009440652518917385,5.6957842673585475,1.3546241248013855,0.7382104650775178,0.5984580367803574,0.4357620483023766,0.35992965744071626,3.9480168061252696,0.5984580367803574,1
0.0010205346346518042,5.671331676955166,1.3944994785422704,0.7171017860868716,0.6237335652112961,0.5172653168923401,0.41391697314566045,3.931067562029777,0.6237335652112961,1
0.00037828366221485027,5.548706326884725,1.439681881244558,0.6945965276679632,0.6346412599086761,0.5090755681924354,0.4248896072531352,3.8460701463632767,0.6346412599086761,1
0.0007674438489799912,5.536337070738888,1.5170192889625609,0.6591863229517413,0.5167900323867798,0.6123456583755029,0.4745480231903798,3.8374964313401643,0.5167900323867798,1
0.0009970511680421768,5.745107282271709,1.3359182924501176,0.7485473068102356,0.6619448810815811,0.5101853980310617,0.4090439460169364,3.982204914849042,0.6619448810815811,1
0.001156074230982875,5.734193308214945,1.3453834970278598,0.7432809735189552,0.6358559131622314,0.48909872877237587,0.39867384067088096,3.9746399245028945,0.6358559131622314,1
0.000217247565442734,5.34389422952543,1.641679111867456,0.6091310407998288,0.38360221683979034,0.4359323138197503,0.33489857065319484,3.704105218534112,0.38360221683979034,1
0.0014359882121206342,5.768909512898914,1.3254842814207983,0.7544397752210925,0.6331989616155624,0.5163503494024585,0.41432845141503094,3.998703363899329,0.6331989616155624,1
0.0008934641613716137,5.804930053106364,1.254866935397497,0.7968956175740722,0.7108154147863388,0.49054540355643694,0.4102102914921488,4.023670899786367,0.7108154147863388,1
0.0003881425495827703,5.50229992976514,1.5266425897062224,0.6550299373707049,0.2986375465989113,0.2941099618686612,0.23293158419573956,3.813903683039892,0.2986375465989113,1
0.0012056293491238778,5.672396055420446,1.4457051042674407,0.6917026689723108,0.5944871008396149,0.5206069213910487,0.39900589656463126,3.9318053329620355,0.5944871008396149,1
0.0009911396462744509,5.6478018292793895,1.4089294239737122,0.7097573863482939,0.6500284373760223,0.5169307877984707,0.4206659247344078,3.9147579144543077,0.6500284373760223,1
0.0012307660846902567,5.715327289656886,1.3415617565255331,0.7453984524520324,0.7351015210151672,0.5147155074121069,0.4288383852313018,3.961562996930985,0.7351015210151672,1
0.0016938513207589907,5.761590094143685,1.341719108155954,0.7453111217387391,0.6859240680932999,0.5475115999968136,0.4367373395270988,3.9936299294258033,0.6859240680932999,1
0.0006959549800126288,5.613041788598664,1.4430607919998786,0.6929696487789517,0.49574629217386246,0.37455872822367414,0.3005296527757082,3.8906640902603162,0.49574629217386246,1
0.0004522208091537056,5.617687457696693,1.4281970099392711,0.7001817218025819,0.45868854224681854,0.39085188217658445,0.31100821152722347,3.8938842226974275,0.45868854224681854,1
0.0008262517154181485,5.647988485818269,1.3921170306078223,0.7183291390912172,0.6560387909412384,0.5643683552639239,0.46475103272859997,3.9148872949079667,0.6560387909412384,1
0.0004935067419523046,5.580012502097331,1.464106762116999,0.6830087173560297,0.49912671744823456,0.4313431992766039,0.3427663383362187,3.867769933446008,0.49912671744823456,1
0.0006954690554663567,5.5263293701747545,1.5364223906237602,0.6508614669066943,0.5239444226026535,0.5350300713013394,0.4093408992625598,3.830559621910247,0.5239444226026535,1
0.0004655530041433524,5.5545655862545,1.4872734990751983,0.6723693263594758,0.3741653934121132,0.34254516865969065,0.2707982315821482,3.8501314754756066,0.3741653934121132,1
0.00042876579022676093,5.615750534823986,1.4082678682289536,0.7100894204166416,0.3228403106331825,0.2573556741590102,0.21212137533166242,3.8925416500692505,0.3228403106331825,1
0.0006458041316576956,5.665829607372217,1.3552031823046764,0.7378949631790853,0.5885027647018433,0.417066553474448,0.35128098385558815,3.927253818011112,0.5885027647018433,1
0.0004553282640054289,5.652925085381069,1.3859927152738072,0.7215022250072717,0.3746574744582176,0.3152489570756166,0.25486530403259167,3.918309084976477,0.3746574744582176,1
0.00039051007248708827,5.471083085143664,1.5719227171736387,0.6361618854617127,0.3742895796895027,0.37307169904679083,0.28340121096928783,3.7922658152045363,0.3742895796895027,1
0.0006772975366535382,5.655583084555707,1.4010919096694314,0.7137271515916677,0.4763830453157425,0.3756290950793725,0.3027929599002164,3.920151469610307,0.4763830453157425,1
0.0003503066392226427,5.408879085917491,1.598916744500233,0.6254219235707618,0.3958086892962456,0.41424488892791594,0.3217315503078453,3.7491492885213624,0.3958086892962456,1
0.0009275157395082434,5.665094833974404,1.4011704828403322,0.7136874498365541,0.6315440237522125,0.4522185189135595,0.3679320636939565,3.9267445119020685,0.6315440237522125,1
0.00039580742125388575,5.389686536412403,1.68529991523228,0.5933643102533672,0.2544505372643471,0.3146397230479178,0.22967443124571219,3.7358460269441527,0.2544505372643471,1
0.0006154350409178264,5.666306359012065,1.355075665586253,0.7379644648512154,0.5828025490045547,0.4325974124665926,0.3643077780791373,3.9275842770661007,0.5828025490045547,1
0.0003165831559500191,5.331518933256027,1.6859804457678593,0.593125344094827,0.40555301308631897,0.44092256419844716,0.3326058300257273,3.69552731681638,0.40555301308631897,1
0.0007905781034362505,5.648231530421727,1.3953907892769908,0.7166435606661352,0.5753137320280075,0.4595046491484213,0.3745427383220772,3.9150557605896035,0.5753137320280075,1
0.0007958472023871574,5.659534447738341,1.4283209392965792,0.7001205969982535,0.3364346921443939,0.32349016082534393,0.25201723034820134,3.9228903458597184,0.3364346921443939,1
0.0006566148024769475,5.683447267140904,1.3425431547622038,0.7448531855996838,0.5677909702062607,0.40743547792802837,0.34311720242601496,3.939465449207842,0.5677909702062607,1
0.001226484075966318,5.7610280632758295,1.339923286609101,0.7463097295211562,0.6544801592826843,0.45159029552926366,0.36110358968107903,3.9932403593143615,0.6544801592826843,1
0.0010369896580044188,5.7304995530465535,1.3449994872336708,0.7434931037722362,0.5957076847553253,0.4636779665785502,0.3785067644685114,3.972079608522244,0.5957076847553253,1
0.0007293775991262764,5.730799436607995,1.3291926772352716,0.7523340924952227,0.44803550839424133,0.32965981226629143,0.27453657828982614,3.972287471967354,0.44803550839424133,1
0.0007011174865891715,5.716639356246863,1.3203793799633567,0.7573563511271245,0.594910278916359,0.43654917054394754,0.36373485181820797,3.9624724521885324,0.594910278916359,1
0.000801817247922337,5.74205451948012,1.374700863507256,0.7274280867256303,0.3098340108990669,0.2511897165267572,0.1930491860875918,3.9800889009271345,0.3098340108990669,1
0.0006940862286615866,5.6490884705198425,1.387454498492879,0.7207426431250332,0.5608663260936737,0.4206017150614647,0.34694442499983325,3.9156497462025217,0.5608663260936737,1
0.0009507072886833656,5.725245553322575,1.3859510323742215,0.7215243855485833,0.4419339820742607,0.3947931238451293,0.3012636323546758,3.968437813426906,0.4419339820742607,1
0.00071354731675399,5.69979213852166,1.3505197776358357,0.740453803670473,0.5589474886655807,0.4010067574928718,0.3282583838011419,3.9507948507220285,0.5589474886655807,1
0.00043356363650196256,5.412934259502862,1.7177735346226914,0.5821476079308842,0.3910830616950989,0.44526423244688706,0.3069687869826794,3.751960120658741,0.3910830616950989,1
0.0003854235637926488,5.427176829727021,1.573976006694339,0.6353323743279172,0.5206054002046585,0.47926322313568964,0.3821916807780781,3.761832318053546,0.5206054002046585,1
0.00036382211870112,5.4616213722595575,1.5600848613020974,0.6409893289202767,0.38878756016492844,0.44410882531684553,0.34280138939402605,3.785707455595651,0.38878756016492844,1
0.0008313687592932077,5.632564389237232,1.4454381426755356,0.6918301570878587,0.4915079399943352,0.4342733186273364,0.3396407372874819,3.9041961258501368,0.4915079399943352,1
0.00035045736423121787,5.479492128252867,1.5193660596693301,0.6581673773558195,0.3893848955631256,0.3539482249311201,0.28561924559028284,3.7980945197268894,0.3893848955631256,1
0.000711706867690606,5.505879816184361,1.5649709725808956,0.6389878984848979,0.3439611345529556,0.402083297753208,0.3022264029818871,3.8163850712180993,0.3439611345529556,1
0.00043003664872727536,5.541610589839233,1.51011245270757,0.6622001932714533,0.3537250906229019,0.30845481470452407,0.2408696185813426,3.841151756236199,0.3537250906229019,1
0.0002163038074635496,5.244424364090946,1.7634887669104737,0.5670558310564703,0.2163490578532219,0.2931062175613713,0.21775975954778914,3.635157961757523,0.2163490578532219,0
0.0007878900963095698,5.564743484661435,1.5331673242620956,0.6522430083273901,0.4337620586156845,0.42878714380424676,0.3213574108594912,3.8571862570603987,0.4337620586156845,0
0.00031651423605037553,5.477229108595436,1.5719997599759217,0.6361304382435029,0.3248394653201103,0.3221880466564471,0.24510608963100822,3.7965259140317897,0.3248394653201103,0
0.00047455229297496264,5.5672525398492585,1.4626612665984746,0.6836826315201744,0.3196331039071083,0.25665740404482135,0.20884250482481548,3.858925401589707,0.3196331039071083,0
0.0005557528436405999,5.644981413337238,1.4165512504123392,0.705937198585303,0.3251206651329994,0.26464508286948274,0.21164749130076643,3.9128029510960016,0.3251206651329994,0
0.0003437438344869519,5.466682398796975,1.540454003465033,0.6491573975776068,0.3816011920571327,0.34625667413422045,0.2749991509044776,3.7892154918708005,0.3816011920571327,0
0.0002560038560518726,5.342273260502199,1.6931664328029492,0.5906068171407302,0.21369105949997902,0.22923940572157303,0.17048374114830267,3.7029816484258844,0.21369105949997902,0
0.000387787655033284,5.525891420877817,1.5082947303222505,0.6629984204325454,0.3438218906521797,0.33599232348161334,0.2646244172776733,3.830256058589848,0.3438218906521797,0
0.0005176926031349919,5.562570926765268,1.4823873854451302,0.6745856383619521,0.38807661831378937,0.3624110971040936,0.28516889571210413,3.855680354680066,0.38807661831378937,0
0.00026925642530639893,5.371164200751519,1.6504681323719195,0.6058871318990884,0.3720415309071541,0.38506071069947573,0.29137771459136275,3.723007322203426,0.3720415309071541,0
0.0002756177551268118,5.498589155975628,1.483181888682286,0.6742242160755393,0.4684619680047035,0.3504082738954673,0.2869501425668375,3.811331570649995,0.4684619680047035,0
0.0006005126378037278,5.600629714004613,1.4406076241423922,0.6941496937967553,0.4688376113772392,0.3761056532895061,0.3039228172631283,3.882060695750549,0.4688376113772392,0
0.0004905158448810689,5.537250584854531,1.5026800121001103,0.6654759490373037,0.4798797070980072,0.3856752476253912,0.30877826831556376,3.8381296310738264,0.4798797070980072,0
0.0011579090003916981,5.734942906122175,1.3350949932246121,0.7490081664395517,0.43937089294195175,0.33931536216069996,0.2778236287069831,3.9751595061788443,0.43937089294195175,0
0.0006840955347829545,5.697262834014706,1.3720525816428624,0.7288330040284579,0.43495286256074905,0.3577505161954041,0.2862811195197992,3.949041670434256,0.43495286256074905,0
0.0005113451695249767,5.568671228260349,1.4600374961807694,0.6849119580587131,0.40477125346660614,0.3496919377829185,0.2822236539645928,3.8599087614619463,0.40477125346660614,0
0.0001466057667365891,5.128776302564467,1.845575317904989,0.5418351578310372,0.29473602771759033,0.415568928495734,0.3056979249950018,3.5549968339732203,0.29473602771759033,0
0.00036653763399459327,5.406552708094596,1.6405355192716946,0.6095556398213958,0.3740171194076538,0.4306806549081641,0.32257725973477136,3.747536766292505,0.3740171194076538,0
0.0008805852190623054,5.573251469026937,1.4821565113487467,0.6746913570722451,0.7051410675048828,0.5518861464890363,0.44118978220581084,3.8630835424355934,0.7051410675048828,0
0.0011840862593331444,5.746217393029186,1.3629288785921092,0.7337121464147713,0.48868316411972046,0.39571302043657913,0.3103135051802042,3.982974384990699,0.48868316411972046,0
0.0001542918604084324,5.26498908605325,1.6915310431943997,0.591178742396706,0.3458017185330391,0.35648498757257363,0.27531972552137063,3.649412340804692,0.3458017185330391,0
0.0005066642231680675,5.54690090061108,1.502064676620783,0.6657489207020076,0.5337231159210205,0.4847969239835174,0.37838463932484956,3.84481872023199,0.5337231159210205,0
0.0006552883315093587,5.634473267506422,1.4414269034277203,0.6937548188106624,0.3526816591620445,0.3184922783316932,0.2481300867293612,3.905519259440458,0.3526816591620445,0
0.00047074912078728985,5.440646151662634,1.6289047327456694,0.6139083780823338,0.5151039361953735,0.575548681869106,0.42371925301267765,3.771168540577271,0.5151039361953735,0
0.0003741034855204603,5.469403868213611,1.5460665493608081,0.6468009154950842,0.39019903540611267,0.36490162836291407,0.29077816391139777,3.7911018707239235,0.39019903540611267,0
0.0004556744680057189,5.522116240510509,1.5078245980581368,0.663204836996561,0.32623855769634247,0.2912702884893922,0.23247720648896575,3.827639302962143,0.32623855769634247,0
0.000907623908886144,5.763563195535983,1.3394208389126614,0.7465891474126551,0.40933807939291,0.3403840387883225,0.26761095375331934,3.9949975790928356,0.40933807939291,0
0.0003296333940647901,5.508384656685973,1.496402024102243,0.6682670310284367,0.3142425864934921,0.2589235967517955,0.21000455549810226,3.818121294349544,0.3142425864934921,0
0.0004689549038051866,5.581006256478585,1.439143284587704,0.6948557987981098,0.40396321564912796,0.3397418222619116,0.27879319002897773,3.868458751493546,0.40396321564912796,0
0.0004319850491997415,5.588232592099658,1.4371414922627663,0.6958232640912969,0.4042956829071045,0.284421788096251,0.23272412082508254,3.873467665655073,0.4042956829071045,0
0.0001681172363645521,5.180433421698304,1.8385044529910688,0.54391867805733,0.21845276653766632,0.3237989521716793,0.23126753567345304,3.590802820456689,0.21845276653766632,0
0.0002783226096104758,5.5113837073375995,1.4999205877725628,0.6666995214009009,0.28964490443468094,0.27307436877158797,0.21724700949130238,3.8202000778530745,0.28964490443468094,0
0.0005028166808999779,5.532690892267489,1.5127929075492204,0.6610268938246996,0.31468474864959717,0.3121748538575373,0.24629057753941197,3.834969093012897,0.31468474864959717,0
0.0003952100663333748,5.546461649066239,1.4790751543051963,0.6760950273760482,0.2461715191602707,0.21537426100907156,0.17416008990176124,3.8445142542621284,0.2461715191602707,0
0.00035232559393121574,5.407774217758937,1.59334064649095,0.6276104627953207,0.3285515382885933,0.365033749473629,0.28633625879353986,3.7483834522723707,0.3285515382885933,0
0.00037222789055325206,5.5200471103304505,1.4896287538153334,0.6713064124428955,0.42781318724155426,0.3751765836248911,0.3030626074969405,3.826205091211624,0.42781318724155426,0
0.0002004321506776813,5.262261609208114,1.7608726023590775,0.5678986437872714,0.28583312034606934,0.35245443690103195,0.2588944679799283,3.6475217979194445,0.28583312034606934,0
0.00047062843610719084,5.540098433949948,1.5198181252613305,0.6579718208761889,0.3506932035088539,0.39988364660452863,0.3025946031411877,3.840103609644972,0.3506932035088539,0
0.00030984782492832175,5.413399842412711,1.6395047004763998,0.6099386325549608,0.3390974849462509,0.3643078122454341,0.26955824572715414,3.752282838140022,0.3390974849462509,0
0.000593196294997481,5.595902593227089,1.4722054313420956,0.6792505859065213,0.3212175890803337,0.2779168083055608,0.21790531638805533,3.878784105311443,0.3212175890803337,0
0.0003849338039894329,5.554411428526026,1.4685182255983715,0.6809566388035422,0.3990354835987091,0.3616528703531425,0.2898697333657765,3.850024621480751,0.3990354835987091,0
0.0005111291024905774,5.516890144040218,1.5278515492210896,0.654512084843652,0.3976775333285332,0.3707555474740486,0.28980441810654156,3.8240168489284265,0.3976775333285332,0
0.0007060837857457822,5.608926746577215,1.4669281491405768,0.6816945406268815,0.39047320932149887,0.3237033196484532,0.2543501314307832,3.8878117604852624,0.39047320932149887,0
0.0006730682927628995,5.632974944039969,1.405411168311363,0.7115339968797062,0.5871032923460007,0.45994843423652604,0.3748486168699401,3.9044807007541182,0.5871032923460007,0
0.00047583253943058113,5.514956631879027,1.5259154607602914,0.6553423077950092,0.38415027409791946,0.3288981948698918,0.2594065415686373,3.822676640425319,0.38415027409791946,0
0.0001484058124046545,5.234293850235246,1.8005325696032013,0.555388572702503,0.139263816177845,0.20893896842244536,0.14790472603300486,3.628136024640821,0.139263816177845,0
0.0003121143297683129,5.491268760824388,1.5482592902677557,0.6458841792658532,0.29456790536642075,0.2618466450654585,0.20279532736844885,3.8062574593903276,0.29456790536642075,0
0.0007127490746738869,5.687618095622397,1.3547635927013195,0.7381343393750096,0.4945605993270874,0.40477665593806783,0.3338438837927242,3.9423564472103885,0.4945605993270874,0
0.00036019744046307745,5.452291500800707,1.5645425689660222,0.6391626563071937,0.3463221490383148,0.35514870669980514,0.27572937938506925,3.7792404814989626,0.3463221490383148,0
0.0007899320035048113,5.724595565017036,1.3691179548097332,0.7303953962991185,0.517361655831337,0.39233795321317433,0.3066566015956482,3.9679872758655232,0.517361655831337,0
0.0002782377128162406,5.35119154350124,1.720408871333209,0.5812545922288311,0.1693432591855526,0.2250708138444994,0.16322986754266822,3.7091633311421064,0.1693432591855526,0
0.00026764064627497216,5.506020087141,1.4645092345591855,0.682820452444787,0.4108007401227951,0.3182829424959803,0.2648789701165697,3.816482299636207,0.4108007401227951,0
0.0001583986577005548,5.243974186993111,1.7072465573052684,0.5857360457708738,0.17633919417858124,0.24082543495028566,0.18578876503855213,3.6348459227714063,0.17633919417858124,0
0.00013103819929054884,5.1575633207684,1.7953608866189699,0.5569889182643003,0.19458837062120438,0.257606930833996,0.19452126430905992,3.574950474478004,0.19458837062120438,0
0.00032496723522235614,5.555409715555266,1.4695751902687875,0.6804660670210239,0.2655870020389557,0.2531580371029912,0.20238782310889292,3.8507165813204596,0.2655870020389557,0
0.00019659252397694272,5.330297087739913,1.720778696758546,0.581129805100072,0.1979525461792946,0.23745354330989873,0.17345452448239485,3.6946803980418075,0.1979525461792946,0
0.0003270472921268613,5.509829011442468,1.5012285016209859,0.6661194201229218,0.4053109958767891,0.3935404765149669,0.3100277931544042,3.819122444776736,0.4053109958767891,0
0.0002948163036158749,5.396972340823317,1.6068920296226672,0.6223177166709181,0.3140282556414604,0.3815053245601887,0.29655095430825895,3.7408961617296894,0.3140282556414604,0
0.00023811071252935497,5.382994516059305,1.6299617605883059,0.6135092303758701,0.29436740279197693,0.29284883378193416,0.2236926475773089,3.7312074719041535,0.29436740279197693,0
0.00023952214784090202,5.399744127578437,1.5729156327878375,0.6357601922384603,0.35601960122585297,0.35027103043373325,0.2803580664776746,3.742817417904114,0.35601960122585297,0
0.00037646503987534893,5.517664408271946,1.488966549940653,0.6716044969170766,0.33919671922922134,0.29679648809498566,0.2390608580288358,3.8245535279976584,0.33919671922922134,0
0.0005773259917634338,5.519817986461483,1.5432603325277587,0.6479769347924496,0.3196380138397217,0.3448097158477291,0.2632391922027182,3.826046274647851,0.3196380138397217,0
0.00035603519707580613,5.372425606783237,1.6762871231190213,0.5965548179385954,0.257495753467083,0.35205528253977225,0.2598298036052711,3.723881662237854,0.257495753467083,0
0.0009523577914935712,5.750974951598733,1.330216973341975,0.751754477025686,0.37157532572746277,0.29113044226096524,0.23902057880059147,3.986272073299528,0.37157532572746277,0
0.0014571003286490357,5.759162260015972,1.3449504560749106,0.7435194878162991,0.4241718053817749,0.31992110436942967,0.25979103411435744,3.9919470830453125,0.4241718053817749,0
0.0003042250804265424,5.416789804472643,1.600711896043926,0.6247207632537418,0.46595072001218796,0.48958211689067654,0.37477762748909527,3.7546325807840684,0.46595072001218796,0
0.0009998670031384157,5.691358512871867,1.3786794256776727,0.7253299710052906,0.49114038050174713,0.401259338987336,0.32394835887453155,3.9449491068809763,0.49114038050174713,0
0.0008344587310816926,5.666722651085422,1.4154334442526555,0.7064956229503236,0.4705977961421013,0.4053400989074264,0.3197882941747139,3.927872828743037,0.4705977961421013,0
0.0005858192450911567,5.643909883439434,1.4024295543595766,0.7130464368259112,0.45031752437353134,0.3841173128267976,0.30857955802275683,3.912060223168454,0.45031752437353134,0
0.0008387087504030749,5.724871706712703,1.346784448663119,0.7425075792608122,0.5731721222400665,0.42748881097039787,0.350430119435714,3.9681786827033108,0.5731721222400665,0
0.0005425768496894796,5.647662671239594,1.3769756805330426,0.7262271991387386,0.4848034903407097,0.356093371589271,0.2974925711345122,3.914661457451373,0.4848034903407097,0
0.0007016227356212666,5.65384094022134,1.430757884832306,0.6989283206021768,0.42374177277088165,0.3578619497650216,0.2781584453101118,3.9189439071768106,0.42374177277088165,0
0.0006980354810304914,5.671745443688776,1.371437804229214,0.7291597307355957,0.4596858397126198,0.35971800926927405,0.29695224468630954,3.931354363274589,0.4596858397126198,0
0.0007593719717288298,5.701108692419579,1.3691407615965887,0.7303825282957731,0.34867656975984573,0.28498435154396606,0.22915695675783354,3.9517074163444272,0.34867656975984573,0
0.000587697794007879,5.6509482233699755,1.4006058770586576,0.7139745624819851,0.4285668805241585,0.3298450526560363,0.26681772333427034,3.9169388286471296,0.4285668805241585,0
0.00031329614008957776,5.496907505039967,1.494136641893464,0.6692810291949036,0.4220449849963188,0.37166942875103637,0.30340469093403044,3.810165939045255,0.4220449849963188,0
0.0001426617287750192,5.223757904836514,1.765509098551082,0.5664071839632067,0.2880846709012985,0.33746878346889464,0.25055504934994133,3.620833063793155,0.2880846709012985,0
0.0004680162242881509,5.610410790159237,1.4290251628397113,0.6997748731034652,0.31885501742362976,0.24401974847932859,0.1975299822050829,3.888840421109969,0.31885501742362976,0
0.0003866196142365853,5.493742072768095,1.5330254237551688,0.6523027460074785,0.34528540819883347,0.30244409696427393,0.23826504401904458,3.8079718285907544,0.34528540819883347,0
0.0002175250630781777,5.334521392892711,1.6602638243960444,0.6023119935686412,0.26696038991212845,0.3138644991029925,0.23988672414884604,3.6976084632482946,0.26696038991212845,0
0.0004458872629907248,5.535644660808589,1.4854929374034882,0.6731748365505398,0.32576846331357956,0.28291112791845563,0.22815445250898847,3.837016489349187,0.32576846331357956,0
0.0005732108411323013,5.608825505885302,1.4160875360975722,0.7061690335922783,0.45508937537670135,0.35296277773450424,0.29219443298052283,3.887741585785105,0.45508937537670135,0
0.0004539686798443479,5.513505528145427,1.520070793576564,0.6578622593279823,0.48361461609601974,0.3579857799428273,0.2869286468530845,3.821670811963674,0.48361461609601974,0
0.0004492311036384605,5.5341456112952425,1.5056389472444047,0.6641678506123938,0.41287562996149063,0.33149689837792884,0.26311358157920495,3.835977427405491,0.41287562996149063,0
0.00041479167726916395,5.549328420592851,1.4705759848940307,0.6800037906600467,0.360142283141613,0.36286760917493704,0.2898460193828214,3.846501348863109,0.360142283141613,0
0.0004441096426518296,5.37868459661638,1.6926022671483942,0.5908048821305177,0.3629734143614769,0.4315797400887333,0.31409520501551924,3.72822006339385,0.3629734143614769,0
0.000560059189399558,5.646240465966846,1.386004000516066,0.72149661424995,0.4761720597743988,0.3563412613996595,0.2948787701038782,3.9136756598763895,0.4761720597743988,0
0.00041826824973398096,5.50705921471217,1.5161040722998516,0.6595837248915053,0.4511762261390686,0.41174711516723017,0.3268913756000984,3.817202567982406,0.4511762261390686,0
0.0004627904110179949,5.52633403034967,1.5114701935109254,0.6616058772288728,0.48070329427719116,0.41038725470689413,0.323925227541622,3.830562852097351,0.48070329427719116,0
0.0004020887187750557,5.444935321508528,1.5730631744132788,0.6357007580492364,0.3692205846309662,0.39253051628443775,0.3017721459839322,3.774141566562896,0.3692205846309662,0
0.0008982120690444958,5.699476395045199,1.3920245003895453,0.7183756382403449,0.3222934454679489,0.2848111259415966,0.22537337993344408,3.9505759940215395,0.3222934454679489,0
0.0005201577875502602,5.586666557469481,1.4482078692792244,0.6905065871415104,0.4074495732784271,0.34167929545790565,0.27690992696955163,3.8723821731665056,0.4074495732784271,0
0.00033807075828898975,5.444028421820958,1.578192320618495,0.633634255704209,0.28463782370090485,0.30454587245707054,0.2357349789390355,3.773512951601404,0.28463782370090485,0
0.0005849236447462774,5.639374116366598,1.4232994033902648,0.7025907358300829,0.3809027522802353,0.3305922097591817,0.2618601263225173,3.90891626901024,0.3809027522802353,0
0.00023249822115069046,5.396532544122458,1.611579147483423,0.6205075026524663,0.334165558218956,0.3280971693535284,0.2520374502520326,3.7405913178864694,0.334165558218956,0
0.00016618906039264582,5.172324959328531,1.814805492946336,0.5510214384537101,0.20010841637849808,0.3061124202979366,0.22453402830342384,3.5851824626264044,0.20010841637849808,0
0.00025048123018544985,5.557373993536366,1.4538549027089618,0.6878233553910363,0.2545264735817909,0.21539707549609632,0.17272639760993513,3.852078115064895,0.2545264735817909,0
0.000516059335618968,5.536264735468466,1.5159825215166818,0.6596366742609789,0.4665897861123085,0.42894993435655304,0.33487482242071565,3.8374462923514177,0.4665897861123085,0
0.00044569493055597435,5.583132192095084,1.4360200770307192,0.696367282152036,0.48036547005176544,0.3843420390528804,0.3078877080050688,3.869932337772173,0.48036547005176544,0
0.000558303070960473,5.51164727625038,1.57384935882553,0.635383402818151,0.44544384628534317,0.4466536365656582,0.33400662472990916,3.820382769901851,0.44544384628534317,0
0.0004415773064192795,5.643645645721918,1.3875487662192665,0.7206929873834401,0.3800198882818222,0.29989104812798456,0.2457671101001324,3.9118770675395584,0.3800198882818222,0
0.0006862189519736407,5.603661990530073,1.4559712204038828,0.6868249773513866,0.37066854536533356,0.38468513246792574,0.30267283593332195,3.88416250967485,0.37066854536533356,0
0.00023355430098532558,5.3313012211320085,1.6877911468468185,0.5924887602653651,0.3722933977842331,0.36821220426545764,0.27583226648255277,3.695376410271443,0.3722933977842331,0
0.0005619983753447751,5.585250269871572,1.4844128846770495,0.6736650189453456,0.3437999337911606,0.33716236071228284,0.26107470070155614,3.8714004774111537,0.3437999337911606,0
0.0004315094009994286,5.5469878871046845,1.4657727133290217,0.6822316901855551,0.3616435304284096,0.29374016811195997,0.24096460898226724,3.844879014674778,0.3616435304284096,0
0.00031095122492468517,5.460307313744334,1.5521742538831145,0.644255542647033,0.3864496648311615,0.31910226564092614,0.25277544033087906,3.7847966196407317,0.3864496648311615,0
0.0004269692403453133,5.538954647253101,1.4645906586440085,0.6827830113380304,0.4974457547068596,0.42021765334535593,0.34324334296093184,3.839310797120893,0.4974457547068596,0
0.0008917714847038182,5.584083443932824,1.51383482634747,0.6605723602084891,0.3957006633281708,0.3912668647611313,0.29668662321807915,3.8705916953015063,0.3957006633281708,0
0.0005573731235274543,5.681535184572976,1.3523430891830177,0.7394550960639663,0.4406486824154854,0.33210611296741627,0.2776178334361248,3.9381400945668847,0.4406486824154854,0
0.0006046354052851073,5.614303573043099,1.442573311141398,0.6932036039954521,0.4135756567120552,0.33537936874906843,0.26720589680007834,3.8915386925904496,0.4135756567120552,0
0.0006800335627710892,5.559547803568893,1.5163751973110295,0.6594657545993362,0.4414684697985649,0.40221123732815406,0.31085701089273243,3.8535848853600134,0.4414684697985649,0
0.0008511976485451991,5.693153892205471,1.3769263894861337,0.7262531954439119,0.46058177947998047,0.35590322817147063,0.28886368687062713,3.9461935690041012,0.46058177947998047,0
0.0003408262817729245,5.448094403547637,1.5681496112196402,0.6376923933464473,0.33090807497501373,0.34231281688963006,0.2680151407021185,3.7763312753714606,0.33090807497501373,0
0.000533324635581826,5.6105063706370055,1.4431084872977828,0.6929463864268885,0.39630086719989777,0.3136256028134456,0.25132978406435313,3.8889066724486514,0.39630086719989777,0
0.00022664269376348133,5.395876750344177,1.6132858556978458,0.619850476766302,0.2299707680940628,0.250425641930345,0.19443197916507415,3.7401367562780248,0.2299707680940628,0
0.0003548053921365362,5.588879544785259,1.4235222669493965,0.7024797345344428,0.30981481820344925,0.22442511057680883,0.18414007633839446,3.8739160990850516,0.30981481820344925,0
0.0006812028008998704,5.655202316773574,1.394103493384609,0.717305251019764,0.5951511263847351,0.44568537958343146,0.3646948738696665,3.9198875414956715,0.5951511263847351,0
0.00039221120597996545,5.507929732224026,1.5104708923110743,0.6620433724858182,0.4180845469236374,0.3627893743028864,0.29038704119375325,3.8178059647413773,0.4180845469236374,0
0.00046009964383013027,5.574715879145724,1.4158410490278839,0.7062922580926851,0.560792863368988,0.4117958633782137,0.34728084979150253,3.8640985941806134,0.560792863368988,0
0.0007984443628729543,5.53819858823889,1.5115157251053963,0.661586052944034,0.4706095829606056,0.4390837455087031,0.3490952424210434,3.8387867369468553,0.4706095829606056,0
0.0004237848399980762,5.48938783011248,1.5630530968710385,0.6397712067350771,0.27760234475135803,0.27517606282685525,0.21103560002792676,3.8049536975705407,0.27760234475135803,0
0.0006048711360209,5.6582944671069875,1.396415104430534,0.7161170877252484,0.33763039112091064,0.30467643935257227,0.24405482044790006,3.922030856781147,0.33763039112091064,0
0.0008806684131559327,5.594343518193335,1.5222873648323247,0.6569042977425009,0.37848036736249924,0.34630225128776265,0.259226687020373,3.8777034368475145,0.37848036736249924,0
0.000736074320061135,5.742117838224306,1.3060720579912501,0.7656520323130634,0.44920921325683594,0.30539364111999046,0.25628237533439346,3.9801327901361447,0.44920921325683594,0
0.00038874846451399244,5.493763252462166,1.528545845771629,0.654214758069604,0.41709498316049576,0.3637265976954683,0.28916076278346736,3.8079865092359846,0.41709498316049576,0
0.0003430144155906269,5.421210560138639,1.6192382669560754,0.6175726474986155,0.33795610815286636,0.36542330280865837,0.277247400453291,3.757696815109898,0.33795610815286636,0
0.00023567680246683822,5.359747438920504,1.6176392291767832,0.6181833433363385,0.4432031884789467,0.4214073039663498,0.33079186441500497,3.7150938259291344,0.4432031884789467,0
0.00014693812424201736,5.162717221079376,1.8176579626070877,0.5501571405043872,0.34341946244239807,0.4011419277087686,0.2977814646983461,3.578522885947443,0.34341946244239807,0
0.0002367324551264455,5.325688798796863,1.681809400345638,0.5945961041595037,0.30145151168107986,0.3727695081640794,0.2792839984558668,3.6914861755537256,0.30145151168107986,0
0.0004401615487928311,5.4884429767564775,1.5550009758086194,0.6430850332861504,0.4630606025457382,0.4660447438453042,0.35613813618601853,3.8042987751307837,0.4630606025457382,0
0.00043953317629038575,5.552615909291807,1.491743053343116,0.67035455640196,0.33023785799741745,0.30795563205314364,0.24272413662856707,3.8487800623859125,0.33023785799741745,0
0.0002518065548055601,5.4195869344831245,1.5369989359189329,0.6506165665843024,0.3645664304494858,0.3300898838569718,0.27183999240935464,3.756571403564492,0.3645664304494858,0
0.0002726354513672288,5.507081771505914,1.4907462030572607,0.6708028392416685,0.3732658252120018,0.3110990059681134,0.25141345284055205,3.817218203160392,0.3732658252120018,0
0.0003340265653747282,5.484501770373335,1.520787904269918,0.6575520726500581,0.38089407980442047,0.36212284772742354,0.28984996027884335,3.8015669390383033,0.38089407980442047,0
0.000529268667837659,5.624892118366655,1.4222148570073283,0.703126621204372,0.4054637625813484,0.3480713674480214,0.2775487836515822,3.898878112927704,0.4054637625813484,0
0.000342341731458612,5.460720078779959,1.552183460939753,0.6442519670601062,0.3803775832056999,0.36336430622435917,0.2850959711216774,3.7850827265614098,0.3803775832056999,0
0.00045395447522026127,5.535865720195665,1.4999938401086907,0.6666673955373549,0.39697832614183426,0.33186188607496886,0.26386125958129014,3.8371697160400755,0.39697832614183426,0
0.0003639672532573241,5.522079369622247,1.4996482572169563,0.6668204432853511,0.3096545338630676,0.2574422981339283,0.20716507533279582,3.8276137460098996,0.3096545338630676,0
0.000336434113316587,5.514151967568782,1.4725138701386258,0.679108907740772,0.42148326337337494,0.3684565270977625,0.30322605039208383,3.822118889627375,0.42148326337337494,0
0.00036799985782138563,5.500423740879805,1.5116060445633566,0.6615459606104002,0.3405623883008957,0.3197754279742403,0.25493260419727903,3.8126032080038232,0.3405623883008957,0
0.0011115993424696377,5.802623498226987,1.2991995338183873,0.7697028136196636,0.4864376336336136,0.4059475043645848,0.32079690137834405,4.022072117774922,0.4864376336336136,0
0.0010285380897167155,5.699018636501755,1.379152170428655,0.7250815726938565,0.5931939631700516,0.4597096283323043,0.3702374841591336,3.9502586999777733,0.5931939631700516,0
0.0004069941249971294,5.480641055530189,1.555836136334654,0.6427398300581469,0.48600558191537857,0.4659531424974932,0.3583987936417543,3.7988908954298326,0.48600558191537857,0
0.000518118705454037,5.58970733000453,1.4445467342241,0.6922569896596201,0.4970625936985016,0.41214181723626886,0.33128040643009626,3.8744898760758986,0.4970625936985016,0
0.0007855217254317517,5.587911085001353,1.4626617930751444,0.6836836645344021,0.5448054373264313,0.4937442533830428,0.39045819418879546,3.8732448139163504,0.5448054373264313,0
0.0010916401495046626,5.827942027712945,1.2304202207503667,0.8127276350860521,0.45744017511606216,0.2870396186948736,0.2513676559749456,4.039621585104038,0.45744017511606216,0
0.0011563781299144464,5.785227101910891,1.3399600968441905,0.7462882905789021,0.3386607766151428,0.2881932209460748,0.2244046371240529,4.010013854716517,0.3386607766151428,0
0.0003470507104631149,5.422962581673364,1.6211106908654882,0.6168593522623209,0.2869737818837166,0.3690997742537584,0.2748743670766771,3.758911223896973,0.2869737818837166,0
0.001451657412029158,5.7229767243479674,1.380641964398705,0.7242990872676073,0.522381380200386,0.43757014269427846,0.34671098669059575,3.9668651810199833,0.522381380200386,0
0.000711043113043786,5.756275048245843,1.2919637296692887,0.7740130083414964,0.4677823632955551,0.30609671997387033,0.2577864389709248,3.9899458203471685,0.4677823632955551,0
0.001091261003891517,5.679027302088514,1.389448968502772,0.7197076171512449,0.39846760779619217,0.33403094835263114,0.27200103514917373,3.9364017628936043,0.39846760779619217,0
0.001113091346934333,5.7558602968953725,1.326874769571824,0.7536486972114603,0.4950009062886238,0.3908454636283952,0.31863778317540437,3.989658336617956,0.4950009062886238,0
0.0006256793120699205,5.622308024008645,1.4229738617354795,0.7027522516249631,0.688987672328949,0.522284416631206,0.4194713213905743,3.897086955209148,0.688987672328949,0
0.0004403820891930198,5.533823125626144,1.4772819155051793,0.6769167181132829,0.3859313353896141,0.31505606912710776,0.25791801370905887,3.8357538973731846,0.3859313353896141,0
0.0003232663398228797,5.491564881409836,1.509338573255261,0.6625401812679935,0.43261580914258957,0.39245125082411053,0.3166534391684763,3.806462714539238,0.43261580914258957,0
0.0003054102883572293,5.362867996963537,1.6652746448994469,0.6004998896757184,0.30465057492256165,0.3623889909909135,0.27351019978937074,3.7172568319384363,0.30465057492256165,0
0.0005455780099321855,5.594918778357544,1.4457625101769593,0.6916747472107774,0.46350473910570145,0.3874087213579714,0.31094665559601253,3.878102176808424,0.46350473910570145,0
0.000685472198347748,5.754980122876086,1.2997772165702475,0.7693602590961818,0.4843817502260208,0.3263812401698742,0.27260502278886634,3.989048246478085,0.4843817502260208,0
0.0006836220712763605,5.710709546436901,1.3630434540769842,0.73365050357758,0.48163487017154694,0.40265357330746226,0.31836234591173707,3.9583622212375014,0.48163487017154694,0
0.0006078278216279464,5.633521898246921,1.4015885824915846,0.7134742538473405,0.5325661450624466,0.3799517989441842,0.3135886608106375,3.904859820520563,0.5325661450624466,0
0.0006395389913120608,5.587423701324179,1.4445169358242744,0.6922711737166375,0.4863247871398926,0.3898042868522438,0.31748980631186896,3.8729069852946685,0.4863247871398926,0
0.0007379365563633067,5.552056667242669,1.5347960196039674,0.6515507842612811,0.3922017142176628,0.40820459497564443,0.3061983057568227,3.848392425336302,0.3922017142176628,0
0.00022325788092881355,5.4009393035481725,1.584285614762072,0.6311972052272095,0.2513768710196018,0.2987132881204595,0.23358672881919063,3.74364585075781,0.2513768710196018,0
0.0007671342548392018,5.649735261955637,1.4113009318931578,0.7085638518104508,0.43649421632289886,0.3148967390881163,0.2568428175396775,3.916098067862653,0.43649421632289886,0
0.00036109887150429995,5.457693190418137,1.606620689015967,0.6224219818641993,0.20429794490337372,0.2521016205289046,0.18560861212264967,3.7829846474275435,0.20429794490337372,0
0.0005453038302703389,5.57621354014022,1.4716327218647103,0.6795156532465784,0.3832192048430443,0.3953085632968247,0.30923426908611873,3.8651366936763822,0.3832192048430443,0
0.00042768829342651737,5.518678493326069,1.5240738246578704,0.6561346421183113,0.42147396504879,0.42256464389041304,0.32505078624308226,3.8252564381937715,0.42147396504879,0
0.0005959554774943994,5.681703210524372,1.3649738271389558,0.7326128701207095,0.5123742967844009,0.38360225032129913,0.31294365513167577,3.938256561281356,0.5123742967844009,0
0.00038134093117184154,5.497915185735327,1.520362293229257,0.6577360680401525,0.38775186240673065,0.3468292463417888,0.2769899802397049,3.810864410078148,0.38775186240673065,0
0.0007742439558148692,5.65966982637864,1.4074349156365877,0.7105101708544557,0.3404030203819275,0.31469949188617574,0.24943386352651942,3.9229841831825483,0.3404030203819275,0
0.0013961574917063756,5.794175121894906,1.3359291914633538,0.7485403089813063,0.3770345225930214,0.3174346406669904,0.2472987386562977,4.016216149540031,0.3770345225930214,0
0.0007926279147446993,5.633134350743417,1.4505428593832312,0.6893953772259406,0.46413877606391907,0.40678862756545253,0.3163273968861233,3.904591193061176,0.46413877606391907,0
0.0004665508549863424,5.508396474539003,1.5248202938097926,0.6558132538623386,0.36982811242341995,0.37856299934714166,0.2971054692945927,3.818129485861051,0.36982811242341995,0
0.0010243404008360279,5.642112559272929,1.433688778287863,0.6974999757707934,0.5901336371898651,0.4735104482440334,0.37527585628026827,3.910814412989885,0.5901336371898651,0
0.0005503477936475873,5.574029193944021,1.4651633360272294,0.6825158930277812,0.4111343175172806,0.36532518820530624,0.2915912746750564,3.863622620269121,0.4111343175172806,0
0.0005064704346842136,5.583927301664218,1.4467576231495072,0.6911993606558156,0.5715623646974564,0.48641459601729486,0.38920292840265347,3.870483465728254,0.5715623646974564,0
0.0006597723176061017,5.568002945105377,1.5256806149799724,0.6554437943991468,0.44958116859197617,0.474230155573715,0.3551507314059563,3.859445542877262,0.44958116859197617,0
0.0011606117534140414,5.654037204369291,1.4961918696326115,0.668362103473551,0.5056518018245697,0.4866614503165888,0.3555837655362666,3.9190799471176074,0.5056518018245697,0
0.0006826058285631141,5.60673141344229,1.4855366089728357,0.6731558484314366,0.48582471907138824,0.42669098479784817,0.32562457647031806,3.8862900715123985,0.48582471907138824,0
0.0005633801048624131,5.539639180304837,1.499266425239034,0.6669910077041915,0.4124695435166359,0.36020194116945053,0.2843731692394158,3.839785279275703,0.4124695435166359,0
0.00026788059173350856,5.354771042137376,1.6629104849126464,0.6013531657115982,0.24208935722708702,0.28444524295366796,0.21364769721469656,3.711644450529562,0.24208935722708702,0
0.0015235508260232884,5.876578101507227,1.239634084229597,0.8066870763321974,0.4495820552110672,0.3120240310413366,0.2544690999310433,4.073333542528049,0.4495820552110672,0
0.0003299989035541045,5.567365105626314,1.422661445841441,0.7029060048327377,0.5076631456613541,0.3667192776093928,0.3051775257290501,3.8590034262407,0.5076631456613541,0
0.0005403851933709829,5.583047770173927,1.4464487926609046,0.6913465150306641,0.4254213869571686,0.37480828223833446,0.30453532662022553,3.8698738209555454,0.4254213869571686,0
0.00039196870027638324,5.515475709087099,1.516307529183812,0.6594949319084579,0.38477935642004013,0.34851743974988403,0.2744364965249133,3.8230364373285863,0.38477935642004013,0
0.0003859406105452005,5.490652336133073,1.546983097697922,0.6464174109012566,0.32529863715171814,0.31335307554703307,0.24150908648243785,3.805830186353517,0.32529863715171814,0
0.0013705296835995057,5.6817922233716995,1.4330934283905956,0.697789957601705,0.6198395490646362,0.5563693153285199,0.4282653171504762,3.9383182602855147,0.6198395490646362,0
0.0010157528271436936,5.749853300103842,1.2904556084718968,0.7749184773253822,0.6687618792057037,0.4750974379407056,0.4081455189696612,3.985494603728274,0.6687618792057037,0
0.0006100625128662723,5.549662882201404,1.4927617919064158,0.6698979524962876,0.5013499334454536,0.5175873770149592,0.4030240405360246,3.8467331799840823,0.5013499334454536,0
0.0008680754936512317,5.598725935431506,1.494697985115428,0.6690299166860972,0.42854784429073334,0.4288987180307224,0.32828150391378585,3.880741097000191,0.42854784429073334,0
0.0005327643178000633,5.539461479665386,1.4936543064498862,0.6694972303264547,0.4353683143854141,0.3877812802433072,0.30929215161722823,3.8396621065784826,0.4353683143854141,0
0.0005380896529576891,5.59291450581836,1.4533355900770975,0.6880706743444333,0.5376989245414734,0.4165811548682628,0.3301046333671991,3.8767129209488163,0.5376989245414734,0
0.000518460133210091,5.508050109915275,1.5583503774228913,0.6417025965697084,0.36470090597867966,0.39738541408906397,0.29743336905517026,3.817889404198668,0.36470090597867966,0
0.000648881281674234,5.568481608849492,1.4978876472132416,0.6676044547117009,0.29228729754686356,0.28295944904208,0.21916196265824794,3.8597773273019333,0.29228729754686356,0
0.0005191442074795287,5.625307017480193,1.3886857854827015,0.7201031302204838,0.4415014311671257,0.3312365694364323,0.27861694937197967,3.899165699078469,0.4415014311671257,0
0.0004678769903653907,5.523614684642984,1.4810338647526986,0.6752023538920305,0.45700516551733017,0.40844147880313325,0.3320178758585257,3.828677945287795,0.45700516551733017,0
0.0008030444550775429,5.690971542836017,1.383078694196716,0.7230229206184894,0.5253589153289795,0.41613220401753803,0.334480317784255,3.9446808796916653,0.5253589153289795,0
0.000468123035095885,5.614834742347087,1.4219264562396026,0.7032690566104695,0.40140553563833237,0.32024998383677933,0.25959732349838305,3.891906871095909,0.40140553563833237,0
0.000703478060721103,5.645003945148998,1.410133927156971,0.7091504856001523,0.4303815960884094,0.35201308926224306,0.28561928992303365,3.9128185689577952,0.4303815960884094,0
0.0007986763505416552,5.639567906861844,1.4017980612438579,0.71336832726214,0.674640879034996,0.6017231231712324,0.4858885361136629,3.9090505943456364,0.674640879034996,0
0.0007344719876081089,5.635644815358987,1.4286757222008852,0.69994693102225,0.4679390415549278,0.35551416981450634,0.28545894247884007,3.9063313145313545,0.4679390415549278,0
0.0006500807546039599,5.534923797256491,1.5086362229731547,0.6628490457962223,0.6180910468101501,0.521063385344349,0.4090407453743694,3.8365168248104813,0.6180910468101501,0
0.0003544487236682481,5.410563541536286,1.6038954248462929,0.6234805815444766,0.42188312113285065,0.425933230972089,0.33186071948858853,3.7503168641843083,0.42188312113285065,0
0.00040366273465641887,5.430781893858187,1.6119603234691215,0.6203610017364646,0.3364398330450058,0.3732763353170672,0.2820597511567371,3.764331158091801,0.3364398330450058,0
0.00018318693934771697,5.312755053377384,1.6484176692574568,0.6066400244664117,0.24220682308077812,0.2587452178602484,0.20413637284082142,3.682521186382134,0.24220682308077812,0
0.00026738126026661015,5.39991749724033,1.6101904908435989,0.6210429470397965,0.41133448481559753,0.39180691785140076,0.3030577835682351,3.74293758859645,0.41133448481559753,0
0.000718584063557105,5.58648686652448,1.466745280222671,0.6817802191382446,0.5611130744218826,0.48043797484642453,0.37987313401413303,3.8722576208946053,0.5611130744218826,0
0.000701744027952781,5.689970251545073,1.3334178122698546,0.7499505170156566,0.5910459607839584,0.38134502637940415,0.32618440544092664,3.9439868374564298,0.5910459607839584,0
0.00034378393604085904,5.39432738295549,1.5997063705452907,0.625113225984318,0.3883761093020439,0.418394902372328,0.3270170755072286,3.7390628166409043,0.3883761093020439,0
0.0004512055006414626,5.466837579558194,1.5582191877596745,0.641756836206675,0.46509307622909546,0.4578856080824744,0.35638791448263873,3.7893230549779164,0.46509307622909546,0
0.0004914636201812831,5.544053377039787,1.5367890049899742,0.6507057141101756,0.40509411692619324,0.3826904280836888,0.28969211766252556,3.842844967296972,0.40509411692619324,0
0.0005574640484205401,5.5536854389028925,1.4931978163049027,0.6697020096474157,0.462619386613369,0.4129457947757001,0.32521432691532937,3.849521403820362,0.462619386613369,0
0.0002876009160338247,5.399866707826666,1.6254196018217304,0.6152241424918953,0.3373924195766449,0.38178334968692024,0.28921755179180764,3.742902384057566,0.3373924195766449,0
0.0011917438022753003,5.721382001973677,1.3695864698250588,0.7301456838554898,0.5486748963594437,0.42546024194502424,0.3406781928251803,3.965759803702469,0.5486748963594437,0
0.0003132105456317954,5.436147548950117,1.5861053247831007,0.6304738294388552,0.4944215565919876,0.4757385115282421,0.36352214520684356,3.7680503467906297,0.4944215565919876,0
0.0007286639585157901,5.688138299377926,1.3918652801893903,0.7184583327432091,0.4445698782801628,0.35824320588346914,0.284582215516366,3.9427170249768513,0.4445698782801628,0
0.0005031818445571067,5.414729326718829,1.623755263065449,0.6158549741377615,0.37658604979515076,0.4455407099204405,0.33819549902017343,3.753204366438406,0.37658604979515076,0
0.00040232933869389074,5.532610890113017,1.4959875952607615,0.6684525276688185,0.30257564038038254,0.3020602587679893,0.23832966872305406,3.8349136397450865,0.30257564038038254,0
0.0005621576526970945,5.606071798049415,1.4453388379043892,0.6918772115480623,0.40263986587524414,0.33387893992657425,0.26616148150424124,3.8858328609625747,0.40263986587524414,0
0.0004763326465297277,5.493052149894886,1.5215431493110134,0.6572257378711175,0.3836527690291405,0.37299535793481176,0.29560814310664796,3.8074936104963855,0.3836527690291405,0
0.00037251520208167444,5.526408910546158,1.4769045535714853,0.6770902447015082,0.4821094796061516,0.42837065231816407,0.34890133512726607,3.8306147550944276,0.4821094796061516,0
0.0011574887352727643,5.743706929030013,1.3275519964103129,0.7532646347129566,0.6092807352542877,0.4925221223644863,0.40314735108017885,3.9812342639477736,0.6092807352542877,0
0.00036725975628922085,5.475787377355732,1.5307165873527717,0.6532874141363323,0.5396623909473419,0.471948066210264,0.37665059882328933,3.795526582087861,0.5396623909473419,0
0.00048522433175969066,5.500697596315273,1.5476284734938608,0.6461483045080292,0.3475843742489815,0.4022769240880347,0.3091357635152008,3.812793030126798,0.3475843742489815,0
0.00041360697871152394,5.511865663222709,1.5027570211515466,0.6654421813413932,0.49335096776485443,0.47850938095085543,0.38062850219193933,3.8205341442159915,0.49335096776485443,0
0.00042593124870059473,5.586054821346729,1.4866175238165427,0.6726658410992512,0.37297874689102173,0.3151632151486327,0.24206023689032463,3.871958149997774,0.37297874689102173,0
0.00019991338402833728,5.3686377764811315,1.6003882660458546,0.6248465327119699,0.32874540984630585,0.3400230631765433,0.26831276278039695,3.7212561383435085,0.32874540984630585,0
0.000951114590625963,5.781353844589432,1.2812633339378316,0.7804768933881217,0.35234013199806213,0.27983543384751763,0.2356610293754784,4.007329117324565,0.35234013199806213,0
0.0005028115716070919,5.58584677040242,1.449594143982661,0.6898461001996131,0.3529350161552429,0.31919194082083197,0.25757815889073754,3.871813940072314,0.3529350161552429,0
0.0004641718282196648,5.587743154210144,1.4578837748940714,0.6859239699303943,0.4991776943206787,0.3885858091474116,0.31100808268797664,3.8731284131618953,0.4991776943206787,0
0.0009978648165616946,5.602922081853016,1.4624338663231236,0.683789935982753,0.37536126375198364,0.40980686583470777,0.32472939404942736,3.883649644061475,0.37536126375198364,0
0.0009828071412857355,5.543235266965896,1.5506686278920094,0.6448820666403321,0.5866245776414871,0.6208969319707042,0.4652015863609904,3.842277896605866,0.5866245776414871,0
0.000477353012503473,5.487572274523096,1.537195528952711,0.6505337591541434,0.44747716188430786,0.41424998771067084,0.33018820326276455,3.803695250332609,0.44747716188430786,0
0.00016227256280903137,5.101723788320056,1.8764591757789362,0.5329174903706726,0.22548747435212135,0.4795553063717274,0.3465949843391627,3.536245459997648,0.22548747435212135,0
