mean,std_dev,variance,median,range,skewness,kurtosis,entropy,energy,contrast,mean_abs_dev,min_value,max_value,iqr,percentile_25,percentile_50,percentile_75,signal_to_noise,coef_of_var,autocorrelation,shannon_entropy,root_mean_square,harmonic_mean,geometric_mean,std_error_mean,median_abs_dev,label
0.28280889665438735,0.39194427824684935,0.15362031725044367,0.0,1.5460599660873413,1.2061045209812915,0.31531951128925684,3.8932516131075827,29.900952227496397,0.15362031725044367,0.32862306529941065,0.0,1.5460599660873413,0.4703986421227455,0.0,0.0,0.4703986421227455,0.72155199297049,1.3858979787535934,0.03411624299553368,5.616774794978603,0.48332306925835394,1.9104196206869954e-06,0.0004700081427451359,0.03464330712445177,0.0,1
0.24959490606852341,0.35686919121809724,0.12735561964065886,0.004132757894694805,1.3823904991149902,1.3602465603241427,0.834863452064432,3.874485955563695,24.275614307329775,0.12735561964065886,0.2947684210034822,0.0,1.3823904991149902,0.4554571285843849,0.0,0.004132757894694805,0.4554571285843849,0.6993997038995793,1.4297935676624862,-0.011628248952219117,5.589701673901015,0.4354919480036501,1.9999803561926346e-06,0.0005582888471672221,0.03154307813835941,0.004132757894694805,1
0.2368341315886937,0.3419876215529937,0.11695553329547366,0.0150363240391016,1.3216389417648315,1.396196155876332,0.8472031460770899,3.876712334336623,22.149880215148073,0.11695553329547366,0.27555307601505774,0.0,1.3216389417648315,0.38322147727012634,0.0,0.0150363240391016,0.38322147727012634,0.6925205011594062,1.4439963499303323,0.06075985137177976,5.59291365951586,0.4159879074935284,2.0644962599222283e-06,0.0006492739538658794,0.030227720785247568,0.0150363240391016,1
0.25850158369576093,0.37392080963970503,0.1398167718816125,0.07450291886925697,1.8198703527450562,1.775027279798793,2.856719575598442,3.9394608950590193,26.44989960381811,0.1398167718816125,0.28449154669397103,0.0,1.8198703527450562,0.3873993456363678,0.0,0.07450291886925697,0.3873993456363678,0.6913252370725365,1.4464933030344016,0.08692707342854933,5.683440696892982,0.45457655092935556,2.4150671877400786e-06,0.0015098903403198446,0.033050242515374945,0.07450291886925697,1
0.21712741528426704,0.33608262952006146,0.1129515338651189,0.0,1.58216392993927,1.6818862945482025,2.354974358912574,3.7923194584706312,20.492268586642616,0.1129515338651189,0.2671896304231325,0.0,1.58216392993927,0.3446507677435875,0.0,0.0,0.3446507677435875,0.6460517449015062,1.547859025909078,0.12246630185322638,5.471160476017635,0.4001197924786344,1.9104119916391126e-06,0.000389832949758841,0.0297057882965802,0.0,1
0.2657129138660821,0.35553202244860055,0.12640301898639222,0.1079433374106884,1.6804794073104858,1.6049994042649138,2.4657030417953347,4.008403952806958,25.21681556244431,0.12640301898639222,0.27889329796087736,0.0,1.6804794073104858,0.4402126148343086,0.0,0.1079433374106884,0.4402126148343086,0.7473649340252108,1.3380306484756959,0.08647629022703453,5.782904504409654,0.44385399804620007,2.3272152031964783e-06,0.0013507962716055525,0.03142488800029666,0.1079433374106884,1
0.32190330529920175,0.4763261472657457,0.22688659856902882,0.0,1.8384507894515991,1.532523425286602,1.450552170931532,3.847117180640928,42.305067076042235,0.22688659856902882,0.3769470919547757,0.0,1.8384507894515991,0.5283577293157578,0.0,0.0,0.5283577293157578,0.6758029794166026,1.4797180998903117,0.015193951299748992,5.5502168780447345,0.5748985445551067,1.910437384021356e-06,0.0005005350575013997,0.042101681098508856,0.0,1
0.282894958043471,0.4342749791036864,0.18859475747550727,0.0,1.8572092056274414,1.5452190103121,1.450891462594389,3.7890268816105426,34.383912289526336,0.18859475747550727,0.3470020095919608,0.0,1.8572092056274414,0.4523544907569885,0.0,0.0,0.4523544907569885,0.6514174664399937,1.5351103537057513,-0.01166362038000495,5.466410291709841,0.5182897980492425,1.8285639857216239e-06,0.0003547932721591438,0.038384847827982856,0.0,1
0.2170069432031596,0.36136779706554556,0.13058668475600532,0.0,1.78799569606781,1.9324296375186552,3.7195164529258777,3.6845275143069074,22.742873363761234,0.13058668475600532,0.2800948108688317,0.0,1.78799569606781,0.3566398099064827,0.0,0.0,0.3566398099064827,0.6005137824995959,1.6652361059583096,0.06830980137314985,5.315649572724853,0.4215195110008369,1.6842025753418922e-06,0.00018063181409359822,0.03194070247593643,0.0,1
0.3545017090073088,0.4765353395291446,0.22708592982015713,0.06144923157989979,1.7820388078689575,1.1627260911445823,0.11493558186878605,3.949400432250493,45.15294611318525,0.22708592982015713,0.4019904558158487,0.0,1.7820388078689575,0.6577388048171997,0.0,0.06144923157989979,0.6577388048171997,0.7439132750244911,1.344239893408581,-0.06361540839146734,5.697780417907852,0.593933827550898,2.0983516647775344e-06,0.0009319719684212577,0.04212017125701149,0.06144923157989979,1
0.29032085940707475,0.40554342238528046,0.16446546743996598,0.026288490742444992,1.638056755065918,1.462988948393335,1.2997146254816334,3.9296732970239896,31.840213612394045,0.16446546743996598,0.31904004327407165,0.0,1.638056755065918,0.4895143210887909,0.0,0.026288490742444992,0.4895143210887909,0.7158793054026038,1.3968800699113593,0.014360770787643962,5.669320177745629,0.4987501066133505,1.9999936815480576e-06,0.0006665385241926091,0.03584531300427901,0.026288490742444992,1
0.3165008252071857,0.4590883295976366,0.21076209437274823,0.044248221442103386,1.7367998361587524,1.4848977936648928,1.2191557700548925,3.886103305013126,39.799662941385954,0.21076209437274823,0.3672551138495237,0.0,1.7367998361587524,0.5215793401002884,0.0,0.044248221442103386,0.5215793401002884,0.6894101099770258,1.4505122673759578,0.07426546322958168,5.606461966339987,0.5576153393958758,2.13331282246831e-06,0.0008951449762901703,0.040578058877761704,0.044248221442103386,1
0.19929434070945717,0.3041324465542581,0.09249654504707866,0.0,1.3307931423187256,1.7601211901354719,2.4970653243921603,3.8352755532754506,16.92349174859467,0.09249654504707866,0.23315145590368047,0.0,1.3307931423187256,0.290497325360775,0.0,0.0,0.290497325360775,0.6552858390532283,1.5260465774973508,0.11119565513964606,5.533133020968505,0.36361350261767766,1.9104351218615576e-06,0.0004054365546238369,0.02688176441717139,0.0,1
0.2755069123595604,0.3982306045140375,0.15858761437161578,0.0,1.484531044960022,1.3887591924620604,0.9142308803026129,3.8561239054590994,30.014934160577823,0.15858761437161578,0.3255837466615503,0.0,1.484531044960022,0.5031390190124512,0.0,0.0,0.5031390190124512,0.6918258351085966,1.44544687138126,0.12724552146203452,5.56321083527456,0.48424340277335143,1.855064779596079e-06,0.00039795128049471937,0.03519894511598676,0.0,1
0.26436282729628147,0.3818532776971126,0.14581192568802817,0.04101765342056751,1.6109657287597656,1.544761239707105,1.820856963704311,3.890755566548863,27.609552658446297,0.14581192568802817,0.30768091998947966,0.0,1.6109657287597656,0.5052090585231781,0.0,0.04101765342056751,0.5052090585231781,0.6923133842852338,1.44442878600763,0.04160228909784881,5.613173760986509,0.4644347426109633,2.133310757543043e-06,0.0008152306416166568,0.03375138025974227,0.04101765342056751,1
0.23884208340314217,0.34614947424194076,0.11981945851797202,0.0,1.4049818515777588,1.6238874156276892,2.0478609617056156,3.893014660524547,22.63871991325767,0.11981945851797202,0.2719846057534596,0.0,1.4049818515777588,0.3619919642806053,0.0,0.0,0.3619919642806053,0.6899949622377356,1.4492817568404566,-0.006018173115129543,5.616432944662131,0.4205532062918146,1.969223197321232e-06,0.0005437827026717139,0.030595580067579307,0.0,1
0.27504729261272587,0.3787824570341358,0.14347614975681694,0.025945615023374557,1.561510682106018,1.2662392820040353,0.5506471844480547,3.9217792519226387,28.048276855092148,0.14347614975681694,0.31477264960722096,0.0,1.561510682106018,0.5271070748567581,0.0,0.025945615023374557,0.5271070748567581,0.7261333289640965,1.377153919371502,-0.017130441558949622,5.657931478025356,0.4681102038306871,2.0317352982398224e-06,0.0006780003785424485,0.033479955495417435,0.025945615023374557,1
0.24077557474083733,0.34572698778664707,0.11952715008402842,0.02278947178274393,1.4921343326568604,1.5321894884380036,1.7437005155735399,3.8933574901868333,22.72000351690355,0.11952715008402842,0.27597528484398026,0.0,1.4921343326568604,0.40373966097831726,0.0,0.02278947178274393,0.40373966097831726,0.6964306716453135,1.4358889524353784,-0.0341868568828411,5.616927543315782,0.4213075212666028,2.031732788906117e-06,0.0006233297417969246,0.030558237187892103,0.02278947178274393,1
0.2238209796951196,0.36500490492249904,0.13322858061748255,0.0,1.6206337213516235,1.877818658872497,3.2673140724230763,3.7176524234348793,23.465524680853203,0.13322858061748255,0.28181115278160007,0.0,1.6206337213516235,0.3898564502596855,0.0,0.0,0.3898564502596855,0.6131982433068941,1.6307895060583453,-0.08773304296846582,5.363438714853675,0.4281640007861073,1.7297069021551415e-06,0.00021547177499461396,0.03226218042963126,0.0,1
0.3003926191377104,0.4081166296860585,0.1665591834263074,0.08401710540056229,1.4136165380477905,1.2519622383318376,0.3856644274044094,3.9516279850799183,32.86974835951628,0.1665591834263074,0.3396492286888133,0.0,1.4136165380477905,0.5238548517227173,0.0,0.08401710540056229,0.5238548517227173,0.7360442119807108,1.3586107104015217,0.05677722891641988,5.700994097328181,0.5067493552622647,2.1694717819510106e-06,0.0010016041477615009,0.03607275454575137,0.08401710540056229,1
0.27475661420612596,0.4141177872821566,0.17149354174346948,0.0,1.77268648147583,1.6451034478280429,1.9697074075739947,3.840464077340042,31.61404656556588,0.17149354174346948,0.3203757143965049,0.0,1.77268648147583,0.39701762795448303,0.0,0.0,0.39701762795448303,0.6634729518294535,1.5072168088790032,0.01198002957894279,5.540618478906021,0.49697559174820993,1.9393798150619755e-06,0.0005052415373708802,0.03660318694964764,0.0,1
0.21947716164868325,0.35225932850251856,0.12408663451704527,0.0,1.4636900424957275,1.6197785272927236,1.5700911331121823,3.736400969696076,22.04887795230816,0.12408663451704527,0.2775583239945263,0.0,1.4636900424957275,0.32103750109672546,0.0,0.0,0.32103750109672546,0.6230538720658522,1.604993092932282,0.12350043599464822,5.390487149568579,0.4150383825652846,1.8550553825337794e-06,0.0003249440605000554,0.031135619990043818,0.0,1
0.1523155852628406,0.27047258856134976,0.07315542116307719,0.0,1.3811516761779785,2.1884708851831816,4.79087538311809,3.62751802686416,12.333498710660974,0.07315542116307719,0.19843325755164187,0.0,1.3811516761779785,0.20845036581158638,0.0,0.0,0.20845036581158638,0.5631440247937254,1.7757381038494102,0.14115852423564704,5.233402267907577,0.31041175666691306,1.662331001103119e-06,0.00014464640427719005,0.02390662518710118,0.0,1
0.19281896139727905,0.2709756428316118,0.07342779900800524,0.023473654873669147,1.3239109516143799,1.6528381790357105,2.590776213029094,3.9370623204692277,14.157689712938318,0.07342779900800524,0.21282335681553377,0.0,1.3239109516143799,0.33203552663326263,0.0,0.023473654873669147,0.33203552663326263,0.7115704120561385,1.4053371145034892,0.10980789782681087,5.679980285227087,0.33257623318922025,2.0983425537906222e-06,0.00067873805780742,0.02395108932282707,0.023473654873669147,1
0.18170801783708157,0.2674877130413349,0.07154967662808354,0.007083893287926912,1.2135581970214844,1.809017552202123,3.1140960390193255,3.888622572544965,13.38463748791868,0.07154967662808354,0.20581743597904278,0.0,1.2135581970214844,0.2927578315138817,0.0,0.007083893287926912,0.2927578315138817,0.6793109726801906,1.4720743543697832,-0.07753374490231169,5.610096501114839,0.32336895394327003,1.999987056855958e-06,0.0005098285455842647,0.02364279697195115,0.007083893287926912,1
0.25203492871423805,0.3729989859273731,0.13912824350284864,0.0,1.6921467781066895,1.6353073279731618,2.130736189469168,3.859203785703981,25.939180645739484,0.13912824350284864,0.29111791694622013,0.0,1.6921467781066895,0.4171762391924858,0.0,0.0,0.4171762391924858,0.6756968853165368,1.4799495761569077,0.11641818196750225,5.567654163230383,0.45016646787031983,1.9393671423959846e-06,0.0004851333132787097,0.03296876404061889,0.0,1
0.24808389052486746,0.36722053642448216,0.13485092237188442,0.0,1.844772458076477,1.6790974111348926,2.6540486880391585,3.8541832363928172,25.13875700605937,0.13485092237188442,0.29091361324719855,0.0,1.844772458076477,0.4254402071237564,0.0,0.0,0.4254402071237564,0.675570101199348,1.4802272555769704,0.05501840279559552,5.560411041636629,0.44316649141134173,1.9102447605810643e-06,0.0004347647250569442,0.032458016437089114,0.0,1
0.23038858307700139,0.37472823103305103,0.14042124713315965,0.0,1.683917760848999,1.8389861408037174,2.7679771139775813,3.7403125172521126,24.76801873220966,0.14042124713315965,0.2850249010450625,0.0,1.683917760848999,0.3295827656984329,0.0,0.0,0.3295827656984329,0.6148134813018662,1.626505211448815,0.047769193823661904,5.396130319829876,0.43988651530296763,1.8285572221947161e-06,0.00031353054755611695,0.0331216091581887,0.0,1
0.23993521370721282,0.3172690474095024,0.1006596484441331,0.06486674025654793,1.3850897550582886,1.3020192680136047,0.8590989631203909,3.9889991293646596,20.253255068269944,0.1006596484441331,0.25873186074920795,0.0,1.3850897550582886,0.39759815484285355,0.0,0.06486674025654793,0.39759815484285355,0.7562491816239022,1.322311312739022,-0.12582834779192759,5.754909261860124,0.397779530922418,2.169477063595207e-06,0.0009288652128650715,0.02804288686048192,0.06486674025654793,1
0.21595532291394193,0.3056957201407883,0.09344987331239514,0.0,1.034967064857483,1.2374162050667055,0.23194848071700758,3.875048002080507,17.931081575329287,0.09344987331239514,0.2541948071675506,0.0,1.034967064857483,0.37932100892066956,0.0,0.0,0.37932100892066956,0.7064365061374684,1.4155507538131293,-0.021704129951143413,5.590512535623571,0.37428141124995784,1.939376544490771e-06,0.0004484415984415413,0.027019939586407055,0.0,1
0.20991208370833192,0.303425701801572,0.0920671565137765,0.012609307654201984,1.2438503503799438,1.4760997100708506,1.3122076053523752,3.8833059754634403,17.424670643270428,0.0920671565137765,0.24438744316421435,0.0,1.2438503503799438,0.3691099211573601,0.0,0.012609307654201984,0.3691099211573601,0.6918049151969671,1.4454894470161859,-0.0676470849675795,5.602426272870921,0.3689583166165932,1.99998880276019e-06,0.0005419087834951368,0.02681929641627235,0.012609307654201984,1
0.17464343447136343,0.26891092797442917,0.07231308718406863,0.0,1.3852039575576782,1.725532247923376,2.98924660772309,3.7897542383833356,13.160117297666822,0.07231308718406863,0.21571895790236795,0.0,1.3852039575576782,0.2985011413693428,0.0,0.0,0.2985011413693428,0.6494447300529201,1.539771184576211,-0.022717480007613387,5.467459645718906,0.320645312437313,1.8550474659543998e-06,0.00029934428203888405,0.023768592588235764,0.0,1
0.24201597921637585,0.3817469949691276,0.14573076816795916,0.006829557009041309,1.853332757949829,1.7849590315032884,2.6597510195085983,3.7930109470884776,26.150720302594607,0.14573076816795916,0.2902633259451477,0.0,1.853332757949829,0.33001621067523956,0.0,0.006829557009041309,0.33001621067523956,0.6339679118313325,1.5773627683807787,0.10192985215874349,5.472158083217433,0.45199834331999533,2.031719188913317e-06,0.0005678391636422134,0.033741986105032123,0.006829557009041309,1
0.2205771821718372,0.3121026851337993,0.09740808606772747,2.310960553586483e-05,1.211127758026123,1.3463713991429178,0.7314685910580172,3.8955307946264024,18.695984558412203,0.09740808606772747,0.25653590674642146,0.0,1.211127758026123,0.37671272456645966,0.0,2.310960553586483e-05,0.37671272456645966,0.7067432801290874,1.414936404848352,0.013465899684822886,5.620062958853088,0.3821810819004459,1.9993283957764732e-06,0.0005311287885421738,0.027586240635579917,2.310960553586483e-05,1
0.3187493247241946,0.43605402239721464,0.19014311044879056,0.03440175112336874,1.6347306966781616,1.3056568355922793,0.6287739063643092,3.9389864444262765,37.34326303499784,0.19014311044879056,0.35570520679038964,0.0,1.6347306966781616,0.5284062027931213,0.0,0.03440175112336874,0.5284062027931213,0.7309841839955624,1.3680155174431214,0.08876445872082166,5.682756209317976,0.5401335413218852,2.031738176485416e-06,0.0007498339790284497,0.03854209452509264,0.03440175112336874,1
0.24313097150297835,0.37810180683136146,0.14296097632914018,0.0,1.7728396654129028,1.7562955309415123,2.610761887452279,3.7905886449443544,25.86542664103964,0.14296097632914018,0.29323130179363943,0.0,1.7728396654129028,0.3669181540608406,0.0,0.0,0.3669181540608406,0.6430287400945368,1.5551363304067154,0.12210824085547427,5.468663439926571,0.44952602331024416,1.7777732151340013e-06,0.0002894160843335657,0.03341979394866772,0.0,1
0.26920090211206116,0.3959197833164428,0.156752474821339,0.0,1.8220343589782715,1.6592663031968142,2.341575031855979,3.868667702667693,29.340364866468676,0.156752474821339,0.3100373431148,0.0,1.8220343589782715,0.45539359748363495,0.0,0.0,0.45539359748363495,0.67993627375934,1.4707223497773865,-0.020060730511822077,5.581307709301317,0.4787709269779093,1.9393847511803624e-06,0.0005134455341254733,0.03499469544862065,0.0,1
0.2992616408955655,0.40180637515775336,0.16144836311741326,0.07437064871191978,1.9176700115203857,1.5757357862159072,2.3295158905154434,3.9917121743629593,32.12875428210172,0.16144836311741326,0.3182299942793634,0.0,1.9176700115203857,0.5173524618148804,0.0,0.07437064871191978,0.5173524618148804,0.7447888202103622,1.3426591325079757,-0.07516648875571437,5.758823358424879,0.5010048830389976,2.245591817627565e-06,0.0012092988367461413,0.035515001574754165,0.07437064871191978,1
0.33628060323826503,0.44685670148837525,0.1996809116650709,0.02192337717860937,1.53057062625885,1.009786619360623,-0.42512957382462746,3.9393381212446075,40.03399113975837,0.1996809116650709,0.38657820635626194,0.0,1.53057062625885,0.6723056584596634,0.0,0.02192337717860937,0.6723056584596634,0.7525451662088299,1.3288209227213847,-0.15795282166152158,5.683263571719779,0.5592544642462519,2.0317356798173905e-06,0.0007469875359058809,0.039496925480135364,0.02192337717860937,1
0.3896247058073641,0.6029891441176294,0.36359590792371116,0.0,2.3921139240264893,1.6471662042264115,1.8724712185157433,3.793772193404506,65.97162487029583,0.36359590792371116,0.4729035522053664,0.0,2.3921139240264893,0.6169968843460083,0.0,0.0,0.6169968843460083,0.6461543519546438,1.5476152695916456,0.08279276141821819,5.473256329502464,0.7179159555959083,1.8823429158435731e-06,0.00048259411857418154,0.053297214098431016,0.0,1
0.36785643974872073,0.5424575338056031,0.2942601759824571,0.04913758393377066,2.2591731548309326,1.5882823905628485,1.5549359583763556,3.880739741940841,54.98605263962385,0.2942601759824571,0.41804272848537494,0.0,2.2591731548309326,0.4813273251056671,0.0,0.04913758393377066,0.4813273251056671,0.6781282196226758,1.474644658052339,0.18788403835134532,5.5987239804941025,0.6554224105468636,2.0645061476430562e-06,0.0008467403729067339,0.047946925082459096,0.04913758393377066,1
0.3655975933652371,0.5773695377864302,0.33335558316371605,0.0,2.580713987350464,1.7789742903033838,2.629871006769643,3.7794729083034353,59.77819948008569,0.33335558316371605,0.44677142359432764,0.0,2.580713987350464,0.5594167560338974,0.0,0.0,0.5594167560338974,0.6332113771632593,1.5792487375857256,-0.08135550494644779,5.452626821798891,0.6833865549146906,1.9104387855936574e-06,0.0005064767420573405,0.051032739427415916,0.0,1
0.3130959581512798,0.44521780420730195,0.19821889318317146,0.031130490824580193,2.0705204010009766,1.587789767139668,2.124070308278805,3.911408363249091,37.919740440811445,0.19821889318317146,0.35435435703173823,0.0,2.0705204010009766,0.5462393462657928,0.0,0.031130490824580193,0.5462393462657928,0.7032406430108837,1.4219851538044588,0.24017782089940423,5.642969448366419,0.5442866636193096,2.064478570731511e-06,0.0007688214516475976,0.03935206605749597,0.031130490824580193,1
0.424047476350097,0.5737605407463584,0.32920115811755357,0.18865199387073517,2.5252320766448975,1.5937868083180122,2.0472397146566355,3.9974528428655773,65.15422980050428,0.32920115811755357,0.44334792378913335,0.0,2.5252320766448975,0.6721206605434418,0.0,0.18865199387073517,0.6721206605434418,0.7390657027978715,1.3530573172723168,0.12998588282868118,5.767105392404995,0.7134545678012298,2.2068899845252397e-06,0.0014216597150570043,0.0507137461423763,0.18865199387073517,1
0.3398801388884749,0.4887819949143163,0.23890783855241873,0.003471925505436957,2.395211935043335,1.7396894456166174,3.1676092378663627,3.9026532827888767,45.36657246249827,0.23890783855241873,0.38003217922582166,0.0,2.395211935043335,0.5380581468343735,0.0,0.003471925505436957,0.5380581468343735,0.695359990885231,1.4381010803184961,0.062107732813551045,5.630338537203881,0.5953371711587205,2.064441828434724e-06,0.0007596615623027904,0.0432026328907252,0.003471925505436957,1
0.43990852764545707,0.5709743469502261,0.3260117048752371,0.17013994604349136,2.317298650741577,1.255430754360008,0.7094330087823515,4.009966756786655,66.49999584901516,0.3260117048752371,0.4678016112648038,0.0,2.317298650741577,0.7789181619882584,0.0,0.17013994604349136,0.7789181619882584,0.7704510010723903,1.297938801064573,0.09077856594059197,5.785159153961045,0.7207851396709223,2.2456027237791174e-06,0.0015321720072698733,0.05046747907650817,0.17013994604349136,1
0.37958473130947823,0.4904423543541389,0.24053370294443077,0.06958655267953873,1.686122179031372,1.1287770402677393,0.13272207871281472,3.991963145332344,49.2311387120281,0.24053370294443077,0.4103801260688016,0.0,1.686122179031372,0.6546555310487747,0.0,0.06958655267953873,0.6546555310487747,0.773962432031219,1.2920497425231723,0.1726989105780297,5.759185432997817,0.6201760001706931,2.0983184094460578e-06,0.0009671939318303303,0.04334938931811341,0.06958655267953873,1
0.24211662135712686,0.34676669420103573,0.12024714020711463,0.04162678308784962,1.3704679012298584,1.3833095997226894,0.7761674944949393,3.895796321565009,22.895052613696635,0.12024714020711463,0.28108138883919764,0.0,1.3704679012298584,0.368600569665432,0.0,0.04162678308784962,0.368600569665432,0.6982098546260822,1.4322300231075336,0.06569483299851202,5.62044603325064,0.42292741521980454,2.169462485213396e-06,0.000846133647034139,0.030650135119899273,0.04162678308784962,1
0.28592747359653004,0.441155278107005,0.19461797940166892,0.02293239627033472,2.1266090869903564,1.8090250828392302,3.019516387556288,3.825330954274158,35.375679943547304,0.19461797940166892,0.34249057307442854,0.0,2.1266090869903564,0.45741450041532516,0.0,0.02293239627033472,0.45741450041532516,0.6481319382406628,1.5428922326278995,0.22136891775644968,5.518785997305713,0.525711422321185,2.0644990748408684e-06,0.0006963254522643007,0.03899298608821256,0.02293239627033472,1
0.35866922909917776,0.5382708200518104,0.2897354757192484,0.010310318320989609,2.6319456100463867,1.9399128018484488,4.104856726592123,3.8686159338439605,53.552523727596395,0.2897354757192484,0.4109076009410728,0.0,2.6319456100463867,0.6022818237543106,0.0,0.010310318320989609,0.6022818237543106,0.6663347694193886,1.5007443526831512,0.24921876294903214,5.581233022676045,0.6468223029718803,1.9999910366858583e-06,0.0006964481377399789,0.04757686837168487,0.010310318320989609,1
0.25609224327308766,0.35945189628235397,0.12920566574098014,0.05100817419588566,1.769497036933899,1.4625460385803022,1.6536897957818217,3.9305504244610034,24.932979559119673,0.12920566574098014,0.2923548324996261,0.0,1.769497036933899,0.438964806497097,0.0,0.05100817419588566,0.438964806497097,0.7124500759952831,1.4036032161233687,0.08480635435528203,5.670585605149235,0.4413489580882937,2.3272277889064654e-06,0.0012098267960559308,0.031771359171452004,0.05100817419588566,1
0.35275422071026696,0.5019690853390523,0.2519729626361248,0.05519413203001022,2.5038058757781982,1.6207476793083275,2.410366218256474,3.9192610517697704,48.180288366724156,0.2519729626361248,0.39867057254042493,0.0,2.5038058757781982,0.5920338183641434,0.0,0.05519413203001022,0.5920338183641434,0.7027395277389917,1.4229995160039268,-0.016961566263657926,5.654298483152846,0.6135213956049393,2.169444918114978e-06,0.0010406439385975675,0.04436821802365658,0.05519413203001022,1
0.30681272577203345,0.4526106400787446,0.20485639151249088,0.006445343606173992,1.9103490114212036,1.4734280854586843,1.4186449649610893,3.8386063036900016,38.270776346643956,0.20485639151249088,0.3721405910434896,0.0,1.9103490114212036,0.5445635616779327,0.0,0.006445343606173992,0.5445635616779327,0.6778719294949082,1.4752016525384974,0.1579325591681982,5.537938278074018,0.5468001830725333,1.9999814004226273e-06,0.0005953993919903239,0.040005506604608006,0.006445343606173992,1
0.26595746645034524,0.39872166988460583,0.15897897003556857,0.0,1.6190590858459473,1.487454405563475,1.2104222748231468,3.8175358309532283,29.403180031520648,0.15897897003556857,0.3207148488788789,0.0,1.6190590858459473,0.48700301349163055,0.0,0.0,0.48700301349163055,0.6670236897423362,1.4991933680457432,-0.03230326051396734,5.507540011547487,0.4792831563869682,1.8823209386754515e-06,0.0003985477459960445,0.0352423495726786,0.0,1
0.3290208443395386,0.48359286928743184,0.23386206322565115,0.04125642590224743,1.9083073139190674,1.492087832371988,1.1766492920342735,3.8697054509025186,43.79094774215091,0.23386206322565115,0.38278177100471567,0.0,1.9083073139190674,0.5204851180315018,0.0,0.04125642590224743,0.5204851180315018,0.6803660369482057,1.4697940194584755,0.18144931218396967,5.582804863533389,0.5849074963065134,2.2452934069547242e-06,0.0010648230905072555,0.04274397465082534,0.04125642590224743,1
0.3135999872465618,0.41974741343213445,0.1761878910829672,0.0,1.5643705129623413,1.173976361589078,0.35216312240139036,3.93841026824984,35.1402039147534,0.1761878910829672,0.3570366516169088,0.0,1.5643705129623413,0.6122674345970154,0.0,0.0,0.6122674345970154,0.7471141693719948,1.3384803268570171,0.02232377897420086,5.681924962805552,0.5239588181183813,1.9393878460590613e-06,0.0005747886871038688,0.037100780302921944,0.0,1
0.32988080781069584,0.46026338636730607,0.21184238483030005,0.035873761400580406,2.17984676361084,1.5464039094004467,2.059108963625924,3.9302487869147806,41.04495772059357,0.21184238483030005,0.36887965132973477,0.0,2.17984676361084,0.5731777846813202,0.0,0.035873761400580406,0.5731777846813202,0.716720253796565,1.395241479557159,0.0639630163889483,5.670150434157156,0.566271782973633,2.0317383680544937e-06,0.0007597297570003992,0.04068192020402576,0.035873761400580406,1
0.3096911785978591,0.40915663842404476,0.1674091547664645,0.048784373328089714,1.7008343935012817,1.267698872567288,0.7661644083702979,3.9784512679541146,33.70467595107784,0.1674091547664645,0.3380469311634897,0.0,1.7008343935012817,0.5841823816299438,0.0,0.048784373328089714,0.5841823816299438,0.7568994184996735,1.3211762772078948,0.13081600287329614,5.739691914511146,0.513144990102988,2.1333210034568786e-06,0.0009580941643863763,0.036164679199641794,0.048784373328089714,1
0.20466282328561647,0.277534543329741,0.07702542274124786,0.020624689757823944,1.3084722757339478,1.3916259788347616,1.4916204762320788,3.949967417972953,15.220773628990381,0.07702542274124786,0.22630835451673192,0.0,1.3084722757339478,0.36298707872629166,0.0,0.020624689757823944,0.36298707872629166,0.7374292345771938,1.3560574357094088,0.09004897459094122,5.698598405397899,0.3448366192510409,2.0644993555426578e-06,0.000643154232761233,0.024530819700246443,0.020624689757823944,1
0.3109618523812969,0.4204949196416954,0.17681597744447586,0.04221029207110405,1.578382134437561,1.2212345661833863,0.3398620423418337,3.9459573260344896,35.009696138353064,0.17681597744447586,0.34809756828713034,0.0,1.578382134437561,0.5488165616989136,0.0,0.04221029207110405,0.5488165616989136,0.7395121756383928,1.352239563861649,-0.0243072721810772,5.692813065644769,0.5229849434552426,2.09834215242569e-06,0.0008526905522166832,0.03716685114164189,0.04221029207110405,1
0.1985273630125448,0.27613141815689585,0.07624856009333847,0.02154433634132147,1.1698576211929321,1.3267621632773623,0.8386121304427872,3.9149275731043423,14.804694266630813,0.07624856009333847,0.22796408943577262,0.0,1.1698576211929321,0.36251599341630936,0.0,0.02154433634132147,0.36251599341630936,0.718957101587918,1.3908985339187088,-0.004847019344285842,5.6480465949724366,0.3400906849033846,2.0317315695868706e-06,0.000573707378926181,0.024406799784674898,0.02154433634132147,1
0.23031420270854142,0.40632030296252414,0.16509618859955738,0.0,2.261366128921509,2.367277050442781,6.207551934849942,3.6692705948286277,27.922025032810048,0.16509618859955738,0.292745851851123,0.0,2.261366128921509,0.33551952987909317,0.0,0.0,0.33551952987909317,0.5668277814362684,1.7641999415759668,0.00460589870350583,5.293638490654294,0.467055479112309,1.8285605479693035e-06,0.00030336253887783526,0.03591398019482166,0.0,1
0.3282543137211178,0.4398392402079932,0.19345855722674477,0.07849568501114845,1.6569515466690063,1.4281498189790092,1.1921531057068817,3.9926859294255332,38.55480981801814,0.19345855722674477,0.3465043481106136,0.0,1.6569515466690063,0.5335966795682907,0.0,0.07849568501114845,0.5335966795682907,0.7463035068503322,1.3399343796032397,0.1535980025217595,5.760228190024694,0.5488255202733076,2.3272270947329187e-06,0.001478158445301889,0.038876663672876344,0.07849568501114845,1
0.2941803458452341,0.48428397746544444,0.23453097082975108,0.0,2.1619157791137695,1.9221998233649424,3.284317431348515,3.7304196197712294,41.09734997905569,0.23453097082975108,0.36947852764501476,0.0,2.1619157791137695,0.5202747583389282,0.0,0.0,0.5202747583389282,0.6074529657823735,1.6462145901488003,0.04172785376968249,5.381857885694182,0.5666330794362191,1.8823365468417603e-06,0.0004014260604700291,0.04280506056072611,0.0,1
0.26872859787545167,0.36071537535289927,0.130115582015983,0.07430194318294525,1.6021232604980469,1.4825064424437329,1.737810994341472,3.985876945889181,25.898322090507417,0.130115582015983,0.28994674459409,0.0,1.6021232604980469,0.4453948736190796,0.0,0.07430194318294525,0.4453948736190796,0.7449858565820493,1.3423036409399232,-0.0013168604815103901,5.750404903243307,0.449811784341061,2.1694800826581667e-06,0.0009936323209432136,0.03188303599878574,0.07430194318294525,1
0.22807311241740535,0.3619523825982076,0.13100952726851928,0.0,1.882258653640747,1.8904895383867346,3.654406103025419,3.7688523275940202,23.427439600164053,0.13100952726851928,0.27718717784210867,0.0,1.882258653640747,0.37084661424160004,0.0,0.0,0.37084661424160004,0.6301173669941406,1.5870015485901936,0.03007620713385314,5.4373045626780545,0.42781639972806285,1.8285434513975421e-06,0.00030943523576535146,0.03199237302522754,0.0,1
0.28855864130309783,0.3999229522828629,0.15993836776264103,0.08188599348068237,1.7349423170089722,1.5541716300364297,1.9432083148856565,3.9570056563027856,31.13017052586635,0.15993836776264103,0.31545834375992854,0.0,1.7349423170089722,0.44992097467184067,0.0,0.08188599348068237,0.44992097467184067,0.7215337807499029,1.385933030724211,0.10266389468782297,5.708752436932944,0.4931576393338451,2.169480584536132e-06,0.001015835086132105,0.03534852893891955,0.08188599348068237,1
0.20734732117853127,0.2874834785358868,0.08264675043109368,0.0,1.1026843786239624,1.2601373387096735,0.5310808722367972,3.902276756650653,16.081876739968852,0.08264675043109368,0.23876440660660592,0.0,1.1026843786239624,0.39370036125183105,0.0,0.0,0.39370036125183105,0.7212470121326847,1.3864827232967059,0.07331450562353006,5.6297953248115,0.3544568549640515,1.9692081551206736e-06,0.0004808005241655193,0.025410189643977853,0.0,1
0.3010511561005842,0.4222583410653287,0.17830210659924348,0.08460003510117531,1.9851328134536743,1.5788349125267,2.0852558821637466,3.9456642578120693,34.423539864158954,0.17830210659924348,0.33375251364259384,0.0,1.9851328134536743,0.5130479782819748,0.0,0.08460003510117531,0.5130479782819748,0.7129532181361689,1.40261325196256,0.08974342368075344,5.692390257573641,0.5185883774138617,2.206884035078256e-06,0.001113116382197346,0.037322717047484494,0.08460003510117531,1
0.204023647568647,0.32850230009872317,0.10791376117015156,0.0,1.4062678813934326,1.8415261248489327,2.7252851027101217,3.76502369818557,19.14104447198298,0.10791376117015156,0.24972445809252974,0.0,1.4062678813934326,0.3073563203215599,0.0,0.0,0.3073563203215599,0.6210703134712284,1.6101187485543476,0.027639909718218086,5.431781018017084,0.3867032582450878,1.910309142324707e-06,0.00037480853661431366,0.029035775504398176,0.0,1
0.31320234877057374,0.42784739614469997,0.18305339438779983,0.055785682052373886,1.6848212480545044,1.3936816936117074,1.0782332779375121,3.952388931018109,35.987085524890105,0.18305339438779983,0.3450891785505519,0.0,1.6848212480545044,0.5142912715673447,0.0,0.055785682052373886,0.5142912715673447,0.7320404881561073,1.3660414675181947,-0.09897296507350037,5.702091910259593,0.530234953264309,2.0645080791861364e-06,0.000820914575327654,0.03781672439086556,0.055785682052373886,1
0.4208278930382221,0.5463126057662939,0.29845746321915806,0.16553647816181183,2.9104695320129395,1.6313714479028494,3.0649808737407147,4.053034032796209,60.87085808360286,0.29845746321915806,0.43570081422444673,0.0,2.9104695320129395,0.703670933842659,0.0,0.16553647816181183,0.703670933842659,0.7703046173414303,1.2981853503628729,0.07663026937617337,5.847292099484623,0.6896039289172788,2.5599816251228213e-06,0.0028139797051766244,0.04828766852312992,0.16553647816181183,1
0.29275019118358614,0.4334236231088083,0.18785603706876627,0.030987720005214214,1.8970670700073242,1.6954619162899338,2.454340608723,3.8760394421801236,35.015515072869434,0.18785603706876627,0.3379438709292799,0.0,1.8970670700073242,0.462031327188015,0.0,0.030987720005214214,0.462031327188015,0.6754350712328894,1.4805237918256546,0.09447029018260698,5.591942881338625,0.5230284041108977,2.1694684184109335e-06,0.0009194163100005579,0.038309597878335086,0.030987720005214214,1
0.21334648437914439,0.3146161597743659,0.09898332799116935,0.0,1.3704369068145752,1.6149084699493204,1.9650737978463209,3.8670644764865214,18.49600644967806,0.09898332799116935,0.24571689748472636,0.0,1.3704369068145752,0.33472196757793427,0.0,0.0,0.33472196757793427,0.6781145838712364,1.4746723419883132,-0.015572502932821026,5.578994742840317,0.3801316224521578,1.9393853941399474e-06,0.0004649372905616527,0.027808402505915552,0.0,1
0.29860867094248533,0.4460152021207141,0.19892956052278143,0.054810360074043274,2.0604114532470703,1.7099931705598603,2.2610762222141814,3.875286380974385,36.87637745725682,0.19892956052278143,0.3414468511764426,0.0,2.0604114532470703,0.47535963356494904,0.0,0.054810360074043274,0.47535963356494904,0.6695018466205114,1.4936445104322527,-0.0008528862052039756,5.590856443671619,0.5367464009053241,2.098346885409446e-06,0.0008217184692989477,0.03942254674148069,0.054810360074043274,1
0.21226734520314494,0.3142332523281656,0.0987425368687366,0.006541638169437647,1.4937968254089355,1.6953332721198393,2.493424589627744,3.870197711269818,18.406395226665943,0.0987425368687366,0.24410742892894177,0.0,1.4937968254089355,0.3155527412891388,0.0,0.006541638169437647,0.3155527412891388,0.675506707592993,1.4803654892250941,0.020451029006198333,5.58351504512412,0.37920965534691714,1.999985968530515e-06,0.000536818666668862,0.02777455794944367,0.006541638169437647,1
0.21324112050206168,0.33974507756572075,0.1154267177301376,0.0,1.561855673789978,1.9754942139168545,3.868551603135911,3.785177034826152,20.595007129998386,0.1154267177301376,0.258535789977941,0.0,1.561855673789978,0.396242618560791,0.0,0.0,0.396242618560791,0.6276485133542481,1.5932437269407238,0.0028316782155006245,5.460856136845818,0.4011215441772137,1.969210950256448e-06,0.0004562849110190537,0.03002950602768384,0.0,1
0.20139501336416288,0.3361007952308519,0.11296374455481105,0.0,1.447295069694519,1.8863905977587465,2.836908069565192,3.717728360127256,19.651033083233585,0.11296374455481105,0.25489734200834846,0.0,1.447295069694519,0.2779037430882454,0.0,0.0,0.2779037430882454,0.5992083833584837,1.6688635414379092,0.034637328177637164,5.363548268343188,0.39182099990016156,1.9691868596880563e-06,0.00041595885533508224,0.029707393933740823,0.0,1
0.2742901657766197,0.37805346690122005,0.14292442383603188,0.0,1.2731443643569946,1.1824943977000406,0.025845463613380026,3.9131694757961277,27.92441841635806,0.14292442383603188,0.3139165704083098,0.0,1.2731443643569946,0.4819570705294609,0.0,0.0,0.4819570705294609,0.7255308157707541,1.3782975624766094,-0.07131690944015114,5.645510196704475,0.46707549590809977,1.969222660837266e-06,0.000576702750755947,0.03341552126211708,0.0,1
0.27473925380036235,0.4033816052168329,0.16271671942730886,0.05167314410209656,1.5762094259262085,1.6747430698011925,2.0842505461856415,3.8907042666464475,30.48939225677936,0.16271671942730886,0.3117595623189118,0.0,1.5762094259262085,0.45544376224279404,0.0,0.05167314410209656,0.45544376224279404,0.6810885007118241,1.4682343335981678,-0.08667318657600749,5.613099750871697,0.4880557109655503,2.0645062901759597e-06,0.0007393904211297641,0.03565423355684217,0.05167314410209656,1
0.3171172181464499,0.5168654097588606,0.26714985180519496,0.0,2.2845757007598877,1.8588704688078759,2.922334104621524,3.7382684685968535,47.067287276817666,0.26714985180519496,0.3961954573037474,0.0,2.2845757007598877,0.5092006027698517,0.0,0.0,0.5092006027698517,0.6135380673981079,1.6298875626493539,0.17501667718270966,5.393181380971598,0.606393586583943,1.802811473328705e-06,0.0003389903767260041,0.045684879525156735,0.0,1
0.2731515511695761,0.4009455838524038,0.160757361210745,0.0,1.5376429557800293,1.4158953700408528,0.8971897146590702,3.849670711976187,30.12724878298759,0.160757361210745,0.32450418527014335,0.0,1.5376429557800293,0.44353366643190384,0.0,0.0,0.44353366643190384,0.6812666878092881,1.4678502909305884,0.3032460131240978,5.553900845038868,0.48514856602600664,1.93938510608235e-06,0.0005063266417589646,0.035438917653604275,0.0,1
0.24817938079650048,0.34608387027143406,0.11977404526205479,0.029429583810269833,1.3803398609161377,1.4224627611765062,1.1880761212870459,3.926340767031461,23.214982440267413,0.11977404526205479,0.27871691565496803,0.0,1.3803398609161377,0.4102242514491081,0.0,0.029429583810269833,0.4102242514491081,0.7171055487107935,1.394490828209505,0.21570683046201122,5.664512353251794,0.4258721055840464,2.133298516110981e-06,0.0008016653298865738,0.03058978144102705,0.029429583810269833,1
0.29872719454579055,0.43962194035174473,0.193267450438633,0.0,1.9908812046051025,1.5911255580857655,2.0508049958625856,3.8587552113325048,36.160689561578444,0.193267450438633,0.3525460517121246,0.0,1.9908812046051025,0.5097339749336243,0.0,0.0,0.5097339749336243,0.6795077488603696,1.4716502159108151,0.1974318456739073,5.5670070072091855,0.5315123584638758,1.9393866715898115e-06,0.0005357650677155482,0.03885745689763832,0.0,1
0.2757623868237715,0.4515037202076286,0.20385560936132857,0.0,1.765411376953125,1.7366997815228173,2.1145749955342863,3.7121796338354653,35.82726442855321,0.20385560936132857,0.3511284532614809,0.0,1.765411376953125,0.4462077245116234,0.0,0.0,0.4462077245116234,0.610763020809527,1.6372926177788205,-0.006361835284108309,5.355543148438771,0.5290562383604147,1.7777704738234377e-06,0.0002829270613690366,0.03990766778622097,0.0,1
0.2970961052342318,0.42681924413337413,0.18217466716258482,0.0,1.6794649362564087,1.4749080487697515,1.3235262994545698,3.8852400644666494,34.61641765221562,0.18217466716258482,0.3425815758646422,0.0,1.6794649362564087,0.4712868332862854,0.0,0.0,0.4712868332862854,0.6960684487622248,1.4366369555631437,0.12806338914452597,5.6052165734844905,0.5200391936267251,1.939387743256842e-06,0.0005486400900006729,0.03772584773345317,0.0,1
0.2456758926018665,0.335602674840119,0.11262915535984266,0.07060803845524788,1.3885902166366577,1.4926307847826048,1.6670059472744292,3.962237396969778,22.14218234439251,0.11262915535984266,0.26795477369563514,0.0,1.3885902166366577,0.420564629137516,0.0,0.07060803845524788,0.420564629137516,0.7320417236757198,1.3660382843667311,0.04456186622065947,5.716300243248432,0.41591561591934306,2.1333114291587266e-06,0.0008414620617770699,0.02966336589547401,0.07060803845524788,1
0.3298181614627538,0.4370832749381973,0.1910417892306998,0.0,1.9645057916641235,1.2223298031699943,0.9822416604380484,3.945332520407003,38.37719153425547,0.1910417892306998,0.3738613354236122,0.0,1.9645057916641235,0.6465471088886261,0.0,0.0,0.6465471088886261,0.7545871136850881,1.3252250058023471,0.0007897637954761221,5.691911661664475,0.5475598678330716,1.9393770416453985e-06,0.0005761114975890013,0.03863306845650293,0.0,1
0.30042311317811254,0.4362959617373238,0.19035416622829632,0.0,1.790560007095337,1.4878781577883422,1.4619392263329063,3.865555369550199,35.917851284470444,0.19035416622829632,0.34986783859244497,0.0,1.790560007095337,0.5056655779480934,0.0,0.0,0.5056655779480934,0.6885748458614863,1.452271621586772,0.0410496767272259,5.576817561747115,0.5297246578741879,1.939384713933412e-06,0.0005319489444704735,0.038563479143596015,0.0,1
0.22069377678781166,0.3148806667197863,0.09914983427389715,0.03700183145701885,1.7576135396957397,2.0488657542316666,5.774777700568221,3.9362749097580663,18.925513905505994,0.09914983427389715,0.2435858380159175,0.0,1.7576135396957397,0.4095109924674034,0.0,0.03700183145701885,0.4095109924674034,0.7008784572529826,1.4267763744989133,0.10760212737539458,5.678844291698951,0.3845199310656934,2.0644995511340587e-06,0.0006755894791228841,0.027831781837762765,0.03700183145701885,1
0.16607468737220188,0.28354585215759875,0.08039825027577885,0.0,1.264343023300171,1.9665653573241932,3.172371074533485,3.687484097728488,13.821318663878838,0.08039825027577885,0.21061171625693476,0.0,1.264343023300171,0.2225370742380619,0.0,0.0,0.2225370742380619,0.5857045708971426,1.7073393702805764,0.0935965313361934,5.319915020965139,0.3286016616841026,1.8818065435986431e-06,0.0002803449803313879,0.02506214935474454,0.0,1
0.25287959980778396,0.373100660824304,0.13920410310753234,0.019499273970723152,2.0384583473205566,1.8186605093205868,3.839510684847398,3.8742956856597286,26.003480973629095,0.13920410310753234,0.29442396878584987,0.0,2.0384583473205566,0.4958794564008713,0.0,0.019499273970723152,0.4958794564008713,0.6777766661480144,1.475408301452158,0.13561787675949213,5.589427172454135,0.4507240786850391,2.031710335419491e-06,0.0006216057594452359,0.03297775091675592,0.019499273970723152,1
0.23418264703650493,0.3135664227463984,0.09832390147397305,0.0,1.2184644937515259,1.1365605739289648,0.23899402143755255,3.9280563652729,19.605172946815653,0.09832390147397305,0.26631196827293024,0.0,1.2184644937515259,0.432613730430603,0.0,0.0,0.432613730430603,0.7468334720022977,1.3389823145073552,0.028546441521226547,5.666987438326877,0.39136353131966356,1.8823444443347066e-06,0.0004190578371374895,0.027715617984548246,0.0,1
0.22541057186026592,0.3232817778061246,0.10451110786148853,0.0,1.273483395576477,1.3766255977906128,0.9688748268810672,3.865820358488916,19.881092322286158,0.10451110786148853,0.26604888664223836,0.0,1.273483395576477,0.40191879868507385,0.0,0.0,0.40191879868507385,0.6972551194652459,1.4341908417965858,0.049709696133913794,5.5771998599748915,0.39410789609935576,1.910433419824877e-06,0.00042191751138826464,0.028574342165094177,0.0,1
0.31128059557522647,0.4135057901793487,0.17098703851184754,0.0,1.5801236629486084,1.2179734922506458,0.6081262846084181,3.954162315989865,34.28897890476995,0.17098703851184754,0.346940826691025,0.0,1.5801236629486084,0.5678402930498123,0.0,0.0,0.5678402930498123,0.7527823072511481,1.3284020785658568,-0.04126999818917754,5.704650363963934,0.5175738089330981,1.9692242999528806e-06,0.0006306306163079431,0.036549093536964894,0.0,1
0.2767518973269034,0.4114170831335631,0.16926401629412918,0.0,2.0290141105651855,1.8131094693753376,3.216854071307573,3.8737347141785294,31.469520507925765,0.16926401629412918,0.3163924285267967,0.0,2.0290141105651855,0.4650317579507828,0.0,0.0,0.4650317579507828,0.6726780097243767,1.4865917347175084,-0.07030909988688175,5.588617861680127,0.49583830929867656,1.9393881083040756e-06,0.0005351517436443055,0.036364476172466506,0.0,1
0.3692228553336463,0.5360857865320333,0.2873879705216688,0.0873461440205574,2.2211294174194336,1.619287151355072,1.9929690095958952,3.89857914743653,54.235326390067144,0.2873879705216688,0.4199378812506893,0.0,2.2211294174194336,0.6071340590715408,0.0,0.0873461440205574,0.6071340590715408,0.688737093712314,1.4519301250936978,0.15357221963530568,5.624460802335143,0.6509327825685226,2.09834790855782e-06,0.000923806982591081,0.04738373686931559,0.0873461440205574,1
0.2752562904452134,0.42807375917787077,0.1832471432966737,0.0,1.6614426374435425,1.671206397145762,1.887656081988391,3.7970600328985933,33.153685596970675,0.1832471432966737,0.32992702923111494,0.0,1.6614426374435425,0.41628894209861755,0.0,0.0,0.41628894209861755,0.6430098587775896,1.5551824755230215,0.15113685762350984,5.47799967923582,0.5089333637386464,1.9691886743934205e-06,0.0005111102890439462,0.03783673224533619,0.0,1
0.28547282800718676,0.4147992378037524,0.17205840768257394,0.013694976456463337,1.9306179285049438,1.5781021833187379,1.9840269206320809,3.8811204355029956,32.45480233126333,0.17205840768257394,0.33147117505563983,0.0,1.9306179285049438,0.4931091219186783,0.0,0.013694976456463337,0.4931091219186783,0.6882176093212556,1.4530252868525542,0.009689601346385251,5.599273205208322,0.503540607312851,2.0317307353103535e-06,0.0006682491510954329,0.036663419235255575,0.013694976456463337,1
0.20524494194978615,0.31648778300470426,0.10016451679123275,0.0,1.43156099319458,1.6990357668482088,2.3748218021712724,3.8054545552500443,18.213120382362092,0.10016451679123275,0.24965167889934037,0.0,1.43156099319458,0.3865579590201378,0.0,0.0,0.3865579590201378,0.6485062124515656,1.5420004020471014,0.15131064543060768,5.490110415002892,0.37721347137556455,1.9691880935912845e-06,0.00044601616009718766,0.027973832190665366,0.0,1
0.2662085526390001,0.3685527314293603,0.13583111584404217,0.05157160013914108,1.8679088354110718,1.7710262206548624,3.5767530660103803,3.9648666174515492,26.457357995800763,0.13583111584404217,0.2864635757578071,0.0,1.8679088354110718,0.4770428463816643,0.0,0.05157160013914108,0.4770428463816643,0.7223059487325354,1.3844511296718065,0.06296158239578681,5.720093406598883,0.45464063758334833,2.09835155311169e-06,0.0008360083545504954,0.032575766952315635,0.05157160013914108,1
0.2746005011431407,0.40721559228691656,0.16582453860158425,0.0,1.799800157546997,1.5833723408953835,1.7223237059961702,3.858657555634191,30.877436650194976,0.16582453860158425,0.32037404107222756,0.0,1.799800157546997,0.4090914875268936,0.0,0.0,0.4090914875268936,0.6743352465109349,1.4829382706575895,0.09367107460179935,5.566866119817513,0.49115168108197316,1.9692220592122633e-06,0.0005615381226187731,0.03599311333887188,0.0,1
0.4463587271484357,0.6163799826196384,0.37992428297418585,0.03533660247921944,3.080207109451294,1.5388219263823772,2.2201937792985564,3.940972528500817,74.13253072329697,0.37992428297418585,0.4970266853204919,0.0,3.080207109451294,0.8371037989854813,0.0,0.03533660247921944,0.8371037989854813,0.72416044578695,1.3809072056401452,0.047999238362598,5.685621522963106,0.7610258841036601,2.0644865249257207e-06,0.0009434039309191332,0.054480808187249076,0.03533660247921944,1
0.36660038787522353,0.5203495381384725,0.2707636418409216,0.023186227306723595,2.1827991008758545,1.4823070497519453,1.4096562879569188,3.9100338923198947,51.86041423759181,0.2707636418409216,0.41522280834442427,0.0,2.1827991008758545,0.609703779220581,0.0,0.023186227306723595,0.609703779220581,0.7045258167440697,1.4193916737359786,0.07742989032341983,5.64098650597302,0.6365213949516434,1.9999945530933616e-06,0.0007367573809180029,0.04599283587562524,0.023186227306723595,1
0.37877010663214605,0.6217611873081035,0.3865869740427825,0.0,2.9255309104919434,1.8162511990743913,2.6809693021359564,3.7294515295866804,67.84688226827645,0.3865869740427825,0.4779926901194358,0.0,2.9255309104919434,0.5088663995265961,0.0,0.0,0.5088663995265961,0.6091880695930019,1.6415265524423908,0.018833829554121707,5.380461226785799,0.728047915813863,1.882345951395217e-06,0.0004637466154071918,0.05495644397801989,0.0,1
0.46992682153359056,0.7095283454565509,0.5034304730063106,0.0,3.0166499614715576,1.6683878320037506,2.2906523912803696,3.828765043145282,92.70549639718061,0.5034304730063106,0.5623676984396297,0.0,3.0166499614715576,0.8242428600788116,0.0,0.0,0.8242428600788116,0.6623078024083885,1.509869862590581,0.015597965694509773,5.523740340290055,0.8510356576565835,1.9393791929402243e-06,0.0006309835024983577,0.0627140380645498,0.0,1
0.436616941668035,0.6861784387347206,0.47084084978441876,0.0,2.981558084487915,1.7902857231346767,2.6993109532783244,3.7804989597872822,84.66882605260378,0.47084084978441876,0.5247891332918471,0.0,2.981558084487915,0.5989831238985062,0.0,0.0,0.5989831238985062,0.6363014060478612,1.5715799669002084,0.1465740346709296,5.454107101186335,0.8133112587047883,1.8028031550783893e-06,0.00039445591605749195,0.06065017839166486,0.0,1
0.20884259137528716,0.299611464007899,0.08976702936495658,0.0,1.629372477531433,1.561826146006975,2.822302484454795,3.8681011118030626,17.072928939174624,0.08976702936495658,0.24662459065939402,0.0,1.629372477531433,0.44031529128551483,0.0,0.0,0.44031529128551483,0.6970424013127212,1.4346281667684417,-0.0666314218338685,5.580490291470699,0.3652153574773407,1.9104075997121214e-06,0.00039747775097155266,0.026482162240151822,0.0,1
0.21445522298745345,0.3091995907658453,0.09560438692976622,0.0,1.3988211154937744,1.519713524517074,1.7074385297898704,3.8804467441612234,18.124214988334668,0.09560438692976622,0.2501027365394748,0.0,1.3988211154937744,0.4114955887198448,0.0,0.0,0.4114955887198448,0.6935796029893694,1.4417909084169742,0.03906589406807665,5.598301274050459,0.3762916815402177,1.939384409317339e-06,0.0004644221959892721,0.027329640921329324,0.0,1
0.32781800598604605,0.4951777718685638,0.24520102575271546,0.0,2.09541392326355,1.851338037543984,3.003573687132887,3.8650982482539193,45.141205862576996,0.24520102575271546,0.37144826373059914,0.0,2.09541392326355,0.458686962723732,0.0,0.0,0.458686962723732,0.6620195061048768,1.5105264592746064,0.2338730083028534,5.576158075119888,0.5938566079462135,1.9692250557667982e-06,0.000628719276817675,0.04376794504763833,0.0,1
0.32635820771974977,0.4507407318281386,0.20316720732896598,0.008440758101642132,1.6741307973861694,1.3453836181143686,0.7491362492152085,3.9318574463578813,39.63864154560171,0.20316720732896598,0.3628446788486599,0.0,1.6741307973861694,0.49487242847681046,0.0,0.008440758101642132,0.49487242847681046,0.7240470199998821,1.3811227086257276,0.09856211366332747,5.672471239158195,0.5564861966617082,2.031729586429449e-06,0.0007449385681049248,0.03984022850408299,0.008440758101642132,1
0.2692027568264166,0.38917195436843965,0.15145481006695088,0.0,1.7808723449707031,1.4130613184453094,1.3064030586126227,3.850959995871225,28.662391596786392,0.15145481006695088,0.32042197393502647,0.0,1.7808723449707031,0.5243007093667984,0.0,0.0,0.5243007093667984,0.6917303831230669,1.4456462443264646,0.19777418909715172,5.555760888520534,0.47320707343603147,1.8285656761948317e-06,0.0003627238096203635,0.03439826599769316,0.0,1
0.381160187011119,0.5138173053312612,0.26400822325787854,0.10404060781002045,2.000652313232422,1.3967255362405162,1.0860451147385728,3.9808064812513693,52.389287861789406,0.26400822325787854,0.412643613722139,0.0,2.000652313232422,0.6686269491910934,0.0,0.10404060781002045,0.6686269491910934,0.74181901083766,1.3480350856168315,0.11197307408792022,5.743089769055333,0.639758791592761,2.2856942629395244e-06,0.001489524975605719,0.045415462611341696,0.10404060781002045,1
0.2494980035298795,0.35276645027647224,0.12444416844066278,0.013612508773803711,1.5236423015594482,1.423682707387071,1.2691939285621023,3.904809070956058,23.89675804237549,0.12444416844066278,0.2874161078948987,0.0,1.5236423015594482,0.45744970440864563,0.0,0.013612508773803711,0.45744970440864563,0.707259140077527,1.4139049021858223,0.05941931567944309,5.633448682101883,0.43208034230459796,2.0644973225562865e-06,0.0006851761069950423,0.03118044364570007,0.013612508773803711,1
0.24511173066821357,0.3702398378942918,0.1370775375639915,0.0,1.6387728452682495,1.6510203476516783,2.334028241025756,3.813638931844753,25.236134153620263,0.1370775375639915,0.2965963619473939,0.0,1.6387728452682495,0.4608859047293663,0.0,0.0,0.4608859047293663,0.6620332107669763,1.510494160703607,0.027283202502287718,5.501917974528846,0.4440239836711057,1.828555662171741e-06,0.00033342032191039267,0.032724887505057726,0.0,1
0.32420634517620783,0.4785955760427734,0.22905372540771413,0.0,2.080839157104492,1.5578685021606953,1.7274781184124857,3.845683955300166,42.77292539650926,0.22905372540771413,0.38154829206428076,0.0,2.080839157104492,0.5642859935760498,0.0,0.0,0.5642859935760498,0.6774104985390299,1.4762066910894487,0.06634568329866641,5.548149170953141,0.5780687499426246,1.8550653537142773e-06,0.0004284621804725657,0.04230227215821588,0.0,1
0.3446205010841368,0.4526298071459139,0.20487374231694722,0.023789307102560997,1.7761189937591553,1.0962447168146066,0.04226315310395723,3.9632994743332555,41.42554010680687,0.20487374231694722,0.38538785730384006,0.0,1.7761189937591553,0.6725920140743256,0.0,0.023789307102560997,0.6725920140743256,0.7613721727364484,1.3134152080969999,0.1821160436023929,5.7178324969937595,0.5688910546707767,2.0645043847117475e-06,0.0008377274721062337,0.040007200750004364,0.023789307102560997,1
0.3141642380905978,0.42741301879783083,0.1826818886378749,0.0,2.052135944366455,1.5583600455702302,2.4690859101407003,3.952991414642404,36.01677531301385,0.1826818886378749,0.34313175885193914,0.0,2.052135944366455,0.5796974152326584,0.0,0.0,0.5796974152326584,0.7350349410022492,1.3604763591028928,0.00272548975740271,5.702961110396583,0.5304536333487788,1.9692179241779366e-06,0.0006344101786609621,0.03777833049491994,0.0,1
0.36069048455829034,0.4767838069525541,0.22732279857217041,0.07157490774989128,2.223747730255127,1.3657215827873146,1.489540654949515,3.978886488361245,45.74981430055229,0.22732279857217041,0.3916019313699053,0.0,2.223747730255127,0.6432965248823166,0.0,0.07157490774989128,0.6432965248823166,0.7565058267349183,1.3218641116536087,0.10886974548539553,5.740319804834207,0.5978464888439713,2.064482811618443e-06,0.0008738779202563205,0.042142132882011095,0.07157490774989128,1
0.4467812817747472,0.6484596535880865,0.4204999223315812,0.04042288661003113,3.1117119789123535,1.6804827095303994,2.478768277737113,3.9040154892013086,79.37451981771102,0.4204999223315812,0.505244686954029,0.0,3.1117119789123535,0.7121404111385345,0.0,0.04042288661003113,0.7121404111385345,0.6889874956986216,1.4514029124322607,0.003362262205613941,5.632303785639765,0.787472816086922,2.1694760860543456e-06,0.00118709699621334,0.05731627729725194,0.04042288661003113,1
0.2686027188319713,0.3799612722928938,0.14437056844243457,0.014142784290015697,1.8867112398147583,1.5400579950756434,2.1656210079076077,3.904470576274236,27.71430259281429,0.14437056844243457,0.30967863670230145,0.0,1.8867112398147583,0.5229397863149643,0.0,0.014142784290015697,0.5229397863149643,0.7069194454783105,1.414584610108078,-0.06277545689460859,5.632960337503048,0.4653149352926055,1.9999897616845046e-06,0.0006123116833926678,0.03358414902832168,0.014142784290015697,1
0.2709951568103861,0.3419861549113286,0.11695453015103527,0.1216498613357544,1.478615641593933,1.235933679278693,0.8582593446841269,4.045436031185347,24.37029186121229,0.11695453015103527,0.2831972788485473,0.0,1.478615641593933,0.5014203637838364,0.0,0.1216498613357544,0.5014203637838364,0.7924132614882875,1.2619640842903128,0.004076863721078853,5.836330500239969,0.4363403547297923,2.2857019294702482e-06,0.0013348366371708316,0.030227591151214196,0.1216498613357544,1
0.28115561561935465,0.40147720591721536,0.16118394687109416,0.021908781491219997,1.661479115486145,1.475345599527721,1.3888253589477282,3.900059392549415,30.749750664370236,0.16118394687109416,0.320397162157974,0.0,1.661479115486145,0.44849997013807297,0.0,0.021908781491219997,0.44849997013807297,0.7003010660990371,1.4279537153572608,0.013910601820650773,5.626596344618802,0.4901351110310222,2.133299752570047e-06,0.0008288511795860654,0.03548590684948636,0.021908781491219997,1
0.28365397723246133,0.40393766645842943,0.16316563838388137,0.023529643192887306,1.506781816482544,1.3803525802671834,0.8107240547966583,3.8966129765957693,31.184027799510407,0.16316563838388137,0.32718714428870044,0.0,1.506781816482544,0.48858893662691116,0.0,0.023529643192887306,0.48858893662691116,0.7022204131122789,1.4240507762293517,0.14242829963330955,5.621624217413634,0.49358405280526946,2.0983445976104526e-06,0.0007874707715297832,0.03570338289117816,0.023529643192887306,1
0.2731182741445082,0.4039958266426452,0.16321262794467423,0.042499203234910965,1.6531908512115479,1.5381578571396572,1.4982736604397688,3.8643691647334686,30.439196110892667,0.16321262794467423,0.321929824394374,0.0,1.6531908512115479,0.45619670301675797,0.0,0.042499203234910965,0.45619670301675797,0.6760406422352782,1.4791973474059414,-0.038611664307568065,5.575106229940538,0.4876537907330865,2.133305918499067e-06,0.0008126533323567094,0.035708523573759914,0.042499203234910965,1
0.30085769630386494,0.4060088520098704,0.16484318791037283,0.051720794290304184,1.7631611824035645,1.368022535688782,1.2201551026769017,3.963792546643514,32.685893290962106,0.16484318791037283,0.33184289412292856,0.0,1.7631611824035645,0.5297556668519974,0.0,0.051720794290304184,0.5297556668519974,0.74101082723616,1.3495046229424135,0.0013735659333097066,5.718543849970571,0.5053301310387512,2.133321811475042e-06,0.000942907988079402,0.0358864515597431,0.051720794290304184,1
0.3344649172795471,0.479657642548525,0.2300714540552086,0.035249652341008186,1.7964454889297485,1.4788773828941852,1.2634531830905429,3.8964868376944555,43.76809407309093,0.2300714540552086,0.3808402061140441,0.0,1.7964454889297485,0.5539193749427795,0.0,0.035249652341008186,0.5539193749427795,0.6972978022505051,1.4341044987616003,-0.08466274209340816,5.621442237446248,0.5847548502971334,2.0645058851868584e-06,0.0008027215018994425,0.04239614646175188,0.035249652341008186,1
0.2542813693435164,0.35540432592642535,0.12631223488721677,0.03209829702973366,1.6093965768814087,1.6059059579633175,2.2226255380353965,3.9398023878479744,24.444319959351112,0.12631223488721677,0.27835568452292136,0.0,1.6093965768814087,0.42341405153274536,0.0,0.03209829702973366,0.42341405153274536,0.7154686516885703,1.397681343481751,0.015448530281286217,5.683933366846107,0.437002573999777,2.0645005065267527e-06,0.0007249548659819427,0.031413601115701156,0.03209829702973366,1
0.3072346501176071,0.3892415489620653,0.15150898343838787,0.113499965518713,1.6355253458023071,1.3718598812944145,1.5101759744017427,4.052791200950407,31.475470549923365,0.15150898343838787,0.3170788272191203,0.0,1.6355253458023071,0.5554992407560349,0.0,0.113499965518713,0.5554992407560349,0.789314145991654,1.2669194337717657,0.021963306124738874,5.846941767184914,0.49588518194363934,2.4150653500589648e-06,0.0017886738885238927,0.03440441734882899,0.113499965518713,1
0.3010892962993239,0.40778869624658465,0.1662916207864893,0.049975667148828506,1.4531506299972534,1.267646846059344,0.5517169460448028,3.949569262479912,32.88913729696145,0.1662916207864893,0.3373945967034615,0.0,1.4531506299972534,0.5622465908527374,0.0,0.049975667148828506,0.5622465908527374,0.7383445414894924,1.3543779246180407,-0.009802944757415858,5.6980239884425865,0.5068987918041543,2.098348397803864e-06,0.0008544355919359601,0.03604376905089765,0.049975667148828506,1
0.22322281634114916,0.32336546423981904,0.10456522346303371,0.023275517858564854,1.35697603225708,1.5403070230140397,1.6278603195334327,3.8916831728794037,19.76238709738344,0.10456522346303371,0.2583100824123221,0.0,1.35697603225708,0.36074938625097275,0.0,0.023275517858564854,0.36074938625097275,0.6903091106429636,1.44862191750875,-0.04883162910848296,5.614512014039477,0.392929572822291,2.1694505568252235e-06,0.0007952791660208306,0.02858173907068901,0.023275517858564854,1
0.3402621310087852,0.500568524341998,0.25056884756192543,0.009299862198531628,2.160773277282715,1.5803879109566519,1.7681197097322947,3.8716319002537514,46.89243716615234,0.25056884756192543,0.39285340391961654,0.0,2.160773277282715,0.4886957108974457,0.0,0.009299862198531628,0.4886957108974457,0.6797499936818209,1.4711261663410724,0.011368344928526569,5.585584142458938,0.6052661938028302,1.999991875153703e-06,0.0006837598145856446,0.04424442475134626,0.009299862198531628,1
0.36385949665418593,0.5307316287111158,0.2816760617143536,0.0,2.333683967590332,1.414634044941115,1.2201188291414224,3.8447258328233724,53.000933762533265,0.2816760617143536,0.43477087026758454,0.0,2.333683967590332,0.6137759387493134,0.0,0.0,0.6137759387493134,0.6855796628479743,1.4586169485512317,-0.009004453736361787,5.546766892407307,0.6434825522263918,1.8823455435004898e-06,0.0004834383180244922,0.04691049170647636,0.0,1
0.33897182696091477,0.48503856848935,0.2352624129221979,0.03768943715840578,2.047792911529541,1.6377029913430368,2.175486656227683,3.9136792840387216,44.821031986613534,0.2352624129221979,0.37942439386119986,0.0,2.047792911529541,0.5574437230825424,0.0,0.03768943715840578,0.5574437230825424,0.6988539677631632,1.4309111551777354,0.11594952011403277,5.64624569452787,0.5917468313353424,2.0317385990635363e-06,0.0007680699134738005,0.04287175761447938,0.03768943715840578,1
0.3694555139518343,0.5305080328501032,0.2814387729184862,0.1267939731478691,2.2593352794647217,1.7264157109929246,2.324772193506127,3.943674486105872,53.49582716261121,0.2814387729184862,0.3985607923768839,0.0,2.2593352794647217,0.5314970761537552,0.0,0.1267939731478691,0.5314970761537552,0.696417009088373,1.4359185688571567,0.10085434215039922,5.68951962380061,0.6464798138440984,2.206888500908126e-06,0.0012771851538483556,0.04689072843778046,0.1267939731478691,1
0.2893329481848923,0.3992010891733417,0.15936150959718232,0.07077350094914436,1.6213979721069336,1.4215629219373591,1.0775979450388382,3.958403225733581,31.11360825632562,0.15936150959718232,0.3208104427506555,0.0,1.6213979721069336,0.5049228221178055,0.0,0.07077350094914436,0.5049228221178055,0.724778141276856,1.3797291033658579,0.10772267523553934,5.710768703420049,0.4930264338780872,2.37029152496845e-06,0.001442298307095568,0.035284724651440696,0.07077350094914436,1
0.3990353028748359,0.5598807668108571,0.31346647304471337,0.061269355937838554,2.429450511932373,1.440881338603611,1.3172340715267827,3.9248769505523358,60.50504268609604,0.31346647304471337,0.45230974158454273,0.0,2.429450511932373,0.6532469838857651,0.0,0.061269355937838554,0.6532469838857651,0.7127135165479332,1.4030857991190646,0.04190641357492089,5.662400512476589,0.687528651028541,2.285671315891335e-06,0.0013817518931409545,0.04948693585848514,0.061269355937838554,1
0.313199306561728,0.4393957265605017,0.19306860451963118,0.042322621680796146,1.9102219343185425,1.4794795819405437,1.453959803485791,3.9259026546196165,37.26878849924844,0.19306860451963118,0.3480885132603362,0.0,1.9102219343185425,0.4812043085694313,0.0,0.042322621680796146,0.4812043085694313,0.7127939004311239,1.402926881876419,0.10601533281394833,5.663880290647875,0.539594672092283,2.031738408817572e-06,0.0007446654300441735,0.03883746223441509,0.042322621680796146,1
0.48445756739238277,0.6878505971756991,0.47313844403496585,0.030656561255455017,2.801243305206299,1.4491243148419384,1.2169776618237673,3.90370956007182,90.60321006575501,0.47313844403496585,0.5520201953659125,0.0,2.801243305206299,0.8276046067476273,0.0,0.030656561255455017,0.8276046067476273,0.7043053608969624,1.4198366244500824,0.08058868570264681,5.63186242320179,0.8413308378032455,1.9999953729081646e-06,0.0008353583235512934,0.060797977713269134,0.030656561255455017,1
0.387322315144047,0.5492031429127527,0.30162409218524555,0.07324204221367836,2.482177257537842,1.767895719916344,3.1434506459685787,3.9417446016808544,57.810261503205126,0.30162409218524555,0.424270201876368,0.0,2.482177257537842,0.6561162024736404,0.0,0.07324204221367836,0.6561162024736404,0.7052428867157645,1.4179486217015445,0.15814149834699573,5.686735389111147,0.6720436503634195,2.284414572772646e-06,0.001349755074850693,0.0485431583253215,0.07324204221367836,1
0.40245996449084487,0.5657647166971305,0.32008971465938424,0.07121133245527744,2.623878002166748,1.5880563943874728,2.0160662012830652,3.9404096279796,61.70415842270161,0.32008971465938424,0.44110189959565105,0.0,2.623878002166748,0.5806323438882828,0.0,0.07121133245527744,0.5806323438882828,0.7113544575312124,1.4057664528517355,0.0646656054326237,5.684809429172631,0.6943080999652506,2.1694799399703282e-06,0.0011794707804680753,0.05000700846657836,0.07121133245527744,1
0.3556326111429371,0.49433884122621197,0.244370889944874,0.0821153074502945,2.293694257736206,1.4640813413534837,1.5401455757548916,3.9469453895963404,47.46821683881183,0.244370889944874,0.39859736979087756,0.0,2.293694257736206,0.6469238102436066,0.0,0.0821153074502945,0.6469238102436066,0.7194091624514605,1.390026745965447,0.06535315696867941,5.694238540045536,0.6089708072257795,2.245601699687586e-06,0.0013129049558568623,0.04369379335436931,0.0821153074502945,1
0.2692048998833343,0.36614713870660015,0.13406372718303028,0.013327038614079356,1.4518203735351562,1.267456085886642,0.5403978984990752,3.9401744840749355,26.43648067894097,0.13406372718303028,0.30035759143601126,0.0,1.4518203735351562,0.4659332409501076,0.0,0.013327038614079356,0.4659332409501076,0.7352349265908794,1.3601057739486833,0.0044871098272615696,5.684470188227475,0.4544612253033545,2.0317329602296362e-06,0.0006802044919122649,0.032363140586436044,0.013327038614079356,1
0.32155385315127205,0.4517492548128516,0.20407738922396673,0.008656675927340984,2.01138973236084,1.4986995446413656,1.753128424520753,3.9142662879731116,39.35670652165076,0.20407738922396673,0.3613079404015025,0.0,2.01138973236084,0.5645488351583481,0.0,0.008656675927340984,0.5645488351583481,0.7117956209775321,1.404894546856294,-0.08383982511177848,5.647092562192995,0.5545036246052829,1.999990996878491e-06,0.0006760091292951771,0.03992937018426712,0.008656675927340984,1
0.24869400028546806,0.36394541025454963,0.13245626164535243,0.002079261001199484,1.4837567806243896,1.5310900120598359,1.5826029305060345,3.8616247573604854,24.871035830187623,0.13245626164535243,0.29197021691948066,0.0,1.4837567806243896,0.4158046692609787,0.0,0.002079261001199484,0.4158046692609787,0.6833258778717661,1.4634265798000277,-0.1608020258666633,5.571146887033355,0.440800371396555,1.9999783251014487e-06,0.000555253568041841,0.03216853344658901,0.002079261001199484,1
0.23418162151210709,0.31146011308863203,0.09700740204518346,0.03775063343346119,1.2982512712478638,1.3313060574847013,1.0127990980354156,3.975200367202495,19.436599539100577,0.09700740204518346,0.25206041423700754,0.0,1.2982512712478638,0.37937310338020325,0.0,0.03775063343346119,0.37937310338020325,0.7518807699292669,1.3299938358848953,-0.15375183445131227,5.735001856118362,0.38967734588916414,2.0983428526816865e-06,0.0007612370258936816,0.027529444754262583,0.03775063343346119,1
0.2931758580489259,0.4077431342879461,0.16625446355895807,0.028243078850209713,1.790753960609436,1.4780836005571711,1.6783825683894147,3.9306445920121234,32.2824380546153,0.16625446355895807,0.3272383688663467,0.0,1.790753960609436,0.46835046261548996,0.0,0.028243078850209713,0.46835046261548996,0.7190191921728225,1.3907800492218598,-0.11394212125864497,5.67072146020825,0.5022016998195864,2.1333059127777006e-06,0.0008747692396180679,0.03603974190465797,0.028243078850209713,1
0.2441431227780413,0.3438734578191225,0.1182489549924798,0.016585202887654305,1.3599157333374023,1.3223944177521407,0.635209872393304,3.9026604342220574,22.765416882213568,0.1182489549924798,0.28094032510534817,0.0,1.3599157333374023,0.4316619858145714,0.0,0.016585202887654305,0.4316619858145714,0.7099774851741395,1.4084912730953696,0.05266699509931884,5.630348854541069,0.4217283715761764,1.9999907510346258e-06,0.000590869419911548,0.03039440673674596,0.016585202887654305,1
0.27055185208882904,0.38352166592134745,0.14708886823108563,0.007064392324537039,1.8606605529785156,1.5741434875562486,2.167418072417896,3.911074144310514,28.196758131172,0.14708886823108563,0.30602745686076105,0.0,1.8606605529785156,0.4722193628549576,0.0,0.007064392324537039,0.4722193628549576,0.7054390160719044,1.417553282153942,0.05005502566896288,5.642487272361162,0.46934760348784277,1.9999894748708825e-06,0.0006225679331782436,0.0338988463381183,0.007064392324537039,1
0.3054214443982346,0.4339489241971859,0.188311668811895,0.01840558648109436,2.2699763774871826,1.6544838232697905,3.04223725362791,3.906481470164393,36.04402272130547,0.188311668811895,0.3491871780213387,0.0,2.2699763774871826,0.5694638043642044,0.0,0.01840558648109436,0.5694638043642044,0.7038172548670657,1.4208200902598254,0.05001469453634746,5.635861444146133,0.5306542447867528,2.0644993845968154e-06,0.0007511076821079502,0.03835602837355465,0.01840558648109436,1
0.2836791527806781,0.41014910885348205,0.16822229149330548,0.0,2.2168211936950684,1.8065849589490692,3.637791204113462,3.9019966810478923,31.833107611605612,0.16822229149330548,0.3172446352400584,0.0,2.2168211936950684,0.4846612736582756,0.0,0.0,0.4846612736582756,0.6916471473667629,1.4458204095476206,0.09532405896509528,5.629391261128326,0.4986944487516067,1.969222467161083e-06,0.0005891471264672399,0.036252402020989574,0.0,1
0.28006812477542553,0.37545205795541786,0.14096424782295844,0.05947212502360344,1.4368987083435059,1.2205203221765777,0.40549669601157357,3.9620765149164447,28.083507499287265,0.14096424782295844,0.31360322368959714,0.0,1.4368987083435059,0.5126919150352478,0.0,0.05947212502360344,0.5126919150352478,0.7459471133370859,1.3405740416067575,-0.06888942134876594,5.716068139507918,0.46840410153859857,2.169477600958341e-06,0.0009765030274591749,0.03318558702384008,0.05947212502360344,1
0.24129973465460353,0.32475014012423836,0.10546265351071243,0.0261717326939106,1.3112510442733765,1.3046151015431737,0.8105611266357484,3.9588685822329728,20.952091578252098,0.10546265351071243,0.2675676553667472,0.0,1.3112510442733765,0.4437229335308075,0.0,0.0261717326939106,0.4437229335308075,0.7430296767004136,1.3458371207456392,0.11010003978219424,5.711440070933967,0.4045840029648905,2.098346719787173e-06,0.0007669955006251105,0.028704128284141307,0.0261717326939106,1
0.2256289649521932,0.3196785833386861,0.10219439664542926,0.012416559271514416,1.3012281656265259,1.3718371289069093,0.8654537709534518,3.8981434966075597,19.59716178826589,0.10219439664542926,0.26077022427125485,0.0,1.3012281656265259,0.3968590348958969,0.0,0.012416559271514416,0.3968590348958969,0.7057972317023121,1.4168330888120697,-0.024150547733431216,5.623832291044627,0.3912835627404086,1.999989106967002e-06,0.000564098981526955,0.028255861759861722,0.012416559271514416,1
0.3384504674540949,0.4216056177096484,0.17775129688433416,0.16937588155269623,2.0723652839660645,1.3130787019730445,1.444758747573867,4.064483744028576,37.414402022941374,0.17775129688433416,0.3443850004238129,0.0,2.0723652839660645,0.5304971039295197,0.0,0.16937588155269623,0.5304971039295197,0.8027636503731985,1.2456937078003358,0.03277644230525698,5.86381054109917,0.5406477742525437,2.327259060956129e-06,0.0016527554195432924,0.03726502390860444,0.16937588155269623,1
0.25615063960140105,0.32542901116137884,0.10590404130547285,0.07318157702684402,1.3155971765518188,1.2899045388821526,1.0837577200396469,4.038702615954131,21.954200508630997,0.10590404130547285,0.2674561441349397,0.0,1.3155971765518188,0.4497615918517113,0.0,0.07318157702684402,0.4497615918517113,0.7871143742621127,1.2704594908206461,-0.08960354925048751,5.826616235477644,0.4141463406498718,2.3703434949706138e-06,0.0014572511860647312,0.028764132573380452,0.07318157702684402,1
0.40180783272808185,0.5644103224515558,0.3185590120898692,0.021623761393129826,2.34407114982605,1.4644312456853272,1.3857783161755073,3.917346416611224,61.44109395603295,0.3185590120898692,0.45119280087976676,0.0,2.34407114982605,0.7094979733228683,0.0,0.021623761393129826,0.7094979733228683,0.7119060457235415,1.4046772523558868,-0.05394792664379395,5.651536248504501,0.6928264909279288,2.0645042547106245e-06,0.0008817970129355112,0.04988729579714762,0.021623761393129826,1
0.44514206388703315,0.5895015912281965,0.3475121260605756,0.16216948628425598,2.8517906665802,1.6072647307528476,2.417891064600348,4.02817015504858,69.84493863707944,0.3475121260605756,0.45637153871371083,0.0,2.8517906665802,0.7416853606700897,0.0,0.16216948628425598,0.7416853606700897,0.7551146856871382,1.324299901205918,0.1450444447328996,5.81142110636085,0.738690451476248,2.415069331642374e-06,0.00220970218923208,0.05210507158471473,0.16216948628425598,1
0.23183263349346817,0.34105569391595353,0.11631898635249259,0.0,1.3727551698684692,1.5421292551529748,1.4952810569226713,3.861667528128722,21.768365607041193,0.11631898635249259,0.26998435296991374,0.0,1.3727551698684692,0.3889097347855568,0.0,0.0,0.3889097347855568,0.679748081855853,1.4711289294203815,0.12325994826075491,5.571208592208586,0.4123898111071724,1.9104406782912746e-06,0.00044444917932914065,0.030145349241281785,0.0,1
0.22726275882450864,0.330585468979919,0.10928675230067299,0.0,1.2588165998458862,1.3937728307496016,0.855989564563969,3.8603545560704395,20.59969457269757,0.10928675230067299,0.2672639682496083,0.0,1.2588165998458862,0.41795969009399414,0.0,0.0,0.41795969009399414,0.6874532993614855,1.4546398657212276,0.1062305666968402,5.569314373931276,0.40116718939763724,1.9692171263497736e-06,0.0005008008282947655,0.02921990335967947,0.0,1
0.22736521212937078,0.34394356432941314,0.11829717544362116,0.0,1.3638566732406616,1.5271787051928751,1.3881693336928986,3.814546855115087,21.75899073667263,0.11829717544362116,0.2758310111090623,0.0,1.3638566732406616,0.38019123673439026,0.0,0.0,0.38019123673439026,0.6610519127483916,1.5127361002513846,0.08536286270981011,5.503227830928465,0.41230100064183073,1.9104341382354382e-06,0.00041335515862036973,0.030400603335349944,0.0,1
0.1904883672395954,0.27779105561751133,0.07716787058109129,0.0,1.2354635000228882,1.597060534276387,2.0230121910072993,3.876381214380953,14.522072145241372,0.07716787058109129,0.21980456145979588,0.0,1.2354635000228882,0.346839003264904,0.0,0.0,0.346839003264904,0.6857228757537855,1.4583098151505862,0.05725936884699221,5.5924359543978746,0.3368288714387444,1.9393841488213243e-06,0.00044109396292160843,0.024553492397513952,0.0,1
0.17898104932100978,0.2872368334713902,0.08250499850267112,0.0009615860180929303,1.2568960189819336,1.7399377743627646,2.211874439044089,3.757869550738883,14.661019458396268,0.08250499850267112,0.22037890762999268,0.0,1.2568960189819336,0.24195482954382896,0.0,0.0009615860180929303,0.24195482954382896,0.6231109849212705,1.6048449518039156,0.06645148506136062,5.421459764973961,0.3384364261109032,1.9999429173993314e-06,0.0004251879369929991,0.025388389094271383,0.0009615860180929303,1
0.19452681895927526,0.29933285089750716,0.08960015562642926,0.0008661597967147827,1.514320731163025,1.768652967975009,2.8456875961607073,3.8204047440682296,16.31242738186802,0.08960015562642926,0.23114003958380636,0.0,1.514320731163025,0.29403994232416153,0.0,0.0008661597967147827,0.29403994232416153,0.6498657548286507,1.5387742034694627,-0.05308910512408564,5.511678978271242,0.35698856973416376,1.9999587016129545e-06,0.00047797106477774946,0.02645753608769113,0.0008661597967147827,1
0.20550264238409,0.2892576699328751,0.08366999961499613,0.0,0.9859068989753723,1.258088198546674,0.27492531055975444,3.8915205818682588,16.11537096215543,0.08366999961499613,0.2378618882655701,0.0,0.9859068989753723,0.3843875303864479,0.0,0.0,0.3843875303864479,0.7104459217480971,1.4075618034742574,0.060700320594275894,5.6142774447940065,0.3548257820985382,1.939379199553733e-06,0.00045335197616281524,0.025567007489969512,0.0,1
0.3238825545704458,0.44871453214391555,0.20134473135713302,0.07035135850310326,1.7757322788238525,1.377866999303904,0.8798553446030062,3.946827360243563,39.19931398556298,0.20134473135713302,0.3633755298365031,0.0,1.7757322788238525,0.5503486692905426,0.0,0.07035135850310326,0.5503486692905426,0.7217992945841859,1.385423592014797,-0.05091001874698326,5.694068259683602,0.5533937481687075,2.3272525700409268e-06,0.0014370952394926395,0.03966113606198896,0.07035135850310326,1
0.24244204135175096,0.32973262781138457,0.10872360584340104,0.03383542224764824,1.309384822845459,1.3052940402610522,0.8398956745882926,3.942832488334012,21.440223905050264,0.10872360584340104,0.27290910457122664,0.0,1.309384822845459,0.4360607862472534,0.0,0.03383542224764824,0.4360607862472534,0.7352663510875923,1.360047234270671,-0.009921348669268549,5.6883048777907055,0.4092697756470727,2.0645032556440393e-06,0.0007017743458295978,0.02914452213798625,0.03383542224764824,1
0.2535019339993596,0.38822278260762055,0.1507169289356038,0.0,1.453727126121521,1.4671288995242107,1.0145499016719102,3.7847509962621495,27.51746041305849,0.1507169289356038,0.31504599905747455,0.0,1.453727126121521,0.43227097392082214,0.0,0.0,0.43227097392082214,0.6529788883531,1.5314391353266807,0.02362211686539404,5.460241493122302,0.46365952969503327,1.8285641730361384e-06,0.0003373189877682573,0.03431437027411992,0.0,1
0.2410539081142815,0.37393068586675166,0.1398241578327793,0.0,1.519938349723816,1.5719860449624838,1.520456432027392,3.7776877299428713,25.335186489593315,0.1398241578327793,0.29743674175905,0.0,1.519938349723816,0.41893038153648376,0.0,0.0,0.41893038153648376,0.6446469160684598,1.551232621748138,0.09214783376557745,5.450051353831001,0.4448945318274296,1.8550256202718847e-06,0.0003436663075134966,0.033051115458764595,0.0,1
0.2725283487379784,0.41297072675826413,0.17054482115924885,0.0,1.7766026258468628,1.6149390126528376,2.0026550972376524,3.80431552621628,31.33651481921254,0.17054482115924885,0.32846596666172445,0.0,1.7766026258468628,0.48480193316936493,0.0,0.0,0.48480193316936493,0.659920113362881,1.5153312624930395,0.044865308968152696,5.488467143464453,0.4947893713744243,1.7534204192362992e-06,0.00027952343269134077,0.03650180016528817,0.0,1
0.27964333692216314,0.4631689677591087,0.2145254926950383,0.0,1.684154748916626,1.7200715707151275,1.9331461495034716,3.681706351533242,37.46891373824009,0.2145254926950383,0.35613725428174803,0.0,1.684154748916626,0.3921036496758461,0.0,0.0,0.3921036496758461,0.603759648483089,1.6562846547923604,0.05210362993497386,5.311579495181746,0.5410414850822446,1.6623318393821956e-06,0.0001851153216780858,0.04093873974220489,0.0,1
0.27752097450138535,0.45754335337398017,0.2093459202167069,0.0,2.4346368312835693,2.111020843163177,4.679868241627293,3.7470526223505582,36.6545678726279,0.2093459202167069,0.3397101876166744,0.0,2.4346368312835693,0.419311948120594,0.0,0.0,0.419311948120594,0.6065444201308934,1.6486802635225546,0.07539198879945082,5.405854236030473,0.5351297146532843,1.8285633866640504e-06,0.00034959899594373136,0.040441500982196774,0.0,1
0.16759455026476644,0.2627340271936832,0.06902916904541108,0.0,1.2451180219650269,1.9390029270943823,3.5982869306340675,3.8135989876877527,12.43098909745413,0.06902916904541108,0.19817211473491625,0.0,1.2451180219650269,0.2728329226374626,0.0,0.0,0.2728329226374626,0.6378843051681076,1.567676435651488,0.05319917614906658,5.501860347291628,0.3116361697939769,1.9393795357855557e-06,0.0003970671548696257,0.02322262653463802,0.0,1
0.19977836776160984,0.3005761679464127,0.09034603273735009,0.0025080093182623386,1.3235286474227905,1.6373113339033047,1.983897633860968,3.842363364938047,16.67295090724392,0.09034603273735009,0.2369523784605576,0.0,1.3235286474227905,0.34447555989027023,0.0,0.0025080093182623386,0.34447555989027023,0.6646491785338354,1.5045481215718117,0.05607992861594028,5.5433585717048866,0.3609119407318676,1.9999764656239744e-06,0.0005010556119862777,0.02656743082724687,0.0025080093182623386,1
0.35707667627139017,0.5172380928501126,0.2675352446952217,0.0,2.2995293140411377,1.6157253154516558,2.1088284794557195,3.8862686692067636,50.56499167132735,0.2675352446952217,0.4068079886592386,0.0,2.2995293140411377,0.6226058751344681,0.0,0.0,0.6226058751344681,0.690351292482189,1.4485350828598909,0.1134208845093714,5.606700536442087,0.6285212784244022,1.939388629105012e-06,0.0006014949846962251,0.04571782036778896,0.0,1
0.2067855146160582,0.29261701998461165,0.08562472038467463,0.00798987690359354,1.4074918031692505,1.6090877220861821,2.3931851845080896,3.9170429668858606,16.433276088281936,0.08562472038467463,0.23176263087270854,0.0,1.4074918031692505,0.3398003652691841,0.0,0.00798987690359354,0.3398003652691841,0.7066738905106827,1.4150750381520587,0.059899590892883214,5.651098463090559,0.35830848362786866,1.9999889670687835e-06,0.0005513735242871564,0.025863934890214796,0.00798987690359354,1
0.27684727644373197,0.44273584980838987,0.19601503270555715,0.0,2.233097553253174,1.8485421016475783,3.2178841415252,3.758872294027859,34.900409239023276,0.19601503270555715,0.34015392960941426,0.0,2.233097553253174,0.39975605905056,0.0,0.0,0.39975605905056,0.6253088636365992,1.5992060875425447,0.07713940582366363,5.42290641774425,0.5221680258114905,1.8028102524089185e-06,0.00032143425075601296,0.03913269020923766,0.0,1
0.1965677942516777,0.32016551302246443,0.10250595572893785,0.0,1.6466120481491089,2.127791963106573,4.606787931807139,3.7708395017572127,18.06654124363619,0.10250595572893785,0.23320135556221544,0.0,1.6466120481491089,0.29811012744903564,0.0,0.0,0.29811012744903564,0.6139548836510755,1.6287790898876195,-0.0625594395651547,5.440171448988677,0.37569249854889003,1.828548581864888e-06,0.0003030917157516336,0.02829890067003181,0.0,1
0.15561291285666812,0.2441859487676033,0.05962677757553458,0.0,1.49690842628479,2.439168719576319,7.831265073588753,3.848185431423725,10.731795996578757,0.05962677757553458,0.1762537321905029,0.0,1.49690842628479,0.23836498335003853,0.0,0.0,0.23836498335003853,0.6372695741604416,1.5691882137860758,0.038209065987319976,5.5517580381515,0.2895551004960395,1.967224445933922e-06,0.00040894135111251066,0.021583192530505394,0.0,1
0.26008152992653777,0.37183273656684357,0.1382595839827877,0.006693529663607478,1.7323287725448608,1.4711670618110444,1.6616378838763666,3.883396328526605,26.355454232539678,0.1382595839827877,0.30409687875931013,0.0,1.7323287725448608,0.4835483580827713,0.0,0.006693529663607478,0.4835483580827713,0.6994565160436528,1.4296775963747632,0.031866315506049604,5.602556624787076,0.4537642407591372,2.031721600308407e-06,0.000618447875200564,0.03286568118669578,0.006693529663607478,1
0.24342319642892107,0.37704891769596216,0.14216588633569643,0.0,1.5241296291351318,1.6928182128841796,2.05619556151293,3.8041467085402605,25.7818545786073,0.14216588633569643,0.2911514439865641,0.0,1.5241296291351318,0.37648386508226395,0.0,0.0,0.37648386508226395,0.6455993888459293,1.5489440744652263,0.053593883768080164,5.488223591040443,0.4487992189112739,1.910438168652437e-06,0.0004317924386579809,0.03332673081773291,0.0,1
0.2305597744343686,0.3309413262645874,0.10952216142976408,0.0,1.2125002145767212,1.4214771813818916,1.0358267136141341,3.878583172370204,20.823036290174848,0.10952216142976408,0.26831871047909317,0.0,1.2125002145767212,0.39428291469812393,0.0,0.0,0.39428291469812393,0.6966765993239462,1.4353818964148646,-0.031229122222010262,5.595612708269211,0.4033360522157559,1.939382601418521e-06,0.0004751064725528268,0.029251356997069926,0.0,1
0.244319782970706,0.33710353403193527,0.11363879265682014,0.009937768802046776,1.6854374408721924,1.5361048923928637,2.59735387035791,3.9327229883679653,22.18636147298215,0.11363879265682014,0.27742148119887133,0.0,1.6854374408721924,0.48994310945272446,0.0,0.009937768802046776,0.48994310945272446,0.724759705983547,1.3797635620540563,0.04634751713249873,5.673719952323826,0.41633033640088374,2.0317315869491843e-06,0.000642391213768018,0.02979602435949144,0.009937768802046776,1
0.2771729075720941,0.38798632753137574,0.15053339035128396,0.009327714098617435,1.5110654830932617,1.3795110282548846,0.9866273020970437,3.911458579291134,29.10185101353633,0.15053339035128396,0.31605334227361936,0.0,1.5110654830932617,0.4676768407225609,0.0,0.009327714098617435,0.4676768407225609,0.7143864964241126,1.3997988870194988,-0.027500848285347525,5.643041894801247,0.47682094232872424,2.0317304055684858e-06,0.0006690780932026931,0.03429347040063758,0.009327714098617435,1
0.2918247915804386,0.4089759105635758,0.16726129542130597,0.0794735886156559,1.8534886837005615,1.6969465063863096,2.6175577473943417,3.956024878130698,32.31014456349086,0.16726129542130597,0.31549974507652223,0.0,1.8534886837005615,0.4667603373527527,0.0,0.0794735886156559,0.4667603373527527,0.7135483300959462,1.401443339850191,0.04321013332553151,5.707337473127859,0.5024171617314364,2.1694779690825723e-06,0.0010192494080239391,0.036148704962680925,0.0794735886156559,1
0.26357585479854606,0.3427912220844419,0.11750582193814518,0.05816490203142166,1.4076457023620605,1.2295450399017502,0.6204756980188222,3.995467041918823,23.933190805878965,0.11750582193814518,0.2819671273973654,0.0,1.4076457023620605,0.49331656098365784,0.0,0.05816490203142166,0.49331656098365784,0.7689085043872961,1.3005410618754931,0.057973516830306486,5.764240487226919,0.43240958959177744,2.06450840938094e-06,0.0007771588591596862,0.03029874970839158,0.05816490203142166,1
0.22478912278165808,0.33265620414340963,0.1106601501551018,0.0,1.6024457216262817,1.6311860498821722,2.3446946222585874,3.855767574409065,20.632358384134292,0.1106601501551018,0.26530352495944953,0.0,1.6024457216262817,0.3779844269156456,0.0,0.0,0.3779844269156456,0.6757380269592802,1.4798589897364602,0.017103630443639422,5.562696758235763,0.40148511787617874,1.9692176127703376e-06,0.0005000609216456006,0.029402932219197677,0.0,1
0.3206174179340451,0.45994528576303556,0.21154966589564045,0.019407310406677425,1.7859382629394531,1.419898500549188,0.9812487976769662,3.888922393484707,40.23618490602683,0.21154966589564045,0.3700774510783731,0.0,1.7859382629394531,0.5433087646961212,0.0,0.019407310406677425,0.5433087646961212,0.6970757844085022,1.4345611312285347,0.08064619025361328,5.61052905129776,0.5606649575087912,2.03172846038676e-06,0.0007138392230195024,0.04065380381722836,0.019407310406677425,1
0.31270564787701005,0.42936043687197745,0.18435038475089535,0.0869707316160202,1.8056812286376953,1.3929143917350544,1.1063003840966106,3.9512347600359004,36.11330649152972,0.18435038475089535,0.34670600634831317,0.0,1.8056812286376953,0.5112971067428589,0.0,0.0869707316160202,0.5112971067428589,0.7283039905846258,1.3730498306856573,0.037485445276493994,5.700426793507222,0.5311640113609694,2.1333170266927354e-06,0.0009569223919551527,0.03795045956067422,0.0869707316160202,1
0.27278678931361355,0.3467714460723441,0.12025043581110464,0.04751429334282875,1.2006914615631104,1.028924479291864,-0.28443967564298234,4.01203798743823,24.916872734097208,0.12025043581110464,0.29021592548764374,0.0,1.2006914615631104,0.46842481940984726,0.0,0.04751429334282875,0.46842481940984726,0.786644937921926,1.271217887584992,0.013465702849138199,5.788147308150609,0.441206378280204,2.245574002693881e-06,0.0011405327750012818,0.030650555129952458,0.04751429334282875,1
0.2787124479546037,0.3833824541609338,0.14698210615846052,0.02545096632093191,1.4772617816925049,1.2892697725757465,0.6208038654682317,3.928232818104922,28.75683005482345,0.14698210615846052,0.3152270757244082,0.0,1.4772617816925049,0.4305185601115227,0.0,0.02545096632093191,0.4305185601115227,0.7269808984443233,1.3755483724335793,-0.07799585020222422,5.667242005952585,0.4739860069699402,2.0645010584551884e-06,0.0007379600993921424,0.03388654164064212,0.02545096632093191,1
0.18181268090120284,0.2808609861014335,0.07888289351386964,0.0,1.4530390501022339,1.8077983889764238,3.2008542104552378,3.814193133175801,14.328159289645088,0.07888289351386964,0.21710410422667792,0.0,1.4530390501022339,0.2812177911400795,0.0,0.0,0.2812177911400795,0.6473381585913199,1.544782161009185,-0.0219541820761736,5.502717518040801,0.334572480115075,1.9393706770493814e-06,0.0004036253475382039,0.024824838480383037,0.0,0
0.2451125905936351,0.39253159721236347,0.15408105481008916,0.0,2.0376644134521484,2.046400925372492,4.581341407626328,3.770827492394029,27.412638320334352,0.15408105481008916,0.29741113567865796,0.0,2.0376644134521484,0.42144595831632614,0.0,0.0,0.42144595831632614,0.6244388168889503,1.601433840104648,0.14437372177329477,5.440154123139967,0.46277557938768993,1.8028083880799079e-06,0.00030605760967175626,0.03469521927735609,0.0,0
0.1840036485591554,0.322777674661928,0.10418542726016146,0.0,1.4468169212341309,2.1717579521752834,4.28381138260144,3.669651212457577,17.669474552735057,0.10418542726016146,0.2329328842306495,0.0,1.4468169212341309,0.25896260887384415,0.0,0.0,0.25896260887384415,0.5700613547406042,1.7541917086397236,0.01993539483739079,5.294187605820054,0.3715410743689621,1.8550542603551841e-06,0.00029295875501908367,0.02852978532113432,0.0,0
0.24104434820765164,0.3540038524436767,0.12531872754496443,0.0,1.5296519994735718,1.4760428965588792,1.4162955580445162,3.8467832224978284,23.47790148452045,0.12531872754496443,0.2860322602980432,0.0,1.5296519994735718,0.4340963438153267,0.0,0.0,0.4340963438153267,0.6809069043651106,1.4686254005786281,-0.1217469358880249,5.549735078287819,0.428276902655065,1.9104370797678607e-06,0.00043573632826256686,0.03128981557863572,0.0,0
0.2323137033963576,0.33137454744773276,0.10980909069618969,0.0,1.5513689517974854,1.6260557041433474,2.2622827115838726,3.912341743544751,20.963679677685825,0.10980909069618969,0.25862142899495666,0.0,1.5513689517974854,0.3581136614084244,0.0,0.0,0.3581136614084244,0.7010586785465817,1.426409818289386,-0.07026857973350702,5.64431603149023,0.40469587035441873,1.9692235052169126e-06,0.000544827160617269,0.029289648701614397,0.0,0
0.2752075191383483,0.3762630522215062,0.1415738844670439,0.03712603822350502,1.409488558769226,1.2984348408182491,0.6221208410506902,3.942660865600959,27.816072071338013,0.1415738844670439,0.30819438704907043,0.0,1.409488558769226,0.4761274456977844,0.0,0.03712603822350502,0.4761274456977844,0.7314212386580421,1.3671975729426082,-0.10666409064894321,5.688057278524829,0.4661684921327569,2.098346330277825e-06,0.0008112938600129151,0.033257269466971884,0.03712603822350502,0
0.18941656852257438,0.2858772488708289,0.08172580142195382,0.026475215330719948,1.323352575302124,1.7305283188766396,2.506577560497739,3.85690759064617,15.05336804516108,0.08172580142195382,0.2203382193770267,0.0,1.323352575302124,0.27464039623737335,0.0,0.026475215330719948,0.27464039623737335,0.6625777556380664,1.5092515459478322,0.05381562168182132,5.564341454007565,0.34293503444941426,2.0983395468141824e-06,0.0006334433959727471,0.02526821765793967,0.026475215330719948,0
0.19611926618381403,0.298063817841117,0.08884203950602258,0.0,1.144438624382019,1.4707246401129537,1.1420241831780675,3.7887701876096473,16.295015177536037,0.08884203950602258,0.241517154273879,0.0,1.144438624382019,0.3532428964972496,0.0,0.0,0.3532428964972496,0.6579752270137267,1.5198089593184323,0.18698968290184742,5.466039960547722,0.35679799056959427,1.7777701833634876e-06,0.0002572202682674506,0.02634536835272571,0.0,0
0.23756074727862142,0.3616374144248371,0.1307816195118814,0.0,1.7789651155471802,1.7544792159921283,2.836589361499329,3.829623629317728,23.963741204410677,0.1307816195118814,0.28265505217086684,0.0,1.7789651155471802,0.45646126568317413,0.0,0.0,0.45646126568317413,0.6569013075019884,1.5222944807489314,0.2491139943154431,5.524979018303215,0.4326854841099461,1.9393822334372306e-06,0.00046871098614678956,0.03196453350882151,0.0,0
0.24068467927645543,0.3839540662029135,0.1474207249537513,0.0,1.618554711341858,1.8272482481475396,2.741890260355097,3.7676827558483112,26.284779493396677,0.1474207249537513,0.2908398899820668,0.0,1.618554711341858,0.34402305632829666,0.0,0.0,0.34402305632829666,0.6268563706078508,1.5952576099033535,0.055043980969500944,5.4356172273205585,0.4531554256457287,1.828550055499946e-06,0.00032524464163335304,0.03393706548452859,0.0,0
0.27217897336231545,0.3979113965999295,0.15833347954410643,0.0,1.3614691495895386,1.3088488866641004,0.5152185820633837,3.825894345985193,29.74910375483781,0.15833347954410643,0.3309629036075421,0.0,1.3614691495895386,0.5082426816225052,0.0,0.0,0.5082426816225052,0.6840173256425851,1.4619475989801876,0.007576396810689218,5.5195987997332985,0.4820942574690871,1.8823325604594126e-06,0.0003996118386162219,0.035170730855902485,0.0,0
0.25843094462652516,0.4135120396237082,0.17099220691375921,0.0,1.6798732280731201,1.7013956385253473,1.9447559785168655,3.7555765308149223,30.435681286952622,0.17099220691375921,0.3189166353815267,0.0,1.6798732280731201,0.3960879445075989,0.0,0.0,0.3960879445075989,0.6249644385137024,1.6000871730794488,0.11732353887339328,5.418151636501001,0.48762563514884794,1.9393679488468803e-06,0.000443488705253827,0.03654964591502555,0.0,0
0.28200629563070834,0.4062788266808586,0.16506248500917514,0.03237541299313307,1.9364405870437622,1.5040645310022769,1.6431109839287945,3.8940558357398025,31.307524580419788,0.16506248500917514,0.32511439415975474,0.0,1.9364405870437622,0.48223216086626053,0.0,0.03237541299313307,0.48223216086626053,0.6941183812511328,1.4406728962281292,0.09275830192586236,5.617935042981879,0.49456044704821434,2.0983472413927608e-06,0.0007977368745609046,0.03591031417481864,0.03237541299313307,0
0.26548242730859783,0.40750663459314956,0.16606165723743474,0.01978575182147324,1.7979404926300049,1.690254150143262,2.088890184322498,3.8265168508306733,30.277449785228757,0.16606165723743474,0.31607133367293727,0.0,1.7979404926300049,0.3948144391179085,0.0,0.01978575182147324,0.3948144391179085,0.6514784135851888,1.5349665087981972,0.09355945862418992,5.520496884386802,0.48635642942917867,2.031730338624559e-06,0.0006258487657068197,0.03601883808741557,0.01978575182147324,0
0.28607831451881793,0.40907299629010774,0.1673407162937665,0.06288718059659004,2.1344761848449707,1.5830484588887845,2.4182434146285567,3.906559545541361,31.89523434645686,0.1673407162937665,0.3288763244163988,0.0,2.1344761848449707,0.47410064190626144,0.0,0.06288718059659004,0.47410064190626144,0.6993314586438207,1.4299336074395088,0.08679212136586356,5.635974083105301,0.49918084732058204,2.0983442369831874e-06,0.0008101171427081811,0.03615728620962932,0.06288718059659004,0
0.28159487833909225,0.4204651181836875,0.17679091560922228,0.027523419354110956,1.767735242843628,1.6457582231861687,1.9304834151666483,3.862192722265063,32.7790836628519,0.17679091560922228,0.3268917381492429,0.0,1.767735242843628,0.44139913469552994,0.0,0.027523419354110956,0.44139913469552994,0.6697207364900516,1.4931561279227878,0.12014620558299385,5.571966287184589,0.5060499887521296,2.0644969211309784e-06,0.0007136427717898114,0.03716421704001106,0.027523419354110956,0
0.16683632394779124,0.2604380749468004,0.0678279908819952,0.0,1.4783858060836792,2.0990143296816535,5.238469318051754,3.8200328351333446,12.244780783412164,0.0678279908819952,0.19495357786462364,0.0,1.4783858060836792,0.2687249928712845,0.0,0.0,0.2687249928712845,0.6405963620546216,1.5610393994793383,0.012709894140966686,5.511142427095219,0.30929330718657255,1.9104249293084556e-06,0.0003616359946203383,0.023019691109256602,0.0,0
0.2315846550045535,0.3900602522339716,0.15214700037282958,0.0,1.9153703451156616,1.8991682794574967,3.1985133583167,3.6854100147497038,26.339641959220174,0.15214700037282958,0.29641211674243095,0.0,1.9153703451156616,0.32637739181518555,0.0,0.0,0.32637739181518555,0.5937135608272144,1.6843095766699314,-0.08077072009362206,5.316922751737256,0.4536280996658029,1.77776841272624e-06,0.0002582334797340973,0.03447678117824706,0.0,0
0.3278527121146908,0.5001171556212395,0.25011716934667905,0.02792247198522091,2.331805467605591,1.8425303133763322,3.0255400428625387,3.8511513236859143,45.77338498401758,0.25011716934667905,0.38190248820183115,0.0,2.331805467605591,0.5446124225854874,0.0,0.02792247198522091,0.5446124225854874,0.6555505102737911,1.5254324187084547,0.06062601027440809,5.5560369162099725,0.5980004767453262,2.0983334746466618e-06,0.0008193260091175015,0.044204529015938285,0.02792247198522091,0
0.2739673766627675,0.35587408658376585,0.12664636550182967,0.07914671674370766,1.4189326763153076,1.246285165963334,0.6932303148144237,4.0021047791334565,25.81817458909547,0.12664636550182967,0.2936244627821907,0.0,1.4189326763153076,0.4622930586338043,0.0,0.07914671674370766,0.4622930586338043,0.769841405007375,1.2989651940268025,0.005724407458880424,5.773816717789196,0.4491152290641104,2.206875168044014e-06,0.001064813996275873,0.031455122483993674,0.07914671674370766,0
0.20388896433905757,0.3324886726372623,0.11054871743208855,0.0,1.2737540006637573,1.6399291644631528,1.570837169695272,3.7048992480006415,19.47128668305178,0.11054871743208855,0.258893145677348,0.0,1.2737540006637573,0.27109263092279434,0.0,0.0,0.27109263092279434,0.6132189391683609,1.6307340307263987,0.13224901941382988,5.345039771899113,0.3900249058859473,1.7297147619273232e-06,0.00020918768380968694,0.02938812438619028,0.0,0
0.3586028802237706,0.52532084651016,0.275961991778151,0.0484121385961771,2.457028388977051,1.898129623267493,3.6607109585485187,3.911407597662441,51.783426237815675,0.275961991778151,0.39779964599074447,0.0,2.457028388977051,0.5513265281915665,0.0,0.0484121385961771,0.5513265281915665,0.6826346221960047,1.4649097246022011,0.009901199152452958,5.642968343858355,0.6360487540141361,2.1333210111615386e-06,0.001002350500874419,0.04643224160824895,0.0484121385961771,0
0.27336787657259265,0.3564061084545553,0.1270253141437202,0.12398050352931023,1.4632705450057983,1.3273751752159926,0.9062872174798526,4.02203547229597,25.82467969094764,0.1270253141437202,0.28703851292618765,0.0,1.4632705450057983,0.4582761451601982,0.0,0.12398050352931023,0.4582761451601982,0.767010169235862,1.3037600208300695,0.022838784455174597,5.802570629976234,0.4491718046421975,2.415062748921954e-06,0.0016230315748107275,0.031502147018065516,0.12398050352931023,0
0.3304291266540531,0.4938008768814411,0.24383930600888015,0.0,2.035593271255493,1.6161121905350957,2.0374058181425267,3.830067434655125,45.186907360030766,0.24383930600888015,0.39413716484386896,0.0,2.035593271255493,0.6225319355726242,0.0,0.0,0.6225319355726242,0.6691532416621154,1.4944229701591412,0.08644068620161979,5.525619294062602,0.594157145669595,1.8028133079153025e-06,0.00036709424544935864,0.0436462435748413,0.0,0
0.19683794738375582,0.2870017624498932,0.08237001164934493,0.0,1.1338491439819336,1.369117025881994,0.7476317677513986,3.8469881048774255,15.502744214988178,0.08237001164934493,0.23587549064222912,0.0,1.1338491439819336,0.3538479879498482,0.0,0.0,0.3538479879498482,0.6858399051755506,1.4580611425009111,0.005189537584036758,5.550030661080829,0.348016076036144,1.9104332483325988e-06,0.0003922787167135739,0.025367611555101265,0.0,0
0.21409919585858006,0.30251803558574764,0.09151716185465968,0.0,1.2544894218444824,1.377813311912232,1.029636281177508,3.8959896550485347,17.581520322809638,0.09151716185465968,0.24795608293152327,0.0,1.2544894218444824,0.3932485654950142,0.0,0.0,0.3932485654950142,0.7077214015443158,1.4129807184589862,-0.12721059765791629,5.62072495450856,0.3706152014177917,1.9692204678096487e-06,0.0005057331199875351,0.02673906929923943,0.0,0
0.29768790346133756,0.3806961146443434,0.14492953170529904,0.09743025526404381,1.6708511114120483,1.2723345802050696,0.9970863622298274,4.025374531319342,29.894095305280725,0.14492953170529904,0.31451853960300014,0.0,1.6708511114120483,0.5063777565956116,0.0,0.09743025526404381,0.5063777565956116,0.7819547141549653,1.2788430776589703,-0.03565728721401037,5.807387873870486,0.4832676479679823,2.2455971348245346e-06,0.001246637855570606,0.033649100529548316,0.09743025526404381,0
0.1504280271292373,0.1991888456407367,0.03967619622768923,0.0,0.7466700673103333,1.28429029528703,0.8394941524267963,3.9661189941481467,7.975012809431524,0.03967619622768923,0.16270999919282758,0.0,0.7466700673103333,0.25340817868709564,0.0,0.0,0.25340817868709564,0.7551992755722734,1.324147164873787,-0.0995857273139178,5.721900204248392,0.24960926980720044,1.9692083959609388e-06,0.00044328789480198397,0.01760597293616067,0.0,0
0.2467404801027442,0.38030230367120565,0.14462984217762592,0.0,2.3932318687438965,2.113813513581801,6.651242547904197,3.818578005927055,26.3053704574667,0.14462984217762592,0.29768741343451666,0.0,2.3932318687438965,0.4770553335547447,0.0,0.0,0.4770553335547447,0.6487992024283484,1.5413048702541454,0.02404847441898095,5.509043552213964,0.45333288729029864,1.939377792746937e-06,0.0004621387379109144,0.033614292228346894,0.0,0
0.17036817277403316,0.2579679382323668,0.06654745715585822,0.010211830493062735,1.1042953729629517,1.6621815624700071,2.176320811456045,3.8326108676186115,12.23331474562829,0.06654745715585822,0.20366654507552084,0.0,1.1042953729629517,0.2775174379348755,0.0,0.010211830493062735,0.2775174379348755,0.6604212659920056,1.5141791687495592,0.02349838370353771,5.529288692185856,0.30914846182735733,2.031718470343593e-06,0.0004911615137640971,0.022801359806602372,0.010211830493062735,0
0.19929453865188407,0.30940883067479413,0.09573382449954343,0.0,1.6840944290161133,1.8381395320822933,3.7287498026210066,3.795422356355141,17.33787361740937,0.09573382449954343,0.2422171885161788,0.0,1.6840944290161133,0.3200806677341461,0.0,0.0,0.3200806677341461,0.6441118506714579,1.5525203689362066,-0.04736068612947656,5.475637011408002,0.3680382284980878,1.8823376975000163e-06,0.0003537996524694117,0.027348135291143397,0.0,0
0.2265960196236847,0.3201659111129974,0.10250621063881575,0.02744981460273266,1.2414202690124512,1.3768897329566288,0.7816955724509485,3.9101776947452986,19.693051743758467,0.10250621063881575,0.2576910936081731,0.0,1.2414202690124512,0.36888428032398224,0.0,0.02744981460273266,0.36888428032398224,0.7077434043261002,1.4129370482531303,0.08337784097237244,5.6411939690190165,0.39223968023150463,2.064501910866059e-06,0.0006682735551362486,0.028298935856596236,0.02744981460273266,0
0.21988419468107168,0.3336871535012569,0.11134711641177138,0.02149994857609272,1.6758633852005005,1.7738742096237892,2.8718520437838073,3.8500641067575456,20.441110461736294,0.11134711641177138,0.25565927367097174,0.0,1.6758633852005005,0.33504629880189896,0.0,0.02149994857609272,0.33504629880189896,0.6589511565631396,1.5175586130019454,-0.002535612715538553,5.554468393739045,0.39962003888983694,2.0644980467725887e-06,0.000628793654874998,0.029494056129446892,0.02149994857609272,0
0.1930708627041895,0.27000834015962916,0.07290450375575802,0.0,1.2273682355880737,1.386855970091049,1.2959694985871275,3.9055825068083707,14.103150307980544,0.07290450375575802,0.22379439469114004,0.0,1.2273682355880737,0.35247158259153366,0.0,0.0,0.35247158259153366,0.7150525333310555,1.398493466998789,0.08152246294301481,5.63456451417046,0.33193502644508305,1.9692184176877276e-06,0.00048110197929566496,0.023865591037974723,0.0,0
0.2572547989329905,0.37771983579654533,0.14267227435416918,0.0,1.5948288440704346,1.4999838009682418,1.4804813482187198,3.849408875099083,26.733095158812493,0.14267227435416918,0.30439482027259146,0.0,1.5948288440704346,0.4220292419195175,0.0,0.0,0.4220292419195175,0.6810712424441359,1.4682712911992495,0.006860246919880037,5.553523094274748,0.45700361697498915,1.910436007976309e-06,0.0004484305786960932,0.0333860321600508,0.0,0
0.2889773199276533,0.4202530481257337,0.17661262445897025,0.015127254649996758,1.5281906127929688,1.4445279484634717,1.0207559220012712,3.8730961180393293,33.29542603411706,0.17661262445897025,0.3385571005910606,0.0,1.5281906127929688,0.4429848715662956,0.0,0.015127254649996758,0.4429848715662956,0.6876253095394232,1.4542769246768081,-0.06797644908338765,5.587696562196973,0.5100201132225468,1.999991068603503e-06,0.0006279598450202888,0.03714547251800285,0.015127254649996758,0
0.22702116838263464,0.36568497060987043,0.1337254977299418,0.0,2.055614709854126,2.085770442344028,5.025424268845642,3.7667180638665156,23.713805903841063,0.1337254977299418,0.275448149238116,0.0,2.055614709854126,0.3671639412641525,0.0,0.0,0.3671639412641525,0.620809072888472,1.610796795801543,0.03773096900881093,5.4342254709824385,0.4304231738925755,1.828559632226039e-06,0.00031805542590352136,0.032322290312030336,0.0,0
0.2731412442662986,0.41580962311529773,0.17289764267528596,0.0,1.672634482383728,1.6142450108425939,1.862317132735046,3.810037029756211,31.680484095312348,0.17289764267528596,0.33061120868023863,0.0,1.672634482383728,0.46317511051893234,0.0,0.0,0.46317511051893234,0.6568885667708418,1.5223245549467617,0.10890531315765481,5.496721528247937,0.4974975195864073,1.8823436209578352e-06,0.0004157535086336487,0.0367527255234312,0.0,0
0.22090004387428053,0.3382342746655813,0.11440242455855189,0.0,1.3843131065368652,1.541049707632819,1.4457148275635028,3.7916971446798557,20.889504504603,0.11440242455855189,0.27000159232875376,0.0,1.3843131065368652,0.3694159761071205,0.0,0.0,0.3694159761071205,0.6530958194490152,1.531164361642583,0.003975444531485558,5.470262666997805,0.4039792741493194,1.8028103625665355e-06,0.000297013989459646,0.029895968655718225,0.0,0
0.1988241586368531,0.2986897215359562,0.08921554975122706,0.03904812969267368,1.4191210269927979,1.8219463337644823,3.0028080193641147,3.8745930793151295,16.479564263536584,0.08921554975122706,0.2259967560239602,0.0,1.4191210269927979,0.28371433168649673,0.0,0.03904812969267368,0.28371433168649673,0.6656522760882574,1.5022808273591381,-0.05770111258778847,5.589856220805972,0.3588127587041458,2.0317346719532073e-06,0.0005795545052249974,0.026400690946099523,0.03904812969267368,0
0.20588875453540822,0.33369547582905323,0.11135267058877826,0.0,1.652083158493042,2.161485329214159,5.067195549816228,3.782045285683971,19.679084778613742,0.11135267058877826,0.2472597662086855,0.0,1.652083158493042,0.3209950178861618,0.0,0.0,0.3209950178861618,0.6169940932815886,1.6207562019695696,0.11628928890122685,5.456337977889084,0.3921005608678976,1.910433686465894e-06,0.0003945664519559428,0.029494791726249397,0.0,0
0.2807931320348871,0.38475582819770915,0.1480370473321051,0.0,1.566251277923584,1.295328610469076,0.843788153317512,3.9214922637700242,29.04087428224853,0.1480370473321051,0.31914867619900633,0.0,1.566251277923584,0.5657412856817245,0.0,0.0,0.5657412856817245,0.7297937592171859,1.3702465776474377,-0.011195575078534734,5.657517441640785,0.4763211420145726,1.9393861809159355e-06,0.0005392447105019598,0.034007931902455796,0.0,0
0.2666388983006982,0.3466919657555152,0.12019531911942331,0.1092209629714489,1.603937029838562,1.3224092327038994,1.2507378047404396,4.001651512107205,24.485327514423474,0.12019531911942331,0.28404646958331625,0.0,1.603937029838562,0.4445977807044983,0.0,0.1092209629714489,0.4445977807044983,0.7690923227116457,1.3002302663452288,0.09477728727519309,5.773162791698224,0.43736897604475033,2.1333002594796626e-06,0.0008897818758472488,0.030643529996077386,0.1092209629714489,0
0.303955562550982,0.4083976507629201,0.16678864114867206,0.0,1.7460845708847046,1.1802812625490193,0.4627711748443586,3.93240350943797,33.174736019757574,0.16678864114867206,0.34540133563245945,0.0,1.7460845708847046,0.6043166071176529,0.0,0.0,0.6043166071176529,0.7442619165934306,1.3436097281306383,-0.00860627909251665,5.67325904165585,0.50909490780635,1.9692117432657994e-06,0.000594290521284182,0.03609759353438952,0.0,0
0.226239627771065,0.31701398261359626,0.1004978651725335,0.0,1.3802666664123535,1.353444654983123,0.9950858305805834,3.9013198322375127,19.415325996355012,0.1004978651725335,0.2614877886743159,0.0,1.3802666664123535,0.4045862853527069,0.0,0.0,0.4045862853527069,0.7136559474440498,1.401231012165504,0.07568310794360061,5.62841477470616,0.38946403472788543,1.9692138372850586e-06,0.0005134851591644816,0.02802034210462852,0.0,0
0.11607553825524519,0.20185325826830816,0.04074473787353232,0.0,1.0440073013305664,1.926408763068234,3.3944051758117615,3.620474499772493,6.939938362211484,0.04074473787353232,0.15319641390840388,0.0,1.0440073013305664,0.18031851947307587,0.0,0.0,0.18031851947307587,0.5750462697742823,1.7389818845762437,0.003057268171390575,5.2232406063020616,0.23284816609708828,1.6410133522160298e-06,0.00011662499548054183,0.01784147596576503,0.0,0
0.18460966175916838,0.27443177531099766,0.0753127993003459,0.0,1.0258190631866455,1.4043899055552092,0.7462928791289616,3.8262503439093556,14.002371393943099,0.0753127993003459,0.22066949516363366,0.0,1.0258190631866455,0.28549399971961975,0.0,0.0,0.28549399971961975,0.6726953861467957,1.4865515309215305,0.14104575336123187,5.5201123961730545,0.3307469221552643,1.8550612609256085e-06,0.00032630892600886186,0.024256571161933672,0.0,0
0.317015521560279,0.43423919392418486,0.1885636775399258,0.037203957326710224,2.1043930053710938,1.4867606520194105,2.0546473278880732,3.9444091727147033,37.00000236160787,0.1885636775399258,0.35481329563322106,0.0,2.1043930053710938,0.571883499622345,0.0,0.037203957326710224,0.571883499622345,0.7300464719662215,1.3697726590387667,0.09595717917778199,5.690579552527778,0.5376453463483726,2.064472033807348e-06,0.0007915689785952858,0.038381684835096415,0.037203957326710224,0
0.24907866675130208,0.38158715316013286,0.1456087554568547,0.0,1.5109755992889404,1.4548084857804928,0.9728645084625858,3.7778299001159916,26.579064023994995,0.1456087554568547,0.3099521711382067,0.0,1.5109755992889404,0.414094902575016,0.0,0.0,0.414094902575016,0.6527421375337527,1.5319945226025187,0.09812713151966251,5.4502564620347265,0.45568512998282146,1.8550306521120138e-06,0.000340928434833656,0.03372785795164995,0.0,0
0.27523857669439167,0.3980039224124062,0.15840712225566064,0.03527117520570755,2.0440833568573,1.8405735715781841,3.854292561691887,3.9108117425720823,29.972914733621145,0.15840712225566064,0.3093263746541197,0.0,2.0440833568573,0.43574658781290054,0.0,0.03527117520570755,0.43574658781290054,0.691545659852905,1.4460324827733932,0.10098965688314718,5.642108706674405,0.483904325622757,2.031737456329851e-06,0.0006925259051148361,0.03517890905958211,0.03527117520570755,0
0.16217536573822144,0.267367091485371,0.07148516160934676,0.0,1.5274769067764282,2.244968662117098,6.002356699957419,3.760095314888316,12.5166093902941,0.07148516160934676,0.1975169247073154,0.0,1.5274769067764282,0.2464219257235527,0.0,0.0,0.2464219257235527,0.6065621549574282,1.6486294960292975,0.0015358058115085822,5.424670863874534,0.3127075484564974,1.9104322096367793e-06,0.0003481131246278198,0.023632135431928734,0.0,0
0.18443337132339366,0.26796461386043613,0.07180503428137265,0.0,1.0931451320648193,1.4421684846399327,1.2428614617891842,3.8554763057127093,13.545049950602937,0.07180503428137265,0.21944508061415036,0.0,1.0931451320648193,0.3185260593891144,0.0,0.0,0.3185260593891144,0.6882725311892132,1.4529074209166577,-0.011301197640365069,5.562276546331962,0.3253009418047932,1.855064346401722e-06,0.00033491408411874004,0.023684949447343638,0.0,0
0.13354517570041935,0.2408054345464477,0.05798725730710352,0.0,1.2424265146255493,2.138333540418136,4.424645334411477,3.593186344706817,9.705161121274802,0.05798725730710352,0.1769680999634602,0.0,1.2424265146255493,0.1595238745212555,0.0,0.0,0.1595238745212555,0.5545747809934897,1.8031758413096426,0.06220396110150971,5.1838721203138025,0.2753571703441902,1.6410152111631725e-06,0.0001227678077867033,0.02128439446429581,0.0,0
0.14149019440083066,0.24367687763786486,0.05937842069533897,0.0,1.1616216897964478,1.8345042199425914,2.6923292475329745,3.634283686806773,10.16293066328625,0.05937842069533897,0.18775468029355125,0.0,1.1616216897964478,0.20285852253437042,0.0,0.0,0.20285852253437042,0.5806443973182597,1.722217420576491,0.13664226050587266,5.243163051955126,0.28177632229646943,1.6841989037437371e-06,0.0001482589572416381,0.02153819657451235,0.0,0
0.13767604914846743,0.22162765712443025,0.049118818402464015,0.0,0.9075166583061218,1.760533087699037,2.30211467244768,3.7485595268004137,8.713409652684192,0.049118818402464015,0.1695277940964246,0.0,0.9075166583061218,0.19772813469171524,0.0,0.0,0.19772813469171524,0.6212014769875683,1.6097764171415965,0.16384459628592546,5.408028239607372,0.26090901270671973,1.855033697784935e-06,0.00026482145551347453,0.019589302406396458,0.0,0
0.14678710739826784,0.2444918595584543,0.05977626939035094,0.0,1.2538105249404907,1.9438515374265244,3.657456831580486,3.705258737506103,10.409308708953798,0.05977626939035094,0.18634465615923546,0.0,1.2538105249404907,0.21523341909050941,0.0,0.0,0.21523341909050941,0.6003738009500985,1.665622164588955,0.1168397552706107,5.345558405625893,0.28517139458350577,1.7534146782466406e-06,0.00020176698149486014,0.021610231479836504,0.0,0
0.27297257984173484,0.4127482129255695,0.17036108727325128,0.0,2.0631144046783447,1.6929726537770347,2.5625645025309227,3.8306888862402495,31.34401492719406,0.17036108727325128,0.32307140513739796,0.0,2.0631144046783447,0.4365379512310028,0.0,0.0,0.4365379512310028,0.6613521511207815,1.5120500863671889,0.053549618674406545,5.526515859182609,0.4948485794853852,1.910438612930006e-06,0.0004625362314869294,0.0364821325352874,0.0,0
0.21201634405588266,0.3713710733822638,0.13791647414509478,0.0,1.8337780237197876,2.023209034608124,3.793458541159719,3.637660439865825,23.4070277493654,0.13791647414509478,0.27863418800598083,0.0,1.8337780237197876,0.2532297298312187,0.0,0.0,0.2532297298312187,0.5709000736779909,1.7516153060557393,-0.03277701201860147,5.248034676847728,0.42762998525818696,1.7777643444573595e-06,0.00023934794611774906,0.03282487554064071,0.0,0
0.172712782783492,0.2811610735723005,0.07905154929232859,0.0,1.1764955520629883,1.7930292949724556,2.4109914436714117,3.7337780362111914,13.936800592530723,0.07905154929232859,0.21442263153494423,0.0,1.1764955520629883,0.2577480375766754,0.0,0.0,0.2577480375766754,0.6142819356433545,1.6279112005551801,-0.1332017221591531,5.386703056437355,0.32997159670060433,1.8285356721814209e-06,0.0002670172069920569,0.024851362716082934,0.0,0
0.2690258739557976,0.41369249342913555,0.17114147911961536,0.014292470179498196,1.5425360202789307,1.6852302119806182,1.8362084954837865,3.828921110857658,31.17009919709389,0.17114147911961536,0.3154499452767823,0.0,1.5425360202789307,0.4295642599463463,0.0,0.014292470179498196,0.4295642599463463,0.6503024055945925,1.537742401301919,0.14474189683021604,5.52396549840474,0.49347380880579267,2.0983134841144e-06,0.0007152580930944392,0.036565595928714126,0.014292470179498196,0
0.25411872123368084,0.3782833946780028,0.14309832668911365,0.0,1.6282488107681274,1.598561822494771,1.8829130771788325,3.8477952718749586,26.582355349831023,0.14309832668911365,0.29901608556247083,0.0,1.6282488107681274,0.41287171095609665,0.0,0.0,0.41287171095609665,0.6717663345589175,1.4886089180739401,0.1694470318632918,5.55119515690534,0.45571334320003715,1.9692138989497746e-06,0.000522418553716439,0.03343584419838536,0.0,0
0.23277998037519865,0.40105838409211897,0.16084782745058163,0.005736788734793663,1.898689866065979,2.1399113897619646,4.240789534886755,3.705980660451874,27.52439637939961,0.16084782745058163,0.2915879409615627,0.0,1.898689866065979,0.30913111567497253,0.0,0.005736788734793663,0.30913111567497253,0.5804127508502124,1.7229075431902967,0.03741659404960015,5.34659992027966,0.4637179603099922,1.999978898247096e-06,0.0004959864785551237,0.03544888788040704,0.005736788734793663,0
0.24955085331748705,0.44104604708662565,0.194521615650738,0.0,2.083195924758911,2.077342771192018,3.894414237685286,3.6370901321884936,32.87004723740466,0.194521615650738,0.32529971417375236,0.0,2.083195924758911,0.30629218369722366,0.0,0.0,0.30629218369722366,0.565814588184904,1.7673594027967996,0.07740351974935317,5.24721189678986,0.5067516591410668,1.777764812511306e-06,0.0002583930369744599,0.03898333133880929,0.0,0
0.2618624873139197,0.33556614355555153,0.11260463670074503,0.06072498485445976,1.2934162616729736,1.129395791285377,0.210832080571687,4.012855722390096,23.190604667261155,0.11260463670074503,0.2826901929693122,0.0,1.2934162616729736,0.45963291078805923,0.0,0.06072498485445976,0.45963291078805923,0.7803579472630032,1.2814593911394272,0.1304895848881987,5.789327050310427,0.42564844527259554,2.2856939434747392e-06,0.0012326906356630524,0.029660136955593618,0.06072498485445976,0
0.23505410300276708,0.31922171045935815,0.10190250042859829,0.026075677946209908,1.2308176755905151,1.2653128912816074,0.5732116103233444,3.94492634146611,20.115575266180315,0.10190250042859829,0.2645569029125454,0.0,1.2308176755905151,0.4099816456437111,0.0,0.026075677946209908,0.4099816456437111,0.7363326458337713,1.3580775931216154,-0.017901670348487667,5.691325669320736,0.39642519063126364,2.0983460028841217e-06,0.0007473405997477524,0.028215479520972597,0.026075677946209908,0
0.24851587299781386,0.398609456318003,0.15888949866613392,0.0,1.997953176498413,1.8825690037208904,3.3921596271298373,3.7581687779626676,28.24315363814393,0.15888949866613392,0.30626352579338345,0.0,1.997953176498413,0.3975941240787506,0.0,0.0,0.3975941240787506,0.6234554790493333,1.6039597451447678,0.031128255335189436,5.421891458605813,0.4697335817226606,1.8550588256449814e-06,0.00035202043091732887,0.03523243120094285,0.0,0
0.23841797885324922,0.33084890094465447,0.10946099525628578,0.04375682398676872,1.3887598514556885,1.4538372923586633,1.3175400456954671,3.9446822369927195,21.28692837078453,0.10946099525628578,0.26645747588230506,0.0,1.3887598514556885,0.40199796855449677,0.0,0.04375682398676872,0.40199796855449677,0.7206227904935432,1.387684362295086,0.035309370112433174,5.690973501007513,0.40780403124142134,2.206865529780152e-06,0.0009498850235624471,0.029243187675760188,0.04375682398676872,0
0.27372682985151187,0.35052748831037145,0.1228695200611776,0.12294552102684975,1.541682481765747,1.3938562922377606,1.4764631168764462,4.0442503482784105,25.317874872542223,0.1228695200611776,0.28204710686350154,0.0,1.541682481765747,0.48334307223558426,0.0,0.12294552102684975,0.48334307223558426,0.780897527533179,1.2805740982735287,-0.02942829326211072,5.834619921390061,0.444742506897796,2.327258436326224e-06,0.001454073102477316,0.030982545497068987,0.12294552102684975,0
0.29236446170762065,0.40597030660883393,0.16481188984807063,0.024869319749996066,1.9448167085647583,1.4676602937963854,1.6914712467064064,3.929670837490119,32.03697514466015,0.16481188984807063,0.3289356270428243,0.0,1.9448167085647583,0.4947691783308983,0.0,0.024869319749996066,0.4947691783308983,0.7201604077633077,1.388576108866559,-0.08414451644925629,5.669316629388311,0.5002887849209269,2.031611616171673e-06,0.0006922474716625106,0.035883044595436044,0.024869319749996066,0
0.3074767703365069,0.4256722194117945,0.18119683837896294,0.07810388505458832,2.017096996307373,1.5143377655792525,1.871368970666306,3.948109305204719,35.294566742468085,0.18119683837896294,0.34138484483719367,0.0,2.017096996307373,0.5130412131547928,0.0,0.07810388505458832,0.5130412131547928,0.7223305491507915,1.38440448345393,-0.008788441847575186,5.695917715321755,0.5251083723152126,2.098352609128294e-06,0.0008875048288961988,0.03762446411360097,0.07810388505458832,0
0.27892289115698077,0.3849144089278985,0.14815910220031347,0.0487850122153759,1.4743589162826538,1.344834466356548,0.8803356869571832,3.938445374758051,28.92250642069535,0.14815910220031347,0.3170927124465379,0.0,1.4743589162826538,0.5414610058069229,0.0,0.0487850122153759,0.5414610058069229,0.7246342564821249,1.380002936766006,-0.20629300257142813,5.681975610790852,0.47534943085238085,2.2068782104104806e-06,0.001028981839039322,0.0340219485911661,0.0487850122153759,0
0.26157264294306515,0.37904438938914836,0.1436746491273923,0.0,1.6208492517471313,1.4487219518590033,1.34831761548128,3.863536504994095,27.148146772942404,0.1436746491273923,0.30807492683152304,0.0,1.6208492517471313,0.5003589019179344,0.0,0.0,0.5003589019179344,0.6900826398775177,1.4490979833531465,0.1595909188158408,5.573904955863796,0.46053761699085183,1.9691936746510556e-06,0.0005224478025429278,0.03350310726347263,0.0,0
0.27937334728903807,0.37482351492846133,0.1404926673433265,0.06253911182284355,1.7641905546188354,1.5679131993008015,2.5247866524347895,3.982689094416987,27.97339321840742,0.1404926673433265,0.3023470955996004,0.0,1.7641905546188354,0.4763968586921692,0.0,0.06253911182284355,0.4763968586921692,0.7453443842710209,1.341658102197813,0.057976352383660085,5.745805805733278,0.4674849029849071,2.16945609026782e-06,0.000976799255533507,0.03313003114426152,0.06253911182284355,0
0.25460639887751313,0.34782717775531335,0.12098374558522634,0.0,1.4262092113494873,1.1382888559810123,0.1443989295789243,3.90260107261892,23.78344498362901,0.12098374558522634,0.2960063974842342,0.0,1.4262092113494873,0.47886085510253906,0.0,0.0,0.47886085510253906,0.7319889967529344,1.3661368264457767,0.007841241277404844,5.630263213850601,0.43105471106879417,1.882339962153827e-06,0.00042307447282942775,0.03074386950897009,0.0,0
0.24945200986985583,0.3235562507904249,0.10468864742555631,0.07676427811384201,1.5258077383041382,1.392296760958297,1.5257611150519272,4.023178173316141,21.36511393966937,0.10468864742555631,0.26198652217885865,0.0,1.5258077383041382,0.4179396778345108,0.0,0.07676427811384201,0.4179396778345108,0.7709671449502807,1.2970681252848222,-0.09248052297522714,5.804219199071251,0.40855226428654995,2.2856963304229642e-06,0.0012357742949097403,0.02859860237865058,0.07676427811384201,0
0.25572729989289655,0.39075315643328334,0.152688029262574,0.0,1.539618968963623,1.4172081562724337,0.8576219524917952,3.7692558582542874,27.914813590154935,0.152688029262574,0.3161743329972069,0.0,1.539618968963623,0.3815993517637253,0.0,0.0,0.3815993517637253,0.6544455015581108,1.5280072037554777,-0.11285873179103449,5.437886734360471,0.4669951618304899,1.7534058006807344e-06,0.000253867990159304,0.034538025835502806,0.0,0
0.18557295217760839,0.3082541467315089,0.09502061897717062,0.0,1.626625657081604,1.8724719112292065,3.614559085002096,3.672522637411643,16.570616263306697,0.09502061897717062,0.24222546061491812,0.0,1.626625657081604,0.34907667338848114,0.0,0.0,0.34907667338848114,0.6020108800948681,1.661094157927092,0.10139181892888688,5.2983301963615705,0.35980263973056614,1.6410194644600864e-06,0.00014411526197338388,0.027246074685340373,0.0,0
0.18391402031375037,0.2731073365205692,0.07458761726135943,0.0,1.2480655908584595,1.6995997597366055,2.552948275711694,3.860010500253688,13.87673396855373,0.07458761726135943,0.21325464965590868,0.0,1.2480655908584595,0.3051668182015419,0.0,0.0,0.3051668182015419,0.6734104958377896,1.4849729023086895,-0.07579433213499098,5.568818006310658,0.3292597517604088,1.969182543074931e-06,0.00044964944777699413,0.024139506205686362,0.0,0
0.18757935298890516,0.26415311509342054,0.06977686821355789,0.0,1.1992816925048828,1.4956050510878174,1.753019238176181,3.9023061608135174,13.435248880805656,0.06977686821355789,0.21289006354123785,0.0,1.1992816925048828,0.33483171463012695,0.0,0.0,0.33483171463012695,0.7101133098856552,1.4082206324117374,0.052554228571031356,5.629837746051448,0.32397975535717377,1.9104230980125154e-06,0.000401900980553536,0.023348057369263528,0.0,0
0.18092808262008475,0.27075236884584447,0.07330684523563621,0.0,1.0912142992019653,1.5300920879821551,1.5183726776714277,3.8243688037225736,13.573352488475702,0.07330684523563621,0.21756955685475532,0.0,1.0912142992019653,0.3476349115371704,0.0,0.0,0.3476349115371704,0.6682394512442709,1.4964640365662525,0.01408082704532834,5.517397907476352,0.32564062448689723,1.9104168935899776e-06,0.0003646497437395972,0.023931354504152243,0.0,0
0.20851584255433409,0.29286029132185804,0.08576715023312356,0.0,1.0888904333114624,1.2587608439072078,0.48856096556351636,3.880241718207653,16.543488874146224,0.08576715023312356,0.24406602690180534,0.0,1.0888904333114624,0.3737262487411499,0.0,0.0,0.3737262487411499,0.7119952302783938,1.404498995060991,0.10055527392685461,5.5980054841239895,0.3595080066274844,1.8823330003839476e-06,0.00037934011921670035,0.025885437241744202,0.0,0
0.24479539776802994,0.38360530601983966,0.14715303080657482,0.009531865362077951,1.6712899208068848,1.7561297239413536,2.2671313429642774,3.805922337199169,26.5059606495978,0.14715303080657482,0.2913200905859412,0.0,1.6712899208068848,0.3565206378698349,0.0,0.009531865362077951,0.3565206378698349,0.6381422670235495,1.5670445993569988,0.0019037847556403883,5.490785281701109,0.4550580375896934,2.0982475660724968e-06,0.0006534002491960656,0.03390623914822117,0.009531865362077951,0
0.2465018914808752,0.3924721551444728,0.15403439256374715,0.0,1.8688783645629883,1.8369828069917213,3.065837972549061,3.774154612734861,27.494089608626727,0.15403439256374715,0.3024895287530853,0.0,1.8688783645629883,0.37920109182596207,0.0,0.0,0.37920109182596207,0.6280732535455469,1.5921669111205285,-0.0725853417261003,5.444954143156124,0.4634625929537316,1.939378852314046e-06,0.00045221626967768597,0.03468996529119443,0.0,0
0.20656322538889071,0.30983505711453785,0.09599776261716894,0.0,1.3131293058395386,1.5084546190948238,1.4172466377167554,3.8172824506365552,17.749264473629516,0.09599776261716894,0.2483766703863921,0.0,1.3131293058395386,0.3281639516353607,0.0,0.0,0.3281639516353607,0.6666855604624803,1.4999526490314052,-0.07290016404988707,5.507174461021165,0.3723790121639921,1.8823270187544335e-06,0.00035737378696561726,0.02738580874187637,0.0,0
0.24483144888290553,0.38330571295855403,0.14692326958666543,0.0,1.7263418436050415,1.672858731878267,2.206137403999838,3.7732521749793895,26.478810617442328,0.14692326958666543,0.30391388260102303,0.0,1.7263418436050415,0.4427870512008667,0.0,0.0,0.4427870512008667,0.6387350928272904,1.5655901833995027,-0.04585269700737438,5.443652200681598,0.45482492010527326,1.8823323219974425e-06,0.00037731910329360456,0.03387975861256723,0.0,0
0.2450316993999877,0.39588412299052145,0.1567242388359743,0.0,2.1529626846313477,2.067191021779549,4.662790910838044,3.7710965906029257,27.745890885992992,0.1567242388359743,0.2973205939355239,0.0,2.1529626846313477,0.38790642470121384,0.0,0.0,0.38790642470121384,0.6189464699987083,1.615644522565562,-0.081727485265195,5.440542349791453,0.46558003881912746,1.9104253422834987e-06,0.0004141915859479464,0.03499154349133586,0.0,0
0.2915780828334391,0.4190348433163168,0.17559019991313018,0.0,1.507100224494934,1.284545348219576,0.4061816404385188,3.855304155554201,33.357821222650124,0.17559019991313018,0.3437655023371917,0.0,1.507100224494934,0.5457869619131088,0.0,0.0,0.5457869619131088,0.6958308877012608,1.4371273699459983,0.1081326203660364,5.562028186151997,0.510497775021551,1.8823350147760132e-06,0.000432249637378146,0.037037797407801255,0.0,0
0.23851641550572822,0.3459048828502128,0.11965018797961946,0.0,1.2673673629760742,1.2940276553674745,0.3913806503233226,3.8518561355947787,22.597154361001042,0.11965018797961946,0.2861975804745498,0.0,1.2673673629760742,0.39531485736370087,0.0,0.0,0.39531485736370087,0.6895413675546325,1.450235121623759,-0.14907173551365077,5.557053744855649,0.4201669530618997,1.939382660861197e-06,0.00047050920231999006,0.030573961038615472,0.0,0
0.26644857157407387,0.3867504932264058,0.14957594401086818,0.009966170880943537,1.6017167568206787,1.4582532587579073,1.3823795995422543,3.8635837478876414,28.23306051900576,0.14957594401086818,0.3188135838319113,0.0,1.6017167568206787,0.5172642022371292,0.0,0.009966170880943537,0.5172642022371292,0.6889399943909043,1.4515014696518553,-0.10983129303481277,5.5739731129520305,0.46964964101416334,2.09830138400808e-06,0.0006978255072725388,0.03418423704845418,0.009966170880943537,0
0.22127940375503385,0.36050405972285743,0.12996317707666155,0.0,1.812192440032959,1.9660780370378494,4.0796972870716415,3.732037218124196,22.90275220516414,0.12996317707666155,0.27821573151356915,0.0,1.812192440032959,0.3828328773379326,0.0,0.0,0.3828328773379326,0.6138038781623344,1.62918036475709,-0.05859167821005074,5.384191586816158,0.4229985243506706,1.80279773842296e-06,0.00027668350275541375,0.031864358159414075,0.0,0
0.28714751636289293,0.3973342278520025,0.15787448862274703,0.09920649603009224,1.6249423027038574,1.570884538779379,1.822027322642625,3.971795901683066,30.762007651343986,0.15787448862274703,0.31244850561893145,0.0,1.6249423027038574,0.4413352534174919,0.0,0.09920649603009224,0.4413352534174919,0.722683256441204,1.3837285896976284,-0.012862010077160677,5.730090250596604,0.4902327863129157,2.3272533205312152e-06,0.0014025382580618638,0.03511971586395897,0.09920649603009224,0
0.24108410436747363,0.34123765513230514,0.11644313728019401,0.0,1.521096110343933,1.3284365013624213,1.0141001616582876,3.8673310101172875,22.3442793803342,0.11644313728019401,0.2845153080106684,0.0,1.521096110343933,0.42202887684106827,0.0,0.0,0.42202887684106827,0.7064970534302465,1.4154299223816598,0.09200433379386332,5.579379269587653,0.41780938555621383,1.828563018224199e-06,0.00034463064420501156,0.03016143249253118,0.0,0
0.2025643380229667,0.2866667040975644,0.08217779923816054,0.0,1.1630008220672607,1.358012569057922,0.9392418029953173,3.884754420251061,15.770894115435933,0.08217779923816054,0.2344754916793903,0.0,1.1630008220672607,0.3902684822678566,0.0,0.0,0.3902684822678566,0.7066172265921732,1.4151884131996728,0.1606985400296494,5.604515936983021,0.35101297736243775,1.9393424826444446e-06,0.00043497687374797643,0.025337996300973154,0.0,0
0.20950809899386513,0.3277992225543281,0.1074523303072219,0.0,1.3159902095794678,1.6819510604204675,2.0014887169813953,3.7859894674287418,19.372284652959372,0.1074523303072219,0.25408022073823133,0.0,1.3159902095794678,0.3247622773051262,0.0,0.0,0.3247622773051262,0.6391334861255082,1.5646136074382824,0.06355559703276556,5.462028229332629,0.38903209874153716,1.8823235194552612e-06,0.0003602576694274569,0.028973631641980455,0.0,0
0.17120451507071266,0.271145513479369,0.07351988947999066,0.0,1.3481711149215698,1.9320276781350108,3.7281275232193245,3.7845294407487957,13.162352058955335,0.07351988947999066,0.2063028902567794,0.0,1.3481711149215698,0.27411124110221863,0.0,0.0,0.27411124110221863,0.6314096127359546,1.583752118729916,0.06882575731913039,5.459921856081905,0.3206725361807409,1.8823353573851658e-06,0.00032883299262269887,0.02396610390869628,0.0,0
0.20329932574895793,0.3436296169338172,0.11808131363408195,0.0,1.8908032178878784,2.1118998742541004,4.855418737715221,3.7018540694721342,20.404726973960045,0.11808131363408195,0.258610636063338,0.0,1.8908032178878784,0.29635487496852875,0.0,0.0,0.29635487496852875,0.5916216883203778,1.690264420050978,0.04605604655319186,5.3406465079374135,0.39926423516771803,1.8550243726554984e-06,0.0003008541594582358,0.03037285404380473,0.0,0
0.2320330738039047,0.32151139217546704,0.10336957529860698,0.0,1.283785104751587,1.2261300883460662,0.49397076163460163,3.8956418374047184,20.122742097599392,0.10336957529860698,0.2731840750908532,0.0,1.283785104751587,0.4516540840268135,0.0,0.0,0.4516540840268135,0.7216924742274676,1.385627431920253,-0.01628933532354339,5.620223159718694,0.3964958040603901,1.9691996602172374e-06,0.0004965353988147137,0.028417860704500027,0.0,0
0.25259417196866707,0.3418511810443447,0.11686222998141335,0.03807597793638706,1.2661075592041016,1.2544990252218045,0.5308413855403717,3.948400358558115,23.125253848825587,0.11686222998141335,0.2821352349537847,0.0,1.2661075592041016,0.42569129168987274,0.0,0.03807597793638706,0.42569129168987274,0.7388988164328864,1.3533613162173412,0.13336309566147922,5.696337616551334,0.425048286308685,2.2068448644012627e-06,0.0009356241362582599,0.030215661034135786,0.03807597793638706,0
0.29361803442952805,0.4035705106180451,0.16286915704050964,0.043475519865751266,1.712726354598999,1.3531605331398144,0.9643215314346314,3.9395080520270196,31.88233051939445,0.16286915704050964,0.32998291808621616,0.0,1.712726354598999,0.5243298411369324,0.0,0.043475519865751266,0.5243298411369324,0.7275489639490904,1.3744745325407013,0.07514274905065144,5.683508730016859,0.49907986052611775,2.133298703446847e-06,0.0008893678840659954,0.035670930593117156,0.043475519865751266,0
0.2959166912914952,0.42935654662806805,0.18434704413238037,0.05464131198823452,2.047001600265503,1.7037155146439757,2.698848495944742,3.9027043626390285,34.804957736612664,0.18434704413238037,0.33809577473743957,0.0,2.047001600265503,0.4838280826807022,0.0,0.05464131198823452,0.4838280826807022,0.6892080822043493,1.4509372376197827,0.10982639580836959,5.630412229850387,0.5214534804920631,2.1333157625035558e-06,0.0008882989629161809,0.03795011570844312,0.05464131198823452,0
0.2193956838818849,0.3094786349834458,0.09577702551121689,0.008929101284593344,1.3648767471313477,1.4769068802567553,1.5495631572730613,3.9090480576428286,18.420670927003762,0.09577702551121689,0.2484413080048853,0.0,1.3648767471313477,0.37114202231168747,0.0,0.008929101284593344,0.37114202231168747,0.708918000028081,1.4105958217029395,-0.09962247043563585,5.639564247173281,0.37935668126081146,2.0317266964627322e-06,0.000594044238568962,0.027354305178643852,0.008929101284593344,0
0.2313138184545096,0.3356837577592302,0.11268358522335756,0.02830648049712181,1.6446661949157715,1.7286638566749455,2.748729508285421,3.9036178992530925,21.272277482414513,0.11268358522335756,0.2607898329274576,0.0,1.6446661949157715,0.3737555146217346,0.0,0.02830648049712181,0.3737555146217346,0.6890804932537907,1.4512049474694315,0.009717194741065756,5.631730184593167,0.40766366999202097,2.0317355029987944e-06,0.0006305679839327975,0.02967053268071675,0.02830648049712181,0
0.18478014765423723,0.3152257342463118,0.09936726353112638,0.0,1.2845306396484375,1.891752677895434,2.716819876547371,3.6661489525728186,17.08940371177576,0.09936726353112638,0.2377680529943973,0.0,1.2845306396484375,0.2786254212260246,0.0,0.0,0.2786254212260246,0.5861817148727423,1.705950223809572,0.0515881759193905,5.289134912852411,0.36539152494036875,1.7066597562465258e-06,0.00018542434054631606,0.027862281786259446,0.0,0
0.20383859511639457,0.3178072686421707,0.10100146000179686,0.0,1.484273076057434,1.789864432938328,2.790315550909357,3.800702852688626,18.246609006185253,0.10100146000179686,0.24618690495026385,0.0,1.484273076057434,0.32438576966524124,0.0,0.0,0.32438576966524124,0.6413885830827839,1.5591123381747136,-0.09169679751367728,5.483255157281753,0.37756010496452386,1.9104364257192045e-06,0.00039600665180840046,0.02809045934590671,0.0,0
0.213930300087668,0.3374581894871646,0.11387802965195508,0.0,1.4676090478897095,1.7739433752334257,2.401637613395339,3.798470767385268,20.43445797728701,0.11387802965195508,0.25869576196782873,0.0,1.4676090478897095,0.32077208906412125,0.0,0.0,0.32077208906412125,0.6339442123735822,1.5774211944211514,0.06879500785716067,5.480034938883756,0.39955500616004647,1.9692190497753317e-06,0.0004807734827551624,0.029827371769163624,0.0,0
0.2003584377671359,0.3281876655172071,0.10770714379763419,0.0,1.3467737436294556,1.687450856290218,2.0506863092662897,3.6934782225502563,18.924882864911545,0.10770714379763419,0.26075764557936054,0.0,1.3467737436294556,0.36894015222787857,0.0,0.0,0.36894015222787857,0.6104977374870098,1.6380027174030927,0.02821328059941299,5.3285627151199755,0.38451352041524034,1.7297206859291501e-06,0.00020553524006308653,0.02900796547362495,0.0,0
0.2596351021938972,0.4123815636369011,0.1700585540276155,0.0,1.6365694999694824,1.5882360784692504,1.3696605944065068,3.753469674095908,30.396024360812916,0.1700585540276155,0.32224376709555713,0.0,1.6365694999694824,0.3420475050806999,0.0,0.0,0.3420475050806999,0.6295976723751672,1.5883120585479689,0.08653303001031735,5.415112084760616,0.4873078496380403,1.9103885056590785e-06,0.0004049693327150137,0.036449725010495565,0.0,0
0.24703364052038523,0.36009486704877586,0.12966831327487555,0.0,1.505601406097412,1.4669588012068768,1.26204797795537,3.8592504099465454,24.4088234014247,0.12966831327487555,0.29075440174324285,0.0,1.505601406097412,0.43464887142181396,0.0,0.0,0.43464887142181396,0.6860218711894407,1.4576754254611763,-0.011983043078732445,5.567721427793916,0.4366851644189787,1.9393762695713316e-06,0.0004758274271347899,0.03182819029508221,0.0,0
0.2871426701385644,0.3850537624004356,0.1482663999387311,0.0,1.4185854196548462,1.1695995845675262,0.2787561959196587,3.9366190736723823,29.531816057988546,0.1482663999387311,0.3252587492697785,0.0,1.4185854196548462,0.5287017077207565,0.0,0.0,0.5287017077207565,0.7457190461650544,1.34098412546844,0.01146453687813938,5.679340815271388,0.4803304205992324,1.9692195889059043e-06,0.0005866374766169917,0.034034265814342705,0.0,0
0.25357047497709573,0.3569642768964249,0.1274234949801875,0.0,1.2104156017303467,1.2342067740589326,0.2226288776902492,3.88306745050511,24.54034953731807,0.1274234949801875,0.2958572606126779,0.0,1.2104156017303467,0.44334661960601807,0.0,0.0,0.44334661960601807,0.7103505337598155,1.4077517381653697,-0.045095177961696674,5.60208215409641,0.43786011551669946,1.9393454795102845e-06,0.00047983201323398473,0.03155148260435181,0.0,0
0.26355566791971796,0.38121056804065906,0.14532149718588197,0.011270309099927545,1.4305940866470337,1.4355548923408978,0.9760436260620122,3.879798074771883,27.4922351716468,0.14532149718588197,0.3049237119456052,0.0,1.4305940866470337,0.4187600091099739,0.0,0.011270309099927545,0.4187600091099739,0.6913632481677676,1.4464138489208287,-0.12426057157819494,5.597365441939281,0.46344696274599817,2.0317296545507444e-06,0.0006410863675543826,0.03369457221519072,0.011270309099927545,0
0.24063120267965132,0.3303846903741894,0.10915404363364897,0.03893538750708103,1.2227706909179688,1.3635807828648714,0.7989469038790249,3.950756404191022,21.383349675098163,0.10915404363364897,0.2659023169403554,0.0,1.2227706909179688,0.39420967549085617,0.0,0.03893538750708103,0.39420967549085617,0.7283342157074552,1.3729918925519626,-0.07601787065011877,5.699736671902036,0.40872658261569483,2.169474519881695e-06,0.0008975488165706749,0.029202156870475896,0.03893538750708103,0
0.20749508056178456,0.2890450333494148,0.08354703130396429,0.021155270747840405,1.3108868598937988,1.4436888178707576,1.3714243214189512,3.9290101051094846,16.204958689447135,0.08354703130396429,0.2332829266003955,0.0,1.3108868598937988,0.34354276955127716,0.0,0.021155270747840405,0.34354276955127716,0.7178617127430117,1.3930211384618711,-0.14871436329311316,5.668363394059414,0.35581067966167873,2.0645009711573776e-06,0.0006457782321460327,0.02554821289370787,0.021155270747840405,0
0.19840777409535804,0.2709837645451066,0.07343220064703776,0.03535790758905932,1.365783929824829,1.4787540046310133,1.9506904227572726,3.952014817000411,14.438124219969586,0.07343220064703776,0.21676412478504403,0.0,1.365783929824829,0.34208205342292786,0.0,0.03535790758905932,0.34208205342292786,0.7321731700614933,1.3657920702989559,-0.13010186273317745,5.701552177821533,0.33585390494754175,2.031698787844274e-06,0.0005899466970029001,0.02395180718766295,0.03535790758905932,0
0.1706496851911652,0.22794194918629276,0.05195753219884647,0.028529055416584015,0.8075912594795227,1.239211040259981,0.3864572040695764,3.96876097565781,10.37809244860035,0.05195753219884647,0.18746628270105248,0.0,0.8075912594795227,0.303788498044014,0.0,0.028529055416584015,0.303788498044014,0.7486508611051486,1.3357302647874658,-0.21495468410606133,5.7257117778705044,0.2847434762284998,2.1333119865745713e-06,0.0006977279438372091,0.02014741224831338,0.028529055416584015,0
0.15713718127517495,0.22489751195685032,0.050578890884381625,0.0037841638550162315,1.0001349449157715,1.6015060137932104,2.156973415227493,3.902704147413183,9.634686031806568,0.050578890884381625,0.1777126417805448,0.0,1.0001349449157715,0.2608070597052574,0.0,0.0037841638550162315,0.2608070597052574,0.6987026277226936,1.4312176795574247,-0.023771919603350154,5.630411919345125,0.2743555806312108,2.0317059211256812e-06,0.0004997024869302014,0.019878319472083936,0.0037841638550162315,0
0.2708749401899695,0.3854175076090975,0.14854665517160873,0.04457552172243595,2.052614450454712,1.7069369027786534,3.094630026687107,3.9239721086201564,28.40574571449962,0.14854665517160873,0.3025024258480471,0.0,2.052614450454712,0.4420987665653229,0.0,0.04457552172243595,0.4420987665653229,0.702807298669473,1.4228614405555464,0.12558817695007676,5.661095101508245,0.471083738197922,2.098344013058349e-06,0.0007995777506752783,0.034066416652301326,0.04457552172243595,0
0.2702457948475967,0.4014623623902306,0.16117202841594483,0.0339211318641901,1.7160897254943848,1.6239105250232317,1.8694275362491188,3.86687079283787,29.978216710240535,0.16117202841594483,0.31293401527242537,0.0,1.7160897254943848,0.43127478659152985,0.0,0.0339211318641901,0.43127478659152985,0.6731518244619101,1.485545270432913,-0.03514610445659679,5.578715316400907,0.4839471231950389,2.098279670479727e-06,0.0007449435018905569,0.035484594854662904,0.0339211318641901,0
0.2858303196480847,0.3759902003566926,0.14136863076426587,0.09039878100156784,1.5364327430725098,1.3341975101983472,1.0083381388132455,4.003014028358527,28.552653106482193,0.14136863076426587,0.3036072826085956,0.0,1.5364327430725098,0.4573461711406708,0.0,0.09039878100156784,0.4573461711406708,0.7602048116469887,1.3154314798360547,0.08659438862028901,5.775128487137138,0.4723003307159462,2.245599096549268e-06,0.0012127763499842508,0.03323315254148825,0.09039878100156784,0
0.3046736492869968,0.47903344616517246,0.22947304254488116,0.0,2.0700583457946777,1.626347026548146,1.7828949492551294,3.7624383112075144,41.25428161468634,0.22947304254488116,0.37864641757323625,0.0,2.0700583457946777,0.4915815368294716,0.0,0.0,0.4915815368294716,0.6360161606874184,1.5722838101890855,0.06033332120918403,5.428051093045062,0.5677139025202192,1.8550172231170599e-06,0.00037718919764175403,0.042340974774819296,0.0,0
0.1779794824506098,0.2769949446975028,0.07672619938797265,0.0,1.4009251594543457,1.7994477078041373,3.0364751436474,3.7971645952662083,13.875570631854025,0.07672619938797265,0.21411082312687313,0.0,1.4009251594543457,0.2942873612046242,0.0,0.0,0.2942873612046242,0.6425346141618598,1.556330768488274,-0.03736967535086332,5.478150530845044,0.32924594995437617,1.9103904111297477e-06,0.00035185278024013486,0.024483125468749617,0.0,0
0.2301532146370846,0.382307008340908,0.14615864862657513,0.0,1.8461624383926392,2.0399192461000784,3.7600150844120517,3.7453936216139057,25.488531306797956,0.14615864862657513,0.28055720520439564,0.0,1.8461624383926392,0.31868061423301697,0.0,0.0,0.31868061423301697,0.6020099229306612,1.6610978427728937,0.015987944122799996,5.403460803894872,0.44623889435408814,1.939161042310447e-06,0.00042397600115626243,0.03379148476162475,0.0,0
0.22062257006473374,0.35242869215951744,0.1242059830572679,0.01234297314658761,1.9256534576416016,2.2498325940122337,6.066431784434707,3.8143646518994028,22.12867858934224,0.1242059830572679,0.2621463602542917,0.0,1.9256534576416016,0.3686606287956238,0.0,0.01234297314658761,0.3686606287956238,0.6260044910315761,1.5974280965728482,-0.15365392142236806,5.502964967252762,0.41578877026590827,2.0644914739909995e-06,0.0006099765819433894,0.031150589763837624,0.01234297314658761,0
0.242952000531659,0.3436926052612073,0.11812460691123608,0.04811856150627136,1.4658622741699219,1.600745666314554,2.0615006475600834,3.935559115655866,22.675236028617128,0.11812460691123608,0.27096084992831493,0.0,1.4658622741699219,0.38775525242090225,0.0,0.04811856150627136,0.38775525242090225,0.7068854258926796,1.4146522955525975,0.06063033255624221,5.677811619097408,0.4208922444920687,2.2455910874224184e-06,0.0010411794489643127,0.03037842147798387,0.04811856150627136,0
0.18552267172344727,0.3031340149432653,0.09189023101562381,0.0,1.4795037508010864,2.0130984287482807,3.6972053418960424,3.76162522956918,16.167538270595813,0.09189023101562381,0.2226751413393231,0.0,1.4795037508010864,0.26506227254867554,0.0,0.0,0.26506227254867554,0.6120133358997465,1.6339459330077863,0.031622411498625824,5.4268780641975995,0.35539962399956165,1.8823357263613302e-06,0.00034113602583840034,0.02679351469683589,0.0,0
0.21365216868980497,0.32164051086382,0.10345261822873911,0.0,1.5973811149597168,1.7444053626488032,2.932123556744002,3.8384744252746055,19.084783029068287,0.10345261822873911,0.25069722581184806,0.0,1.5973811149597168,0.36660679429769516,0.0,0.0,0.36660679429769516,0.6642555810536014,1.5054399533421072,-0.08573486319122202,5.537748017738124,0.3861345198432743,1.910416666077176e-06,0.00040482746688191173,0.028429273292014064,0.0,0
0.22239041735156206,0.307345093991433,0.09446100680060279,0.0,1.141700267791748,1.2123551694417751,0.36653283297589256,3.897247099797471,18.421568579891805,0.09446100680060279,0.25803542467099305,0.0,1.141700267791748,0.42293333262205124,0.0,0.0,0.42293333262205124,0.7235830280561855,1.382006912220376,-0.1556281034859826,5.622539063812043,0.3793659243137221,1.882343426368856e-06,0.0004002256246586864,0.027165725015719885,0.0,0
0.22687194363970775,0.34355980752589454,0.11803334134722972,0.0,1.6080186367034912,1.8186157125404736,3.174438407029313,3.8440673262036533,21.696540180235317,0.11803334134722972,0.26233634084906043,0.0,1.6080186367034912,0.3442571684718132,0.0,0.0,0.3442571684718132,0.6603545534588028,1.5143336016528215,0.05200551184658426,5.545816868172644,0.41170890220893747,1.9104389850634913e-06,0.00043340529066591364,0.030366683705588135,0.0,0
0.19699346107518068,0.31869401132971725,0.10156587285742597,0.0,1.50705087184906,1.9407001044509091,3.723654734817096,3.748230514851275,17.967653960167002,0.10156587285742597,0.24262250659160145,0.0,1.50705087184906,0.27097872644662857,0.0,0.0,0.27097872644662857,0.6181253363623384,1.6177897966272632,0.09770307168355082,5.407553575699957,0.3746629105793696,1.8027950861973348e-06,0.0002692834676400492,0.028168837066848182,0.0,0
0.2194619165675249,0.3021593915044116,0.0913002978743163,0.04777844436466694,1.2595274448394775,1.3945048484491371,1.0943530715660472,3.943730182457037,17.851370329319366,0.0913002978743163,0.24386455583271527,0.0,1.2595274448394775,0.3674333766102791,0.0,0.04777844436466694,0.3674333766102791,0.726309346750766,1.3768192506030632,-0.013432562186481551,5.68959997665023,0.37344856499631585,2.0983460035423285e-06,0.0007299590591861143,0.02670736934149629,0.04777844436466694,0
0.21811296220766963,0.31025227922399434,0.09625647676368335,0.011372609296813607,1.2682534456253052,1.4791050678212407,1.4762706806388621,3.900705505240235,18.41020685397602,0.09625647676368335,0.25243101448648986,0.0,1.2682534456253052,0.4182937666773796,0.0,0.011372609296813607,0.4182937666773796,0.7030158158302594,1.4224385203140613,0.15896878985195576,5.627528488193702,0.3792489170013379,2.0317294173590914e-06,0.0005941295214312142,0.027422686314733574,0.011372609296813607,0
0.20605544396130426,0.29984862301792314,0.0899091967257446,0.010660970234312117,1.285213828086853,1.7014196611573764,2.5673682302559175,3.8915572510828698,16.943109467114855,0.0899091967257446,0.23546840553936477,0.0,1.285213828086853,0.35545705258846283,0.0,0.010660970234312117,0.35545705258846283,0.68719594137688,1.4551841837007353,-0.05241315973152502,5.61433034728808,0.3638241920376307,2.031724342797756e-06,0.0005749364930378886,0.02650312433317777,0.010660970234312117,0
0.19437318128620973,0.31361529762770624,0.09835455490611478,0.0,1.259385585784912,1.7844163033947953,2.309728749554443,3.755711824765523,17.425342529207878,0.09835455490611478,0.2391999323994014,0.0,1.259385585784912,0.26851287484169006,0.0,0.0,0.26851287484169006,0.6197802306720362,1.6134700042076042,0.07169373283589472,5.4183468244125965,0.3689654299652429,1.8823377079710835e-06,0.00034441364495026714,0.027719937954548555,0.0,0
0.22615100181428716,0.31984801407266855,0.10230275210622997,0.0,1.148056983947754,1.2363648875382842,0.3096796031532625,3.870173220846767,19.64121954916297,0.10230275210622997,0.2679536774248845,0.0,1.148056983947754,0.442155160009861,0.0,0.0,0.442155160009861,0.7070554913854025,1.4143117275921882,-0.07789453773306584,5.583479712912233,0.3917231518915313,1.8550655370892509e-06,0.0003684140501416996,0.028270837462479274,0.0,0
0.21456630869943183,0.32072558030355813,0.1028648978610541,0.01797783561050892,1.2605592012405396,1.622188931037097,1.7315602826154102,3.8595162455828893,19.05966063231411,0.1028648978610541,0.24973957942142988,0.0,1.2605592012405396,0.34582769870758057,0.0,0.01797783561050892,0.34582769870758057,0.6690007061352734,1.4947620726086872,-0.13333736255669726,5.568104947548161,0.38588029062126766,2.064498592322703e-06,0.0006240902576839531,0.028348404091579568,0.01797783561050892,0
0.18345080464678176,0.3005704506644618,0.09034259581263768,0.0,1.1866811513900757,1.8105694093591245,2.511700961906384,3.7219510319530613,15.871589572888237,0.09034259581263768,0.23057506466534505,0.0,1.1866811513900757,0.29057294875383377,0.0,0.0,0.29057294875383377,0.6103400846661721,1.6384253601023093,0.16343291233594967,5.36964029604558,0.35213178433391856,1.828532520849694e-06,0.00027000883954062915,0.026566925486142194,0.0,0
0.2370575875393115,0.33626152558877914,0.11307181359129316,0.03786202892661095,1.425628662109375,1.5855129740999865,1.9558835170243238,3.9231250790501635,21.66631851536019,0.11307181359129316,0.2650841528293313,0.0,1.425628662109375,0.39060594141483307,0.0,0.03786202892661095,0.39060594141483307,0.704977716812884,1.4184803324762452,0.0026481158414269667,5.6598730961481305,0.4114220623657067,2.0983460527336784e-06,0.0007497174773789556,0.029721600624494936,0.03786202892661095,0
0.24059653800941305,0.3854619446950492,0.14858091080808916,0.0,1.6882643699645996,1.6331877594805049,1.7518348151603167,3.7294042236646745,26.427853428506126,0.14858091080808916,0.3035385643770496,0.0,1.6882643699645996,0.4163214862346649,0.0,0.0,0.4163214862346649,0.6241755305422572,1.602109273409281,-0.11963229621735628,5.380392978766714,0.454387065078006,1.7534170102742594e-06,0.0002485013173572757,0.0340703443729029,0.0,0
0.24338564786376082,0.3703500294964253,0.13715914434800308,0.0,1.6859797239303589,1.6589726508549487,2.2078415639251414,3.809937812040189,25.138651895560407,0.13715914434800308,0.2905821796194914,0.0,1.6859797239303589,0.3832114711403847,0.0,0.0,0.3832114711403847,0.6571755671766265,1.5216592792017667,-0.21251221600799167,5.496578387341065,0.4431655649236137,1.8550572228547482e-06,0.00035810582740865087,0.032734627158695025,0.0,0
0.249184153843089,0.3520749314229271,0.12395675733645882,0.0,1.5048121213912964,1.246796136587606,0.5243751803860062,3.8677740004672714,23.814335982458253,0.12395675733645882,0.297429058562102,0.0,1.5048121213912964,0.4955848157405853,0.0,0.0,0.4955848157405853,0.7077568547102967,1.4129105964122757,0.02930883184964478,5.580018369568737,0.4313345567688208,1.855057347999224e-06,0.0003779687131958571,0.031119321436867554,0.0,0
0.3004534928877547,0.3770034586017155,0.14213160779765543,0.12655644863843918,1.7906643152236938,1.3994131040021887,1.748335228204164,4.068511579199586,29.747700375821758,0.14213160779765543,0.3042819672272117,0.0,1.7906643152236938,0.5299180746078491,0.0,0.12655644863843918,0.5299180746078491,0.7969494419299887,1.2547814138494933,0.0069505050206034045,5.869621478925905,0.48208288621989837,2.509766106822915e-06,0.0020815330953919313,0.03332271276350686,0.12655644863843918,0
0.3138071012836008,0.46025606499169197,0.21183564536163657,0.02027650736272335,1.9570989608764648,1.562077134104462,1.732550948391271,3.8708895357502975,39.71974939873954,0.21183564536163657,0.3653951744885262,0.0,1.9570989608764648,0.5192190557718277,0.0,0.02027650736272335,0.5192190557718277,0.681808330936246,1.4666846706433805,0.04291860818269735,5.584513136871273,0.5570552415852962,2.098337295009169e-06,0.0007992975006578777,0.04068127307973271,0.02027650736272335,0
0.3026320469361963,0.47211783755153286,0.2228952525343356,0.0,1.9836546182632446,1.680078662114827,2.0312982267612325,3.78849213878001,40.25362027099234,0.2228952525343356,0.3664645668875437,0.0,1.9836546182632446,0.4681798070669174,0.0,0.0,0.4681798070669174,0.6410082014640293,1.5600391377290892,0.1345741578852045,5.46563882088008,0.5607864195637478,1.8823450043875876e-06,0.0004341198205289029,0.04172971555647721,0.0,0
0.2967473472817801,0.45687209058279793,0.20873210715349633,0.0,1.7676575183868408,1.6615712343718174,1.879864061215705,3.8097826220936017,37.98926019485052,0.20873210715349633,0.3535334689440788,0.0,1.7676575183868408,0.45231593400239944,0.0,0.0,0.45231593400239944,0.6495181121375354,1.5395995777814635,0.011280793517647214,5.496354495574728,0.5447853662427706,1.8823466611396115e-06,0.0004422978610839036,0.04038216917324637,0.0,0
0.40757984973606654,0.5374238439518043,0.28882438804793326,0.05514807626605034,2.147677421569824,1.1751358291258696,0.34990001932034076,3.96928922887277,58.2330524107274,0.28882438804793326,0.4504668304571169,0.0,2.147677421569824,0.7485593259334564,0.0,0.05514807626605034,0.7485593259334564,0.7583941351483517,1.3185731441331554,-0.0644096227003453,5.72647388616406,0.6744966434006976,2.0645095693058625e-06,0.0009374931531010787,0.04750200555370772,0.05514807626605034,0
0.2783925048133824,0.38629670619274126,0.14922514521536107,0.048990827053785324,1.426094651222229,1.3209809888525006,0.6282351260167576,3.926694967609167,29.021124089808666,0.14922514521536107,0.3164526913319605,0.0,1.426094651222229,0.47908469289541245,0.0,0.048990827053785324,0.47908469289541245,0.7206682834261509,1.3875973652799718,-0.06329963561988976,5.66502335666873,0.47615914561376455,2.0645065958236982e-06,0.0007551439907983979,0.03414412756236434,0.048990827053785324,0
0.255117132786836,0.3602501316909757,0.12978015738336532,0.021309835370630026,1.6568820476531982,1.5517300624120902,2.0341908824130615,3.916982872702105,24.942708329566905,0.12978015738336532,0.2888827501714104,0.0,1.6568820476531982,0.4411727711558342,0.0,0.021309835370630026,0.4411727711558342,0.7081646949708298,1.4120969758310349,-0.0035547170622044436,5.6510117655096685,0.4414350561801152,2.0317347364293705e-06,0.00065967316725752,0.03184191388025446,0.021309835370630026,0
0.27118345398048405,0.3903191467012588,0.15234903628159877,0.0,2.1014583110809326,1.7884713984494756,3.7570267922785154,3.904281924542149,28.91385625528116,0.15234903628159877,0.30766102964571473,0.0,2.1014583110809326,0.48105374723672867,0.0,0.0,0.48105374723672867,0.6947718591324497,1.4393177053101052,0.10573232045290436,5.632688170584714,0.47527834160035537,1.969223545119303e-06,0.0005801904933142577,0.034499664432425865,0.0,0
0.30112718265809235,0.41300839539103235,0.1705759346634753,0.13752160966396332,1.9977868795394897,1.672215306264269,2.664294891732344,3.988409893789778,33.440449894281656,0.1705759346634753,0.31854764240637223,0.0,1.9977868795394897,0.43791595846414566,0.0,0.13752160966396332,0.43791595846414566,0.7291049211434737,1.3715413923955608,-0.18897759696065142,5.754059174618327,0.5111296457838025,2.327107040432005e-06,0.0014265389344672807,0.036505129633496725,0.13752160966396332,0
0.253937399973438,0.34137384240806434,0.11653610028044593,0.08940934017300606,1.4732494354248047,1.3518712285349233,1.1321393908596695,3.9673373906733573,23.170598833371614,0.11653610028044593,0.2805513896400669,0.0,1.4732494354248047,0.45739153772592545,0.0,0.08940934017300606,0.45739153772592545,0.7438667658757716,1.3443228230413173,0.015075343930571956,5.723657978873149,0.4254648086337056,2.098259329234272e-06,0.00078618495783816,0.03017346986080626,0.08940934017300606,0
0.24446775080286898,0.33000175006858845,0.1089011550483311,0.07727096043527126,1.515587329864502,1.5396894188418917,1.9751894674398551,3.9931219808351086,21.589201437560927,0.1089011550483311,0.2626895788580441,0.0,1.515587329864502,0.409988671541214,0.0,0.07727096043527126,0.409988671541214,0.7408051925387238,1.3498784562986852,0.05057036726114035,5.760857279230862,0.41068922098217375,2.327250857110642e-06,0.0012919366214936875,0.029168309409615886,0.07727096043527126,0
0.24367757332947804,0.3323486480915005,0.11045562388824803,0.0,1.656435489654541,1.4973698969728555,2.1988190917406136,3.9430042937161134,21.738801104894865,0.11045562388824803,0.27144215319015075,0.0,1.656435489654541,0.4509394019842148,0.0,0.0,0.4509394019842148,0.733196423491895,1.3638868918073546,-0.04355517492286115,5.688552740563463,0.412109674276146,1.9692209923314254e-06,0.0005560665283228805,0.02937574784796019,0.0,0
0.2730051564012683,0.39615089222593447,0.15693552941140396,0.00042979244608432055,1.8329960107803345,1.6255151341254679,2.3354854221836057,3.8867990559892442,29.627820138634867,0.15693552941140396,0.31412209702801874,0.0,1.8329960107803345,0.4158174470067024,0.0,0.00042979244608432055,0.4158174470067024,0.6891426287712069,1.4510747615464967,-0.04133207146353391,5.607465722822923,0.4811105328644187,1.999955989495137e-06,0.0006053459512981623,0.03501512278325743,0.00042979244608432055,0
0.2221107121949899,0.31514805356231196,0.09931829566411385,0.02115530101582408,1.2340350151062012,1.4051998166593447,0.9690666491152773,3.9016792028001714,19.027387409392574,0.09931829566411385,0.2542600521314853,0.0,1.2340350151062012,0.3767857477068901,0.0,0.02115530101582408,0.3767857477068901,0.7047798801371736,1.4188782272043008,-0.08713602626500358,5.628933236834747,0.3855534517234666,2.0317314180738136e-06,0.000603834465179525,0.027855415718956507,0.02115530101582408,0
0.26625698499265127,0.4273366942361792,0.18261665024070572,0.0,2.1348230838775635,2.0029836521479902,4.246991888223032,3.7776407086371613,32.44920733415458,0.18261665024070572,0.3257929194260214,0.0,2.1348230838775635,0.49129777401685715,0.0,0.0,0.49129777401685715,0.6230599092564427,1.6049783416873504,0.0019361088657488365,5.449983516426439,0.5034972018771133,1.9104393617698135e-06,0.00044612311481713137,0.03777158429303056,0.0,0
0.2172000306291011,0.3287144024408069,0.10805315837201676,0.0,1.8089269399642944,1.857934075740027,4.034938209331385,3.8276130507244854,19.869313494694296,0.10805315837201676,0.258408944925975,0.0,1.8089269399642944,0.40055953711271286,0.0,0.0,0.40055953711271286,0.6607540413875592,1.5134178457006386,-0.049517925669099884,5.5220783665374285,0.39399113147036596,1.8550335002715065e-06,0.0003451021951929001,0.029054522879947295,0.0,0
0.2972763161815237,0.4429844381514678,0.19623521244437162,0.0,1.9350017309188843,1.6652828579747165,2.24194288780014,3.8565984064430334,36.4298778376741,0.19623521244437162,0.34696645090798484,0.0,1.9350017309188843,0.4937285929918289,0.0,0.0,0.4937285929918289,0.6710746913533476,1.4901437283721297,-0.08370835069021075,5.56389539549098,0.5334870388367733,1.939387649213867e-06,0.0005418926551356662,0.03915466252212695,0.0,0
0.2768072507351462,0.3942524480538636,0.15543499279646444,0.007627219194546342,1.8183799982070923,1.5090770515472682,1.8473474492270592,3.898424455305896,29.70332759756986,0.15543499279646444,0.3198722759169641,0.0,1.8183799982070923,0.50706847012043,0.0,0.007627219194546342,0.50706847012043,0.7021048315532509,1.4242851190017811,-0.08117426163756307,5.62423762876541,0.48172320564408616,2.031728783245138e-06,0.0006628961369530345,0.0348473224397855,0.007627219194546342,0
0.2866069403862639,0.38736290590165307,0.15005002086857294,0.0015746059361845255,1.7772061824798584,1.2865690628845006,0.9985116250568797,3.9360101502655227,29.72077557070699,0.15005002086857294,0.32202583015708797,0.0,1.7772061824798584,0.5221442729234695,0.0,0.0015746059361845255,0.5221442729234695,0.739890671329171,1.3515475423574845,-0.04016941218498038,5.678462324492029,0.48186466891249496,1.9999792249431203e-06,0.0006273715093270984,0.03423836719289817,0.0015746059361845255,0
0.21183122055299464,0.3181824286472268,0.10124005789984755,0.0012226349208503962,1.3395822048187256,1.500537541067453,1.2628537212506465,3.826310689709272,18.702403059304835,0.10124005789984755,0.2542189477447323,0.0,1.3395822048187256,0.33382491022348404,0.0,0.0012226349208503962,0.33382491022348404,0.665751894916734,1.5020563438033245,0.07134234604894722,5.520199456759331,0.3822466793849477,1.999963264143628e-06,0.000493578907739069,0.028123619118857357,0.0012226349208503962,0
0.29825168984280026,0.38653387638983544,0.1494084375969526,0.0510808527469635,1.5931144952774048,1.149423087615482,0.3771976550960332,3.9884947964127297,30.510401035652933,0.1494084375969526,0.32633272176872197,0.0,1.5931144952774048,0.5465076863765717,0.0,0.0510808527469635,0.5465076863765717,0.7716035681654813,1.295998948383381,0.10657717535993336,5.754181663211417,0.488223829909027,2.133308661668105e-06,0.0009281964763025396,0.03416509064419692,0.0510808527469635,0
0.273646699017263,0.4009629435305239,0.16077128208466213,0.017325399443507195,2.107729196548462,1.7598162183853132,3.2592114463747874,3.883641343194518,30.163686139866456,0.16077128208466213,0.3136412671333346,0.0,2.107729196548462,0.460698626935482,0.0,0.017325399443507195,0.460698626935482,0.6824720861626086,1.4652577391596058,-0.004174816844033361,5.60291010623342,0.485441858483286,2.0317331081058742e-06,0.0006611418899578783,0.03544045204686902,0.017325399443507195,0
0.16841456035035662,0.2771921190271264,0.07683547085074861,0.0,1.11995267868042,1.5871041745647867,1.3205060340248957,3.6747771310832356,13.465463678560322,0.07683547085074861,0.21789738452798701,0.0,1.11995267868042,0.2381638064980507,0.0,0.0,0.2381638064980507,0.6075712158420332,1.6458916524229104,-0.09583898895300119,5.301582743201292,0.32434385301521057,1.6841557341855045e-06,0.00015641832289024665,0.024500553381943714,0.0,0
0.2024686348886462,0.30838865666814763,0.09510356356158463,0.008248762227594852,1.3409541845321655,1.6561283606561812,1.9874782911722466,3.830868197180496,17.420430294432837,0.09510356356158463,0.23972876079233174,0.0,1.3409541845321655,0.32069019228219986,0.0,0.008248762227594852,0.32069019228219986,0.6565351026234935,1.5231428652529582,0.08573499434419275,5.526774550186882,0.36891342029703467,1.999985154024863e-06,0.0005093538239977574,0.027257963796382147,0.008248762227594852,0
0.15866619716689456,0.25590443569356097,0.0654870802076399,0.0,1.1298052072525024,1.8652488403887366,3.2138661568939515,3.7415196541329094,11.6047414183736,0.0654870802076399,0.19772486106262477,0.0,1.1298052072525024,0.25029636546969414,0.0,0.0,0.25029636546969414,0.620018862580522,1.6128478545709735,0.04351688093743823,5.397871850221474,0.3011013821473488,1.8027988247228805e-06,0.0002415980268789264,0.022618970226829217,0.0,0
0.27746771034981066,0.40790612225654416,0.16638740457437076,0.0021962098544463515,1.8660337924957275,1.749661793906226,2.833168154068109,3.8791954535634567,31.152094062225565,0.16638740457437076,0.31409052501558676,0.0,1.8660337924957275,0.4168943464756012,0.0,0.0021962098544463515,0.4168943464756012,0.680222764473584,1.4701030319610395,-0.06004235513132038,5.596496043310349,0.49333126280536616,2.031706514417507e-06,0.0006414379967278584,0.036054148141888905,0.0021962098544463515,0
0.278777071958757,0.424925912967594,0.18056203151134328,0.0,1.7164615392684937,1.711479391582832,2.2022454311244495,3.833575253445404,33.05967198223888,0.18056203151134328,0.32592723840821236,0.0,1.7164615392684937,0.40732331573963165,0.0,0.0,0.40732331573963165,0.656058873776294,1.5242498602268792,0.018077221946779617,5.530680006835672,0.5082112625289223,1.939385743611255e-06,0.0005140818158765894,0.037558499320158804,0.0,0
0.31825345366451074,0.44265756555351277,0.19594572034176244,0.04130159690976143,1.8249636888504028,1.3669150072457723,0.8759497157262377,3.926390771421716,38.04556558222737,0.19594572034176244,0.3575096330565657,0.0,1.8249636888504028,0.5291628539562225,0.0,0.04130159690976143,0.5291628539562225,0.7189592124272071,1.3908963452134082,-0.0006449584442677616,5.664584494337638,0.5451889407454551,2.1332830717535693e-06,0.0009090573404878901,0.03912577079330219,0.04130159690976143,0
0.2645832172129303,0.4284844658039733,0.18359893743531636,0.0,1.6969066858291626,1.6387771231624735,1.6466837691313971,3.7151178909216975,32.46121168205582,0.18359893743531636,0.33585543546723784,0.0,1.6969066858291626,0.39758020639419556,0.0,0.0,0.39758020639419556,0.6174846951144285,1.6194695578863536,-0.023620348079842892,5.359782157365935,0.5035903258265205,1.7534153877085177e-06,0.0002543362175643689,0.0378730339253856,0.0,0
0.34012533129862277,0.4988894709636833,0.24889070423842383,0.06340267136693001,2.2590479850769043,1.6472686190123675,2.0296204091757115,3.8995073916114356,46.66572098936598,0.24889070423842383,0.3868649384374976,0.0,2.2590479850769043,0.5261436551809311,0.0,0.06340267136693001,0.5261436551809311,0.6817635354742668,1.4667812863537324,-0.054632004046804565,5.625799975603012,0.6038012464622955,2.2455941849308145e-06,0.0012234473710681282,0.04409601599762371,0.06340267136693001,0
0.24897217670513783,0.338948990195735,0.11488641795470844,0.11559678614139557,1.564556360244751,1.670722914572741,2.640347900782708,3.9888361927524656,22.639816029184356,0.11488641795470844,0.25895726461385493,0.0,1.564556360244751,0.3944642022252083,0.0,0.11559678614139557,0.3944642022252083,0.73453956013205,1.361393046730512,-0.021237152459127516,5.754674194017732,0.4205633872890064,2.1694796812697813e-06,0.0009665739160210463,0.0299591411804671,0.11559678614139557,0
0.31547415678505786,0.47302410549067353,0.22375180437525186,0.0,2.2100720405578613,1.7754691410812393,2.9304957790300756,3.8613171059047677,41.37929574073537,0.22375180437525186,0.36507252047431393,0.0,2.2100720405578613,0.4291941970586777,0.0,0.0,0.4291941970586777,0.6669289919777376,1.4994068303761543,0.03471781202349774,5.57070303980387,0.5685734323502067,1.9692242986669605e-06,0.0006099062145907815,0.041809819082144505,0.0,0
0.21128451886761468,0.33261225615849066,0.11063091294684141,0.0,1.4092442989349365,1.6999443705754325,2.1302085702602227,3.772769074978725,19.874823790074984,0.11063091294684141,0.25956330500457625,0.0,1.4092442989349365,0.328686960041523,0.0,0.0,0.328686960041523,0.635225791382582,1.5742386519425815,0.04991712580811968,5.442955234706386,0.3940457598553255,1.8550486097390435e-06,0.00032817414614969074,0.029399047729428217,0.0,0
0.4149379964055697,0.6577787882688085,0.432672934296382,0.0,2.8891220092773438,1.8010178929402436,2.640560567413016,3.7747112030989447,77.42034882015368,0.432672934296382,0.5010574532101373,0.0,2.8891220092773438,0.6178817003965378,0.0,0.0,0.6178817003965378,0.6308159718583524,1.585245974017479,0.08681116174474643,5.445757133314197,0.7777187635369553,1.8823070389152317e-06,0.000480151604999593,0.05813998021319309,0.0,0
0.2805572536890395,0.43321678333671926,0.18767678136461394,0.0,2.131927251815796,1.808312924527523,3.019038283695715,3.812993190009408,34.097811707155195,0.18767678136461394,0.33405098434832325,0.0,2.131927251815796,0.46601638942956924,0.0,0.0,0.46601638942956924,0.6476125045655753,1.5441296834794462,0.12722592696234553,5.5009863659853,0.5161290090298645,1.882346084312769e-06,0.00043084961935547296,0.03829131565265219,0.0,0
0.32070468047459144,0.5078662189274726,0.2579280963276876,0.0,2.3644518852233887,1.9448622296365774,3.4853903513875446,3.8025405038586024,46.17978731596766,0.2579280963276876,0.37974118324518713,0.0,2.3644518852233887,0.5149704813957214,0.0,0.0,0.5149704813957214,0.6314734807099068,1.5835946584125686,0.13103288832460996,5.485906327511564,0.6006493056734498,1.9692195831879707e-06,0.0005778339680106436,0.04488945591739845,0.0,0
0.2711483853745449,0.4070481270936272,0.16568817777042968,0.019238673150539398,1.8802597522735596,1.7819943677387464,3.019360245455127,3.856506036659435,30.61883195669151,0.16568817777042968,0.31911232157830227,0.0,1.8802597522735596,0.45705311745405197,0.0,0.019238673150539398,0.45705311745405197,0.6661318433737283,1.5012006305379992,0.14865658052381545,5.563762134062255,0.48909060986861363,2.0644870057971576e-06,0.0006843446653347346,0.03597831136714843,0.019238673150539398,0
0.3689888837543549,0.5524093372699996,0.3051560759030802,0.007609783671796322,2.496500253677368,1.733664495640323,2.5528228453163377,3.8580259904627847,56.487535646382725,0.3051560759030802,0.4290903298347075,0.0,2.496500253677368,0.6107082813978195,0.0,0.007609783671796322,0.6107082813978195,0.6679615837348197,1.4970893747513334,0.05849580277301898,5.565954963876729,0.6643108250189553,1.999989814482545e-06,0.0006944693492493639,0.04882654854679792,0.007609783671796322,0
0.2761312732109218,0.413398003002398,0.17089790888637063,0.0,1.939469337463379,1.7201980828953918,2.7499476151687334,3.8403945134740445,31.63473778322629,0.17089790888637063,0.32705849904971274,0.0,1.939469337463379,0.48656413704156876,0.0,0.0,0.48656413704156876,0.6679534087055359,1.4971067861865308,0.09895114451932738,5.540518119461524,0.4971381990266443,1.910435892089401e-06,0.0004604778167592356,0.03653956640649654,0.0,0
0.2540403230523225,0.35401678190108143,0.12532788186759786,0.0396053995937109,1.4848064184188843,1.4428432337006847,1.3326139292376968,3.9295932291932756,24.30263905332816,0.12532788186759786,0.2850775598708424,0.0,1.4848064184188843,0.39469874650239944,0.0,0.0396053995937109,0.39469874650239944,0.7175919856006151,1.3935456294793314,0.09220391587573888,5.669204664283322,0.43573428555041,2.098347407699464e-06,0.0007747250969327202,0.03129095839201171,0.0396053995937109,0
0.19401476912025828,0.3293211000735091,0.10845238695362622,0.0,1.5329042673110962,2.2466040669460847,4.852665917192026,3.735023765717914,18.70004705157291,0.10845238695362622,0.23130908295502195,0.0,1.5329042673110962,0.27457456290721893,0.0,0.0,0.27457456290721893,0.5891337662335798,1.6974022213194628,-0.01595227442189343,5.38850026421899,0.38222260214489323,1.8285605041451264e-06,0.00030045133811284266,0.02910814788122399,0.0,0
0.26005974458894343,0.33183569211002084,0.11011492655813654,0.08701568841934204,1.6296967267990112,1.3294735355884946,1.431452354930042,4.042356798235188,22.751487656166788,0.11011492655813654,0.2715715003478749,0.0,1.6296967267990112,0.456436850130558,0.0,0.08701568841934204,0.456436850130558,0.7836979778677409,1.2759979159193906,-0.1532502822275434,5.8318881061330305,0.421599332677132,2.4150661599706796e-06,0.001618320097041083,0.029330408516340882,0.08701568841934204,0
0.2610175744994194,0.3400291881808294,0.1156198488149139,0.05643389746546745,1.3041629791259766,1.0855154750186833,-0.09798303131960795,3.9850155722995786,23.52000294559665,0.1156198488149139,0.2859306000639208,0.0,1.3041629791259766,0.47595711797475815,0.0,0.05643389746546745,0.47595711797475815,0.7676305915538572,1.3027061064104162,-0.04953868463039821,5.749162203837233,0.4286607318293499,2.133320435162281e-06,0.0008865927721832731,0.03005461809550264,0.05643389746546745,0
0.2564957295826389,0.3476842401209657,0.12088433082849333,0.05603867769241333,1.1781209707260132,1.2040616019062476,0.14873375412488166,3.9459896802041943,23.89432193569581,0.12088433082849333,0.2883651402023304,0.0,1.1781209707260132,0.41620900481939316,0.0,0.05603867769241333,0.41620900481939316,0.7377239525422465,1.3555166812590045,-0.09693760154031708,5.692859742844957,0.4320583179648594,2.1330927084865817e-06,0.0008080063506236705,0.03073123548765334,0.05603867769241333,0
0.207118865022494,0.3118877164046134,0.09727394764408454,0.0,1.3554021120071411,1.5104669504447434,1.550769696267884,3.80726731373316,17.9420380022132,0.09727394764408454,0.2524083662397061,0.0,1.3554021120071411,0.34485113620758057,0.0,0.0,0.34485113620758057,0.6640793787287854,1.5058392501848687,0.19534033533736953,5.492725672676811,0.3743957423533161,1.8550589588543748e-06,0.00033276698479827637,0.027567239904811115,0.0,0
0.2071373034214048,0.3048581810898076,0.09293851057738595,0.0,1.2225701808929443,1.3366401259065945,0.6285831438390543,3.825347098271263,17.388079749897862,0.09293851057738595,0.25168398276204584,0.0,1.2225701808929443,0.4056180417537689,0.0,0.0,0.4056180417537689,0.6794524038309504,1.4717686097785934,-0.03316167736490002,5.518809288170273,0.36857071647931694,1.910419059590578e-06,0.00038543822590049313,0.026945910893599934,0.0,0
0.30606472815270536,0.4776191360256714,0.2281200390979088,0.0,2.7231838703155518,2.1121697542313473,5.414042317934189,3.8216342530031726,41.18984408538857,0.2281200390979088,0.36343395208496077,0.0,2.7231838703155518,0.5337591916322708,0.0,0.0,0.5337591916322708,0.6408120283610799,1.5605167537873628,0.15500836029619072,5.5134527847144135,0.5672703561064144,1.9393810445113448e-06,0.0005260059387442046,0.04221596623852654,0.0,0
0.3957713421259541,0.5668173638825316,0.32128192399874217,0.03182324208319187,2.218064069747925,1.5406384863334384,1.548710371644403,3.9051349068520618,61.17336054360591,0.32128192399874217,0.44824045113091415,0.0,2.218064069747925,0.6595009714365005,0.0,0.03182324208319187,0.6595009714365005,0.698233097839389,1.4321839495446391,0.16511588238717345,5.63391876393319,0.6913153254824611,2.031737000620746e-06,0.000817945028910667,0.050100050211952615,0.03182324208319187,0
0.37602861432787904,0.5540865525568602,0.3070119077243462,0.0,2.3466715812683105,1.5642178465677585,1.7513199594048698,3.8487347600993544,57.39640659426445,0.3070119077243462,0.4371407798785185,0.0,2.3466715812683105,0.5579012036323547,0.0,0.0,0.5579012036323547,0.6786447603680668,1.4735223103891852,0.08507515963120546,5.55255055190765,0.6696338003100583,1.8550585199247658e-06,0.00045530175462837267,0.04897479483465403,0.0,0
0.27387571060535265,0.3766364060895643,0.14185498239206318,0.06180259957909584,1.7582852840423584,1.547627613816166,1.9863109447972143,3.95760082521707,27.758449568211198,0.14185498239206318,0.2971505561927188,0.0,1.7582852840423584,0.4597909301519394,0.0,0.06180259957909584,0.4597909301519394,0.7271601444181174,1.375209233623083,0.0722341144878679,5.709611084174073,0.4656853951453169,2.0983494646329824e-06,0.0008334751801952238,0.03329026959845765,0.06180259957909584,0
0.2399271112299175,0.3713286731101397,0.13788498347373698,0.0,1.4658886194229126,1.7096096403702083,2.0270702432164587,3.8145420787666007,25.01760027863938,0.13788498347373698,0.28223148748679705,0.0,1.4658886194229126,0.35865267366170883,0.0,0.0,0.35865267366170883,0.6461296486767784,1.547672837832414,-0.01644864912645658,5.503220940114187,0.4420972768258929,1.9104341870482648e-06,0.0004347012832312604,0.03282112785064782,0.0,0
0.2953797492518788,0.4369277409577354,0.19090585081842995,0.01283393893390894,2.0124711990356445,1.6735863723455757,2.33601501428656,3.8702712795146086,35.60384602707619,0.19090585081842995,0.342119130111314,0.0,2.0124711990356445,0.49289173632860184,0.0,0.01283393893390894,0.49289173632860184,0.6760364369814968,1.479206824653218,0.07652447805153899,5.583621181666047,0.5274040643439646,2.03173245329259e-06,0.0006803641093574459,0.03861932106496674,0.01283393893390894,0
0.21642774571591872,0.33258297217859323,0.11061143338314691,0.0009091293904930353,1.3932784795761108,1.6360135822166046,1.8304841249532275,3.810337893184584,20.153907519849128,0.11061143338314691,0.26117574832653645,0.0,1.3932784795761108,0.3662332221865654,0.0,0.0009091293904930353,0.3662332221865654,0.6507461688493511,1.5366928629157321,-0.0679353750739177,5.4971555824240355,0.3968027249135536,1.999965834875223e-06,0.0004999874607821391,0.029396459366832516,0.0009091293904930353,0
0.200140518565604,0.27247433961940953,0.07424226575103333,0.06061581335961819,1.2049754858016968,1.4879059156169299,1.6252404039330628,3.970101081119925,14.630207094111004,0.07424226575103333,0.2169448505484297,0.0,1.2049754858016968,0.3440225347876549,0.0,0.06061581335961819,0.3440225347876549,0.7345270909475993,1.3614151775573384,0.02554890048606548,5.727645141374964,0.3380806012221675,2.133315498568632e-06,0.0007738274882568098,0.024083556655526354,0.06061581335961819,0
0.3690887746633962,0.4515175297595992,0.20386807968021053,0.20854149013757706,1.862464189529419,1.1668817970671674,0.5791339149716248,4.076098830593836,43.532109217630435,0.20386807968021053,0.37139135945108137,0.0,1.862464189529419,0.63248710334301,0.0,0.20854149013757706,0.63248710334301,0.8174388210820698,1.2233304309278354,0.09476387482359472,5.880567568886366,0.5831763054709422,2.285706493911269e-06,0.0016349320967340712,0.03990888838970142,0.20854149013757706,0
0.30680727217986714,0.46117122418314205,0.21267889801457784,0.027441471815109253,2.4050369262695312,1.8419126691695842,3.4506613311322045,3.866810129218643,39.27162883545971,0.21267889801457784,0.3530415710720263,0.0,2.4050369262695312,0.52621890604496,0.0,0.027441471815109253,0.52621890604496,0.6652769965131876,1.5031300298279056,0.08571899686443228,5.578627797298286,0.5539039630450652,2.098344556731874e-06,0.0008131685250138606,0.040762162488500155,0.027441471815109253,0
0.3329298686294351,0.5035849246883849,0.2535977763734063,0.025571748614311218,2.23221492767334,1.81202550742394,2.9926795880114874,3.856075635650383,46.64832944627445,0.2535977763734063,0.3859569221813217,0.0,2.23221492767334,0.5053190514445305,0.0,0.025571748614311218,0.5053190514445305,0.6611182964167426,1.512585598767337,0.09197882507948121,5.563141196660903,0.6036887226038095,1.9999928548006397e-06,0.0006763322344840428,0.044511039393809224,0.025571748614311218,0
0.3531958772800863,0.5125501029716834,0.26270760805628324,0.03261901903897524,2.5170810222625732,1.6837051601228377,2.6447829993067797,3.8989933872833564,49.59423178034342,0.26270760805628324,0.4031862677002209,0.0,2.5170810222625732,0.6103307604789734,0.0,0.03261901903897524,0.6103307604789734,0.6890939756686059,1.4511780457879702,0.05194918099419108,5.625058424107897,0.6224587823976243,2.098349226373459e-06,0.0009015432211157783,0.04530345668864256,0.03261901903897524,0
0.22071609347040066,0.2997083985880768,0.08982512418422951,0.018296546302735806,1.1064049005508423,1.2790224392962883,0.6422139186379217,3.9413146502478877,17.733211916936213,0.08982512418422951,0.24658444214958308,0.0,1.1064049005508423,0.3725007548928261,0.0,0.018296546302735806,0.3725007548928261,0.7364336737859689,1.3578910077450672,0.07439337084521419,5.686115100310984,0.372210583005191,2.06447901249971e-06,0.0006493781469126638,0.02649073012752372,0.018296546302735806,0
0.4143474856537068,0.5138057324330593,0.2639963306810725,0.21166228502988815,2.0977370738983154,1.3134351261215182,1.1997073170955002,4.077537160666731,55.76706170222353,0.2639963306810725,0.4167399189495882,0.0,2.0977370738983154,0.7230576127767563,0.0,0.21166228502988815,0.7230576127767563,0.80642673499357,1.2400358400206999,-0.017914067424211828,5.882642640549695,0.6600607317123337,2.37036102847791e-06,0.002066612363616959,0.045414439701992125,0.21166228502988815,0
0.23675996766905882,0.3351718070811696,0.1123401402620568,0.04198029264807701,1.6358332633972168,1.6752576682371936,2.7116992650868568,3.933455458019773,21.554614086746955,0.1123401402620568,0.2623107690080815,0.0,1.6358332633972168,0.37715358287096024,0.0,0.04198029264807701,0.37715358287096024,0.7063817907271998,1.4156608077834767,-0.0918625256621532,5.674776682658088,0.4103601132575029,2.1694634656343058e-06,0.0008688052332461998,0.029625282206205538,0.04198029264807701,0
0.33027153662987985,0.48099043264487645,0.23135179629590544,0.0,2.0121371746063232,1.4115472818151562,1.060747677306484,3.853413930622686,43.57517877808223,0.23135179629590544,0.39123855850311884,0.0,2.0121371746063232,0.565413773059845,0.0,0.0,0.565413773059845,0.6866474415433602,1.4563484263674238,0.04406574154848807,5.559301168017134,0.5834647240440226,1.9104400605892364e-06,0.0005090358424218534,0.04251394957613043,0.0,0
0.2802571164429537,0.41618134392329,0.1732069110297958,0.0,1.586340308189392,1.49423397868868,1.1898957085988835,3.8443492021778,32.224123180379536,0.1732069110297958,0.3303612135534877,0.0,1.586340308189392,0.4434328228235245,0.0,0.0,0.4434328228235245,0.6733998223014723,1.4849983087155743,-0.0220369309363271,5.546223529242692,0.5017479071672498,1.9692184476455677e-06,0.0005490800099909479,0.03678558131143613,0.0,0
0.23312444430484902,0.3953300058294633,0.15628581350912352,0.0,2.0080368518829346,2.0576816241338998,4.169520957449626,3.686603784472307,26.96100096532072,0.15628581350912352,0.2938730064236097,0.0,2.0080368518829346,0.35108861327171326,0.0,0.0,0.35108861327171326,0.5896943089898027,1.695789590011863,0.09642154837295194,5.31864499739602,0.4589475133842302,1.7066599994862814e-06,0.00020689535087927062,0.034942565991066356,0.0,0
0.22474915925704408,0.29122327034667217,0.0848109931914109,0.056117454543709755,1.1938903331756592,1.2120800080057428,0.5997903651881402,4.001901505110917,17.32136675560436,0.0848109931914109,0.2418559330114931,0.0,1.1938903331756592,0.393563412129879,0.0,0.056117454543709755,0.393563412129879,0.7717391101692989,1.295770232508866,-0.027106860008372338,5.773523455364933,0.3678629877796339,2.2455794801751734e-06,0.0010220100529125073,0.025740743662681885,0.056117454543709755,0
0.25322301435517147,0.35649273695125155,0.12708707149899423,0.04519333131611347,1.4983676671981812,1.5169137240141375,1.611236738711625,3.9266049903806772,24.474747711758543,0.12708707149899423,0.2825144847292904,0.0,1.4983676671981812,0.43349940329790115,0.0,0.04519333131611347,0.43349940329790115,0.7103154645036535,1.4078212355976207,0.1378876263313929,5.664893546967396,0.43727447501325023,2.0645059642242383e-06,0.000724287873486748,0.03150980396774776,0.04519333131611347,0
0.30617498349238303,0.47499483603569614,0.22562009426057786,0.0006032448727637529,1.9352777004241943,1.7633130812691042,2.482405949170288,3.810868860035052,40.878491491473774,0.22562009426057786,0.36595608486084075,0.0,1.9352777004241943,0.498136967420578,0.0,0.0006032448727637529,0.498136967420578,0.6445845631989369,1.5513835605302253,-0.04105225535285586,5.497921605666084,0.565122300725373,1.9999587860640112e-06,0.0005913384579059204,0.041984008698679125,0.0006032448727637529,0
0.3548827777776751,0.4972746127502989,0.24728204048595973,0.06453007087111473,2.2212653160095215,1.6814349796069286,2.6361559298167574,3.950752055489196,47.77264978549228,0.24728204048595973,0.3904279564923172,0.0,2.2212653160095215,0.6176852881908417,0.0,0.06453007087111473,0.6176852881908417,0.7136540957939059,1.401236250077564,0.14727560209635482,5.699730398051478,0.610920474733953,2.285683644158743e-06,0.0013766517362874358,0.043953281348456344,0.06453007087111473,0
0.2730245281709358,0.39233438255968317,0.1539262677384878,0.0629554744809866,1.741909146308899,1.5941678919626197,1.8914015792384786,3.9109811826249867,29.24398857234559,0.1539262677384878,0.3082505211150419,0.0,1.741909146308899,0.4039098471403122,0.0,0.0629554744809866,0.4039098471403122,0.6958957573228883,1.436993171229105,0.10371665002721626,5.642353156998459,0.47798395446024117,2.0645073078852814e-06,0.0007510931126747314,0.034677787800073634,0.0629554744809866,0
0.2737432898647967,0.37699734273489094,0.14212699642916884,0.02250092476606369,1.5692962408065796,1.3879148458105677,1.1891440358152963,3.9333153589745757,27.783985302421883,0.14212699642916884,0.30705241297800967,0.0,1.5692962408065796,0.47386427223682404,0.0,0.02250092476606369,0.47386427223682404,0.7261127141274882,1.3771930004972615,-0.10660873425359418,5.674574562460348,0.46589954408130835,2.0645015213408624e-06,0.0007354942392693267,0.0333221721921438,0.02250092476606369,0
0.30382162364367105,0.47542557717933837,0.22602947943630702,0.0,1.9504103660583496,1.6010449069377197,1.6288726213670595,3.768779094068421,40.74714347901229,0.22602947943630702,0.3745217181615317,0.0,1.9504103660583496,0.45887456089258194,0.0,0.0,0.45887456089258194,0.6390505668534908,1.5648181043786678,0.11073463432730793,5.437198909033847,0.5642136638098935,1.85505435877704e-06,0.000383177765910748,0.042022081196629806,0.0,0
0.2898955241398653,0.4269202837633852,0.18226092868860932,0.012156679295003414,2.0290231704711914,1.7986936482031795,3.163919192202333,3.888600890516005,34.08644398143188,0.18226092868860932,0.32518380180476925,0.0,2.0290231704711914,0.439191572368145,0.0,0.012156679295003414,0.439191572368145,0.6790374131371151,1.4726694557636903,0.15208607974577135,5.610065220559184,0.5160429668205319,2.031733734955911e-06,0.0006909411757430811,0.037734778459396844,0.012156679295003414,0
0.2695010643801652,0.4078570589939897,0.1663473805712268,0.0,1.5794950723648071,1.5076991737733347,1.265418207696266,3.8066259030832494,30.589210146978402,0.1663473805712268,0.3262208216065119,0.0,1.5794950723648071,0.46535512059926987,0.0,0.0,0.46535512059926987,0.6607717033835456,1.5133782863976224,0.09969822115580446,5.491800312713014,0.4888539702950859,1.8028121795591313e-06,0.0003293912610308326,0.03604981152118148,0.0,0
0.31356500997935655,0.41845494184952764,0.17510453835829157,0.07498104125261307,1.6567726135253906,1.3325067826246735,1.0030830661664938,3.9715980682384275,34.99872689173063,0.17510453835829157,0.34024998944175877,0.0,1.6567726135253906,0.5122719705104828,0.0,0.07498104125261307,0.5122719705104828,0.7493381706887347,1.3345077688262363,0.050014257734687324,5.729804837267103,0.5229030061508975,2.0645062755786343e-06,0.0008262353321252638,0.03698654087535292,0.07498104125261307,0
0.36382917559240013,0.5441877616075683,0.29614031988345557,0.0,2.025678873062134,1.404444100060662,0.7448260458745466,3.812297049352166,54.84953457864973,0.29614031988345557,0.4369508326308278,0.0,2.025678873062134,0.4849855378270149,0.0,0.0,0.4849855378270149,0.6685716450990746,1.4957232627688575,0.06425012472331446,5.499982047311336,0.654608271331566,1.7777749135394466e-06,0.00034825194555310494,0.04809985705892998,0.0,0
0.26210431125946343,0.3555390444393292,0.1264080121208313,0.09111704304814339,1.6219050884246826,1.5523718116082534,2.0300182642789304,3.9887066310443986,24.97365530900851,0.1264080121208313,0.280812658231298,0.0,1.6219050884246826,0.43793925642967224,0.0,0.09111704304814339,0.43793925642967224,0.7372005358012211,1.356479192314286,0.05979124687705733,5.7544872759840136,0.4417088204933528,2.3272380492400515e-06,0.0013258926171144363,0.03142550866245437,0.09111704304814339,0
0.24989710036606994,0.393309061221307,0.15469201763878582,0.0,1.680495262145996,1.653820726625778,2.0052612294804897,3.7540557985824075,27.7939940364999,0.15469201763878582,0.31149165357965103,0.0,1.680495262145996,0.4301031082868576,0.0,0.0,0.4301031082868576,0.6353692036000531,1.573884053256942,0.040950742233949,5.415957683650634,0.465983452935998,1.753416695658207e-06,0.00025616648302293773,0.03476393803646264,0.0,0
0.15735836214662413,0.23618851272612412,0.0557850135437785,0.0,0.988987386226654,1.4501572234574447,1.1058716000112945,3.8104905821221307,10.309973463199569,0.0557850135437785,0.19244550056021126,0.0,0.988987386226654,0.2758063077926636,0.0,0.0,0.2758063077926636,0.6662377187300884,1.5009593993234833,-0.09619536899805631,5.497375865997033,0.2838074482483619,1.8823308715858449e-06,0.0003152650677280775,0.020876312373375942,0.0,0
0.2253139066087897,0.3435472130488837,0.11802468759365509,0.001975465100258589,1.3568477630615234,1.647875497946442,1.8896118340183428,3.8256716318153186,21.605253645436093,0.11802468759365509,0.26962275959817816,0.0,1.3568477630615234,0.3553989753127098,0.0,0.001975465100258589,0.3553989753127098,0.6558436284945242,1.5247492630154487,0.01770285945163276,5.519277491104884,0.4108418723851909,1.9999779714825845e-06,0.0005244557651830269,0.030365570500575652,0.001975465100258589,0
0.25877438760653604,0.392031243253248,0.1536884956866873,0.009374761022627354,1.905372977256775,1.79093543988281,2.8996985245618117,3.8493311081057637,28.24354295908161,0.1536884956866873,0.29946661039230094,0.0,1.905372977256775,0.42976364493370056,0.0,0.009374761022627354,0.42976364493370056,0.660084449837895,1.5149538054335103,0.06327402760373288,5.5534109002191405,0.46973681925927957,1.9999888420805337e-06,0.000586135820328812,0.034650993817670575,0.009374761022627354,0
0.2941107715887483,0.4051222676448639,0.16412405174171676,0.04082025587558746,1.7285654544830322,1.4350681546165456,1.402458595431682,3.948253059210177,32.08002530639944,0.16412405174171676,0.3265639894502783,0.0,1.7285654544830322,0.5156439989805222,0.0,0.04082025587558746,0.5156439989805222,0.7259784739062913,1.3774479100389485,0.038869797951479323,5.696125108512538,0.5006248073220559,2.2455935034026235e-06,0.0011474857835161157,0.03580808783266934,0.04082025587558746,0
0.33237434005422983,0.4647563068618642,0.21599842476787925,0.004991120658814907,1.7777087688446045,1.403173261423015,1.1059680420539575,3.915351598935317,41.7883042168786,0.21599842476787925,0.37703197885525697,0.0,1.7777087688446045,0.5714458376169205,0.0,0.004991120658814907,0.5714458376169205,0.7151567821461248,1.398291777837107,-0.015612772760354828,5.648658334935991,0.5713765192010992,1.9999906875848632e-06,0.0006883999389475677,0.04107904202265501,0.004991120658814907,0
0.2745387665781891,0.37857522881397576,0.1433192038715541,0.022576235234737396,1.5700697898864746,1.3797065220306666,1.0923714673124154,3.935557506425286,27.992414492905922,0.1433192038715541,0.3071084437644913,0.0,1.5700697898864746,0.49107198417186737,0.0,0.022576235234737396,0.49107198417186737,0.7251875466092499,1.3789499877648679,-0.01853580009342432,5.67780929746843,0.4676438155539187,2.064503642098761e-06,0.0007459191172900693,0.033461638935451385,0.022576235234737396,0
0.2244670257496182,0.3501993099407207,0.12263955668295695,0.0,1.6147316694259644,1.6614337738690035,2.0174892797510626,3.7817894308234257,22.1472002984751,0.12263955668295695,0.27431601864736876,0.0,1.6147316694259644,0.3688453435897827,0.0,0.0,0.3688453435897827,0.6409675245222208,1.5601369901490592,-0.04604914504538063,5.455968857350587,0.4159627415188008,1.828563820559348e-06,0.00032258052522078726,0.030953538353241637,0.0,0
0.32046393782366067,0.43088633156826966,0.18566303073236085,0.12974044308066368,2.15527606010437,1.7584846016128504,3.6321255491381033,4.001717289468924,36.91010127075941,0.18566303073236085,0.33430777913054044,0.0,2.15527606010437,0.5387015044689178,0.0,0.12974044308066368,0.5387015044689178,0.7437302383834101,1.3445704202928765,-0.0033814623422993976,5.7732576883717766,0.5369917747766794,2.1694824078857334e-06,0.0011128259254939749,0.03808533087156483,0.12974044308066368,0
0.2075307732593501,0.29678953932343793,0.0880840306518185,0.0,1.311536192893982,1.5303518116972863,1.7692226020376056,3.8941690424702875,16.78759072018461,0.0880840306518185,0.23553006949532573,0.0,1.311536192893982,0.355236291885376,0.0,0.0,0.355236291885376,0.6992499617152087,1.4300989422544175,-0.07316757923038289,5.618098365770544,0.36215059367815794,1.939384260488052e-06,0.0004631153145011585,0.026232736980104306,0.0,0
0.17028775934886653,0.27490777155169743,0.07557428285952025,0.0,1.0781828165054321,1.58427962781344,1.4637059089395494,3.6981355706705505,13.38524209197795,0.07557428285952025,0.21801487205402736,0.0,1.0781828165054321,0.27549634128808975,0.0,0.0,0.27549634128808975,0.6194337066354516,1.6143718879317515,0.055224410638523826,5.335281848156816,0.32337625739002196,1.6623214652133767e-06,0.0001507056901459226,0.02429864368313594,0.0,0
0.2854893532112328,0.37501586680726096,0.1406369003572013,0.03416020516306162,1.6062809228897095,1.1258637462142354,0.2548934680533339,3.96744777897972,28.43405710773368,0.1406369003572013,0.3181238773863697,0.0,1.6062809228897095,0.5411951541900635,0.0,0.03416020516306162,0.5411951541900635,0.7612707013467728,1.3135896753732448,0.21303089523178553,5.723817235535312,0.4713184392257207,2.1332769646705425e-06,0.0008701423454650377,0.03314703280899566,0.03416020516306162,0
0.22882727152318694,0.3256764468560577,0.10606514803678654,0.06301417760550976,1.4944401979446411,1.5548482619620958,1.6953767342051345,3.932235945137658,20.278664733380204,0.10606514803678654,0.2580075545110958,0.0,1.4944401979446411,0.37569648772478104,0.0,0.06301417760550976,0.37569648772478104,0.7026193361934688,1.4232414025137605,0.015867919609193818,5.673017297470761,0.3980289791328426,2.2455964596842435e-06,0.0010308843180164011,0.02878600300558233,0.06301417760550976,0
0.2732175625715172,0.38026461154138086,0.1446011747907173,0.02054106630384922,1.9367159605026245,1.578205227823876,2.6856538626360678,3.924796142126055,28.063873444894494,0.1446011747907173,0.3096443000358704,0.0,1.9367159605026245,0.5131461322307587,0.0,0.02054106630384922,0.5131461322307587,0.7184913762358062,1.3918014931483151,-0.05562563256280118,5.662283930560732,0.4682403349651098,2.0317334725126614e-06,0.000672706596054923,0.03361096068327234,0.02054106630384922,0
0.3761034203489544,0.47897652466207324,0.22941851117735768,0.13904031366109848,1.9858909845352173,1.256805187871842,0.7858065073259586,4.036441229192093,47.47165362886912,0.22941851117735768,0.39282964023141176,0.0,1.9858909845352173,0.6277830898761749,0.0,0.13904031366109848,0.6277830898761749,0.7852214372987579,1.2735234479326767,0.12022366386288826,5.82335374401052,0.6089928521547194,2.2857037895896455e-06,0.001581245968522437,0.0423359435772147,0.13904031366109848,0
0.383889119279047,0.5515913665584639,0.30425303566183365,0.05540718324482441,2.738508939743042,1.623054153234609,2.414639644316205,3.904478146696241,57.80785812002253,0.30425303566183365,0.4415663963513907,0.0,2.738508939743042,0.7556660622358322,0.0,0.05540718324482441,0.7556660622358322,0.6959652499802282,1.4368507437625888,0.03442888805084593,5.632971259313335,0.6720296805667708,2.0983448063203665e-06,0.0009332680305660681,0.04875424946718055,0.05540718324482441,0
0.2781631135731004,0.4305791135432336,0.18539837301967682,0.0,2.5509819984436035,2.1532867742852724,5.9933188649012745,3.832148500358825,33.63495561886187,0.18539837301967682,0.323808990154248,0.0,2.5509819984436035,0.4520173743367195,0.0,0.0,0.4520173743367195,0.6460194161873913,1.5479374961413737,-0.03442252768838068,5.528621637233092,0.5126139783232198,1.939378805387828e-06,0.0005014986566689945,0.038058176377964104,0.0,0
0.25908464088570327,0.46632263902915144,0.21745680367111225,0.0,2.2739479541778564,2.01076225893697,3.5859848619060957,3.5763413432561557,36.42645181619021,0.21745680367111225,0.3490995672509598,0.0,2.2739479541778564,0.29850053042173386,0.0,0.0,0.29850053042173386,0.5555897647073967,1.7998853094301042,-0.09051110999240967,5.1595699202571685,0.5334619525458081,1.6202483454229827e-06,0.00014391948811707568,0.041217487534789946,0.0,0
0.26794643437460763,0.3825117040280886,0.14631520371847206,0.0030304896645247936,1.55129075050354,1.4899231439449472,1.4123493545062171,3.8966557045891146,27.91814341280486,0.14631520371847206,0.30435363066112586,0.0,1.55129075050354,0.4462810605764389,0.0,0.0030304896645247936,0.4462810605764389,0.7004902884347911,1.427567808173595,0.032575458758837834,5.621685860877742,0.46702301379325833,1.9999833823043355e-06,0.0006026058497628875,0.033809577475185384,0.0030304896645247936,1
0.22447512752842158,0.31570571451471713,0.09967009817724806,0.0,1.135504126548767,1.3560577534579572,0.8167859810044322,3.8915730396742285,19.2075751751871,0.09967009817724806,0.25739771020016633,0.0,1.135504126548767,0.37573978304862976,0.0,0.0,0.37573978304862976,0.7110242424633555,1.4064173522954988,0.10303747706263035,5.614353125410538,0.38737472950122753,1.8550660569517645e-06,0.00037605301594031347,0.027904706449087588,0.0,1
0.22011996500805253,0.3021936150726394,0.09132098099067057,0.034734816290438175,1.15752112865448,1.2412920953209658,0.37449042761292173,3.9303788177855687,17.89104383818455,0.09132098099067057,0.2519619758721774,0.0,1.15752112865448,0.39916564524173737,0.0,0.034734816290438175,0.39916564524173737,0.7284046572277327,1.3728587275651458,0.09699255410354787,5.670338029049603,0.3738633172508595,2.0983440542088544e-06,0.0007137114113732658,0.026710394306142575,0.034734816290438175,1
0.33135726169712143,0.44954343962522325,0.20208930411007675,0.09450558573007584,1.6799497604370117,1.35240260255706,0.875812162218347,3.96445402287138,39.9215281906549,0.20208930411007675,0.36467862061931555,0.0,1.6799497604370117,0.5524279177188873,0.0,0.09450558573007584,0.5524279177188873,0.7370956739524301,1.3566729677894622,0.06932340813291521,5.719498158444177,0.5584683867413548,2.206876222726682e-06,0.0011578228648578982,0.03973440182461508,0.09450558573007584,1
0.2392762113304343,0.3776657510781534,0.14263141953742575,0.0,1.65390145778656,1.6749227613954367,2.0857445794807514,3.758100642378616,25.585219180297265,0.14263141953742575,0.296023205921756,0.0,1.65390145778656,0.38159647583961487,0.0,0.0,0.38159647583961487,0.6335644073706639,1.5783673144030466,0.08542043660960083,5.421793159736593,0.44708447171208304,1.777771400604163e-06,0.0002767891801409275,0.03338125170115912,0.0,1
0.20360099099343643,0.28915866042401644,0.08361273089821167,0.0,1.0934540033340454,1.3568327193143266,0.7362669903833798,3.8895370235827578,16.008460087260293,0.08361273089821167,0.23401502364595217,0.0,1.0934540033340454,0.3618774265050888,0.0,0.0,0.3618774265050888,0.7041127060907496,1.420222264209599,-0.03185384377051795,5.611415775092201,0.35364684988236644,1.9692183427279486e-06,0.0004884324231528292,0.025558256203080023,0.0,1
0.36820696741415304,0.5579253592585409,0.31128070650377193,0.011662802891805768,2.226731061935425,1.5749353025100814,1.3339463481434608,3.840358612026762,57.19770590158068,0.31128070650377193,0.43182928191919245,0.0,2.226731061935425,0.5327230095863342,0.0,0.011662802891805768,0.5327230095863342,0.6599562134032949,1.5152493261513864,0.06534327358576024,5.54046632462157,0.6684736923440586,2.0317335960565846e-06,0.0007498935051675183,0.049314100615956875,0.011662802891805768,1
0.25758648860210087,0.3771538005742359,0.14224498928759052,0.0,1.7249014377593994,1.50876645377218,1.6955347248398542,3.8496967769185115,26.7002609149377,0.14224498928759052,0.3059980399439155,0.0,1.7249014377593994,0.4732465520501137,0.0,0.0,0.4732465520501137,0.6829728488406176,1.4641831666754583,0.09204267096846064,5.553938448801898,0.456722879214465,1.939373753206637e-06,0.0004739029056489208,0.03333600124204013,0.0,1
0.2554120942077134,0.3933540088009528,0.15472737623978006,0.0,1.8462985754013062,1.6352381321991645,2.0253958342001033,3.7908340582861815,28.15522740574079,0.15472737623978006,0.3087600863646003,0.0,1.8462985754013062,0.42009247839450836,0.0,0.0,0.42009247839450836,0.6493169998934936,1.5400758919468331,0.003164966848725979,5.469017496537793,0.4690018274029963,1.8285535808034064e-06,0.0003341515517921088,0.03476791087875832,0.0,1
0.25766616503096884,0.3680342508892388,0.13544920982760317,0.017113399226218462,1.438162088394165,1.4390414485097371,1.1140828405343974,3.894747721784026,25.83565599095931,0.13544920982760317,0.29407890168545237,0.0,1.438162088394165,0.38269757479429245,0.0,0.017113399226218462,0.38269757479429245,0.7001127321592197,1.4283375189948002,-0.03200319883482054,5.618933223546739,0.44926725056403743,2.031731859963982e-06,0.0006430469297685188,0.03252993931408649,0.017113399226218462,1
0.23580647361814044,0.31774442322093893,0.10096151848800716,0.024521848186850548,1.2370635271072388,1.2625367500089142,0.509205284075775,3.9539797337173628,20.040475070493432,0.10096151848800716,0.2598112876803498,0.0,1.2370635271072388,0.38578856736421585,0.0,0.024521848186850548,0.38578856736421585,0.7421239029277108,1.3474796444116581,-0.06026682091795306,5.704386953424841,0.3956844847706692,2.031736068026544e-06,0.000651737002089396,0.028084904542966777,0.024521848186850548,1
0.2320261487584503,0.34181289384908387,0.11683605440148509,0.0,1.3413753509521484,1.2517419758681994,0.30595359575704784,3.8018428358104397,21.84604007797294,0.11683605440148509,0.2888913264576445,0.0,1.3413753509521484,0.435590036213398,0.0,0.0,0.435590036213398,0.6788084186563038,1.4731653982884771,0.07714228089380219,5.484899805278291,0.4131249061835459,1.802795865314559e-06,0.00028831749934128594,0.03021227689221059,0.0,1
0.24043423666444141,0.34882463248916856,0.12167862423120353,0.00424229446798563,1.84175443649292,1.6433288685015632,2.7761422693743683,3.880351824025497,22.97436753812687,0.12167862423120353,0.278913071613033,0.0,1.84175443649292,0.40655605494976044,0.0,0.00424229446798563,0.40655605494976044,0.6892676864046314,1.45081098818718,0.11052809167863534,5.598164333241367,0.42365935182834824,1.999985619933038e-06,0.0005664233723991217,0.030832032884749543,0.00424229446798563,1
0.249898765803664,0.3429042736008983,0.11758334085375974,0.007053918205201626,1.3169944286346436,1.1872075720769728,0.13396134025514295,3.918276381801654,23.04418995250614,0.11758334085375974,0.2855074531798891,0.0,1.3169944286346436,0.40822702646255493,0.0,0.007053918205201626,0.40822702646255493,0.7287690946815737,1.372172737620902,0.11656560646827788,5.652877904672932,0.42430264435182846,1.9999890634771838e-06,0.0005943438247304468,0.0303087421451303,0.007053918205201626,1
0.2660396313312958,0.43077460652335153,0.18556676162534835,0.0,2.5242903232574463,2.16856882277527,5.778538103078928,3.7723832479090618,32.81201242422274,0.18556676162534835,0.3255662484140771,0.0,2.5242903232574463,0.4200625568628311,0.0,0.0,0.4200625568628311,0.6175828605487074,1.6192121616155501,0.06268758913760278,5.442398603906341,0.5063041053203501,1.939367803912141e-06,0.00046239116614031183,0.03807545567945358,0.0,1
0.2922776305131265,0.40204932985292047,0.16164366363518246,0.005962363909929991,2.131232500076294,1.5849708098910498,2.9034859473441452,3.9402023896346763,31.62494424749442,0.16164366363518246,0.3266403440971999,0.0,2.131232500076294,0.5385900288820267,0.0,0.005962363909929991,0.5385900288820267,0.72696776699586,1.375573385986048,-0.03924613604364319,5.684510447440127,0.49706124062689716,1.9999907491931253e-06,0.0006588234450234536,0.035536475938813386,0.005962363909929991,1
0.30624341085058404,0.4462413611294574,0.19913135238267082,0.010424186941236258,2.2012174129486084,1.64741628685941,2.5328679523135937,3.8784897242663066,37.49329652122502,0.19913135238267082,0.35718949790452825,0.0,2.2012174129486084,0.5907883644104004,0.0,0.010424186941236258,0.5907883644104004,0.6862714917415497,1.4571459999417857,-0.058801364616833815,5.5954778911531395,0.5412174970121258,2.0644961015496063e-06,0.0007336324603603485,0.03944253656256929,0.010424186941236258,1
0.24885492887551663,0.36554720055758616,0.13362475583548813,0.0,1.400228500366211,1.3582094378736536,0.6667836470756137,3.8330467023459045,25.030852027024203,0.13362475583548813,0.29839394581131273,0.0,1.400228500366211,0.4248747453093529,0.0,0.0,0.4248747453093529,0.6807718612646094,1.4689168593499784,-0.018980807912392605,5.529917468785568,0.44221435013025817,1.8550639502807265e-06,0.0003732793449525134,0.03231011304475351,0.0,1
0.2384878218108497,0.3717533797387235,0.13820057534716357,0.0,1.534758448600769,1.575623279687688,1.7196696204218824,3.758462446170501,24.969858111903637,0.13820057534716357,0.3004168886732259,0.0,1.534758448600769,0.4177049919962883,0.0,0.0,0.4177049919962883,0.641519871207607,1.5587939749542845,-0.0577362988246105,5.422315132272921,0.4416752387209941,1.8028018826547516e-06,0.00028837982821257503,0.03285866696778363,0.0,1
0.29731802788592177,0.399048933875772,0.15924005162739024,0.0015531391836702824,1.8717727661132812,1.4264285169039457,1.8294533151165986,3.9578443239515364,31.697671850670595,0.15924005162739024,0.3259631302195203,0.0,1.8717727661132812,0.5417520105838776,0.0,0.0015531391836702824,0.5417520105838776,0.745064721595668,1.3421619156874116,0.0038729411969393047,5.709962378590751,0.4976324560690993,1.9999826842154553e-06,0.0006616754301856854,0.03527127589610257,0.0015531391836702824,1
0.23314473566279048,0.34477532402836725,0.11887002405886564,0.0,1.567877173423767,1.6799446334141754,2.438419712056197,3.867346757034687,22.172990953745675,0.11887002405886564,0.26657041068369836,0.0,1.567877173423767,0.3526277616620064,0.0,0.0,0.3526277616620064,0.6762202605408832,1.478803812782777,-0.05503953837777586,5.579401987587294,0.4162048676146617,1.9393849074906794e-06,0.00048382475043918014,0.03047412120078096,0.0,1
0.21384605297498638,0.33913232323435066,0.11501073266232809,0.0,1.4512040615081787,1.8021620189942171,2.6227401157011556,3.7718399467270087,20.574830980519526,0.11501073266232809,0.25694635513434605,0.0,1.4512040615081787,0.3285938873887062,0.0,0.0,0.3285938873887062,0.6305663239917381,1.5858713243307747,0.08537316995338468,5.4416147859852835,0.4009250142299789,1.8028075287299568e-06,0.0002891355470285537,0.029975345684819684,0.0,1
0.16065937673556618,0.27087088045674107,0.0733710338794101,0.0,1.217476487159729,2.0117111265861647,3.535846767240975,3.704069535799656,12.695356059196245,0.0733710338794101,0.20036441972024477,0.0,1.217476487159729,0.2437560148537159,0.0,0.0,0.2437560148537159,0.5931194351538601,1.6859948417612445,0.12600914278447217,5.343842750221384,0.31493248357778314,1.753415327638969e-06,0.00021102291090229034,0.023941829549616534,0.0,1
0.22838899717135064,0.31119973709889287,0.09684527637042004,0.05506219156086445,1.6274253129959106,1.736893458062343,3.6622503866056473,3.9799967142443813,19.072871731117466,0.09684527637042004,0.24728137309111275,0.0,1.6274253129959106,0.38276591897010803,0.0,0.05506219156086445,0.38276591897010803,0.7338960675365418,1.3625863809254035,0.13294791296861116,5.741921522210072,0.3860140028539835,2.245553652159287e-06,0.0010205111959096578,0.027506430550762243,0.05506219156086445,1
0.20869608872453682,0.30419378782875195,0.09253386055360374,0.0,1.2142019271850586,1.4941418882197566,1.3951944244820806,3.865644750753568,17.41925350432301,0.09253386055360374,0.24563889494174873,0.0,1.2142019271850586,0.3496292531490326,0.0,0.0,0.3496292531490326,0.6860606988507094,1.4575921843473785,-0.06185102621560475,5.576946511565961,0.3689009596118225,1.9393834527005853e-06,0.00045237240294917363,0.026887186271066545,0.0,1
0.2638163737137802,0.4014752315825422,0.1611823615742559,0.0,1.7516905069351196,1.8392953241810466,3.049942600929925,3.848775647255895,29.54002439855934,0.1611823615742559,0.307618315048785,0.0,1.7516905069351196,0.3987024053931236,0.0,0.0,0.3987024053931236,0.6571157965538003,1.5217980064350023,0.20070733528760662,5.552609539605628,0.48039716965625934,1.9692222776986336e-06,0.0005526517627300139,0.03548573234130689,0.0,1
0.2568529344844137,0.40216497737627455,0.16173666902805942,0.0,1.5186253786087036,1.5090977288175063,1.1228310594517996,3.7569567174104437,29.146892669608185,0.16173666902805942,0.3239036388852128,0.0,1.5186253786087036,0.423558346927166,0.0,0.0,0.423558346927166,0.6386739528791541,1.565740248144522,0.11890932251163999,5.420142824857863,0.4771897934588647,1.8823200926486362e-06,0.00037314416334447093,0.03554669783231227,0.0,1
0.19866277456458192,0.2839760710319314,0.08064240891873253,0.0,1.3354125022888184,1.680469706485996,2.727690607504539,3.906565915401444,15.373991285303095,0.08064240891873253,0.22456932422574027,0.0,1.3354125022888184,0.33074951171875,0.0,0.0,0.33074951171875,0.6995732924586844,1.429437757800043,0.1727168722945221,5.6359832728708525,0.3465678965461608,1.9692186780843284e-06,0.0004940887053626598,0.025100175690173924,0.0,1
0.21190757158910856,0.29742422393787254,0.08846116898504575,0.0,1.1642167568206787,1.4090323590214242,1.093662862001949,3.90920078701924,17.070846448875383,0.08846116898504575,0.23943126543599647,0.0,1.1642167568206787,0.37038788944482803,0.0,0.0,0.37038788944482803,0.7124734371331355,1.4035563793566652,-0.08556056197763857,5.639784589087226,0.36519308301477854,1.9692191357047646e-06,0.0005073566191504511,0.026288835704451993,0.0,1
0.22628661529779492,0.31833753609511256,0.10133878688710708,0.0077626105630770326,1.4320294857025146,1.3675353101415229,1.0886067831197241,3.9019576074468123,19.525685651205034,0.10133878688710708,0.2629843811956789,0.0,1.4320294857025146,0.42942187935113907,0.0,0.0077626105630770326,0.42942187935113907,0.7108363884358175,1.406789065611229,0.10183172801096226,5.629334889837816,0.39056935254835257,2.031714372137194e-06,0.000596586827933018,0.028137328809883927,0.0077626105630770326,1
0.18942744450032478,0.29088321182602017,0.08461304292222133,0.0,1.417344570159912,1.600879739439243,2.07261566976519,3.7829321927055926,15.423462355474555,0.08461304292222133,0.23224114117283534,0.0,1.417344570159912,0.3042197972536087,0.0,0.0,0.3042197972536087,0.6512125333691973,1.5355917015790257,-0.010027111426785779,5.457617514250908,0.3471250490128089,1.8028016314916112e-06,0.00026746487990179105,0.025710686451937723,0.0,1
0.17139901167684002,0.27383983001729534,0.07498825250390119,0.0,1.1644847393035889,1.7805026600282643,2.5343522523774995,3.759039885318938,13.358831834585438,0.07498825250390119,0.2109211267414821,0.0,1.1644847393035889,0.26749733090400696,0.0,0.0,0.26749733090400696,0.6259074355932048,1.5976744984597682,0.018630247628615957,5.423148200868787,0.32305707500022146,1.855056967842527e-06,0.00029887936491284484,0.024204250095525126,0.0,1
0.29482773765630554,0.3851175524238668,0.1483155291849498,0.09137259423732758,1.432456374168396,1.1598855047808343,0.2339784965507059,3.987826296216266,30.110582281790094,0.1483155291849498,0.3235015692559955,0.0,1.432456374168396,0.5319093465805054,0.0,0.09137259423732758,0.5319093465805054,0.7655505968245697,1.3062459980370513,0.09607683726843556,5.753217221293145,0.4850143545056013,2.13332335885334e-06,0.000953497795533163,0.03403990410911024,0.09137259423732758,1
0.20730508604901843,0.2891205696121793,0.08359070377287102,0.042173175141215324,1.3370471000671387,1.4057246964922496,1.283710132864095,3.9241233111337053,16.20046111675673,0.08359070377287102,0.23418700830598027,0.0,1.3370471000671387,0.31661709398031235,0.0,0.042173175141215324,0.31661709398031235,0.7170170192666444,1.3946622107660935,0.027955539792234883,5.661313240624711,0.3557612998552006,2.0645010622218868e-06,0.0006444904202720741,0.025554889419161154,0.042173175141215324,1
0.2814035761057312,0.38105438290185295,0.14520244272871197,0.06196970492601395,1.5317001342773438,1.388605135308995,1.091943970853709,3.969958714705526,28.721973167847167,0.14520244272871197,0.30764370195947777,0.0,1.5317001342773438,0.4534173160791397,0.0,0.06196970492601395,0.4534173160791397,0.7384847156934438,1.3541206127340761,0.182060157712511,5.72743975005492,0.47369865460417554,2.2455588227002e-06,0.0011327000155452458,0.033680767268844426,0.06196970492601395,1
0.2893629749887623,0.4454177621434767,0.1983969828329028,0.0,2.1514220237731934,1.7814483640960757,2.7890054011258787,3.812406966967113,36.11237300828798,0.1983969828329028,0.3394621419529358,0.0,2.1514220237731934,0.431955024600029,0.0,0.0,0.431955024600029,0.6496425377239806,1.539304612695439,0.14167928701338364,5.500140624909325,0.5311571463580715,1.8028131278784771e-06,0.0003463334301610083,0.03936974000907363,0.0,1
0.2659995211142814,0.3863266785281765,0.149248302542613,0.0,1.6409974098205566,1.4519312826707955,1.1922790476698495,3.8658991164688423,28.160518115281924,0.149248302542613,0.3105284240546098,0.0,1.6409974098205566,0.4478392079472542,0.0,0.0,0.4478392079472542,0.6885334287402888,1.4523585490298645,0.0486156159460694,5.577313483721962,0.469045890905826,1.910440769366753e-06,0.0004710591372874177,0.034146776767568617,0.0,1
0.24408659545588307,0.317324505608369,0.10069484185959582,0.0654081255197525,1.4291967153549194,1.3545010843989915,1.323225458805311,4.011414936472942,20.514957816427483,0.10069484185959582,0.2580148990600719,0.0,1.4291967153549194,0.41047538816928864,0.0,0.0654081255197525,0.41047538816928864,0.7691994218615551,1.3000488823062926,0.17316640351607623,5.787248435612768,0.4003412393706645,2.169479531114199e-06,0.0009598288159086328,0.02804778871904329,0.0654081255197525,1
0.33560541801853105,0.450008591515102,0.20250773243740589,0.02053846325725317,1.6569373607635498,1.1401514117906502,0.12743054194179448,3.94042332412541,40.337757317222255,0.20250773243740589,0.3820095471219247,0.0,1.6569373607635498,0.6749308705329895,0.0,0.02053846325725317,0.6749308705329895,0.7457739220371005,1.3408859552149839,-0.09630828598741693,5.684829188534271,0.5613721840640119,2.0317355536191443e-06,0.0007505133071102312,0.03977551583156695,0.02053846325725317,1
0.3829510956420563,0.5622005903090666,0.31606950374386295,0.0,2.662662982940674,1.5639788462897872,1.9648577926168036,3.8543276496874643,59.22829381085623,0.31606950374386295,0.4466238711429469,0.0,2.662662982940674,0.6186401844024658,0.0,0.0,0.6186401844024658,0.6811633091104056,1.4680741136579862,0.0562550713620215,5.560619385980656,0.6802360218316245,1.8550687559331763e-06,0.00047199882856278745,0.049691981224327615,0.0,1
0.3738037100993097,0.5540306377798959,0.3069499475987982,0.0,2.7623019218444824,1.7209006142273457,2.9046352714154775,3.8607021332307094,57.17493264419929,0.3069499475987982,0.4328141075602616,0.0,2.7623019218444824,0.6409455090761185,0.0,0.0,0.6409455090761185,0.6746974082512835,1.482143228681986,0.13254545646448768,5.569815821776723,0.6683406027489329,1.9393879730717436e-06,0.0005998430649395897,0.04896985261990903,0.0,1
0.41190490586450323,0.6140059175587591,0.37700326679717366,0.02671075239777565,2.4509241580963135,1.6039455317827775,1.712957864984694,3.8580816312566197,69.97362153886962,0.37700326679717366,0.4833639211365153,0.0,2.4509241580963135,0.6297384202480316,0.0,0.02671075239777565,0.6297384202480316,0.6708473375221946,1.490649683499369,-0.12092849051429243,5.566035236574065,0.7393706230791286,2.03173699046042e-06,0.0008019298070618582,0.05427096849930835,0.02671075239777565,1
0.37209784045626293,0.5382302316720053,0.2896917822857006,0.055041272193193436,2.499748706817627,1.7656966924538249,3.167348328627642,3.9050220289678057,54.80301890021312,0.2896917822857006,0.42296162206821464,0.0,2.499748706817627,0.6273641586303711,0.0,0.055041272193193436,0.6273641586303711,0.6913345390611166,1.4464750212256874,0.29802675511781807,5.633755915569347,0.654330639018161,2.0983423746252777e-06,0.0009159622515167799,0.04757328083186018,0.055041272193193436,1
0.3989172053261427,0.5679981845359507,0.322621937636136,0.08364801853895187,2.239649772644043,1.531134526752275,1.559008987693705,3.920031482532396,61.66487991569356,0.322621937636136,0.4484482344478238,0.0,2.239649772644043,0.629660576581955,0.0,0.08364801853895187,0.629660576581955,0.7023200317656332,1.4238498037996945,0.14819031112442138,5.655409979793438,0.6940870797971649,2.1694767291628403e-06,0.0011490539643038739,0.050204420998377346,0.08364801853895187,1
0.3139771331480006,0.4572363904730949,0.20906511677286452,0.0,2.0393314361572266,1.5338192627158531,1.7800095001874645,3.864841739146147,39.37878488482583,0.20906511677286452,0.36608948587922896,0.0,2.0393314361572266,0.4989355057477951,0.0,0.0,0.4989355057477951,0.6866829784483163,1.4562729007961406,0.03456461880602334,5.575788010702159,0.5546591357876491,1.9104409413485457e-06,0.0005060295901092879,0.040414369038598186,0.0,1
0.4260767609557661,0.5693048044752922,0.32410796039865064,0.08214237913489342,2.805194616317749,1.4776492282799847,2.0091319339539027,3.9897670930726212,64.72311892802658,0.32410796039865064,0.4629146785422904,0.0,2.805194616317749,0.7568498849868774,0.0,0.08214237913489342,0.7568498849868774,0.7484145736902595,1.3361554927291508,0.07080526358104673,5.756017199293182,0.7110902661583884,2.461389086247463e-06,0.0020721859552148593,0.05031991097582008,0.08214237913489342,1
0.32160282687982544,0.4153119730254041,0.17248403493825398,0.060459623113274574,1.609317421913147,1.1074420718135585,0.1106334627606862,3.9921829106255995,35.31678888900466,0.17248403493825398,0.3507723169041128,0.0,1.609317421913147,0.5716550648212433,0.0,0.060459623113274574,0.5716550648212433,0.7743625838053305,1.2913815996418319,0.028301118817135262,5.759502487296557,0.5252736555314277,2.0983521771642763e-06,0.0009187201584341191,0.03670873905427847,0.060459623113274574,1
0.2267307733563939,0.34023967798226323,0.11576303847347419,0.0,1.5292376279830933,1.6537677642381152,2.0939683251747505,3.84400810944708,21.397744903713615,0.11576303847347419,0.2662142635665532,0.0,1.5292376279830933,0.35330960154533386,0.0,0.0,0.35330960154533386,0.666383498589823,1.500632988392126,0.06486557446647336,5.5457314364516,0.4088641364319725,1.939383080723309e-06,0.00046441467487774534,0.030073222941248198,0.0,1
0.3249809964981978,0.45279241773286943,0.20502097355637733,0.04613411985337734,2.239070177078247,1.695913911620722,3.102942000490086,3.9499108188295304,39.76110357009139,0.20502097355637733,0.35697624719637133,0.0,2.239070177078247,0.5656732320785522,0.0,0.04613411985337734,0.5656732320785522,0.7177246483073303,1.3932889080035191,0.35108202999023097,5.698516750094367,0.5573451548558926,2.1694719988742926e-06,0.0010431912262902198,0.040021573631095486,0.04613411985337734,1
0.30584664185880683,0.43753753242424914,0.19143909227990089,0.0,1.9550739526748657,1.5427712906905475,1.8975779127717889,3.893584092058562,36.47760135887489,0.19143909227990089,0.35157677517554475,0.0,1.9550739526748657,0.5151976346969604,0.0,0.0,0.5151976346969604,0.6990164732788602,1.430578180506023,0.15277436288161939,5.617254460712379,0.5338363612720757,1.9393881670209628e-06,0.0005604770917309002,0.038673219525101936,0.0,1
0.3821473217685707,0.5333270216046432,0.2844377119736795,0.15202350914478302,2.313694715499878,1.5692024397225413,1.841690549464582,3.9498193722522763,55.100708801097085,0.2844377119736795,0.41448789083096926,0.0,2.313694715499878,0.5571721792221069,0.0,0.15202350914478302,0.5571721792221069,0.7165333646238768,1.395605807562423,0.13852404622083714,5.698384820570852,0.6561053935981406,2.0983545603090684e-06,0.0010046145418181821,0.04713989419583344,0.15202350914478302,1
0.32355337546323426,0.4643076870440917,0.21558162824823418,0.0,1.7817277908325195,1.4175731610536384,1.0926230994110178,3.875290423098419,40.99435712280152,0.21558162824823418,0.3761485917070786,0.0,1.7817277908325195,0.5301156640052795,0.0,0.0,0.5301156640052795,0.6968497133298499,1.4350265590007776,0.051950328478476214,5.59086227522392,0.5659226228221371,1.910441819304368e-06,0.0005174992825189893,0.041039389258239814,0.0,1
0.31824405907536857,0.4414792374920305,0.19490391713654465,0.13426027446985245,2.2813308238983154,1.807486609286656,3.5270247706061744,3.9819710032832827,37.911449378983846,0.19490391713654465,0.3349625349865164,0.0,2.2813308238983154,0.4887665957212448,0.0,0.13426027446985245,0.4887665957212448,0.7208568630008347,1.3872348120958218,0.10374066363182277,5.7447698192157794,0.544227156868629,2.2856952832029134e-06,0.0013854531789422276,0.03902162032296013,0.13426027446985245,1
0.29903288873902056,0.42176471015870753,0.17788547073525857,0.0,1.711393117904663,1.3315581564782772,0.8414422669625976,3.891419541440703,34.21518582820633,0.17788547073525857,0.3469661497654215,0.0,1.711393117904663,0.5824450701475143,0.0,0.0,0.5824450701475143,0.7090023715453221,1.4104291736511985,-0.08047964729013193,5.614131674270242,0.5170165754430528,1.9692170711797594e-06,0.0005825040494593704,0.0372790858273001,0.0,1
0.3758466573926853,0.5082946362211993,0.2583634372112414,0.06576693616807461,2.5459353923797607,1.54731088192065,2.3326326648437172,3.9771348015517196,51.15189082681549,0.2583634372112414,0.40801588401018307,0.0,2.5459353923797607,0.6302645653486252,0.0,0.06576693616807461,0.6302645653486252,0.7394253080487295,1.3523989803376968,0.14566710164428887,5.737792654960913,0.6321583243812392,2.169479988996642e-06,0.001166618860752095,0.04492732301409492,0.06576693616807461,1
0.3309058293743874,0.4635400785011304,0.2148694043768341,0.0,1.7451523542404175,1.1608017286501549,0.06218103007505871,3.880400708709005,41.51911325322052,0.2148694043768341,0.39658892093871145,0.0,1.7451523542404175,0.6715112030506134,0.0,0.0,0.6715112030506134,0.7138651669111575,1.4008217364363211,-0.1218203616803448,5.598234858931839,0.5695332056085802,1.969220289709581e-06,0.0006007392998598094,0.04097154160748673,0.0,1
0.344417329019052,0.49396493285135673,0.24400135488684538,0.001798444427549839,2.425690174102783,1.789852768210283,3.4146203401850252,3.912906235581059,46.41595538117929,0.24400135488684538,0.3799088269893218,0.0,2.425690174102783,0.554324597120285,0.0,0.001798444427549839,0.554324597120285,0.6972491544729531,1.4342046442849927,0.21250967383268715,5.645130421351631,0.6021832374082354,1.9999853191808137e-06,0.0006996858003771742,0.04366074421094399,0.001798444427549839,1
0.20770831387198996,0.28285350929525116,0.08000610772063872,0.04330510459840298,1.3205723762512207,1.5063453882533515,1.9437230392857963,3.9668296028053636,15.763052975639528,0.08000610772063872,0.2275412866372335,0.0,1.3205723762512207,0.36115793138742447,0.0,0.04330510459840298,0.36115793138742447,0.7343291587944191,1.3617823187837006,-0.06074058519611163,5.722925395834171,0.35092570634278675,2.2455653953033743e-06,0.0009490257571261837,0.02500095431313553,0.04330510459840298,1
0.20171906088944525,0.2988066413561484,0.08928540891854188,0.0,1.4160854816436768,1.5154936299179749,1.8741562531828775,3.8186702581871366,16.636926520916685,0.08928540891854188,0.24502967948137666,0.0,1.4160854816436768,0.3816453590989113,0.0,0.0,0.3816453590989113,0.6750799945206777,1.481300973931825,0.03356325486301281,5.509176644092095,0.36052182797253984,1.777767379884529e-06,0.000262834733281893,0.026411025295813646,0.0,1
0.3255587434396148,0.4123516313396692,0.17003386786848645,0.09116096422076225,1.3718334436416626,0.9763882792898699,-0.38321064040382113,4.008417945772383,35.330862502203814,0.17003386786848645,0.3604034191084793,0.0,1.3718334436416626,0.6403745114803314,0.0,0.09116096422076225,0.6403745114803314,0.7895153776075718,1.2665967038177641,0.08217738287165195,5.782924691991479,0.5253783049369923,2.1694819921612463e-06,0.0011013815997397529,0.03644707934420192,0.09116096422076225,1
0.19469397912325803,0.26199759184978444,0.06864273813508623,0.0,0.966586709022522,1.149858473391799,0.20513176403674516,3.928887346364364,13.638205906167535,0.06864273813508623,0.22232509507716713,0.0,0.966586709022522,0.3519517555832863,0.0,0.0,0.3519517555832863,0.7431107844842344,1.3456892351248182,0.02358871381764155,5.668186290626602,0.3264176521604398,1.9393812012160255e-06,0.00044878462115783337,0.02315753423144099,0.0,1
0.26606505681411363,0.4190055143180778,0.17556562102895693,0.0,1.9746564626693726,1.7882074985026284,2.609558785990864,3.7864384043497323,31.533598142266165,0.17556562102895693,0.3186854502728238,0.0,1.9746564626693726,0.38633453845977783,0.0,0.0,0.38633453845977783,0.634990263211367,1.5748235387814042,0.14066797383935073,5.462675908402215,0.49634286081946866,1.8550647073688248e-06,0.0003797849585128253,0.03703520506610873,0.0,1
0.29999267785751726,0.409398934274625,0.1676074873851987,0.03941421862691641,1.7493962049484253,1.3489332529081717,1.063672048341779,3.942544263317147,32.97319605162532,0.1676074873851987,0.3374526552227053,0.0,1.7493962049484253,0.5605581700801849,0.0,0.03941421862691641,0.5605581700801849,0.7327619101577153,1.3646964225875895,0.10715893800974524,5.687889056988216,0.507546149776868,2.031738199724369e-06,0.000730719545326024,0.036186095329516624,0.03941421862691641,1
0.3152336265411577,0.47527996102112824,0.22589104134824517,0.006767756771296263,2.077026605606079,1.6699302927312019,2.231287223640839,3.844962643219784,41.63369992326852,0.22589104134824517,0.37281639015509427,0.0,2.077026605606079,0.5302872508764267,0.0,0.006767756771296263,0.5302872508764267,0.663257425384528,1.5077070496445735,0.010688790682901574,5.547108537591841,0.5703185782091754,2.0317290184826093e-06,0.0006860924865641166,0.042009210425014716,0.006767756771296263,1
0.28535975351405796,0.37719184348467805,0.14227368679136984,0.010708851739764214,1.325479507446289,1.0556552554069853,-0.1674654594959315,3.950685797722191,28.634096091772648,0.14227368679136984,0.32445607638828733,0.0,1.325479507446289,0.6098523288965225,0.0,0.010708851739764214,0.6098523288965225,0.7565354392139987,1.321811638956634,0.08327877251565072,5.699634808299601,0.4729734408156274,2.064496423314939e-06,0.0007420694914584232,0.03333936379203384,0.010708851739764214,1
0.24787679797736928,0.3914330355122992,0.15321982129037287,0.0,1.813289999961853,1.856166145916936,3.284817386477357,3.7750443500387147,27.47682921803346,0.15321982129037287,0.30474331145705946,0.0,1.813289999961853,0.42689499258995056,0.0,0.0,0.42689499258995056,0.6332530528495159,1.579143504782712,0.11086120453601983,5.446237762752091,0.4633170925682393,1.8028108104044684e-06,0.00031045505894924534,0.034598119223897675,0.0,1
0.312643944460433,0.3982802384995547,0.15862714837926217,0.09169010445475578,1.7032934427261353,1.154365036575841,0.48995996515875495,4.011315006402682,32.81579320154118,0.15862714837926217,0.33620024157880835,0.0,1.7032934427261353,0.5885969549417496,0.0,0.09169010445475578,0.5885969549417496,0.7849828569336001,1.273909971891234,0.06603407787816581,5.787104266995967,0.5063332740271377,2.098352766517087e-06,0.000923765951443439,0.03520333218195382,0.09169010445475578,1
0.23685737178311683,0.338042820884462,0.11427294875152447,0.0,1.5843541622161865,1.5006501011868905,1.6874353671726405,3.896081537276696,21.807918504899853,0.11427294875152447,0.2718013425433128,0.0,1.5843541622161865,0.36176522821187973,0.0,0.0,0.36176522821187973,0.7006706147250386,1.427199915035778,0.03826751675471477,5.620857512543475,0.4127642951122712,1.9692218549615107e-06,0.0005358095579153586,0.029879046372354067,0.0,1
0.30709658200794365,0.43368628778794105,0.18808379621528482,0.033161528408527374,2.06532621383667,1.5181722283518455,1.8119628084223418,3.9166587761125022,36.14618968271955,0.18808379621528482,0.3458714979767592,0.0,2.06532621383667,0.5189727544784546,0.0,0.033161528408527374,0.5189727544784546,0.708106026289855,1.4122146360350012,0.12945130164956647,5.6505441929670805,0.531405783649601,2.098341870756936e-06,0.0008331455351363543,0.038332814375309214,0.033161528408527374,1
0.17216419238502567,0.283584256288106,0.0804200304144782,0.0,1.279172420501709,1.9662257624066888,3.6181274989071497,3.72497796987178,14.087749062920489,0.0804200304144782,0.2140100597706862,0.0,1.279172420501709,0.2882832735776901,0.0,0.0,0.2882832735776901,0.6070985305742304,1.647173273138598,0.03266465056145703,5.374007244369991,0.33175373329333663,1.8027905399132155e-06,0.0002469639478482078,0.025065543832382946,0.0,1
0.32881841287962743,0.46107880590055855,0.21259366525068493,0.07681039348244667,2.23095965385437,1.7383007283110496,3.1574847711198792,3.957039252453685,41.05154737911834,0.21259366525068493,0.3649344436753381,0.0,2.23095965385437,0.5852374732494354,0.0,0.07681039348244667,0.5852374732494354,0.7131485887511282,1.4022292786546249,-0.03514835457063054,5.70880090593324,0.56631723786175,2.327247165269714e-06,0.0014628570526287951,0.04075399378921011,0.07681039348244667,1
0.30212974858659436,0.45454521536129106,0.20661135280784246,0.016828565625473857,2.6115996837615967,2.0307168180880364,5.063069646949364,3.876127346960852,38.13039843697167,0.20661135280784246,0.3444231667680242,0.0,2.6115996837615967,0.4646899178624153,0.0,0.016828565625473857,0.4646899178624153,0.6646843343452984,1.5044702399803984,0.08544479285521756,5.592069701129854,0.5457964252254142,2.0644959312628628e-06,0.0007499461914774191,0.040176500517233565,0.016828565625473857,1
0.3143069311772706,0.4448160200914843,0.19786129173002776,0.07547784224152565,1.8883247375488281,1.6267192535112365,2.214585672631566,3.9300823610546414,37.971217755660966,0.19786129173002776,0.3496208936824132,0.0,1.8883247375488281,0.5046021267771721,0.0,0.07547784224152565,0.5046021267771721,0.7065982572173789,1.4152281606561388,-0.02016164054525917,5.669910332394055,0.544655981988724,2.098351505861739e-06,0.0008811176685855633,0.03931655302338751,0.07547784224152565,1
0.22085986930323998,0.3276800902322511,0.10737424153461622,0.053160639479756355,1.9293413162231445,2.072027261784048,5.4623285291096515,3.9085337134527873,19.987625395617336,0.10737424153461622,0.24828475056744992,0.0,1.9293413162231445,0.3695569932460785,0.0,0.053160639479756355,0.3695569932460785,0.6740085891032063,1.4836560904704117,0.0682197767529163,5.638822205360997,0.39516240130262953,2.169474963330752e-06,0.0008525953684091691,0.028963101732880563,0.053160639479756355,1
0.31274146503164957,0.4248162535120721,0.18046884924803308,0.06503714434802532,1.664969563484192,1.3641234779366151,0.9687776568910511,3.964905732910876,35.61933736936648,0.18046884924803308,0.34638128838906823,0.0,1.664969563484192,0.5488899499177933,0.0,0.06503714434802532,0.5488899499177933,0.7361788214723778,1.3583624207588862,0.1642313136078345,5.720149838278077,0.5275187894266664,2.285640280752784e-06,0.0012819708337614103,0.0375488067020812,0.06503714434802532,1
0.20882604595681187,0.2990842773699204,0.08945140496988746,0.0,1.5132524967193604,1.6267225198329673,2.5827495578789454,3.8982650097741915,17.03164447230003,0.08945140496988746,0.23723142600260871,0.0,1.5132524967193604,0.3842003792524338,0.0,0.0,0.3842003792524338,0.6982157322927255,1.4322173079491012,0.12609786583808053,5.6240075974875285,0.364773522120019,1.9692204292016383e-06,0.000503666070306774,0.02643556508431862,0.0,1
0.22550992768083233,0.32263620202331966,0.10409411885603234,0.021700904704630375,1.587458848953247,1.5910968153448521,2.270089717522512,3.9055340644262833,19.83345233134676,0.10409411885603234,0.254516346668197,0.0,1.587458848953247,0.4020286574959755,0.0,0.021700904704630375,0.4020286574959755,0.6989582300696151,1.4306962240702397,0.05326736318277403,5.6344946265860525,0.3936354231248079,2.031734241133361e-06,0.0006176011530387471,0.028517280788370278,0.021700904704630375,1
0.29114056122489274,0.4191142597720652,0.17565676274428615,0.0,1.6307518482208252,1.4261488043003518,1.0718175884973977,3.877443411900308,33.33370740923286,0.17565676274428615,0.33962055984011386,0.0,1.6307518482208252,0.4948316961526871,0.0,0.0,0.4948316961526871,0.6946551203676736,1.4395598401293135,-0.020084795834925565,5.593968381491494,0.5103132264939169,1.9692216737247526e-06,0.0005769661730416989,0.037044816897100936,0.0,1
0.26612412161921384,0.4030831953957329,0.1624760624104346,0.0,1.7372682094573975,1.548572502277074,1.6218415471837027,3.804781328608443,29.86215814630819,0.1624760624104346,0.321773999645643,0.0,1.7372682094573975,0.4227888584136963,0.0,0.0,0.4227888584136963,0.6602196877452444,1.5146435916564085,0.07642429180617691,5.489139154265657,0.48300943108601174,1.8285605544005773e-06,0.00034615562836355336,0.035627857605833105,0.0,1
0.3061200693482533,0.439177602271757,0.1928769663371696,0.0,2.091500759124756,1.5185457351737444,1.8912424744462752,3.879059351784191,36.68306728895348,0.1928769663371696,0.3543763139805378,0.0,2.091500759124756,0.5265981554985046,0.0,0.0,0.5265981554985046,0.6970286524998568,1.4346579863476139,-0.014286403922726744,5.5962996899483475,0.5353377094834149,1.882347920130039e-06,0.0004682828556666652,0.038818182588950985,0.0,1
0.28898291899531614,0.42841340315925036,0.1835380440064904,0.0,1.8315131664276123,1.5081103675624967,1.5540438560026892,3.833876328504128,34.182293949125615,0.1835380440064904,0.3480695414834827,0.0,1.8315131664276123,0.5564557760953903,0.0,0.0,0.5564557760953903,0.6745406243680732,1.482486939534977,0.044957519008837855,5.531114366329829,0.5167680054700986,1.8823444902222805e-06,0.0004337850427208238,0.037866752815639025,0.0,1
0.278321420053544,0.41338769981332507,0.17088939035695178,0.015348993707448244,1.7464796304702759,1.5902925599991375,1.756176561099684,3.8620754726060373,31.78908201184936,0.17088939035695178,0.3243281382447094,0.0,1.7464796304702759,0.3935452625155449,0.0,0.015348993707448244,0.3935452625155449,0.6732680892806849,1.4852888424246928,0.13041615819998909,5.571797131682965,0.4983494789979951,2.0317338824272754e-06,0.000662246724271463,0.03653865572463888,0.015348993707448244,1
0.2589398672571406,0.37764130164825205,0.1426129527105861,0.0,1.5688143968582153,1.5998958479809433,1.9320264254965869,3.875617976144796,26.83683936841365,0.1426129527105861,0.29577842879734817,0.0,1.5688143968582153,0.3864188864827156,0.0,0.0,0.3864188864827156,0.6856749525330595,1.4584131275283108,0.23950182732291547,5.591334834379554,0.45788951458373844,1.910441452925959e-06,0.0004726312576816727,0.033379090656449194,0.0,1
0.26070183432966587,0.39962809835491725,0.15970261699476743,0.0,1.6802082061767578,1.5424084346828406,1.615144345402352,3.784254376982976,29.14151211745536,0.15970261699476743,0.32571434982298797,0.0,1.6802082061767578,0.46568548679351807,0.0,0.0,0.46568548679351807,0.6523594888431579,1.532893312325431,0.09064656839206314,5.45952502295103,0.47714574651527597,1.8823251151430123e-06,0.0003826801781385325,0.03532246728743082,0.0,1
0.30822582307155244,0.49655308177759755,0.2465649630228295,0.0,2.129232406616211,1.6480644385821848,1.821230680140471,3.718287127469594,43.72071949196358,0.2465649630228295,0.391929993947997,0.0,2.129232406616211,0.5127128809690475,0.0,0.0,0.5127128809690475,0.6207296131131276,1.611004155425116,0.13631313687365712,5.36435439921699,0.5844382953152244,1.7297246374930312e-06,0.0002526340352050101,0.04388950641800218,0.0,1
0.25897433003410697,0.4135999991462898,0.17106495929381094,0.0,1.9779385328292847,1.8217521395565683,3.0840112906033488,3.7456410931412814,30.48098085253446,0.17106495929381094,0.3218885252645123,0.0,1.9779385328292847,0.4404120594263077,0.0,0.0,0.4404120594263077,0.6261453201724697,1.5970694821058853,-0.04639547265551774,5.403817829840179,0.48798838399128464,1.753415325212762e-06,0.0002573074677817512,0.03655742051188647,0.0,1
0.2356317620142363,0.3487735840551103,0.12164301293464708,0.019069679081439972,1.5328643321990967,1.792497646431223,2.8993707964173803,3.8842719111366737,22.67716354618634,0.12164301293464708,0.26698555612438213,0.0,1.5328643321990967,0.3798926994204521,0.0,0.019069679081439972,0.3798926994204521,0.6755990051643324,1.4801637142366155,0.014048345853970341,5.603819823476512,0.4209101331692797,2.031733833813571e-06,0.0006244934665547467,0.030827520798013097,0.019069679081439972,1
0.4304801949765533,0.6116747840640736,0.3741460414598311,0.11657579243183136,2.7218246459960938,1.5579682789351341,1.716855986547034,3.9299534677470698,71.61078268504095,0.3741460414598311,0.48235315321653616,0.0,2.7218246459960938,0.6264059096574783,0.0,0.11657579243183136,0.6264059096574783,0.7037718448102894,1.4209127184059869,-0.05491431589090745,5.669724378658421,0.7479700794329158,2.206886942895516e-06,0.001332109730962121,0.054064923461565446,0.11657579243183136,1
0.3102676731941756,0.5109848123336987,0.26110547843570536,0.0,2.163599967956543,1.8086663323480556,2.5281948016273175,3.716705074336317,45.74355295552424,0.26110547843570536,0.3912708893317358,0.0,2.163599967956543,0.45037125051021576,0.0,0.0,0.45037125051021576,0.6071943011043046,1.6469160550087596,0.013014010889395774,5.3620719790071885,0.5978055766426348,1.8285617109046377e-06,0.00034996353603781625,0.04516510323556172,0.0,1
0.26379691823240137,0.3831304558448804,0.14678894619590588,0.0,1.7935371398925781,1.542863344338076,2.1741916162181045,3.8580361001303216,27.696353313896722,0.14678894619590588,0.31192632475676874,0.0,1.7935371398925781,0.49423643946647644,0.0,0.0,0.49423643946647644,0.688528478171225,1.452368960229277,0.11818778739625184,5.565969549043947,0.46516422934789187,1.9104307782689546e-06,0.000447575343929137,0.033864267925876004,0.0,1
0.1571620434478973,0.29122657656571443,0.08481291889818594,0.0,1.563819408416748,2.7288173182486317,8.651485307955099,3.612885612059416,14.017641830259803,0.08481291889818594,0.20426908103070218,0.0,1.563819408416748,0.24782045185565948,0.0,0.0,0.24782045185565948,0.5396537144635212,1.8530337871450653,0.01576491379190674,5.212292155632543,0.33092722281327164,1.706655033789414e-06,0.0001682492047429279,0.025741035893919992,0.0,1
0.28165637435449753,0.39675417988150957,0.15741387925344924,0.04286537505686283,2.1482248306274414,1.7646285649106823,3.7688246620889894,3.9386411473955056,30.303256635900173,0.15741387925344924,0.3128085536563958,0.0,2.1482248306274414,0.4972720891237259,0.0,0.04286537505686283,0.4972720891237259,0.7098996777776508,1.4086461944658422,0.05298191861751529,5.68225805100405,0.48656365715903,2.169476775851325e-06,0.0009674463438906997,0.035068446382290334,0.04286537505686283,1
0.1982980712200515,0.29949396405413764,0.0896966345048611,0.0,1.2657157182693481,1.4241795230633232,1.0738817890536607,3.7917727407232236,16.514401222970076,0.0896966345048611,0.24855127597584215,0.0,1.2657157182693481,0.40318483859300613,0.0,0.0,0.40318483859300613,0.6621081988684342,1.5103221237174262,0.06644896695762978,5.470371729034685,0.35919181443130593,1.855059310471327e-06,0.0003207873297616609,0.0264717766133901,0.0,1
0.2639219529228285,0.37567105995114647,0.1411287452848179,0.0,1.5198692083358765,1.4616133640091162,1.3019718581300337,3.894610494577428,26.980293442485454,0.1411287452848179,0.2988754523721582,0.0,1.5198692083358765,0.4349738135933876,0.0,0.0,0.4349738135933876,0.7025328233277442,1.4234172481324194,0.03220312784077122,5.618735246536305,0.4591116885022833,1.9393858430507237e-06,0.0005180007399528332,0.03320494424837421,0.0,1
0.2709837327711284,0.3558301368566079,0.12661508629539234,0.05014770105481148,1.384216547012329,1.289035062705972,0.8965051756310709,3.9901288677004256,25.606050524411735,0.12661508629539234,0.2922905505693052,0.0,1.384216547012329,0.4773280471563339,0.0,0.05014770105481148,0.4773280471563339,0.7615514908700328,1.313105156600453,-0.1161671887011469,5.7565391297546356,0.44726644153341827,2.169475683856192e-06,0.0009760124602041621,0.031451237840230586,0.05014770105481148,1
0.2675433992371836,0.4477216964486151,0.20045471747082583,0.0,1.8183391094207764,1.7413345310149932,1.9905350989313257,3.6890030924966286,34.82037605711525,0.20045471747082583,0.3444379019148869,0.0,1.8183391094207764,0.35499874502420425,0.0,0.0,0.35499874502420425,0.5975649690296401,1.6734544665469362,0.048487965714245115,5.3221064671842715,0.5215689675835908,1.9103713850862117e-06,0.00038558938937810364,0.03957338095539509,0.0,1
0.31685773929348215,0.4354561628317912,0.1896220697481875,0.010376546531915665,1.9652940034866333,1.4551336381688558,1.519168046963287,3.9422196747828115,37.12267477739057,0.1896220697481875,0.3482768451767697,0.0,1.9652940034866333,0.5105952173471451,0.0,0.010376546531915665,0.5105952173471451,0.7276438794414279,1.3742954923643511,0.06707473852314588,5.687420774719403,0.5385358824612932,1.999992923622619e-06,0.0006937283418256738,0.038489250705979125,0.010376546531915665,1
0.30645846101106144,0.4923335679883033,0.24239234216809324,0.0,2.1243674755096436,1.8279640340372048,2.73904296642994,3.7506097695442095,43.04756870315027,0.24239234216809324,0.37315622177584373,0.0,2.1243674755096436,0.4384678825736046,0.0,0.0,0.4384678825736046,0.622459768086693,1.6065262690545614,0.08203361499681275,5.410986114646467,0.5799216589276188,1.75342065954157e-06,0.000285949319893014,0.04351655056628717,0.0,1
0.2674098351271823,0.3869282251419707,0.1497134514115156,0.01387227326631546,1.870526671409607,1.639624453630394,2.386426751380885,3.8923610559087867,28.316348330785583,0.1497134514115156,0.30346082486175874,0.0,1.870526671409607,0.44869422912597656,0.0,0.01387227326631546,0.44869422912597656,0.6911078764574199,1.4469483703093586,-0.028643406717876553,5.615489992524273,0.470341866448504,1.999990561368832e-06,0.0006139108231482224,0.03419994647879533,0.01387227326631546,1
0.2011922062447411,0.27520636451916464,0.07573854307185532,0.022565951570868492,1.0752947330474854,1.300660730081368,0.7147763905923625,3.935576580059081,14.875756406461663,0.07573854307185532,0.2265408737313237,0.0,1.0752947330474854,0.3440348729491234,0.0,0.022565951570868492,0.3440348729491234,0.7310567673080227,1.367877859962372,0.013441834136995644,5.677836814905318,0.3409059209305138,2.098255611343755e-06,0.0006562327035011541,0.02432503582214977,0.022565951570868492,1
0.28602583322208375,0.3905848498641832,0.15255652494342653,0.007626466453075409,1.6517906188964844,1.3248336128590041,1.0140684542688039,3.9357880242476524,29.999014683368166,0.15255652494342653,0.32228512191250047,0.0,1.6517906188964844,0.5398721247911453,0.0,0.007626466453075409,0.5398721247911453,0.7322995272909717,1.3655579479106523,0.026933062226359678,5.678141864387596,0.4841149679712597,1.999991455207729e-06,0.00065083251251319,0.034523149495961684,0.007626466453075409,1
0.2653610325360205,0.40409277134574895,0.16329096785388775,0.0,1.6664313077926636,1.66828887411505,2.1727026402288345,3.809136428784538,29.914553016636248,0.16329096785388775,0.31747170536209524,0.0,1.6664313077926636,0.4584416598081589,0.0,0.0,0.4584416598081589,0.6566818183123477,1.5228037345343717,0.10967419613041733,5.4954222356922875,0.483432979266486,1.7777735347829524e-06,0.000303033840749498,0.035717092355880505,0.0,1
0.3670671135914745,0.5472964166097566,0.2995333676338803,0.0,2.7063610553741455,1.668056678341424,2.5573472630535177,3.835100869325597,55.586769089824855,0.2995333676338803,0.43465714081662554,0.0,2.7063610553741455,0.610078364610672,0.0,0.0,0.610078364610672,0.6706903823249855,1.4909982298737539,0.11011927794784394,5.532881005300329,0.6589928933715876,1.8550622257792459e-06,0.0004418498171676176,0.048374625937982085,0.0,1
0.370240225631278,0.5582364716792403,0.31162795831288725,0.0,2.284440279006958,1.4432550217142632,1.0873112047736706,3.798111339000496,57.434340222513526,0.31162795831288725,0.45752408336466033,0.0,2.284440279006958,0.6614646166563034,0.0,0.0,0.6614646166563034,0.6632306937718715,1.5077682894326767,-0.007563176886139393,5.479516393335494,0.6698550462513415,1.8823328084301076e-06,0.00045087697851143286,0.049341599328755356,0.0,1
0.35352633932052413,0.565548827773005,0.31984547659542006,0.0,2.4353084564208984,1.7599238252322444,2.4346103756664457,3.7481353036040805,56.93777269616517,0.31984547659542006,0.43780946940296417,0.0,2.4353084564208984,0.6044515371322632,0.0,0.0,0.6044515371322632,0.6251020192378507,1.5997360447314535,0.0770439862297735,5.407416214905795,0.6669530337203591,1.777771717822791e-06,0.00032438365532440333,0.04998792640129933,0.0,1
0.2630989352473989,0.3800948239839461,0.144472075219387,0.0,1.2516430616378784,1.2739475090671295,0.2443580969452177,3.849050010654314,27.352719993305854,0.144472075219387,0.3109158166025736,0.0,1.2516430616378784,0.429843932390213,0.0,0.0,0.429843932390213,0.6921910703720631,1.4446840068985185,-0.00578132454959985,5.553005362319928,0.46226953711844565,1.8285664138445073e-06,0.0003618843464492849,0.03359595344161943,0.0,1
0.35153741054818965,0.5572776665007891,0.3105583975805648,0.0,2.374408006668091,1.6535658267767808,1.9088373556220208,3.7519865923807685,55.56952942022288,0.3105583975805648,0.4409728560735857,0.0,2.374408006668091,0.6201848387718201,0.0,0.0,0.6201848387718201,0.6308108163471063,1.5852584953384246,0.1466894111851464,5.412972450124953,0.6588906954840774,1.8028109948020752e-06,0.0003517913554188808,0.04925685212331541,0.0,1
0.2135206832390395,0.3459477042106615,0.11967981404862733,0.0,1.8195233345031738,1.8885823744995356,3.5876354894155824,3.7343614977063524,21.15467471609518,0.11967981404862733,0.2654939383053261,0.0,1.8195233345031738,0.3804715424776077,0.0,0.0,0.3804715424776077,0.6172033039586658,1.6202069933588965,-0.09557875150880331,5.3875448134429735,0.40653523367537725,1.7777606434908283e-06,0.00025337091504588964,0.030577745947909584,0.0,1
0.14224332533194683,0.23144993238211267,0.05356907119968452,0.0,1.0138548612594604,1.6288611478581063,1.9785600517070874,3.6720686396843156,9.446686054550348,0.05356907119968452,0.18791074330601987,0.0,1.0138548612594604,0.24501202255487442,0.0,0.0,0.24501202255487442,0.614572271833025,1.6271408998769425,0.11530633366658884,5.297675216091779,0.27166566732138714,1.5999899534129614e-06,0.0001093466667459413,0.020457477086569968,0.0,1
0.3132342553053604,0.48849558640530494,0.23862793793746273,0.0,2.1969082355499268,1.6239252256879098,1.8387499522233313,3.773789722504182,43.1031854891733,0.23862793793746273,0.38541930364976906,0.0,2.1969082355499268,0.5041913837194443,0.0,0.0,0.5041913837194443,0.6412209706732125,1.5595215980739041,0.1534710599207418,5.444427717829859,0.5802961628635558,1.8549062051289698e-06,0.0003785084934179117,0.043177317715861266,0.0,1
0.2732304371893406,0.36521908422516636,0.13338497948226916,0.02900115866214037,1.4058144092559814,1.2548183979570962,0.6826736040198296,3.9595901285960435,26.629100964985263,0.13338497948226916,0.3042886551702395,0.0,1.4058144092559814,0.5005017295479774,0.0,0.02900115866214037,0.5005017295479774,0.7481254426875602,1.3366705700217445,0.10430327397254345,5.71248104229374,0.45611385781287916,2.064505075441383e-06,0.000756050517032722,0.03228111138429449,0.02900115866214037,1
0.33510693079733755,0.4444312949677946,0.19751917594675084,0.07291281968355179,1.8466147184371948,1.2820848132685347,0.7926208548901919,3.9834974584391887,39.65642636994079,0.19751917594675084,0.36768366005912867,0.0,1.8466147184371948,0.605866864323616,0.0,0.07291281968355179,0.605866864323616,0.754011206187482,1.3262372518238756,0.13062935138431767,5.7469720284993455,0.5566110230808966,2.2455995323845938e-06,0.001283641907647519,0.039282547805405785,0.07291281968355179,1
0.3507420650566928,0.4674838506344702,0.21854115060403165,0.09556829929351807,1.9180212020874023,1.4141657449390208,1.3361929857017403,3.9931855722270715,43.719826790945916,0.21854115060403165,0.3733207707946349,0.0,1.9180212020874023,0.5978377163410187,0.0,0.09556829929351807,0.5978377163410187,0.7502747192356413,1.332842271310992,0.07821675861128956,5.760949022216689,0.5844323286782354,2.2455971848037878e-06,0.0013363238287073574,0.04132012510985412,0.09556829929351807,1
0.2522107084078016,0.33573575763163466,0.11271849895248773,0.05835194140672684,1.4510308504104614,1.4414576710548503,1.762106492658761,3.986549378960701,22.57007876967076,0.11271849895248773,0.2725582443865733,0.0,1.4510308504104614,0.42045699805021286,0.0,0.05835194140672684,0.42045699805021286,0.75121565534544,1.331171700643181,0.07592752604278677,5.751375019100918,0.41991515855950334,2.1694712968542003e-06,0.0009409376146699054,0.029675128863516503,0.05835194140672684,1
0.1952925874502398,0.31131021590547764,0.0969140505271151,0.0,1.3091821670532227,1.6812335409222114,2.093292419541389,3.736705920901385,17.286815390735956,0.0969140505271151,0.2448941701932199,0.0,1.3091821670532227,0.2967698648571968,0.0,0.0,0.2967698648571968,0.6273226837722925,1.594070824550875,0.11838929355001536,5.390927101160191,0.36749591186858754,1.7066614151220325e-06,0.0001978177516216444,0.027516195589926427,0.0,1
0.2791927255475457,0.40915665527178224,0.16740916855319204,0.011158848297782242,1.4966562986373901,1.4262931131586463,0.8744195680284723,3.8617430961058266,31.405791558637976,0.16740916855319204,0.3264541127979612,0.0,1.4966562986373901,0.4015294536948204,0.0,0.011158848297782242,0.4015294536948204,0.6823597748943313,1.4654989827165252,0.1004611548345275,5.571317613754403,0.4953359935961238,2.0317226369676355e-06,0.0006476742879609527,0.03616468068878547,0.011158848297782242,1
0.33227272555814125,0.4682215597218297,0.21923142898834297,0.011794256046414375,1.8882248401641846,1.4445268225272836,1.239284825042633,3.912142702619864,42.19348392168688,0.21923142898834297,0.3737289836240052,0.0,1.8882248401641846,0.547701820731163,0.0,0.011794256046414375,0.547701820731163,0.7096469801787081,1.4091483402236098,0.07091951416018588,5.644028876134961,0.5741398724511116,1.9999925426864022e-06,0.0006931040374083501,0.04138532999713098,0.011794256046414375,1
0.35553292671465897,0.476129719928806,0.2266995101994832,0.03667023405432701,1.9194073677062988,1.1627154626574596,0.2535273562932949,3.947521865730323,45.197206038755105,0.2266995101994832,0.40160696041101573,0.0,1.9194073677062988,0.686982199549675,0.0,0.03667023405432701,0.686982199549675,0.746712849714508,1.3392000688333847,0.0759003382376583,5.695070219305223,0.594224849848754,2.098322301467044e-06,0.0008968312440206102,0.04208431921076379,0.03667023405432701,1
0.3675192640221212,0.5051259601833583,0.2551522356511597,0.0,2.50783634185791,1.4166228107596195,1.7362100592487018,3.9254496927779785,49.948498570050724,0.2551522356511597,0.4178944149243762,0.0,2.50783634185791,0.6898215860128403,0.0,0.0,0.6898215860128403,0.7275780011597752,1.3744203627730232,0.1387997905964266,5.66322680484523,0.6246780331326861,1.9692236328377883e-06,0.0006663785459149293,0.04464724897487733,0.0,1
0.31594438520551194,0.437430681156369,0.19134560081692498,0.048316340893507004,2.186528205871582,1.5258377214553167,2.169503843109424,3.94175827982139,37.26930628605617,0.19134560081692498,0.3543296197838117,0.0,2.186528205871582,0.582255482673645,0.0,0.048316340893507004,0.582255482673645,0.7222713827455288,1.3845179773390626,-0.03329810917293199,5.686755122496666,0.5395984204571154,2.13278835185063e-06,0.0009113023441001181,0.03866377511808988,0.048316340893507004,1
0.281221932702465,0.37911802778780923,0.1437304789937181,0.0,1.4531835317611694,1.1894202190010676,0.41401073518094433,3.930015772377107,28.520480566608363,0.1437304789937181,0.3199939976116184,0.0,1.4531835317611694,0.5024831295013428,0.0,0.0,0.5024831295013428,0.7417774157720812,1.348109744302622,0.006364084553390401,5.669814265239198,0.47203416658821196,1.9104422322723756e-06,0.0005025300448804767,0.03350961603985373,0.0,1
0.25857337723664386,0.3283278826021892,0.10779919849403692,0.11292162910103798,1.4852949380874634,1.3358163517020996,1.1209543410082778,4.059395381724281,22.356401908428886,0.10779919849403692,0.26569990172778546,0.0,1.4852949380874634,0.4300214648246765,0.0,0.11292162910103798,0.4300214648246765,0.7875438042102963,1.2697667722447183,-0.007407377686061875,5.856469586036516,0.4179227080568854,2.461492224541277e-06,0.0017815885414118183,0.02902035903007858,0.11292162910103798,1
0.2883886104100384,0.4306519920204049,0.18546113823114288,0.0,2.035922050476074,1.7146341606487376,2.817795468000412,3.8478820708067505,34.3845284922081,0.18546113823114288,0.3435177897226822,0.0,2.035922050476074,0.492230124771595,0.0,0.0,0.492230124771595,0.6696542593540699,1.493304438785196,0.01943602548227413,5.551320381293792,0.5182944422289089,1.9692187475663915e-06,0.0005583143552915583,0.0380646179861404,0.0,1
0.29071275575824984,0.424079801302832,0.17984367787304947,0.08574679866433144,1.7500226497650146,1.7393480944884938,2.4198546835365367,3.9241367670270026,33.83777078190148,0.17984367787304947,0.3256313163001181,0.0,1.7500226497650146,0.49293293058872223,0.0,0.08574679866433144,0.49293293058872223,0.6855126543459219,1.4587588363528403,0.02104966143262622,5.661332653375243,0.5141571590803782,2.461389188942717e-06,0.0016338094027642882,0.03748371290818452,0.08574679866433144,1
0.24908825743477792,0.35277092253899417,0.12444732378901303,0.029103217646479607,1.8589472770690918,1.7627409890009313,3.454352618902589,3.932132264255932,23.871012323956123,0.12444732378901303,0.2753686002415634,0.0,1.8589472770690918,0.4472934603691101,0.0,0.029103217646479607,0.4472934603691101,0.7060886695347603,1.4162487070726923,-0.06493491829300399,5.672867717576862,0.4318475237637785,2.0983474285343274e-06,0.0007739333491106206,0.03118083894159463,0.029103217646479607,1
0.2723146309435833,0.37907701922284487,0.1436993865028771,0.09101161360740662,1.6206741333007812,1.5276518306830857,1.5562147642367545,3.9614664539521787,27.88539452528859,0.1436993865028771,0.2987698730094053,0.0,1.6206741333007812,0.43742623925209045,0.0,0.09101161360740662,0.43742623925209045,0.718360382651204,1.392055277784101,-0.034839260774214675,5.715188007580132,0.4667490168482598,2.327249582666341e-06,0.0013421921687912085,0.033505991360557104,0.09101161360740662,1
0.28429450222756714,0.38636337701828616,0.14927665910097432,0.08041879162192345,1.57693612575531,1.417470997063506,1.3286341247254043,3.9584122637283836,29.45280295651769,0.14927665910097432,0.3121655906925298,0.0,1.57693612575531,0.5097334533929825,0.0,0.08041879162192345,0.5097334533929825,0.7358196540311785,1.3590251446685264,-0.1437325816299583,5.710781742490332,0.4796874222843397,2.031739507006856e-06,0.0007301402637057735,0.0341500204864706,0.08041879162192345,1
0.1925933594156959,0.2737666357084011,0.07494817082709639,0.006107850815169513,1.1316368579864502,1.4501765241274014,1.3218655000335984,3.8984591453714166,14.341167733519335,0.07494817082709639,0.2211383645434637,0.0,1.1316368579864502,0.3397902324795723,0.0,0.006107850815169513,0.3397902324795723,0.7034920651498536,1.421474948767573,-0.08712499722365376,5.624287675950905,0.3347243237622862,2.031721606067905e-06,0.0005521578535706099,0.024197780571504703,0.006107850815169513,1
0.24284704282763414,0.31147029317431285,0.09701374353009239,0.047785382717847824,1.2323107719421387,1.135089259209673,0.2505395217482551,4.008399575930193,19.96651900674805,0.09701374353009239,0.26135906872195847,0.0,1.2323107719421387,0.4174129292368889,0.0,0.047785382717847824,0.4174129292368889,0.7796771264301601,1.2825780769147992,0.01017056955074283,5.782898189911251,0.39495370581907335,2.2068801971901335e-06,0.0010127363030178985,0.027530344555214827,0.047785382717847824,1
0.34865400394483004,0.4949157233037347,0.24494157317325885,0.05906736105680466,2.0304012298583984,1.4671208865027132,1.1970068765866824,3.9158522703903635,46.912152017922615,0.24494157317325885,0.39566033755272656,0.0,2.0304012298583984,0.561926543712616,0.0,0.05906736105680466,0.561926543712616,0.7044700401664505,1.419503914207303,0.021787470458854347,5.649380651161303,0.6053934155902428,2.0983508695265276e-06,0.0009141392452043755,0.04374478300798947,0.05906736105680466,1
0.23248650252935477,0.32873470959544376,0.10806650929280075,0.04775611683726311,1.364792823791504,1.5790067570103932,1.8208568618243364,3.9323504466471357,20.75090984334495,0.10806650929280075,0.2578774382445772,0.0,1.364792823791504,0.4137295037508011,0.0,0.04775611683726311,0.4137295037508011,0.7072140194792426,1.413994816984854,-0.025839116169994004,5.673182488230659,0.4026369123057801,2.0983490596288246e-06,0.0007586933284413361,0.029056317795791084,0.04775611683726311,1
0.3688779694839468,0.4911718016858993,0.2412497387713724,0.08312485367059708,1.9976929426193237,1.249002451075914,0.6911526085349551,3.966655091566817,48.29704897817241,0.2412497387713724,0.4090133117539949,0.0,1.9976929426193237,0.7055691182613373,0.0,0.08312485367059708,0.7055691182613373,0.7510146494631049,1.3315292381733699,-0.007456446609298359,5.72267362933574,0.6142643528172312,2.1332244978387435e-06,0.001008526012139456,0.04341386396246419,0.08312485367059708,1
0.41297251576907,0.5953314526773791,0.3544195385469585,0.0606414508074522,2.55416202545166,1.5809165961935328,1.7073399662390658,3.9076319114520115,67.19562717793194,0.3544195385469585,0.463027075154514,0.0,2.55416202545166,0.6639931797981262,0.0,0.0606414508074522,0.6639931797981262,0.6936838633805621,1.441576448661979,-0.020202233355857975,5.6375211800866145,0.7245452624423082,2.098352008794222e-06,0.000994694217252265,0.05262036340522662,0.0606414508074522,1
0.3288104326129542,0.46740421960719264,0.21846670450660877,0.041707977652549744,1.8689178228378296,1.4760529508639983,1.3927822097098703,3.9086093028532956,41.80262465302104,0.21846670450660877,0.3749034547768133,0.0,1.8689178228378296,0.5443822741508484,0.0,0.041707977652549744,0.5443822741508484,0.7034804465583129,1.4215005767696505,0.07092239422982008,5.638931257814255,0.571474413339501,2.133315194263041e-06,0.0009301411419940679,0.04131308665493152,0.041707977652549744,1
0.42468096458560467,0.610273859052967,0.3724341830434007,0.055128635838627815,2.5745155811309814,1.5139940755254782,1.4307997605852023,3.901504605365895,70.75687740476931,0.3724341830434007,0.4806569288433309,0.0,2.5745155811309814,0.6650031059980392,0.0,0.055128635838627815,0.6650031059980392,0.6958847448584567,1.4370172198522255,0.09749984875631441,5.628681345982166,0.7434972123180827,2.1331699674687334e-06,0.0010328721742590592,0.053941098014654534,0.055128635838627815,1
0.31146205764525803,0.40217258560194663,0.16174278860975508,0.16432176530361176,1.8378746509552002,1.518960133757338,2.0916819192941576,4.045709828705995,33.12017945118375,0.16174278860975508,0.31615910207585785,0.0,1.8378746509552002,0.46076855808496475,0.0,0.16432176530361176,0.46076855808496475,0.7744468279265093,1.2912410219160757,0.12211524332760779,5.836725506565212,0.5086761267863601,2.3703500831652558e-06,0.0016784938557920567,0.035547370310807964,0.16432176530361176,1
0.3554683291586116,0.5193145158118754,0.2696875663329225,0.0,2.5069165229797363,1.5680560427854717,2.0345518403705762,3.8665007015193624,50.69379831907041,0.2696875663329225,0.4170980162216438,0.0,2.5069165229797363,0.6154665052890778,0.0,0.0,0.6154665052890778,0.6844939508554598,1.4609304773820084,0.0024103862432428074,5.5781813874910195,0.6293213005832057,1.9692225264165923e-06,0.0006298735612996157,0.0459013519623982,0.0,1
0.4447626739856787,0.6234205222418125,0.3886531475522543,0.05384138785302639,2.6895980834960938,1.4593773621801354,1.3975676820012763,3.923695752345864,75.0677739165626,0.3886531475522543,0.4983395684430434,0.0,2.6895980834960938,0.7651821225881577,0.0,0.05384138785302639,0.7651821225881577,0.713422071773076,1.4016925401026046,0.12323192673372547,5.660696403681808,0.7658113238410263,2.0645095032842953e-06,0.000956146537427249,0.05510310985100556,0.05384138785302639,1
0.46580672007985413,0.6728056157117952,0.45266739653332777,0.06259346567094326,3.1320414543151855,1.6026936833407184,1.943013332191848,3.902879001287943,85.71434201662456,0.45266739653332777,0.5266190496586205,0.0,3.1320414543151855,0.7374864965677261,0.0,0.06259346567094326,0.7374864965677261,0.6923337392975161,1.444387954721767,-0.0018471670275022666,5.630664180163123,0.8183173571450623,2.064509709266015e-06,0.0009724228677365047,0.05946817666127509,0.06259346567094326,1
0.40763919465825893,0.5435789947961426,0.2954781235835848,0.09485351666808128,2.3679120540618896,1.4656276935199593,1.7789915623874073,3.9883201928528678,59.09092308546799,0.2954781235835848,0.4398155887743087,0.0,2.3679120540618896,0.7231081277132034,0.0,0.09485351666808128,0.7231081277132034,0.7499157411249743,1.333480690569629,0.11201395807583621,5.7539297635214846,0.6794467135877682,2.2068831493759333e-06,0.0013186773054912587,0.04804604916636493,0.09485351666808128,1
0.34621278536906175,0.4825668982217679,0.23287081125937809,0.05090712197124958,2.0104055404663086,1.5335077813620739,1.7632849818430278,3.941806939504,45.14996531358491,0.23287081125937809,0.38371096067649546,0.0,2.0104055404663086,0.6240063607692719,0.0,0.05090712197124958,0.6240063607692719,0.7174384923755474,1.3938448220719322,0.042557691356337586,5.686825323579461,0.593914222773274,2.169470671308644e-06,0.0010685131877917644,0.04265329076359632,0.05090712197124958,1
0.31372048692719545,0.4084199832034025,0.16680688267986757,0.08679251000285149,1.7055493593215942,1.202731513881077,0.6105655942377561,3.9982153665961038,33.94911060450613,0.16680688267986757,0.34278855773050054,0.0,1.7055493593215942,0.5936935544013977,0.0,0.08679251000285149,0.5936935544013977,0.768130188773763,1.3018594584107726,0.021705303196699957,5.768205481609585,0.5150023559147124,2.2068853109556406e-06,0.0011697612901060473,0.03609956746190272,0.08679251000285149,1
0.28447064884858264,0.37918727396172675,0.1437829887345256,0.0398873258382082,1.716734528541565,1.3001265757019038,0.9401913991496849,3.9754195798246554,28.76243696522998,0.1437829887345256,0.3122038156276119,0.0,1.716734528541565,0.5001871958374977,0.0,0.0398873258382082,0.5001871958374977,0.750209509055904,1.3329574615044368,0.030008920356222255,5.735318113081254,0.47403221281982433,2.244932311954176e-06,0.0011063034944041737,0.03351573659474727,0.0398873258382082,1
0.25886482820624224,0.398413806410452,0.1587335611384651,0.010409034497570246,1.7845851182937622,1.757767568631268,2.4395852809162317,3.8291070416400075,28.895303733851183,0.1587335611384651,0.3045824131533692,0.0,1.7845851182937622,0.39670150727033615,0.0,0.010409034497570246,0.39670150727033615,0.6497369677058549,1.5390804891154568,-0.04176402825263208,5.524233739822385,0.47512583640622236,2.0316981752980004e-06,0.0006095271268716213,0.03521513802889687,0.010409034497570246,1
0.2700161860557273,0.352454670357307,0.12422429465667792,0.04225747659802437,1.4434361457824707,1.1992342051236369,0.5887861132902197,3.983227235459934,25.233028529761164,0.12422429465667792,0.295483202471587,0.0,1.4434361457824707,0.49558164179325104,0.0,0.04225747659802437,0.49558164179325104,0.7660997077504657,1.3053094168383137,-0.1549600073711452,5.746582179147241,0.4439966614612762,2.0645072436335586e-06,0.0007704062628673394,0.031152885933815124,0.04225747659802437,1
0.2231671828922117,0.2994714512295468,0.08968315010153083,0.0,1.1471067667007446,1.1179067142226997,0.09823056415609566,3.925985220538232,17.854302927561818,0.08968315010153083,0.2540070791912967,0.0,1.1471067667007446,0.44489636272192,0.0,0.0,0.44489636272192,0.7452010426199543,1.3419152733320543,-0.04077423363504558,5.663999408089207,0.3734792385415509,1.882344932596421e-06,0.00041093353637704097,0.026469786742023625,0.0,1
0.2869842230065842,0.41010217968273865,0.16818379778053327,0.006188527215272188,1.6207634210586548,1.4269337140528768,1.0701637129911594,3.889858662263159,32.06959898050894,0.16818379778053327,0.3312336484800653,0.0,1.6207634210586548,0.4599539637565613,0.0,0.006188527215272188,0.4599539637565613,0.6997854130967702,1.4290060108054434,-0.15245159512195564,5.611879801621374,0.5005434467009093,2.03168409054721e-06,0.000656142731351373,0.03624825402913106,0.006188527215272188,1
0.22830436017284228,0.3270893195049713,0.1069874229342252,0.041669417172670364,1.2527903318405151,1.540347301625412,1.4782925104246347,3.918040043647639,20.366118887443978,0.1069874229342252,0.2568666738096397,0.0,1.2527903318405151,0.3361106738448143,0.0,0.041669417172670364,0.3361106738448143,0.6979856833377559,1.4326897622863703,0.0034277905423150947,5.652536940790162,0.39888632943252905,2.2455752278776445e-06,0.0009777883812866163,0.028910884484457305,0.041669417172670364,1
0.19456387318496127,0.29053066841057945,0.08440806928709807,0.0,1.2128697633743286,1.5998391694585588,1.7823846013638196,3.8375540630484397,15.649685764586465,0.08440806928709807,0.2289324029779891,0.0,1.2128697633743286,0.3367840424180031,0.0,0.0,0.3367840424180031,0.6696821528935825,1.4932405675044709,0.019210267659252874,5.536420215718613,0.34966150779837313,1.8550623631745008e-06,0.00033883103856613384,0.025679525721972622,0.0,1
0.22771566218216321,0.3292519460528519,0.1084068439795901,0.028099771589040756,1.3657771348953247,1.4532926346624617,1.149053031744586,3.886392028969651,20.51344214817935,0.1084068439795901,0.2640789343569736,0.0,1.3657771348953247,0.33856403082609177,0.0,0.028099771589040756,0.33856403082609177,0.6916131348620042,1.4458906466849164,0.03385970313443883,5.60687850696025,0.4003264502660937,2.13330393132582e-06,0.0007503775660178441,0.02910203547160486,0.028099771589040756,1
0.28169676975812763,0.39634371574285937,0.1570883410088565,0.01666695438325405,1.7976609468460083,1.406179614966276,1.2539921379750254,3.904985328806184,30.264500620930566,0.1570883410088565,0.3228523763536941,0.0,1.7976609468460083,0.5146250873804092,0.0,0.01666695438325405,0.5146250873804092,0.7107367868653179,1.4069870807647906,0.07293796291664743,5.633702968428178,0.48625241500790517,1.9999911784287146e-06,0.0006305261960646455,0.03503216613530615,0.01666695438325405,1
0.24159707737271674,0.36561869458211255,0.1336770298279281,0.0,1.51039719581604,1.4087948782436084,0.9148004470800846,3.7881447284258236,24.58191073573972,0.1336770298279281,0.3005445517728731,0.0,1.51039719581604,0.4438299685716629,0.0,0.0,0.4438299685716629,0.6607879196684187,1.5133407181828824,-0.08509653213290509,5.465137613684941,0.4382307355982309,1.8285616883541763e-06,0.0003246104706915693,0.032316432283448125,0.0,1
0.2789730102958856,0.39975383432372,0.1598031280565162,0.006919970735907555,1.6371405124664307,1.4976999821927017,1.491570856450891,3.8926137744842415,30.41652077184826,0.1598031280565162,0.31901889225514424,0.0,1.6371405124664307,0.4858415573835373,0.0,0.006919970735907555,0.4858415573835373,0.6978602541926342,1.432948061533735,-0.024002125326925246,5.615854588359823,0.48747212077211605,1.9999894364768322e-06,0.0006213331540555715,0.03533358088195326,0.006919970735907555,1
0.25194078296772204,0.36522078004849584,0.13338621817923177,0.0,1.4583956003189087,1.4189208266524096,1.0416619039030337,3.864162726134629,25.198128166607436,0.13338621817923177,0.29505531883569347,0.0,1.4583956003189087,0.4578625038266182,0.0,0.0,0.4578625038266182,0.6898295685823234,1.4496294555664968,0.06375016985965694,5.574808401997743,0.4436895043852408,1.9393833937729466e-06,0.0004898347536809466,0.03228126127531649,0.0,1
0.3055116661125794,0.4363134611717678,0.1903694363996877,0.05525201000273228,1.7157776355743408,1.5616865080120361,1.6692197936089137,3.9164929729965716,36.314472259913195,0.1903694363996877,0.3417028348267195,0.0,1.7157776355743408,0.4979836419224739,0.0,0.05525201000273228,0.4979836419224739,0.7002098103558065,1.4281400992752553,-0.10984438660493935,5.650304989633964,0.5326413563839855,2.0983487465037393e-06,0.0008538837154979603,0.038565025889691296,0.05525201000273228,1
0.289725395372443,0.42682574120209565,0.18218021335271833,0.009377795737236738,1.973090648651123,1.7012981222896941,2.594171626913508,3.873962368741547,34.0634903137839,0.18218021335271833,0.33096789255296244,0.0,1.973090648651123,0.45733677595853806,0.0,0.009377795737236738,0.45733677595853806,0.6787892308632619,1.4732078996851818,-0.022694342040024566,5.58894629778923,0.5158691869809988,2.064392396622837e-06,0.0006960276037412158,0.03772642199862202,0.009377795737236738,1
0.416373182888492,0.5855726958853534,0.34289538216644055,0.07313603535294533,2.615445375442505,1.5520463853422095,1.8423875178905273,3.9311250920714054,66.08153722817718,0.34289538216644055,0.4634796989460028,0.0,2.615445375442505,0.6458587795495987,0.0,0.07313603535294533,0.6458587795495987,0.7110517187063191,1.406365058919211,-0.09427606756896129,5.671414675260923,0.7185137504565478,2.1333171063132234e-06,0.00107761265589115,0.051757803017277663,0.07313603535294533,1
0.36338083097871277,0.47079132966584336,0.2216444760885328,0.1360166147351265,2.298285722732544,1.4393774825182026,1.8049118334120378,4.0302660001180595,45.272333364648006,0.2216444760885328,0.3767195686036189,0.0,2.298285722732544,0.6054631769657135,0.0,0.1360166147351265,0.6054631769657135,0.7718495142786872,1.2955865844597148,0.0892984206554858,5.814444771649059,0.5947185085494755,2.327238824048637e-06,0.0016396719754258843,0.04161246771631866,0.1360166147351265,1
0.23515589701855788,0.3510445684683489,0.12323228905112932,0.0,1.443100929260254,1.5226711724306792,1.402989940319289,3.8303801074554076,22.851914874077686,0.12323228905112932,0.27971832295691,0.0,1.443100929260254,0.4066965878009796,0.0,0.0,0.4066965878009796,0.6698728545258935,1.4928163525520495,0.08508330430363557,5.526070385560987,0.42252879778037844,1.8823399551007107e-06,0.00039160440040814,0.031028249357834346,0.0,1
0.20440630850498565,0.28272337854603413,0.07993250877648411,0.0,1.26447331905365,1.4668735002751265,1.5970779947184939,3.9342103457219615,15.57944930983929,0.07993250877648411,0.22809788594167912,0.0,1.26447331905365,0.3548337444663048,0.0,0.0,0.3548337444663048,0.7229879133740975,1.383144094787751,-0.021932274554050356,5.675865755402464,0.34887597758103017,1.9692228876283814e-06,0.0005170190706209678,0.024989452271234,0.0,1
0.25561259229652933,0.3819923044225803,0.14591812063807327,0.0,1.6178556680679321,1.5150137456706756,1.6023998167027171,3.815197837514789,27.040757501263997,0.14591812063807327,0.31149714258407357,0.0,1.6178556680679321,0.5117297768592834,0.0,0.0,0.5117297768592834,0.6691546405058393,1.4944189603125704,0.0415538715920409,5.50416700000822,0.45962584563819403,1.8028080190608533e-06,0.0003173685493081822,0.033763668602285316,0.0,1
0.18202340012066998,0.29333924017620305,0.08604790982715213,0.0,1.1380103826522827,1.6400263371950639,1.6320152248735473,3.7269561568206715,15.255094786386131,0.08604790982715213,0.23062239793580375,0.0,1.1380103826522827,0.31071410328149796,0.0,0.0,0.31071410328149796,0.6205197078018772,1.6115468669508302,0.06057525956030133,5.3768611648711095,0.3452251845080855,1.8028025822205347e-06,0.00025495953538398836,0.025927770739587814,0.0,1
0.18890904097861494,0.27724075417608623,0.07686243577612509,0.003037330461665988,1.5100325345993042,1.7607567710789354,3.435335831674813,3.880573077279351,14.406279877066892,0.07686243577612509,0.21758787024924686,0.0,1.5100325345993042,0.3093312755227089,0.0,0.003037330461665988,0.3093312755227089,0.6813874105652643,1.4675885957595365,-0.06953440237539249,5.598483534213481,0.3354833252780011,1.9999835798073776e-06,0.000510435829777112,0.0245048521623979,0.003037330461665988,1
0.21024092852076137,0.3137900538559628,0.09846419789892803,0.0,1.5272144079208374,1.5947294581400606,2.1123362641253633,3.834668716661821,18.261177078297592,0.09846419789892803,0.2518484278555633,0.0,1.5272144079208374,0.34772810339927673,0.0,0.0,0.34772810339927673,0.6700029396544451,1.4925260084407206,-0.012400591084789093,5.532257540795393,0.377710796674122,1.9691622396532945e-06,0.0004498350247749311,0.027735384368805405,0.0,1
0.26327672159459325,0.3867441728556411,0.14957105523779402,0.0,1.3431614637374878,1.2938864016964422,0.2933928622375883,3.8328872183236964,28.017367983538044,0.14957105523779402,0.3172355428910123,0.0,1.3431614637374878,0.4800228103995323,0.0,0.0,0.4800228103995323,0.6807498582351164,1.4689645575698456,0.07775127350028682,5.529687381977627,0.4678522067612709,1.9104339225026454e-06,0.00044588069570175977,0.034183678401325766,0.0,1
0.329289435831015,0.4309295084481743,0.18570024125138512,0.09888926893472672,1.7383462190628052,1.2123102375617496,0.4635262481476419,3.9924448524673055,37.64886704656554,0.18570024125138512,0.35764103840915595,0.0,1.7383462190628052,0.6067950576543808,0.0,0.09888926893472672,0.6067950576543808,0.7641358162753912,1.3086648448367442,-0.06657575584441294,5.759880389492587,0.5423391686032766,2.1694810877992106e-06,0.0010997205486105218,0.03808914720463621,0.09888926893472672,1
0.2270381358684972,0.32504779686261737,0.10565607024524136,0.0,1.2490301132202148,1.3203218810652593,0.6462563305744178,3.8670881528736754,20.121905329137093,0.10565607024524136,0.27042860471556196,0.0,1.2490301132202148,0.43071264773607254,0.0,0.0,0.43071264773607254,0.6984740077793778,1.431688097769127,-0.04602844571924595,5.579028900646652,0.3964875601880638,1.910437787466273e-06,0.00043041780098733933,0.028730437671413013,0.0,1
0.24828162767335016,0.4008554991405323,0.16068513119120528,0.0,1.971224069595337,1.9355483714975084,3.740620941825356,3.7516285410962387,28.45809892241067,0.16068513119120528,0.30324415737993604,0.0,1.971224069595337,0.37085413187742233,0.0,0.0,0.37085413187742233,0.619377827740564,1.6145193782437854,-0.004352881380567886,5.412455891312376,0.47151765378544774,1.8550523720061883e-06,0.0003443905913023546,0.03543095521477358,0.0,1
0.2633017079497222,0.37708028021172946,0.1421895377245564,0.0,1.6629842519760132,1.5800811185235262,1.9576217162029277,3.901965975910853,27.074217873126038,0.1421895377245564,0.2980290216069079,0.0,1.6629842519760132,0.4314654916524887,0.0,0.0,0.4314654916524887,0.6982624748751236,1.432122423921889,-0.023076536045745298,5.629346962979388,0.45991012940986326,1.9692234104909794e-06,0.0005709467694984005,0.033329502898679676,0.0,1
0.25056843440324883,0.3844119187930909,0.14777252331018592,0.0,1.5863767862319946,1.637262180069192,1.9825479439728584,3.798095555191395,26.951304144573584,0.14777252331018592,0.3047407273161866,0.0,1.5863767862319946,0.4328136593103409,0.0,0.0,0.4328136593103409,0.6518210553119225,1.5341593992419769,-0.06291093705615475,5.479493622112377,0.4588649731996125,1.9104266158342415e-06,0.00041469361701372315,0.033977534318440875,0.0,1
0.24013547123468015,0.39095231768682226,0.15284371470469799,0.0,1.597447156906128,1.6213953136095134,1.5267400054843652,3.7044052356603787,26.945121183974386,0.15284371470469799,0.30709824667655994,0.0,1.597447156906128,0.3746704235672951,0.0,0.0,0.3746704235672951,0.614230549712443,1.628049016152018,0.1289906157175377,5.344327062745675,0.45881233554668066,1.729722921500483e-06,0.00022591595120912035,0.03455562936961868,0.0,1
0.22073144241585396,0.37008838260002846,0.13696541093550507,0.0,1.5502145290374756,1.7327657585589367,2.026421218023854,3.6735920684484626,23.768035917630534,0.13696541093550507,0.28623236058365364,0.0,1.5502145290374756,0.308301143348217,0.0,0.0,0.308301143348217,0.5964273842851848,1.6766455134325122,0.09451390087166779,5.299873059214962,0.43091505033647703,1.7534135104018715e-06,0.0002290881276542726,0.0327115006218552,0.0,1
0.19324973488619435,0.30168357237540233,0.0910129778411846,0.0,1.6597785949707031,1.8875528383187472,3.936812998303684,3.800470502431804,16.429880047970432,0.0910129778411846,0.23239689632549698,0.0,1.6597785949707031,0.30596499145030975,0.0,0.0,0.30596499145030975,0.6405688344106749,1.561107302698579,-0.03112410431897053,5.4829199467184875,0.35827145835911767,1.9393630736379405e-06,0.00040647604819134335,0.026665312474903696,0.0,1
0.21131279174915107,0.28443670423862866,0.08090423871813311,0.0513578150421381,1.19465970993042,1.3316689776231556,0.8836256049587634,3.9671746335780838,16.07133883839401,0.08090423871813311,0.23107410316848132,0.0,1.19465970993042,0.3357320725917816,0.0,0.0513578150421381,0.3357320725917816,0.7429141376133119,1.3460458398386161,-0.11053171997077864,5.723423170018927,0.3543407042310454,2.206839346565505e-06,0.0008786215576461613,0.02514089029818584,0.0513578150421381,1
0.2861748643426836,0.4552715152438439,0.2072721525924256,0.0,2.140376329421997,1.7785754326868708,2.7381253181874854,3.7473648341105803,37.0135303134693,0.2072721525924256,0.3562537240307222,0.0,2.140376329421997,0.5109090358018875,0.0,0.0,0.5109090358018875,0.6285792679345213,1.5908857554263518,0.09324432906601876,5.406304662388365,0.5377436243917532,1.729717475153851e-06,0.00024816594512306055,0.04024069696374958,0.0,1
0.20932448583516816,0.3135758229498591,0.09832979673868136,0.0,1.330431580543518,1.5832960558322056,1.8027442540881315,3.8370251093049763,18.19475674993138,0.09832979673868136,0.25001035411222006,0.0,1.330431580543518,0.35497602820396423,0.0,0.0,0.35497602820396423,0.6675381294638576,1.498036991223202,0.12157481136661848,5.535657096776061,0.37702325804761555,1.969204297448583e-06,0.00046790755965713356,0.027716448852999696,0.0,1
0.3001649968500715,0.43470474286580923,0.18896821347002934,0.0,1.6324453353881836,1.2528197772724246,0.4181505049359706,3.8231879520394294,35.72060656691619,0.18896821347002934,0.36732808411989026,0.0,1.6324453353881836,0.5859605669975281,0.0,0.0,0.5859605669975281,0.6905015674999501,1.4482193041413773,0.02880714722098343,5.515694298609054,0.5282681504728756,1.7297265015388964e-06,0.0002682605383584261,0.03842283393679602,0.0,1
0.17268609332677443,0.30591534951815547,0.0935842010708152,0.0,1.2793570756912231,1.9380549825234763,2.860017910004709,3.602720410625741,15.795800051107667,0.0935842010708152,0.22752416670164166,0.0,1.2793570756912231,0.2447647899389267,0.0,0.0,0.2447647899389267,0.5644879510322671,1.7715112064019591,0.009534853386093176,5.197626869934544,0.35129003387411756,1.6202473939712171e-06,0.0001265704543370227,0.02703935226416757,0.0,1
0.2007888832813478,0.32572971700902786,0.10609984854278136,0.0,1.7173192501068115,1.990820259364915,4.116997781089842,3.752495350853372,18.741251096595466,0.10609984854278136,0.2454386062092908,0.0,1.7173192501068115,0.28625988215208054,0.0,0.0,0.28625988215208054,0.6164260009773128,1.6222497564898124,0.10325110790175754,5.413706433450386,0.3826434687697571,1.8285575091062366e-06,0.000297575212612255,0.028790711466382336,0.0,1
0.2540898855222622,0.3766716309514573,0.14188151756363082,0.0,1.4126266241073608,1.3221465327404778,0.5600597051810356,3.807883451691527,26.42472799850843,0.14188151756363082,0.31355274412248946,0.0,1.4126266241073608,0.5127990394830704,0.0,0.0,0.5127990394830704,0.6745642360063251,1.48243457301434,-0.067930608965114,5.493614571853852,0.45436019575700853,1.8028095767835257e-06,0.0003131852004196747,0.03329338306579651,0.0,1
0.2773011398385279,0.38870878451786794,0.1510945191613583,0.011343812569975853,1.6649327278137207,1.5405066007573682,1.8666184870577212,3.9239481340449975,29.182776488589454,0.1510945191613583,0.3095246666243838,0.0,1.6649327278137207,0.4777727648615837,0.0,0.011343812569975853,0.4777727648615837,0.7133886279257813,1.40175689412677,0.1301561496005179,5.661060513507555,0.4774834461184022,1.9999913930872553e-06,0.0006390975249802876,0.03435732717992061,0.011343812569975853,1
0.24028129310318036,0.326215269005157,0.10641640173210695,0.06517176702618599,1.1195170879364014,1.3031681658297372,0.5393850920556393,3.959763736397233,21.011392198072755,0.10641640173210695,0.26518892885496825,0.0,1.1195170879364014,0.38947567343711853,0.0,0.06517176702618599,0.38947567343711853,0.7365705390352002,1.3576390604202189,-0.036430606104496124,5.712731505407578,0.4051561446497429,2.133319248494678e-06,0.0008422315289362507,0.028833628605017536,0.06517176702618599,1
0.27669093127587985,0.4114317171720932,0.16927605789517727,0.0007451929850503802,1.7370188236236572,1.5362881321329092,1.5112141717591712,3.848749706377721,31.46674295622284,0.16927605789517727,0.3271504703254777,0.0,1.7370188236236572,0.43635670095682144,0.0,0.0007451929850503802,0.43635670095682144,0.6725059037056262,1.4869721796623234,0.05794405857499654,5.552572114829328,0.4958164270629715,1.999969197704436e-06,0.000588763264791668,0.0363657696509516,0.0007451929850503802,1
0.2785000003714231,0.3899685994718919,0.15207550857406885,0.019943578634411097,1.7591997385025024,1.615794443370586,2.3495811194421057,3.935719401173596,29.39363312396179,0.15207550857406885,0.3071161855008313,0.0,1.7591997385025024,0.44049811363220215,0.0,0.019943578634411097,0.44049811363220215,0.714158233740722,1.400246315805415,0.034524099022727024,5.678042862218965,0.4792053409353359,2.06450304346457e-06,0.0007549314955159577,0.03446868014204943,0.019943578634411097,1
0.29246548730588984,0.4080026330443714,0.16646614857114,0.06323384866118431,1.9031511545181274,1.5885699105802493,2.2399784132524703,3.9437345221130546,32.25628285903508,0.16646614857114,0.3233591862567664,0.0,1.9031511545181274,0.4878077879548073,0.0,0.06323384866118431,0.4878077879548073,0.7168207918238892,1.395045401092544,0.0030201790793393988,5.689606237450446,0.5019982169651717,2.0983510674009707e-06,0.000857792858557416,0.036062678570955194,0.06323384866118431,1
0.2399180111606256,0.32762898279650604,0.10734075036827326,0.03566267341375351,1.2340348958969116,1.281542222224256,0.4922741587228967,3.947809153963995,21.107379513285544,0.10734075036827326,0.26648298223085476,0.0,1.2340348958969116,0.37602926790714264,0.0,0.03566267341375351,0.37602926790714264,0.7322834409500332,1.3655872738006225,0.17527134991499493,5.695484688615246,0.40608053689821594,2.2068715815520755e-06,0.0009458420478146809,0.028958584431082516,0.03566267341375351,1
0.22353859620852745,0.3313751261899619,0.10980947425741316,0.017345061525702477,1.5120197534561157,1.711183079346394,2.4139971006732983,3.8774797834822734,20.451709216293406,0.10980947425741316,0.25610084824103296,0.0,1.5120197534561157,0.3574192225933075,0.0,0.017345061525702477,0.3574192225933075,0.6745766473242663,1.4824067602215745,0.07413567790179527,5.594020854592424,0.39972362733805494,2.1333024413277097e-06,0.0007384004808404192,0.029289699855683745,0.017345061525702477,1
0.40322647856373806,0.537375640461366,0.2887725789612633,0.108562421053648,1.7585887908935547,1.1704916739814593,0.02979798761929242,3.968918091649009,57.77461401295053,0.2887725789612633,0.4433854550586602,0.0,1.7585887908935547,0.6542997360229492,0.0,0.108562421053648,0.6542997360229492,0.7503610097706275,1.3326893669668147,0.10036518866895751,5.725938448331851,0.6718364175721468,2.1333246623780836e-06,0.0011080387963026568,0.04749774492683699,0.108562421053648,1
0.2625523554161191,0.359743422209122,0.1294153298227306,0.0,1.402151107788086,1.3960540630167386,1.2370598816629288,3.9385394853210363,25.388680852132186,0.1294153298227306,0.29315737253637053,0.0,1.402151107788086,0.5208284109830856,0.0,0.0,0.5208284109830856,0.7298302328187192,1.3701778513430771,0.03486807282495238,5.682111383633366,0.4453639737981539,1.9692244695787974e-06,0.0005842534636111232,0.031797126666415675,0.0,1
0.25391641761416395,0.34888183633056297,0.12171853572138572,0.06267551518976688,1.5840284824371338,1.4083793815336398,1.278039250560579,3.946326767730423,23.832586605490715,0.12171853572138572,0.28144780247714607,0.0,1.5840284824371338,0.4498515725135803,0.0,0.06267551518976688,0.4498515725135803,0.7277985362787545,1.3740026722521848,-0.04357326185328188,5.69334605734739,0.431499806321389,2.0983291128625765e-06,0.0007799147290024255,0.030837089037769532,0.06267551518976688,1
0.3629186429498077,0.4780425742853162,0.22852470282933204,0.10515857115387917,2.2498881816864014,1.4897339113614592,2.087377857669183,4.001631295942191,46.110034461422345,0.22852470282933204,0.3819407898718623,0.0,2.2498881816864014,0.6196990311145782,0.0,0.10515857115387917,0.6196990311145782,0.7591748168404473,1.3172169123078925,-0.000787032665427922,5.773133625937212,0.6001955050063787,2.1694699716272725e-06,0.0011488699788665421,0.04225339324662762,0.10515857115387917,1
0.2754249063436873,0.36065600444038426,0.13007275353890246,0.11274775490164757,1.4583889245986938,1.3431622130546508,1.0298931253251329,4.0054573802749065,26.359248969386414,0.13007275353890246,0.2906565911789585,0.0,1.4583889245986938,0.4421951696276665,0.0,0.11274775490164757,0.4421951696276665,0.7636754671410089,1.3094531254567872,-0.016819696479643473,5.778653498830044,0.45379690674720485,2.133325054526436e-06,0.0009506976889142306,0.03187778830193016,0.11274775490164757,1
0.274666196484759,0.3751045686055226,0.1407034373887352,0.09673378989100456,1.5726633071899414,1.4237487202910253,1.211245463328284,3.9611181355548055,27.666554480657847,0.1407034373887352,0.29787294390530406,0.0,1.5726633071899414,0.43758490681648254,0.0,0.09673378989100456,0.43758490681648254,0.7322370539734908,1.3656743108769733,0.0899647887062816,5.714685490355591,0.46491392416246197,2.133312338895013e-06,0.0008957620175626358,0.033154873014377445,0.09673378989100456,1
0.23865871866291855,0.35913964219537037,0.12898128259621863,0.0,1.565807580947876,1.7112296744092248,2.387246327829555,3.848827389119183,23.800226123525725,0.12898128259621863,0.27903288796096604,0.0,1.565807580947876,0.37138722836971283,0.0,0.0,0.37138722836971283,0.6645271813405336,1.5048251503546326,0.022439909193680867,5.552684187335199,0.4312067561971226,1.96921951676402e-06,0.0005184299547336654,0.03174375954865709,0.0,1
0.31588151992764324,0.4548725904283221,0.2069090735229721,0.0,1.74416983127594,1.3755247750731558,0.956921721861741,3.859798233349768,39.25634664381058,0.2069090735229721,0.37443726643869013,0.0,1.74416983127594,0.5724290907382965,0.0,0.0,0.5724290907382965,0.6944380297616314,1.440010135865234,0.0811962313338801,5.568511769901028,0.5537961792525931,1.939378209561778e-06,0.0005256568614342422,0.0402054366584697,0.0,1
0.28138756200496573,0.39985497389547814,0.1598840001489535,0.04480963945388794,1.645809292793274,1.5969873005786546,2.0775637031628342,3.9216598471433928,30.600058905606645,0.1598840001489535,0.3190478237870593,0.0,1.645809292793274,0.45203249901533127,0.0,0.04480963945388794,0.45203249901533127,0.7037222909629959,1.4210115438166446,-0.03911836767430758,5.657759213342482,0.48894065099974243,2.133320446314906e-06,0.0008858926178880939,0.035342520441582814,0.04480963945388794,1
0.2366097375197569,0.32761061349836995,0.10732871407677835,0.06672614626586437,1.4866400957107544,1.484466706685783,1.5928411376139167,3.948167445276494,20.904048891641168,0.10732871407677835,0.26103162268805136,0.0,1.4866400957107544,0.34985050559043884,0.0,0.06672614626586437,0.34985050559043884,0.7222263429343727,1.3846032582281804,0.10360958363865269,5.696001593714982,0.4041198856353726,2.098349759395424e-06,0.0007739702972890082,0.028956960799172808,0.06672614626586437,1
0.32351787040533964,0.4945047662637721,0.24453496385758788,0.003993432968854904,1.8540486097335815,1.5728491488391294,1.3187805448168053,3.8192547955695044,44.69744337013684,0.24453496385758788,0.38197655050771573,0.0,1.8540486097335815,0.43433790653944016,0.0,0.003993432968854904,0.43433790653944016,0.6542246672868389,1.5285238050194903,0.03596919926287238,5.510019953274853,0.590930432732309,1.9999826228037802e-06,0.000620631567852628,0.043708459194272735,0.003993432968854904,1
0.2906855616820394,0.41442289785037056,0.1717463382626987,0.0,1.6597448587417603,1.3203242334532426,0.6544981047939982,3.8687891150765985,32.79928755623698,0.1717463382626987,0.34051368199720855,0.0,1.6597448587417603,0.5075102001428604,0.0,0.0,0.5075102001428604,0.701420847566548,1.4256741733312464,0.03734897610708391,5.581482870381547,0.5062059205828211,1.8823311009267488e-06,0.0004368346618692713,0.036630155168622114,0.0,1
0.275499710765871,0.4120529105657148,0.16978760110567698,0.05736699514091015,2.4415533542633057,2.1795714852484274,6.203553711647157,3.9002401242353755,31.448024542432705,0.16978760110567698,0.30735529400823225,0.0,2.4415533542633057,0.44329026341438293,0.0,0.05736699514091015,0.44329026341438293,0.6686011313122437,1.4956564180057936,0.001390939544441122,5.6268570853258675,0.49566893360160824,2.133314340791405e-06,0.0008641169669741014,0.03642067590858387,0.05736699514091015,1
0.30763340227349545,0.4774700300791242,0.22797762962375978,0.021825977601110935,2.1228854656219482,1.6815618497436478,1.9819705586673502,3.8112016327903646,41.29484029672014,0.22797762962375978,0.37147561083520486,0.0,2.1228854656219482,0.4827248752117157,0.0,0.021825977601110935,0.4827248752117157,0.644297523605811,1.5520747309963396,0.07255223159722547,5.498401695269916,0.5679929047251613,2.0983346382112974e-06,0.0007610023703905856,0.04220278701028669,0.021825977601110935,1
0.2284754047432216,0.3400854978073643,0.11565814581888277,0.0,1.490779161453247,1.478239240629674,1.3101462209576455,3.830034323175669,21.48597201810709,0.11565814581888277,0.27461739293426035,0.0,1.490779161453247,0.3826092481613159,0.0,0.0,0.3826092481613159,0.6718155710863807,1.4884993778195899,0.04404430981232411,5.5255715242953904,0.40970618300370043,1.910434785684977e-06,0.00041802164383470856,0.030059595210348754,0.0,1
0.30304918430920225,0.4244615545214112,0.18016761126673292,0.0,1.729353904724121,1.4221522121560337,1.2592747595938798,3.9099070096969193,34.81682168028233,0.18016761126673292,0.34458517136977207,0.0,1.729353904724121,0.5448624938726425,0.0,0.0,0.5448624938726425,0.7139597617766199,1.4006358587929129,0.1299305314567183,5.640803453042079,0.5215423466768597,1.939387465625352e-06,0.0005608440725934,0.037517455444384167,0.0,1
0.2084236321679782,0.3233383118708229,0.10454766392347353,0.0,1.2643094062805176,1.618800990364937,1.6476187005317922,3.7925033713100165,18.942473519304478,0.10454766392347353,0.2543127577700943,0.0,1.2643094062805176,0.3376300036907196,0.0,0.0,0.3376300036907196,0.64459725284269,1.55135148786885,0.0220967603598664,5.471425806158971,0.3846921813210742,1.9104326791932493e-06,0.0003915481261659846,0.0285793391176587,0.0,1
0.2608547023110077,0.3746755859717928,0.1403817947233063,0.0007048006518743932,1.81362783908844,1.4760240046141635,1.6667280122246675,3.8836175720074437,26.678652216457053,0.1403817947233063,0.30333964081287945,0.0,1.81362783908844,0.42766081541776657,0.0,0.0007048006518743932,0.42766081541776657,0.6962129796139596,1.4363382475086859,0.003830033706245985,5.602875811659711,0.4565380273767682,1.999968317299467e-06,0.0005858542027467173,0.03311695594821224,0.0007048006518743932,1
0.29530869756126776,0.4568233715510804,0.20868759279529642,0.0,2.2966413497924805,1.7549989859665045,3.0113210398551393,3.790680173759083,37.87453691528049,0.20868759279529642,0.36323465152963763,0.0,2.2966413497924805,0.5287722796201706,0.0,0.0,0.5287722796201706,0.6464381411144731,1.5469350389055274,-0.08121357741086849,5.468795488093679,0.5439621490973695,1.8285640196186434e-06,0.00036267259152663613,0.04037786297853383,0.0,1
0.26478685504116584,0.3606811949471118,0.13009092438847647,0.07899263873696327,1.690114974975586,1.6318498958119825,2.6108439520839113,3.9790018516157564,25.625984382856686,0.13009092438847647,0.28407820427014485,0.0,1.690114974975586,0.4565025418996811,0.0,0.07899263873696327,0.4565025418996811,0.7341278797529569,1.3621567237204335,-0.04183313494416954,5.740486238829391,0.4474405021799746,2.1694796552532973e-06,0.000982527589917091,0.03188001484919623,0.07899263873696327,1
0.27161421575874556,0.3633680924050813,0.1320363705781077,0.026474989019334316,1.50045907497406,1.2173911185698179,0.47492085268844075,3.954079655749048,26.343763555884294,0.1320363705781077,0.3032203486902745,0.0,1.50045907497406,0.49755748361349106,0.0,0.026474989019334316,0.49755748361349106,0.7474884943047164,1.3378095523830527,-0.04503151481395018,5.704531110444428,0.45366358987728567,2.03173644940891e-06,0.0006939305094282855,0.03211750527580662,0.026474989019334316,1
0.2754167172679445,0.38844749940431506,0.15089145979346533,0.009496624581515789,1.689787745475769,1.5385009481692624,1.8630203946176467,3.915500145068354,29.02346597684687,0.15089145979346533,0.3092913976740874,0.0,1.689787745475769,0.47993240505456924,0.0,0.009496624581515789,0.47993240505456924,0.7090173283982186,1.4103991335660515,-0.042097841277845535,5.648872641705466,0.47617835728234875,1.999990880216264e-06,0.0006315273043793191,0.034334232620468565,0.009496624581515789,1
0.26855298634473,0.3865808456900203,0.14944475025441128,0.004318494815379381,1.6051671504974365,1.5011585876799802,1.5143549130188303,3.886419138240504,28.360378461322753,0.14944475025441128,0.3108887885416607,0.0,1.6051671504974365,0.4501330405473709,0.0,0.004318494815379381,0.4501330405473709,0.6946859748816776,1.4394956129580438,-0.11279011152032861,5.60691761737087,0.4707074003338847,2.064259317925083e-06,0.0006661921627490271,0.03416924218303046,0.004318494815379381,1
0.3184619834210025,0.4501478862576002,0.2026331195021854,0.0,1.6985448598861694,1.2616324534368328,0.445436920504521,3.8752431553459763,38.91854776148791,0.2026331195021854,0.3750000621223535,0.0,1.6985448598861694,0.6107713580131531,0.0,0.0,0.6107713580131531,0.7074592276981907,1.4135058804256415,0.07312288277272556,5.590794082271875,0.5514083372480183,1.910433913875496e-06,0.0004975168555185401,0.03978782786369247,0.0,1
0.24683968660610844,0.3573433044795743,0.12769423725638174,0.01378032867796719,1.861278772354126,1.7473092468263551,3.106720724662768,3.9034537368524154,24.143880721943496,0.12769423725638174,0.2750251881766985,0.0,1.861278772354126,0.3606262654066086,0.0,0.01378032867796719,0.3606262654066086,0.6907614967184058,1.4476736273361128,0.013169342578160827,5.631493348311809,0.4343087244578257,2.031684174128087e-06,0.000631828698789501,0.03158498422613952,0.01378032867796719,1
0.23855906035169028,0.34657750439285606,0.12011596655118015,0.022554291412234306,1.5053848028182983,1.5227883075691093,1.5081476378496443,3.8835407076918447,22.659378153863877,0.12011596655118015,0.2754507738727625,0.0,1.5053848028182983,0.3786597177386284,0.0,0.022554291412234306,0.3786597177386284,0.688326186788772,1.452795395328612,0.1915113370971427,5.602764919892778,0.42074504373439925,2.0317336388831663e-06,0.0006224386579096293,0.03063341294536237,0.022554291412234306,1
0.15665346557216253,0.28100697921174894,0.07896492236571231,0.0,1.3069710731506348,2.2056506539405585,4.395857139532312,3.6419579256693555,13.248669522109571,0.07896492236571231,0.1984680793091229,0.0,1.3069710731506348,0.17944109067320824,0.0,0.0,0.17944109067320824,0.5574698128202221,1.7938127202318603,0.12035114611098557,5.254234638304772,0.3217222880707537,1.777766802310368e-06,0.00021916806185421576,0.024837742570171857,0.0,1
0.24335764585703146,0.29783119168910205,0.08870341874295065,0.09496026858687401,1.219835877418518,1.1523217860369674,0.6794932753974954,4.066937226502024,18.934574405123453,0.08870341874295065,0.25036727537462866,0.0,1.219835877418518,0.4455897808074951,0.0,0.09496026858687401,0.4455897808074951,0.8170965149095271,1.223841521971629,0.136320583060362,5.86735016809652,0.384611963594513,2.28569845171904e-06,0.0012585245157891699,0.02632480691152932,0.09496026858687401,1
0.18424739252441213,0.28158669201988773,0.07929106512270309,0.012635082704946399,1.410262107849121,1.7517254580785697,2.8066721678802917,3.8315823936128166,14.494485347167732,0.07929106512270309,0.21987545139069198,0.0,1.410262107849121,0.2979177236557007,0.0,0.012635082704946399,0.2979177236557007,0.6543162139039773,1.5283076094690375,-0.06499739422771025,5.52780491783801,0.33650879152668195,2.0644855283518705e-06,0.000553937551267638,0.024888982427393812,0.012635082704946399,1
0.2185776768710639,0.31506053667304434,0.09926314176870674,0.0,1.3632527589797974,1.3909626985970165,1.0815636997462335,3.8601847644422045,18.82103585216742,0.09926314176870674,0.2590204085767027,0.0,1.3632527589797974,0.40922578424215317,0.0,0.0,0.40922578424215317,0.693761857379288,1.4414122301194299,0.0016033369124762603,5.569069416391235,0.3834570935516228,1.939375478770764e-06,0.000443713187629067,0.027847680245722824,0.0,1
0.21296003212046344,0.3191919989691286,0.10188353220590818,0.0,1.3677979707717896,1.663900946003143,2.1733289412014445,3.8447614793357614,18.846144958292097,0.10188353220590818,0.24876370797414893,0.0,1.3677979707717896,0.33587200939655304,0.0,0.0,0.33587200939655304,0.6671826537807627,1.4988352311506685,0.03177303499611902,5.546818319453955,0.38371279296715793,1.9692110730662113e-06,0.00047706239547344576,0.028212853371445037,0.0,1
0.23115769910509698,0.38897768312792913,0.15130363797157165,0.0,1.6313397884368896,1.9081805769618467,2.8407733334383956,3.699597245086421,26.206402537873174,0.15130363797157165,0.28958201662635474,0.0,1.6313397884368896,0.32878733426332474,0.0,0.0,0.32878733426332474,0.5942682957489287,1.6827373028621406,0.0760523510053957,5.3373905985879855,0.45247930320306823,1.802803445941367e-06,0.0002816614458802929,0.03438109468374885,0.0,1
0.25249120384251,0.35115820676100395,0.12331208617560399,0.0256417877972126,1.3299487829208374,1.3929472680812376,1.0390388309757217,3.9276749790567713,23.944178456760824,0.12331208617560399,0.28592453581427435,0.0,1.3299487829208374,0.4404932036995888,0.0,0.0256417877972126,0.4404932036995888,0.7190220247147142,1.39077402070623,-0.13085774617724044,5.666437214324203,0.4325088371275712,2.0645037431534413e-06,0.0007140311466464218,0.031038293658751704,0.0256417877972126,1
0.2493808563303901,0.3489589682125598,0.1217723614959743,0.0,1.243959665298462,1.2823475256404056,0.4709883727984927,3.8978691096981297,23.54728614400678,0.1217723614959743,0.28768218851246274,0.0,1.243959665298462,0.43294133991003036,0.0,0.0,0.43294133991003036,0.714640299882439,1.3993013471340578,0.008809601671755795,5.623436434411106,0.42890928294926534,1.939382996255667e-06,0.0004982244639232433,0.030843906597370237,0.0,1
0.26115577044402016,0.3984639383815743,0.15877351019055505,0.004363959189504385,1.602980375289917,1.6046275418558011,1.6709220606941262,3.822877543266823,29.052908368225893,0.15877351019055505,0.31392390738631093,0.0,1.602980375289917,0.3877013549208641,0.0,0.004363959189504385,0.3877013549208641,0.655404642387719,1.5257711430388887,0.1101415629961668,5.515246473412166,0.47641982182395054,1.9999842398127006e-06,0.000567886259600149,0.035219569110988724,0.004363959189504385,1
0.16545314849645365,0.2769008774769617,0.07667409594751134,0.0,1.3508491516113281,2.0018299451673824,4.006750587430254,3.702327553330182,13.318251557747315,0.07667409594751134,0.20942381118629783,0.0,1.3508491516113281,0.23409995436668396,0.0,0.0,0.23409995436668396,0.5975154448355787,1.6735908623878306,-0.05849286786286678,5.341329600751359,0.3225660247064171,1.777765144858305e-06,0.0002260030780930905,0.024474811022558118,0.0,1
0.23765482143426198,0.341044248879862,0.11631117969402928,0.017108139349147677,1.3244855403900146,1.4973691696077724,1.4076363816880546,3.895654501620133,22.117247212157466,0.11631117969402928,0.2737266798116025,0.0,1.3244855403900146,0.3855440393090248,0.0,0.017108139349147677,0.3855440393090248,0.6968424929384641,1.4350403110765364,0.04513150807291357,5.620241430319468,0.4156813609544939,2.031731909084409e-06,0.0006238425899148394,0.030144337633452877,0.017108139349147677,1
0.22755988652079395,0.31781719681547144,0.10100777059164412,0.02146400883793831,1.2579971551895142,1.4220476712876005,1.147540517806335,3.9242118396483363,19.557282885760095,0.10100777059164412,0.2527572833025289,0.0,1.2579971551895142,0.3586510792374611,0.0,0.02146400883793831,0.3586510792374611,0.7160064741444544,1.396631021726362,0.26226961066220983,5.661440960273747,0.39088524216833864,2.0644816196102472e-06,0.0006613292520308649,0.02809133688073993,0.02146400883793831,1
0.3586254458859912,0.4826115309260574,0.23291388978279287,0.1327003873884678,1.8490303754806519,1.3853493427002,0.9446256789503007,3.9858504667326384,46.275340828124016,0.23291388978279287,0.3822621681738383,0.0,1.8490303754806519,0.542908102273941,0.0,0.1327003873884678,0.542908102273941,0.7430918654305256,1.345725844226575,0.12828192733014138,5.750366701895475,0.6012704052418669,2.2856956857453567e-06,0.001455994172724427,0.04265723577457955,0.1327003873884678,1
0.25517609824601095,0.4075731863380408,0.16611590222174333,0.0,2.0117695331573486,1.7018704946689294,2.4504044947590504,3.7373148197169233,29.597535147238546,0.16611590222174333,0.32201899516485355,0.0,2.0117695331573486,0.41248317807912827,0.0,0.0,0.41248317807912827,0.6260850338406091,1.5972232083629807,0.12356573040965889,5.391805556461772,0.48086457900099183,1.7777705280812681e-06,0.00027777143891499995,0.03602472048617962,0.0,1
0.25814664688368794,0.3713021575630154,0.1378652922109503,0.002878735773265362,1.4205507040023804,1.3331405804754157,0.6098493504568174,3.872291672278487,26.176637889054945,0.1378652922109503,0.30480986998213666,0.0,1.4205507040023804,0.44298893213272095,0.0,0.002878735773265362,0.44298893213272095,0.6952449544948371,1.4383380998565185,0.12563582253651456,5.586535992287139,0.452222272238157,1.9999829672258987e-06,0.0005784923674327635,0.03281878418525051,0.002878735773265362,1
0.3162686863943236,0.426303427777302,0.18173461253467738,0.044946436770260334,1.8786189556121826,1.3753934574404512,1.3584651854689325,3.958189513202744,36.06534329961835,0.18173461253467738,0.3489474680106923,0.0,1.8786189556121826,0.6158341467380524,0.0,0.044946436770260334,0.6158341467380524,0.7418845918239907,1.3479153837120226,0.13837448845817385,5.710460381411634,0.5308111665444392,2.0317389533293833e-06,0.0007603369468786871,0.03768025557804998,0.044946436770260334,1
0.32168484255089425,0.4357620483023766,0.18988856274068278,0.044059066101908684,1.6893203258514404,1.2683367702007764,0.5940820493281249,3.9480168061252696,37.551321685462575,0.18988856274068278,0.35992965744071626,0.0,1.6893203258514404,0.5984580367803574,0.0,0.044059066101908684,0.5984580367803574,0.7382104650775178,1.3546241248013855,-0.1541108393158805,5.6957842673585475,0.541636133089066,2.1333180662867546e-06,0.0009440652518917385,0.03851628741729379,0.044059066101908684,1
0.37093259972607484,0.5172653168923401,0.267563408059733,0.04868268594145775,2.0913503170013428,1.4060451473778757,1.016623383254835,3.931067562029777,51.85976340470752,0.267563408059733,0.41391697314566045,0.0,2.0913503170013428,0.6237335652112961,0.0,0.04868268594145775,0.6237335652112961,0.7171017860868716,1.3944994785422704,0.09115361038775986,5.671331676955166,0.6365174008613413,2.1333208535377356e-06,0.0010205346346518042,0.04572022665589776,0.04868268594145775,1
0.3536028165835887,0.5090755681924354,0.2591579341304509,0.0,1.851757287979126,1.273173989033201,0.41738036426909053,3.8460701463632767,49.17668941136614,0.2591579341304509,0.4248896072531352,0.0,1.851757287979126,0.6346412599086761,0.0,0.0,0.6346412599086761,0.6945965276679632,1.439681881244558,0.09994422774795192,5.548706326884725,0.6198329500972807,1.8028134791278713e-06,0.00037828366221485027,0.04499634830065822,0.0,1
0.4036505421063339,0.6123456583755029,0.3749672053313281,0.006032148143276572,2.886038064956665,1.6732542627093436,2.2516927025604003,3.8374964313401643,68.85132358068037,0.3749672053313281,0.4745480231903798,0.0,2.886038064956665,0.5167900323867798,0.0,0.006032148143276572,0.5167900323867798,0.6591863229517413,1.5170192889625609,-0.019848462715193395,5.536337070738888,0.7334173201350411,2.0317288786878936e-06,0.0007674438489799912,0.05412422093343239,0.006032148143276572,1
0.38189865421736613,0.5101853980310617,0.26028914036411277,0.05831708200275898,2.232822895050049,1.5458135207875245,2.4305465973768374,3.982204914849042,51.98537247451496,0.26028914036411277,0.4090439460169364,0.0,2.232822895050049,0.6619448810815811,0.0,0.05831708200275898,0.6619448810815811,0.7485473068102356,1.3359182924501176,0.33482794356799545,5.745107282271709,0.6372877862136918,2.098351915770854e-06,0.0009970511680421768,0.04509444432626519,0.05831708200275898,1
0.36353852254978847,0.48909872877237587,0.23921756648675407,0.1311592310667038,1.787247657775879,1.3174252584768482,0.6912963939455943,3.9746399245028945,47.53636145464795,0.23921756648675407,0.39867384067088096,0.0,1.787247657775879,0.6358559131622314,0.0,0.1311592310667038,0.6358559131622314,0.7432809735189552,1.3453834970278598,0.06874823837841564,5.734193308214945,0.609407764854073,2.1694818118735217e-06,0.001156074230982875,0.043230628473083364,0.1311592310667038,1
0.26554051316634286,0.4359323138197503,0.19003698223224125,0.0,1.681321620941162,1.7501211600199114,2.126228638284781,3.704105218534112,33.3502395347054,0.19003698223224125,0.33489857065319484,0.0,1.681321620941162,0.38360221683979034,0.0,0.0,0.38360221683979034,0.6091310407998288,1.641679111867456,0.033316263986096856,5.34389422952543,0.5104397578215141,1.7066598097249976e-06,0.000217247565442734,0.03853133690503594,0.0,1
0.3895559959782986,0.5163503494024585,0.2666176833280409,0.11410656571388245,2.190648078918457,1.3823935421982259,1.1644282838167488,3.998703363899329,53.55155933832769,0.2666176833280409,0.41432845141503094,0.0,2.190648078918457,0.6331989616155624,0.0,0.11410656571388245,0.6331989616155624,0.7544397752210925,1.3254842814207983,0.15107629689734914,5.768909512898914,0.6468164788645115,2.245603090813032e-06,0.0014359882121206342,0.04563935419131519,0.11410656571388245,1
0.39091427921084687,0.49054540355643694,0.24063479295034756,0.1241309680044651,2.004589080810547,1.1536072661264154,0.5867098425608508,4.023670899786367,50.36144213008429,0.24063479295034756,0.4102102914921488,0.0,2.004589080810547,0.7108154147863388,0.0,0.1241309680044651,0.7108154147863388,0.7968956175740722,1.254866935397497,0.1409736120154826,5.804930053106364,0.6272549454896976,2.0317419749673167e-06,0.0008934641613716137,0.04335849766683101,0.1241309680044651,1
0.19265148493286688,0.2941099618686612,0.08650066967038532,0.0,1.2560665607452393,1.619682221271204,1.9144038715432057,3.813903683039892,15.822753832604667,0.08650066967038532,0.23293158419573956,0.0,1.2560665607452393,0.2986375465989113,0.0,0.0,0.2986375465989113,0.6550299373707049,1.5266425897062224,0.044814876277792626,5.50229992976514,0.3515896248714173,1.9104358424738024e-06,0.0003881425495827703,0.025995893556480902,0.0,1
0.36010588871431537,0.5206069213910487,0.2710315666002655,0.06807856634259224,2.7632181644439697,1.968044136215265,4.5426294133589415,3.9318053329620355,51.29060066393502,0.2710315666002655,0.39900589656463126,0.0,2.7632181644439697,0.5944871008396149,0.0,0.06807856634259224,0.5944871008396149,0.6917026689723108,1.4457051042674407,0.23973346526753325,5.672396055420446,0.6330148637172688,2.206884161821333e-06,0.0012056293491238778,0.0460155855560328,0.06807856634259224,1
0.36689615462819347,0.5169307877984707,0.2672174393739475,0.05260281637310982,2.217471122741699,1.4428362483093249,1.3173341810538375,3.9147579144543077,51.434269139827556,0.2672174393739475,0.4206659247344078,0.0,2.217471122741699,0.6500284373760223,0.0,0.05260281637310982,0.6500284373760223,0.7097573863482939,1.4089294239737122,0.1935631657569416,5.6478018292793895,0.6339008026930576,2.133318727612226e-06,0.0009911396462744509,0.04569065818205035,0.05260281637310982,1
0.38366888807649957,0.5147155074121069,0.26493205357050265,0.062140267342329025,2.3285396099090576,1.2567510518065377,0.7422086887184891,3.961562996930985,52.7531352637901,0.26493205357050265,0.4288383852313018,0.0,2.3285396099090576,0.7351015210151672,0.0,0.062140267342329025,0.7351015210151672,0.7453984524520324,1.3415617565255331,0.22083314207887542,5.715327289656886,0.6419765332536386,2.206880627571055e-06,0.0012307660846902567,0.04549485320912193,0.062140267342329025,1
0.4080672300697188,0.5475115999968136,0.29976895213107085,0.09553341567516327,2.6670854091644287,1.5628320554422166,2.3534786481495615,3.9936299294258033,59.68484049764399,0.29976895213107085,0.4367373395270988,0.0,2.6670854091644287,0.6859240680932999,0.0,0.09553341567516327,0.6859240680932999,0.7453111217387391,1.341719108155954,0.11069673837049544,5.761590094143685,0.6828527047525283,2.327256060016685e-06,0.0016938513207589907,0.04839364564200543,0.09553341567516327,1
0.25955852331389906,0.37455872822367414,0.14029424088853618,0.024499774910509586,1.7350035905838013,1.57233488269517,2.058119490437991,3.8906640902603162,26.581103092918788,0.14029424088853618,0.3005296527757082,0.0,1.7350035905838013,0.49574629217386246,0.0,0.024499774910509586,0.49574629217386246,0.6929696487789517,1.4430607919998786,0.19876172952281684,5.613041788598664,0.45570260907024446,2.0644992168985914e-06,0.0006959549800126288,0.03310662708494613,0.024499774910509586,1
0.27366804401390254,0.39085188217658445,0.15276519380097864,0.0,1.8849190473556519,1.6002245034756208,2.3485452423255158,3.8938842226974275,29.140402190767862,0.15276519380097864,0.31100821152722347,0.0,1.8849190473556519,0.45868854224681854,0.0,0.0,0.45868854224681854,0.7001817218025819,1.4281970099392711,0.09971874289559474,5.617687457696693,0.4771366597898069,1.8823479030481237e-06,0.0004522208091537056,0.03454675204082354,0.0,1
0.4054029530961998,0.5643683552639239,0.3185116404233066,0.038646142929792404,2.3035330772399902,1.320931522364322,0.77136725049114,3.9148872949079667,61.80648893471055,0.3185116404233066,0.46475103272859997,0.0,2.3035330772399902,0.6560387909412384,0.0,0.038646142929792404,0.6560387909412384,0.7183291390912172,1.3921170306078223,0.16436741582883457,5.647988485818269,0.6948835836328457,2.031739047736404e-06,0.0008262517154181485,0.049883586386777395,0.038646142929792404,1
0.2946118482868769,0.4313431992766039,0.18605695556217605,0.0,2.0141773223876953,1.6424218255708465,2.374086465684769,3.867769933446008,34.92519637928778,0.18605695556217605,0.3427663383362187,0.0,2.0141773223876953,0.49912671744823456,0.0,0.0,0.49912671744823456,0.6830087173560297,1.464106762116999,-0.09179694923394607,5.580012502097331,0.5223534212706813,1.910440126071256e-06,0.0004935067419523046,0.03812571265339836,0.0,1
0.34823110790784995,0.5350300713013394,0.2862571771967163,0.005102212191559374,2.342848300933838,1.7987309236765132,2.6780995665703653,3.830559621910247,52.162826459064945,0.2862571771967163,0.4093408992625598,0.0,2.342848300933838,0.5239444226026535,0.0,0.005102212191559374,0.5239444226026535,0.6508614669066943,1.5364223906237602,0.17383214805496747,5.5263293701747545,0.6383745622371281,2.031719286934961e-06,0.0006954690554663567,0.04729042394448739,0.005102212191559374,1
0.23031753666873556,0.34254516865969065,0.1173371925720959,0.0,1.774263620376587,1.6786622418979216,2.7356503928086546,3.8501314754756066,21.80907011446403,0.1173371925720959,0.2707982315821482,0.0,1.774263620376587,0.3741653934121132,0.0,0.0,0.3741653934121132,0.6723693263594758,1.4872734990751983,0.04840634769523667,5.5545655862545,0.4127751933792173,1.9393815040593375e-06,0.0004655530041433524,0.03027700145274461,0.0,1
0.182746251593926,0.2573556741590102,0.06623194302183863,0.0,0.9111493825912476,1.303492859858635,0.5459717578682013,3.8925416500692505,12.752401343164049,0.06623194302183863,0.21212137533166242,0.0,0.9111493825912476,0.3228403106331825,0.0,0.0,0.3228403106331825,0.7100894204166416,1.4082678682289536,-0.06833245106706287,5.615750534823986,0.3156392489749479,1.9393795431384954e-06,0.00042876579022676093,0.02274724279683395,0.0,1
0.307752047014219,0.417066553474448,0.17394451002705458,0.0015123540069907904,1.6763477325439453,1.1773786353879454,0.27534533305701503,3.927253818011112,34.387946555967574,0.17394451002705458,0.35128098385558815,0.0,1.6763477325439453,0.5885027647018433,0.0,0.0015123540069907904,0.5885027647018433,0.7378949631790853,1.3552031823046764,0.14407240713831923,5.665829607372217,0.5183202026435944,1.9999783673515914e-06,0.0006458041316576956,0.0368638235209855,0.0015123540069907904,1
0.22745354546350427,0.3152489570756166,0.09938190493726398,0.0,1.3502782583236694,1.413800780675025,1.3991425520984588,3.918309084976477,19.342978595991344,0.09938190493726398,0.25486530403259167,0.0,1.3502782583236694,0.3746574744582176,0.0,0.0,0.3746574744582176,0.7215022250072717,1.3859927152738072,0.09754128994490247,5.652925085381069,0.3887377268560158,1.9104412709870576e-06,0.0004553282640054289,0.02786433441376942,0.0,1
0.23733463163989654,0.37307169904679083,0.13918249262965926,0.0,1.927331805229187,1.9635455986674006,4.122915841288103,3.7922658152045363,25.025308160678993,0.13918249262965926,0.28340121096928783,0.0,1.927331805229187,0.3742895796895027,0.0,0.0,0.3742895796895027,0.6361618854617127,1.5719227171736387,0.02340535805079152,5.471083085143664,0.4421653763076714,1.9102491688599345e-06,0.00039051007248708827,0.032975191033096575,0.0,1
0.2680973978131078,0.3756290950793725,0.14109721707014825,0.027080466970801353,1.6610770225524902,1.4599694508719758,1.4635242743407861,3.920151469610307,27.260599268391424,0.14109721707014825,0.3027929599002164,0.0,1.6610770225524902,0.4763830453157425,0.0,0.027080466970801353,0.4763830453157425,0.7137271515916677,1.4010919096694314,0.07438139558857422,5.655583084555707,0.46149044603795214,2.0317360181405697e-06,0.0006772975366535382,0.03320123504269883,0.027080466970801353,1
0.2590784606845773,0.41424488892791594,0.1715988280029014,0.0,1.6903727054595947,1.6992179546434234,2.0255139176588166,3.7491492885213624,30.556221029579707,0.1715988280029014,0.3217315503078453,0.0,1.6903727054595947,0.3958086892962456,0.0,0.0,0.3958086892962456,0.6254219235707618,1.598916744500233,0.07699550717901671,5.408879085917491,0.4885902954353386,1.8550440799180934e-06,0.0003503066392226427,0.03661442125409969,0.0,1
0.3227433952197316,0.4522185189135595,0.20450158884837338,0.06081592105329037,2.2982969284057617,1.5401474035449687,2.2435543196628958,3.9267445119020685,39.50910566481066,0.20450158884837338,0.3679320636939565,0.0,2.2982969284057617,0.6315440237522125,0.0,0.06081592105329037,0.6315440237522125,0.7136874498365541,1.4011704828403322,0.003572549543396217,5.665094833974404,0.555576176600773,2.1333069246267926e-06,0.0009275157395082434,0.03997084766273937,0.06081592105329037,1
0.18669657560894848,0.3146397230479178,0.09899815531967043,0.0,1.7713383436203003,2.210881346815148,5.379060844533354,3.7358460269441527,17.133282132963615,0.09899815531967043,0.22967443124571219,0.0,1.7713383436203003,0.2544505372643471,0.0,0.0,0.2544505372643471,0.5933643102533672,1.68529991523228,-0.03291372126499971,5.389686536412403,0.3658603103149865,1.9393766080503373e-06,0.00039580742125388575,0.02781048522472999,0.0,1
0.3192422559513943,0.4325974124665926,0.18714052127279127,0.0,1.7897320985794067,1.223774216102762,0.5441378471089573,3.9275842770661007,36.99918582498903,0.18714052127279127,0.3643077780791373,0.0,1.7897320985794067,0.5828025490045547,0.0,0.0,0.5828025490045547,0.7379644648512154,1.355075665586253,0.04947215818666446,5.666306359012065,0.5376394137874629,1.969221521014494e-06,0.0006154350409178264,0.03823657048486019,0.0,1
0.2615229407347215,0.44092256419844716,0.19441270761933374,0.0,2.301097869873047,2.0122412398995078,4.029348389467017,3.69552731681638,33.639290387183415,0.19441270761933374,0.3326058300257273,0.0,2.301097869873047,0.40555301308631897,0.0,0.0,0.40555301308631897,0.593125344094827,1.6859804457678593,0.10841498092879444,5.331518933256027,0.5126470093054971,1.8285567711962708e-06,0.0003165831559500191,0.03897241689036035,0.0,1
0.3293017645519285,0.4595046491484213,0.21114452258901378,0.02178940549492836,1.897420048713684,1.362923702096834,0.9471032678844629,3.9150557605896035,40.90677436493152,0.21114452258901378,0.3745427383220772,0.0,1.897420048713684,0.5753137320280075,0.0,0.02178940549492836,0.5753137320280075,0.7166435606661352,1.3953907892769908,0.027871558798280734,5.648231530421727,0.565317764382146,2.0645003736320605e-06,0.0007905781034362505,0.040614856674949254,0.02178940549492836,1
0.2264828246406978,0.32349016082534393,0.10464588415080689,0.04098513722419739,1.618171215057373,1.658136351001067,2.5090865966632077,3.9228903458597184,19.9603653130286,0.10464588415080689,0.25201723034820134,0.0,1.618171215057373,0.3364346921443939,0.0,0.04098513722419739,0.3364346921443939,0.7001205969982535,1.4283209392965792,0.07382406329173237,5.659534447738341,0.39489283863858043,2.1333178772516763e-06,0.0007958472023871574,0.02859276079584094,0.04098513722419739,1
0.3034803585142072,0.40743547792802837,0.16600366867444089,0.0031145906541496515,1.665427565574646,1.1553538060967508,0.2173496943890636,3.939465449207842,33.03731157482913,0.16600366867444089,0.34311720242601496,0.0,1.665427565574646,0.5677909702062607,0.0,0.0031145906541496515,0.5677909702062607,0.7448531855996838,1.3425431547622038,-0.13765623062254187,5.683447267140904,0.5080393652841801,1.9999853966622225e-06,0.0006566148024769475,0.036012548667361345,0.0031145906541496515,1
0.3370269776205532,0.45159029552926366,0.20393379501620768,0.1056421585381031,2.161083936691284,1.5534071922170074,2.395008908802253,3.9932403593143615,40.642685268512324,0.20393379501620768,0.36110358968107903,0.0,2.161083936691284,0.6544801592826843,0.0,0.1056421585381031,0.6544801592826843,0.7463097295211562,1.339923286609101,0.10651128065238612,5.7610280632758295,0.563489998722473,2.206886560453023e-06,0.001226484075966318,0.03991532003584742,0.1056421585381031,1
0.34474211401538923,0.4636779665785502,0.21499725669041914,0.08999908342957497,2.0193557739257812,1.348784476994323,1.0164826564478506,3.972079608522244,42.732080878876005,0.21499725669041914,0.3785067644685114,0.0,2.0193557739257812,0.5957076847553253,0.0,0.08999908342957497,0.5957076847553253,0.7434931037722362,1.3449994872336708,0.06387991616016934,5.7304995530465535,0.577792680696302,2.133325575527841e-06,0.0010369896580044188,0.040983729306810275,0.08999908342957497,1
0.24801506802759832,0.32965981226629143,0.1086755918234465,0.08329055830836296,1.3523740768432617,1.286897578681213,0.8602157289388193,3.972287471967354,21.783944421399134,0.1086755918234465,0.27453657828982614,0.0,1.3523740768432617,0.44803550839424133,0.0,0.08329055830836296,0.44803550839424133,0.7523340924952227,1.3291926772352716,0.06463383512286061,5.730799436607995,0.4125373507843632,2.0644977709502215e-06,0.0007293775991262764,0.029138086092272357,0.08329055830836296,1
0.330624044247088,0.43654917054394754,0.19057517830260862,0.0018832599744200706,1.6215016841888428,1.1770011293213651,0.32433601276106305,3.9624724521885324,38.38559192792436,0.19057517830260862,0.36373485181820797,0.0,1.6215016841888428,0.594910278916359,0.0,0.0018832599744200706,0.594910278916359,0.7573563511271245,1.3203793799633567,-0.04120412824090378,5.716639356246863,0.54761979231663,1.9999860069292394e-06,0.0007011174865891715,0.03858585985162349,0.0018832599744200706,1
0.18272318232629914,0.2511897165267572,0.06309627368879264,0.04944112338125706,1.5334395170211792,1.9242391354414161,5.432568074079947,3.9800889009271345,12.349956486175053,0.06309627368879264,0.1930491860875918,0.0,1.5334395170211792,0.3098340108990669,0.0,0.04944112338125706,0.3098340108990669,0.7274280867256303,1.374700863507256,0.02258046816566416,5.74205451948012,0.31061879377823004,2.169470785579782e-06,0.000801817247922337,0.022202243990049574,0.04944112338125706,1
0.3031463125589653,0.4206017150614647,0.17690580271264555,0.010295992251485586,1.6869667768478394,1.3550357578009413,1.0262820846970513,3.9156497462025217,34.40684665993516,0.17690580271264555,0.34694442499983325,0.0,1.6869667768478394,0.5608663260936737,0.0,0.010295992251485586,0.5608663260936737,0.7207426431250332,1.387454498492879,0.10238513796859075,5.6490884705198425,0.5184626211509789,2.031730110222724e-06,0.0006940862286615866,0.037176290612331714,0.010295992251485586,1
0.28485358762554824,0.3947931238451293,0.1558616106353956,0.12780537828803062,1.7369967699050903,1.653447502623757,2.31980769505713,3.968437813426906,30.33640665837331,0.1558616106353956,0.3012636323546758,0.0,1.7369967699050903,0.4419339820742607,0.0,0.12780537828803062,0.4419339820742607,0.7215243855485833,1.3859510323742215,0.08886763742095678,5.725245553322575,0.4868297207633707,2.1333246768136053e-06,0.0009507072886833656,0.03489511187958892,0.12780537828803062,1
0.2969277193369635,0.4010067574928718,0.16080641955494687,0.007826409535482526,1.7735974788665771,1.3584262079954696,1.2580742016821667,3.9507948507220285,31.868478728396475,0.16080641955494687,0.3282583838011419,0.0,1.7735974788665771,0.5589474886655807,0.0,0.007826409535482526,0.5589474886655807,0.740453803670473,1.3505197776358357,0.0365147512689547,5.69979213852166,0.49897143211370076,2.0317300263319355e-06,0.00071354731675399,0.03544432469060488,0.007826409535482526,1
0.2592100899637444,0.44526423244688706,0.1982602366965155,0.0,2.4215099811553955,2.732215322140595,8.895404114046972,3.751960120658741,33.977613751747576,0.1982602366965155,0.3069687869826794,0.0,2.4215099811553955,0.3910830616950989,0.0,0.0,0.3910830616950989,0.5821476079308842,1.7177735346226914,0.015756536172917862,5.412934259502862,0.5152185045546481,1.9104337205746656e-06,0.00043356363650196256,0.03935616977287712,0.0,1
0.3044920768152224,0.47926322313568964,0.22969323705040987,0.0,2.1659207344055176,1.688477039070063,2.4203564793748447,3.761832318053546,41.26830872238811,0.22969323705040987,0.3821916807780781,0.0,2.1659207344055176,0.5206054002046585,0.0,0.0,0.5206054002046585,0.6353323743279172,1.573976006694339,0.071436542406988,5.427176829727021,0.5678104101666833,1.855062793051117e-06,0.0003854235637926488,0.04236128438157095,0.0,1
0.2846696588967461,0.44410882531684553,0.1972326487243084,0.0,1.6744880676269531,1.629737564272926,1.625720568046682,3.785707455595651,35.61849131784937,0.1972326487243084,0.34280138939402605,0.0,1.6744880676269531,0.38878756016492844,0.0,0.0,0.38878756016492844,0.6409893289202767,1.5600848613020974,0.06210596327070321,5.4616213722595575,0.5275125244206986,1.8285662501570513e-06,0.00036382211870112,0.039254045245791666,0.0,1
0.30044407007517293,0.4342733186273364,0.18859331527160006,0.03704669699072838,2.035749673843384,1.6741958749059624,2.463623737821565,3.9041961258501368,35.694074177911745,0.18859331527160006,0.3396407372874819,0.0,2.035749673843384,0.4915079399943352,0.0,0.03704669699072838,0.4915079399943352,0.6918301570878587,1.4454381426755356,0.226975333704609,5.632564389237232,0.528071921725569,2.0983476385356896e-06,0.0008313687592932077,0.03838470106122197,0.03704669699072838,1
0.23295783309004037,0.3539482249311201,0.12527934593189077,0.0,1.544182538986206,1.4830980663286553,1.2145483236467003,3.7980945197268894,22.982233335026926,0.12527934593189077,0.28561924559028284,0.0,1.544182538986206,0.3893848955631256,0.0,0.0,0.3893848955631256,0.6581673773558195,1.5193660596693301,0.09408219851107048,5.479492128252867,0.4237318703259148,1.855058453163651e-06,0.00035045736423121787,0.03128489875471705,0.0,1
0.2569270004350983,0.402083297753208,0.16167097833209493,0.016794645693153143,1.5685678720474243,1.7501806986528865,2.1025967382514157,3.8163850712180993,29.143355121238002,0.16167097833209493,0.3022264029818871,0.0,1.5685678720474243,0.3439611345529556,0.0,0.016794645693153143,0.3439611345529556,0.6389878984848979,1.5649709725808956,-0.0333065345052889,5.505879816184361,0.47716083439933743,2.0983373884359628e-06,0.000711706867690606,0.035539478305392884,0.016794645693153143,1
0.2042595001130394,0.30845481470452407,0.09514437271440226,0.0,1.6653296947479248,1.8399422040724116,3.7178582728123724,3.841151756236199,17.518888460906368,0.09514437271440226,0.2408696185813426,0.0,1.6653296947479248,0.3537250906229019,0.0,0.0,0.3537250906229019,0.6622001932714533,1.51011245270757,-0.03715827423027975,5.541610589839233,0.3699544784170493,1.9393591126964893e-06,0.00043003664872727536,0.02726381139590112,0.0,1
0.166208156842913,0.2931062175613713,0.08591125477313391,0.0,1.4267442226409912,2.0599594312274183,3.847538359452268,3.635157961757523,14.532659990304293,0.08591125477313391,0.21775975954778914,0.0,1.4267442226409912,0.2163490578532219,0.0,0.0,0.2163490578532219,0.5670558310564703,1.7634887669104737,-0.1046690385780669,5.244424364090946,0.33695163773789893,1.777763060876339e-06,0.0002163038074635496,0.025907174255698145,0.0,0
0.27967406884999946,0.42878714380424676,0.1838584146918038,0.041139429435133934,2.0636372566223145,1.9282586943019826,3.6406586828628607,3.8571862570603987,33.54572793330151,0.1838584146918038,0.3213574108594912,0.0,2.0636372566223145,0.4337620586156845,0.0,0.041139429435133934,0.4337620586156845,0.6522430083273901,1.5331673242620956,0.09376739328740682,5.564743484661435,0.5119335889340706,2.0983477530682753e-06,0.0007878900963095698,0.03789978713369927,0.041139429435133934,0
0.2049542594468221,0.3221880466564471,0.10380513740829694,0.0,1.77410089969635,1.9777351716383447,4.344830116985533,3.7965259140317897,18.663857391832604,0.10380513740829694,0.24510608963100822,0.0,1.77410089969635,0.3248394653201103,0.0,0.0,0.3248394653201103,0.6361304382435029,1.5719997599759217,0.05792845116744216,5.477229108595436,0.3818525708617034,1.8285642490026779e-06,0.00031651423605037553,0.028477669076002687,0.0,0
0.1754728930791316,0.25665740404482135,0.06587302305102669,0.003811246482655406,1.1305779218673706,1.4644637268045,1.3001903834172888,3.858925401589707,12.37296118484314,0.06587302305102669,0.20884250482481548,0.0,1.1305779218673706,0.3196331039071083,0.0,0.003811246482655406,0.3196331039071083,0.6836826315201744,1.4626612665984746,-0.007779798667594989,5.5672525398492585,0.31090795946161787,1.9999800144524008e-06,0.00047455229297496264,0.0226855238552286,0.003811246482655406,0
0.1868235143574566,0.26464508286948274,0.07003701988699539,0.008818121277727187,1.1930609941482544,1.5516272149480412,1.9429511143431837,3.9128029510960016,13.43232581169487,0.07003701988699539,0.21164749130076643,0.0,1.1930609941482544,0.3251206651329994,0.0,0.008818121277727187,0.3251206651329994,0.705937198585303,1.4165512504123392,-0.09680955336497706,5.644981413337238,0.3239445097603387,2.0317242431470063e-06,0.0005557528436405999,0.02339154158808588,0.008818121277727187,0
0.22477573063224554,0.34625667413422045,0.11989368438249173,0.0,1.4991669654846191,1.6104576143849783,1.881344931685386,3.7892154918708005,21.813480123360197,0.11989368438249173,0.2749991509044776,0.0,1.4991669654846191,0.3816011920571327,0.0,0.0,0.3816011920571327,0.6491573975776068,1.540454003465033,-0.0245607924947136,5.466682398796975,0.4128169248756058,1.855060931081705e-06,0.0003437438344869519,0.030605055288925986,0.0,0
0.13539094638326787,0.22923940572157303,0.05255070513557997,0.0,1.172139286994934,2.073503183245265,4.247175705547729,3.7029816484258844,9.072820927761523,0.05255070513557997,0.17048374114830267,0.0,1.172139286994934,0.21369105949997902,0.0,0.0,0.21369105949997902,0.5906068171407302,1.6931664328029492,-0.06965167472168042,5.342273260502199,0.26623563528975025,1.855039804736966e-06,0.0002560038560518726,0.020262092287612315,0.0,0
0.2227630427441909,0.33599232348161334,0.11289084143857309,0.0,1.6029396057128906,1.6344738210610226,2.101006915352764,3.830256058589848,20.801819475356584,0.11289084143857309,0.2646244172776733,0.0,1.6029396057128906,0.3438218906521797,0.0,0.0,0.3438218906521797,0.6629984204325454,1.5082947303222505,0.15579683554613724,5.525891420877817,0.40313051813429274,1.8823379134284002e-06,0.000387787655033284,0.029697806295059106,0.0,0
0.2444779958750587,0.3624110971040936,0.13134180330419276,0.0,1.6715409755706787,1.634083624559175,2.1843530762476835,3.855680354680066,24.462245602723577,0.13134180330419276,0.28516889571210413,0.0,1.6715409755706787,0.38807661831378937,0.0,0.0,0.38807661831378937,0.6745856383619521,1.4823873854451302,0.16118307210784955,5.562570926765268,0.43716277720235736,1.9692142727169607e-06,0.0005176926031349919,0.03203291804244511,0.0,0
0.23330393549986184,0.38506071069947573,0.14827175092438533,0.0,1.560498595237732,1.916817254668824,3.0993206913932614,3.723007322203426,25.945917087245952,0.14827175092438533,0.29137771459136275,0.0,1.560498595237732,0.3720415309071541,0.0,0.0,0.3720415309071541,0.6058871318990884,1.6504681323719195,0.016441750867210427,5.371164200751519,0.4502249185064161,1.7777706749602616e-06,0.00026925642530639893,0.03403487996301383,0.0,0
0.23625441799777036,0.3504082738954673,0.12278595841440083,0.0,1.4508806467056274,1.4090033346420687,1.02580082417834,3.811331570649995,22.86106988004685,0.12278595841440083,0.2869501425668375,0.0,1.4508806467056274,0.4684619680047035,0.0,0.0,0.4684619680047035,0.6742242160755393,1.483181888682286,0.04767449924483505,5.498589155975628,0.4226134267127182,1.777746419104455e-06,0.0002756177551268118,0.03097200833191975,0.0,0
0.26107431821583305,0.3761056532895061,0.14145546243632617,0.014173398725688457,1.4485958814620972,1.4187929940854656,0.9650359455879274,3.882060695750549,26.83075354472809,0.14145546243632617,0.3039228172631283,0.0,1.4485958814620972,0.4688376113772392,0.0,0.014173398725688457,0.4688376113772392,0.6941496937967553,1.4406076241423922,0.09191388773850317,5.600629714004613,0.4578375935505823,1.999990414934243e-06,0.0006005126378037278,0.033243357235450785,0.014173398725688457,0
0.2566582669096533,0.3856752476253912,0.1487453966309068,0.0,2.0362985134124756,1.699332325967707,2.9040521653192153,3.8381296310738264,27.471214413308626,0.1487453966309068,0.30877826831556376,0.0,2.0362985134124756,0.4798797070980072,0.0,0.0,0.4798797070980072,0.6654759490373037,1.5026800121001103,0.10174506581049468,5.537250584854531,0.46326975144506644,1.9393847760085595e-06,0.0004905158448810689,0.034089197866464374,0.0,0
0.25415072626492474,0.33931536216069996,0.11513491499824699,0.035371579229831696,1.4826017618179321,1.3058836309584088,0.912999391818285,3.9751595061788443,23.005120852382166,0.11513491499824699,0.2778236287069831,0.0,1.4826017618179321,0.43937089294195175,0.0,0.035371579229831696,0.43937089294195175,0.7490081664395517,1.3350949932246121,0.09071843042348035,5.734942906122175,0.4239428105997738,2.2856870419435344e-06,0.0011579090003916981,0.029991524193075023,0.035371579229831696,0
0.26074111224443186,0.3577505161954041,0.1279854318380781,0.024168371222913265,1.511365294456482,1.5109373846312515,1.8733652897347453,3.949041670434256,25.084334009925314,0.1279854318380781,0.2862811195197992,0.0,1.511365294456482,0.43495286256074905,0.0,0.024168371222913265,0.43495286256074905,0.7288330040284579,1.3720525816428624,0.06251995540382241,5.697262834014706,0.4426865250406223,2.031736322638875e-06,0.0006840955347829545,0.031620976996844755,0.024168371222913265,0
0.23950887473620242,0.3496919377829185,0.12228445135037254,0.0,1.422345757484436,1.4616513628561123,1.2131351564980308,3.8599087614619463,22.995065910755123,0.12228445135037254,0.2822236539645928,0.0,1.422345757484436,0.40477125346660614,0.0,0.0,0.40477125346660614,0.6849119580587131,1.4600374961807694,0.16474237287814,5.568671228260349,0.4238501532709106,1.9692158568985296e-06,0.0005113451695249767,0.030908692566570743,0.0,0
0.22517039779631887,0.415568928495734,0.17269753433109247,0.0,1.807722806930542,2.0921306660863244,3.6538560503598347,3.5549968339732203,28.59510302398015,0.17269753433109247,0.3056979249950018,0.0,1.807722806930542,0.29473602771759033,0.0,0.0,0.29473602771759033,0.5418351578310372,1.845575317904989,0.034247532165333015,5.128776302564467,0.4726512904614193,1.6410194806204414e-06,0.0001466057667365891,0.03673145092372012,0.0,0
0.26252443171688356,0.4306806549081641,0.1854858265121251,0.0,1.970676302909851,1.9987853757645833,3.7338900906641834,3.747536766292505,32.563827681330906,0.1854858265121251,0.32257725973477136,0.0,1.970676302909851,0.3740171194076538,0.0,0.0,0.3740171194076538,0.6095556398213958,1.6405355192716946,-0.10774651364856347,5.406552708094596,0.5043856696620134,1.8550628612277444e-06,0.00036653763399459327,0.03806715145142827,0.0,0
0.3723534878154169,0.5518861464890363,0.3045783186865181,0.05746548809111118,2.2767112255096436,1.6209461587312646,2.0177785261311696,3.8630835424355934,56.732856137577464,0.3045783186865181,0.44118978220581084,0.0,2.2767112255096436,0.7051410675048828,0.0,0.05746548809111118,0.7051410675048828,0.6746913570722451,1.4821565113487467,-0.028190564405300097,5.573251469026937,0.6657517845074273,2.0983425099926517e-06,0.0008805852190623054,0.048780304578163736,0.05746548809111118,0
0.29034018330094113,0.39571302043657913,0.1565887945430405,0.07101954892277718,1.8507037162780762,1.6293143176734404,2.423185134240555,3.982974384990699,30.833435722529863,0.1565887945430405,0.3103135051802042,0.0,1.8507037162780762,0.48868316411972046,0.0,0.07101954892277718,0.48868316411972046,0.7337121464147713,1.3629288785921092,0.06252882064431266,5.746217393029186,0.4908016061325233,2.2455632265860616e-06,0.0011840862593331444,0.034976420019314496,0.07101954892277718,0
0.21074693781520182,0.35648498757257363,0.12708154636461796,0.0,1.602161169052124,1.7880724818715374,2.4081547131223857,3.649412340804692,21.951464724877123,0.12708154636461796,0.27531972552137063,0.0,1.602161169052124,0.3458017185330391,0.0,0.0,0.3458017185330391,0.591178742396706,1.6915310431943997,0.11609313785481604,5.26498908605325,0.4141205357901278,1.6622783602332193e-06,0.0001542918604084324,0.03150911901297111,0.0,0
0.32275369465060066,0.4847969239835174,0.2350280575038804,0.0,2.3537652492523193,1.802368844410813,3.403547385838997,3.84481872023199,43.417344629055194,0.2350280575038804,0.37838463932484956,0.0,2.3537652492523193,0.5337231159210205,0.0,0.0,0.5337231159210205,0.6657489207020076,1.502064676620783,0.09920337034181849,5.54690090061108,0.5824070783519837,1.910440645067398e-06,0.0005066642231680675,0.042850399055890546,0.0,0
0.22095624660141766,0.3184922783316932,0.10143733135691271,0.02094268426299095,1.596102237701416,1.6836137330776322,2.6500679763751034,3.905519259440458,19.2331512664447,0.10143733135691271,0.2481300867293612,0.0,1.596102237701416,0.3526816591620445,0.0,0.02094268426299095,0.3526816591620445,0.6937548188106624,1.4414269034277203,-0.10943642038940696,5.634473267506422,0.3876325505799264,2.0644996711200217e-06,0.0006552883315093587,0.028151006220486694,0.02094268426299095,0
0.35333477170206606,0.575548681869106,0.3312562852012654,0.0,2.5323522090911865,2.0319845833267953,3.7154654361465713,3.771168540577271,58.381023500162115,0.3312562852012654,0.42371925301267765,0.0,2.5323522090911865,0.5151039361953735,0.0,0.0,0.5151039361953735,0.6139083780823338,1.6289047327456694,-0.07809002614183116,5.440646151662634,0.675353052924925,1.8823462420840432e-06,0.00047074912078728985,0.05087179698157797,0.0,0
0.23601935409169528,0.36490162836291407,0.13315319838190626,0.0,1.838934063911438,1.7434860513744295,2.942666876070077,3.7911018707239235,24.173866737634214,0.13315319838190626,0.29077816391139777,0.0,1.838934063911438,0.39019903540611267,0.0,0.0,0.39019903540611267,0.6468009154950842,1.5460665493608081,0.026934371357133155,5.469403868213611,0.43457834033436055,1.8823310316819886e-06,0.0003741034855204603,0.03225305198517874,0.0,0
0.19317252740438562,0.2912702884893922,0.08483838095669376,0.0,1.227035403251648,1.543986823843507,1.5258280392784966,3.827639302962143,15.635712806462958,0.08483838095669376,0.23247720648896575,0.0,1.227035403251648,0.32623855769634247,0.0,0.0,0.32623855769634247,0.663204836996561,1.5078245980581368,-0.05310138471769131,5.522116240510509,0.34950537377913354,1.9692159507260163e-06,0.0004556744680057189,0.0257448995186264,0.0,0
0.2541277759009972,0.3403840387883225,0.11586129386185025,0.09424794092774391,1.456865668296814,1.5453530754073073,2.014404697180429,3.9949975790928356,23.096604204318428,0.11586129386185025,0.26761095375331934,0.0,1.456865668296814,0.40933807939291,0.0,0.09424794092774391,0.40933807939291,0.7465891474126551,1.3394208389126614,-0.07554421596323894,5.763563195535983,0.424784910685676,2.1333242259679457e-06,0.000907623908886144,0.030085982754360956,0.09424794092774391,0
0.17303077153155755,0.2589235967517955,0.0670414289548864,0.0,1.0966434478759766,1.5159273599215606,1.5451445665522243,3.818121294349544,12.413577837016636,0.0670414289548864,0.21000455549810226,0.0,1.0966434478759766,0.3142425864934921,0.0,0.0,0.3142425864934921,0.6682670310284367,1.496402024102243,-0.023817858261903604,5.508384656685973,0.31141784928242705,1.8823278398042076e-06,0.0003296333940647901,0.022885828884050715,0.0,0
0.23607227014872478,0.3397418222619116,0.11542450579384432,0.0,1.5916483402252197,1.4182779430992536,1.3257695563126504,3.868458751493546,21.90779168345815,0.11542450579384432,0.27879319002897773,0.0,1.5916483402252197,0.40396321564912796,0.0,0.0,0.40396321564912796,0.6948557987981098,1.439143284587704,0.130235405201378,5.581006256478585,0.4137083786038383,1.939373850071309e-06,0.0004689549038051866,0.03002921829675905,0.0,0
0.19790799279508065,0.284421788096251,0.08089575354386871,0.0,1.3581346273422241,1.479802544715954,1.8214367517789647,3.873467665655073,15.368105875973937,0.08089575354386871,0.23272412082508254,0.0,1.3581346273422241,0.4042956829071045,0.0,0.0,0.4042956829071045,0.6958232640912969,1.4371414922627663,0.014579132958032448,5.588232592099658,0.34650155433424307,1.939358406853694e-06,0.0004319850491997415,0.025139571885007792,0.0,0
0.17612084194024646,0.3237989521716793,0.10484576142747745,0.0,1.4852670431137085,2.3016463428089557,5.054819145669146,3.590802820456689,17.390631986331996,0.10484576142747745,0.23126753567345304,0.0,1.4852670431137085,0.21845276653766632,0.0,0.0,0.21845276653766632,0.54391867805733,1.8385044529910688,-0.018762629507495833,5.180433421698304,0.36859776504099795,1.706622974447336e-06,0.0001681172363645521,0.028620054352711623,0.0,0
0.18205921766639221,0.27307436877158797,0.07456961088000123,0.0,1.1189072132110596,1.5527334836093385,1.6057862947039023,3.8202000778530745,13.7875417110144,0.07456961088000123,0.21724700949130238,0.0,1.1189072132110596,0.28964490443468094,0.0,0.0,0.28964490443468094,0.6666995214009009,1.4999205877725628,-0.118135659488826,5.5113837073375995,0.32819989277466255,1.8028096239427326e-06,0.0002783226096104758,0.024136592240828227,0.0,0
0.20635663500252122,0.3121748538575373,0.09745313938097477,0.00017302611377090216,1.373414397239685,1.6181241630048897,1.8732074068491222,3.834969093012897,17.92463362438893,0.09745313938097477,0.24629057753941197,0.0,1.373414397239685,0.31468474864959717,0.0,0.00017302611377090216,0.31468474864959717,0.6610268938246996,1.5127929075492204,0.06435574529299982,5.532690892267489,0.37421411009011746,1.9998978601222726e-06,0.0005028166808999779,0.02759261950982301,0.00017302611377090216,0
0.14561414298805175,0.21537426100907156,0.04638607230520368,0.0,0.8832781314849854,1.5010954368999452,1.4356317389246191,3.8445142542621284,8.651462520748604,0.04638607230520368,0.17416008990176124,0.0,0.8832781314849854,0.2461715191602707,0.0,0.0,0.2461715191602707,0.6760950273760482,1.4790751543051963,0.024649776832151457,5.546461649066239,0.2599799048837207,1.9692061789319695e-06,0.0003952100663333748,0.019036575056569492,0.0,0
0.22909962805351824,0.365033749473629,0.13324963825477615,0.0,1.545676827430725,1.6605938809791023,1.9226229578029193,3.7483834522723707,23.77424356211668,0.13324963825477615,0.28633625879353986,0.0,1.545676827430725,0.3285515382885933,0.0,0.0,0.3285515382885933,0.6276104627953207,1.59334064649095,0.011026715940049963,5.407774217758937,0.4309713190329915,1.8822821177779087e-06,0.00035232559393121574,0.0322647299518443,0.0,0
0.25185911769222,0.3751765836248911,0.14075746890044488,0.0,1.5884571075439453,1.519992315535207,1.5282429203491343,3.826205091211624,26.136381960338998,0.14075746890044488,0.3030626074969405,0.0,1.5884571075439453,0.42781318724155426,0.0,0.0,0.42781318724155426,0.6713064124428955,1.4896287538153334,-0.09632096424660419,5.5200471103304505,0.4518744118282738,1.855063005395847e-06,0.00037222789055325206,0.03316123830294529,0.0,0
0.20015896461154625,0.35245443690103195,0.1242241300912235,0.0,2.1051034927368164,2.3486827325825392,6.706735937227009,3.6475217979194445,21.028830874315485,0.1242241300912235,0.2588944679799283,0.0,2.1051034927368164,0.28583312034606934,0.0,0.0,0.28583312034606934,0.5678986437872714,1.7608726023590775,0.13240458526347612,5.262261609208114,0.4053242420650284,1.72971335678448e-06,0.0002004321506776813,0.031152865299000725,0.0,0
0.263112829066813,0.39988364660452863,0.15990693082173554,0.0,1.5263911485671997,1.6787879131956382,1.8423233460232717,3.840103609644972,29.32931733008352,0.15990693082173554,0.3025946031411877,0.0,1.5263911485671997,0.3506932035088539,0.0,0.0,0.3506932035088539,0.6579718208761889,1.5198181252613305,0.07978527581227865,5.540098433949948,0.4786807826112069,1.9104417031008792e-06,0.00047062843610719084,0.03534505477495839,0.0,0
0.22220601876870205,0.3643078122454341,0.13272018206305447,0.0,1.9093130826950073,2.1426222842658498,5.060353960617354,3.752282838140022,23.30824919553168,0.13272018206305447,0.26955824572715414,0.0,1.9093130826950073,0.3390974849462509,0.0,0.0,0.3390974849462509,0.6099386325549608,1.6395047004763998,0.15898158293586667,5.413399842412711,0.4267267238410213,1.8285488626597389e-06,0.00030984782492832175,0.03220056555974775,0.0,0
0.18877583412540844,0.2779168083055608,0.07723775233874983,0.01844920963048935,1.2615801095962524,1.6730332559621555,2.3632030686003223,3.878784105311443,14.447880689727175,0.07723775233874983,0.21790531638805533,0.0,1.2615801095962524,0.3212175890803337,0.0,0.01844920963048935,0.3212175890803337,0.6792505859065213,1.4722054313420956,-0.010316644865654898,5.595902593227089,0.335967361344065,2.0644975207343875e-06,0.000593196294997481,0.02456460746982298,0.01844920963048935,0
0.2462706039659679,0.3616528703531425,0.13079279863466686,0.0,1.4142996072769165,1.472881835418324,1.2298617058090642,3.850024621480751,24.504577153590972,0.13079279863466686,0.2898697333657765,0.0,1.4142996072769165,0.3990354835987091,0.0,0.0,0.3990354835987091,0.6809566388035422,1.4685182255983715,0.04372703842369204,5.554411428526026,0.4375408655342144,1.8550670231041043e-06,0.0003849338039894329,0.031965899632785795,0.0,0
0.24266464085667394,0.3707555474740486,0.1374596759827815,0.0,1.6344832181930542,1.6803230424709545,2.1801752835747754,3.8240168489284265,25.132262899824653,0.1374596759827815,0.28980441810654156,0.0,1.6344832181930542,0.3976775333285332,0.0,0.0,0.3976775333285332,0.654512084843652,1.5278515492210896,-0.12385907084873789,5.516890144040218,0.44310924601601365,1.969219056994818e-06,0.0005111291024905774,0.03277047022267884,0.0,0
0.22066746748168953,0.3237033196484532,0.10478383915142869,0.037157660350203514,1.590988278388977,1.6963796678738035,2.700345926668742,3.8878117604852624,19.645180205595032,0.10478383915142869,0.2543501314307832,0.0,1.590988278388977,0.39047320932149887,0.0,0.037157660350203514,0.39047320932149887,0.6816945406268815,1.4669281491405768,0.042749880779422655,5.608926746577215,0.391762645432424,2.098345513454158e-06,0.0007060837857457822,0.028611601552002233,0.037157660350203514,0
0.32726965930487495,0.45994843423652604,0.21155256215663193,0.00984617043286562,2.0030317306518555,1.396720570947257,1.1556368847340481,3.9044807007541182,40.788222983444584,0.21155256215663193,0.3748486168699401,0.0,2.0030317306518555,0.5871032923460007,0.0,0.00984617043286562,0.5871032923460007,0.7115339968797062,1.405411168311363,-0.04449967306784596,5.632974944039969,0.5644980000479726,1.9999908691168865e-06,0.0006730682927628995,0.040654082105597796,0.00984617043286562,0
0.21554155739795533,0.3288981948698918,0.10817402258867331,0.0,1.571778655052185,1.6810364013255845,2.386083457851603,3.822676640425319,19.7929197509388,0.10817402258867331,0.2594065415686373,0.0,1.571778655052185,0.38415027409791946,0.0,0.0,0.38415027409791946,0.6553423077950092,1.5259154607602914,0.08698330083684651,5.514956631879027,0.39323299143664103,1.9692027122300235e-06,0.00047583253943058113,0.02907076798906438,0.0,0
0.11604287084264797,0.20893896842244536,0.043655492525435616,0.0,1.170554757118225,2.3302258008380505,5.781127318591423,3.628136024640821,7.311544371051403,0.043655492525435616,0.14790472603300486,0.0,1.170554757118225,0.139263816177845,0.0,0.0,0.139263816177845,0.555388572702503,1.8005325696032013,0.0344008936420065,5.234293850235246,0.2390009213347076,1.7066223015999367e-06,0.0001484058124046545,0.018467770178204126,0.0,0
0.16912325132580008,0.2618466450654585,0.0685636655320362,0.0,1.3192176818847656,1.8212215064454709,3.1968015538939527,3.8062574593903276,12.437291477893881,0.0685636655320362,0.20279532736844885,0.0,1.3192176818847656,0.29456790536642075,0.0,0.0,0.29456790536642075,0.6458841792658532,1.5482592902677557,0.1065745366153521,5.491268760824388,0.3117151579103043,1.8550607005110806e-06,0.0003121143297683129,0.02314419229459159,0.0,0
0.2987802876596106,0.40477665593806783,0.16384414119240492,0.012323965318500996,1.651843547821045,1.286636816341866,0.7480544504258404,3.9423564472103885,32.39856659025466,0.16384414119240492,0.3338438837927242,0.0,1.651843547821045,0.4945605993270874,0.0,0.012323965318500996,0.4945605993270874,0.7381343393750096,1.3547635927013195,0.13567006972293552,5.687618095622397,0.5031041656420313,2.0317337579107416e-06,0.0007127490746738869,0.03577753978497772,0.012323965318500996,0
0.2269984299209682,0.35514870669980514,0.1261306038705442,0.0,1.7650562524795532,1.712643673648702,2.4808883777860107,3.7792404814989626,22.740338055312506,0.1261306038705442,0.27572937938506925,0.0,1.7650562524795532,0.3463221490383148,0.0,0.0,0.3463221490383148,0.6391626563071937,1.5645425689660222,0.05971293759846108,5.452291500800707,0.4214960154700504,1.882261291740247e-06,0.00036019744046307745,0.03139100735463306,0.0,0
0.28656256521571777,0.39233795321317433,0.15392906953150295,0.04793953150510788,2.2215802669525146,1.762193106463735,3.9653551361252557,3.9679872758655232,30.214038184257976,0.15392906953150295,0.3066566015956482,0.0,2.2215802669525146,0.517361655831337,0.0,0.04793953150510788,0.517361655831337,0.7303953962991185,1.3691179548097332,0.13765430084860686,5.724595565017036,0.4858468619992471,2.0645040097406083e-06,0.0007899320035048113,0.034678103404235744,0.04793953150510788,0
0.1308240253783879,0.2250708138444994,0.050656871244625305,0.0,1.2325459718704224,2.3732000465185483,6.481350620739619,3.7091633311421064,8.674789998186288,0.050656871244625305,0.16322986754266822,0.0,1.2325459718704224,0.1693432591855526,0.0,0.0,0.1693432591855526,0.5812545922288311,1.720408871333209,-0.0766127442278227,5.35119154350124,0.26033016894096306,1.8823265815765138e-06,0.0002782377128162406,0.019893637339577573,0.0,0
0.21733078562101582,0.3182829424959803,0.10130403148389952,0.0,1.2073477506637573,1.289928904512275,0.44034917425593223,3.816482299636207,19.012697838406076,0.10130403148389952,0.2648789701165697,0.0,1.2073477506637573,0.4108007401227951,0.0,0.0,0.4108007401227951,0.682820452444787,1.4645092345591855,0.13579634108315236,5.506020087141,0.3854045950200224,1.7777650184179247e-06,0.00026764064627497216,0.028132503371864456,0.0,0
0.14106072372487688,0.24082543495028566,0.05799689011899427,0.0,0.997904896736145,1.75930482145089,2.1689939023667257,3.6348459227714063,9.970562290787878,0.05799689011899427,0.18578876503855213,0.0,0.997904896736145,0.17633919417858124,0.0,0.0,0.17633919417858124,0.5857360457708738,1.7072465573052684,0.038961487899388504,5.243974186993111,0.2790967894777371,1.7295990896003887e-06,0.0001583986577005548,0.021286162266943347,0.0,0
0.1434847627315321,0.257606930833996,0.06636133081371119,0.0,1.1535561084747314,1.9132738083619976,2.7605553623491383,3.574950474478004,11.12949861757891,0.06636133081371119,0.19452126430905992,0.0,1.1535561084747314,0.19458837062120438,0.0,0.0,0.19458837062120438,0.5569889182643003,1.7953608866189699,0.012358089068255612,5.1575633207684,0.2948715109159161,1.6623225095532088e-06,0.00013103819929054884,0.022769450959171558,0.0,0
0.17226613430830184,0.2531580371029912,0.06408899174983945,0.0,1.1706750392913818,1.5362836614218918,1.7290554635015827,3.8507165813204596,12.001870435758761,0.06408899174983945,0.20238782310889292,0.0,1.1706750392913818,0.2655870020389557,0.0,0.0,0.2655870020389557,0.6804660670210239,1.4695751902687875,0.23480863262219107,5.555409715555266,0.30621007948688644,1.855063843938731e-06,0.00032496723522235614,0.022376220593425082,0.0,0
0.13799191247380804,0.23745354330989873,0.05638418523042596,0.0,1.470737338066101,2.439227750961684,7.739736452662598,3.6946803980418075,9.654522001741448,0.05638418523042596,0.17345452448239485,0.0,1.470737338066101,0.1979525461792946,0.0,0.0,0.1979525461792946,0.581129805100072,1.720778696758546,-0.053466302412477955,5.330297087739913,0.27463785816708713,1.753413938131165e-06,0.00019659252397694272,0.02098812633640037,0.0,0
0.26214562013046816,0.3935404765149669,0.15487410665562718,0.0,1.5743560791015625,1.521162826561338,1.343288202500907,3.819122444776736,28.620087399579507,0.15487410665562718,0.3100277931544042,0.0,1.5743560791015625,0.4053109958767891,0.0,0.0,0.4053109958767891,0.6661194201229218,1.5012285016209859,0.0031296702117107732,5.509829011442468,0.47285772998779974,1.8028114285963684e-06,0.0003270472921268613,0.03478439245188979,0.0,0
0.2374181447958108,0.3815053245601887,0.14554631266777493,0.0,1.8717312812805176,1.7255366530166736,2.4155916616367845,3.7408961617296894,25.844952082695617,0.14554631266777493,0.29655095430825895,0.0,1.8717312812805176,0.3140282556414604,0.0,0.0,0.3140282556414604,0.6223177166709181,1.6068920296226672,-0.08736142699805832,5.396972340823317,0.4493480701483645,1.8028083029923118e-06,0.0002948163036158749,0.03372062525691052,0.0,0
0.1796660761392559,0.29284883378193416,0.08576043944743889,0.0,1.321101427078247,1.8691608914443751,3.016131391079326,3.7312074719041535,15.10916331042762,0.08576043944743889,0.2236926475773089,0.0,1.321101427078247,0.29436740279197693,0.0,0.0,0.29436740279197693,0.6135092303758701,1.6299617605883059,0.005921978824276908,5.382994516059305,0.3435699904862411,1.7777657488852612e-06,0.00023811071252935497,0.025884424528722215,0.0,0
0.22268901340430602,0.35027103043373325,0.12268979476110929,0.0,1.360339641571045,1.5295201781085914,1.2522928028755578,3.742817417904114,22.05186450586784,0.12268979476110929,0.2803580664776746,0.0,1.360339641571045,0.35601960122585297,0.0,0.0,0.35601960122585297,0.6357601922384603,1.5729156327878375,0.16601352115543228,5.399744127578437,0.415066490398939,1.7534125890851984e-06,0.00023952214784090202,0.030959877609111543,0.0,0
0.19933052767828485,0.29679648809498566,0.08808815534551695,0.0,1.2305724620819092,1.4788158603276702,1.2797543519147094,3.8245535279976584,16.36106427008261,0.08808815534551695,0.2390608580288358,0.0,1.2305724620819092,0.33919671922922134,0.0,0.0,0.33919671922922134,0.6716044969170766,1.488966549940653,0.10719634008317047,5.517664408271946,0.3575203695036416,1.910406483769812e-06,0.00037646503987534893,0.026233351170539595,0.0,0
0.2234293907386018,0.3448097158477291,0.1188937401429917,0.020919577218592167,1.3996198177337646,1.7192508433217868,2.0916146677685807,3.826046274647851,21.608247396968252,0.1188937401429917,0.2632391922027182,0.0,1.3996198177337646,0.3196380138397217,0.0,0.020919577218592167,0.3196380138397217,0.6479769347924496,1.5432603325277587,0.14752488081375442,5.519817986461483,0.41087033573721826,2.0317302168938373e-06,0.0005773259917634338,0.030477161036866977,0.020919577218592167,0
0.21002087153465254,0.35205528253977225,0.12394292196415888,0.0,1.5817569494247437,1.9682850390079911,3.2736007543112855,3.723881662237854,21.51061612087474,0.12394292196415888,0.2598298036052711,0.0,1.5817569494247437,0.257495753467083,0.0,0.0,0.257495753467083,0.5965548179385954,1.6762871231190213,0.04894482660632073,5.372425606783237,0.40994107923497236,1.8823412001488638e-06,0.00035603519707580613,0.03111758470455236,0.0,0
0.2188593651226256,0.29113044226096524,0.08475693441106522,0.06676604598760605,1.278885006904602,1.3500489487184288,1.1405340983368468,3.986272073299528,16.980013582456827,0.08475693441106522,0.23902057880059147,0.0,1.278885006904602,0.37157532572746277,0.0,0.06676604598760605,0.37157532572746277,0.751754477025686,1.330216973341975,0.11652808730651523,5.750974951598733,0.36422020277977984,2.2068791164487335e-06,0.0009523577914935712,0.025732538741570894,0.06676604598760605,0
0.2378683191818709,0.31992110436942967,0.10234951302095552,0.0671720914542675,1.4646679162979126,1.4556941439864168,1.6241059440216379,3.9919470830453125,20.34314883729458,0.10234951302095552,0.25979103411435744,0.0,1.4646679162979126,0.4241718053817749,0.0,0.0671720914542675,0.4241718053817749,0.7435194878162991,1.3449504560749106,0.050579163037921336,5.759162260015972,0.39866132279337546,2.4150536182437202e-06,0.0014571003286490357,0.028277297793039113,0.0671720914542675,0
0.3058527384600893,0.48958211689067654,0.23969064917915606,0.0,2.2707321643829346,1.8274429378351036,2.8716512802785017,3.7546325807840684,42.65427799074455,0.23969064917915606,0.37477762748909527,0.0,2.2707321643829346,0.46595072001218796,0.0,0.0,0.46595072001218796,0.6247207632537418,1.600711896043926,-0.06789662478853276,5.416789804472643,0.5772664435100068,1.7777613488294472e-06,0.0003042250804265424,0.04327335435013279,0.0,0
0.2910461500432575,0.401259338987336,0.16100905712455385,0.06873771548271179,1.5121653079986572,1.317241499370397,0.5480657674428624,3.9449491068809763,31.4517655781832,0.16100905712455385,0.32394835887453155,0.0,1.5121653079986572,0.49114038050174713,0.0,0.06873771548271179,0.49114038050174713,0.7253299710052906,1.3786794256776727,-0.01920945942638613,5.691358512871867,0.4956984149455758,2.169479166309691e-06,0.0009998670031384157,0.03546664995154711,0.06873771548271179,0
0.2863717121799709,0.4053400989074264,0.16430059578228223,0.047762926667928696,1.8191958665847778,1.5938898441278593,2.040218040455783,3.927872828743037,31.5275972248538,0.16430059578228223,0.3197882941747139,0.0,1.8191958665847778,0.4705977961421013,0.0,0.047762926667928696,0.4705977961421013,0.7064956229503236,1.4154334442526555,-0.03714542923938007,5.666722651085422,0.4962956309692544,2.0983490448862094e-06,0.0008344587310816926,0.035827341578033384,0.047762926667928696,0
0.2738941942807287,0.3841173128267976,0.14754611001327989,0.0,1.6002631187438965,1.3621613560586234,0.8069624188462998,3.912060223168454,28.48820987826809,0.14754611001327989,0.30857955802275683,0.0,1.6002631187438965,0.45031752437353134,0.0,0.0,0.45031752437353134,0.7130464368259112,1.4024295543595766,-0.0833438397941227,5.643909883439434,0.4717670396222795,1.969224167694706e-06,0.0005858192450911567,0.03395149458387287,0.0,0
0.3174144247022923,0.42748881097039787,0.18274668350488454,0.07668295502662659,1.8675956726074219,1.427922202850443,1.523221125963607,3.9681786827033108,36.28782086578838,0.18274668350488454,0.350430119435714,0.0,1.8675956726074219,0.5731721222400665,0.0,0.07668295502662659,0.5731721222400665,0.7425075792608122,1.346784448663119,-0.02506259587255965,5.724871706712703,0.5324458662755978,2.0645092108990175e-06,0.0008387087504030749,0.03778502963981781,0.07668295502662659,0
0.2586054181083455,0.356093371589271,0.12680248928981463,0.0,1.4035564661026,1.2759352196692715,0.6509087474799058,3.914661457451373,24.79094420029527,0.12680248928981463,0.2974925711345122,0.0,1.4035564661026,0.4848034903407097,0.0,0.0,0.4848034903407097,0.7262271991387386,1.3769756805330426,-0.027894081351445426,5.647662671239594,0.44009004938172236,1.969190044483642e-06,0.0005425768496894796,0.03147450472329433,0.0,0
0.2501205504850077,0.3578619497650216,0.12806517508962284,0.02467380464076996,1.735551118850708,1.7239291043930494,2.8421115271322934,3.9189439071768106,24.4000595026619,0.12806517508962284,0.2781584453101118,0.0,1.735551118850708,0.42374177277088165,0.0,0.02467380464076996,0.42374177277088165,0.6989283206021768,1.430757884832306,0.06608962523940422,5.65384094022134,0.4366067622753295,2.0644921425652107e-06,0.0007016227356212666,0.0316308264259358,0.02467380464076996,0
0.2622926159392591,0.35971800926927405,0.12939704619264952,0.02979687787592411,1.401580810546875,1.2812937362535752,0.5867139821758665,3.931354363274589,25.36889120882038,0.12939704619264952,0.29695224468630954,0.0,1.401580810546875,0.4596858397126198,0.0,0.02979687787592411,0.4596858397126198,0.7291597307355957,1.371437804229214,0.004411435940632239,5.671745443688776,0.4451903666622956,2.064268798968127e-06,0.0006980354810304914,0.03179488045865363,0.02979687787592411,0
0.2081483215879416,0.28498435154396606,0.08121608062493482,0.032256484031677246,1.3660122156143188,1.4886121688050482,1.9085577371293576,3.9517074163444272,15.941350963815932,0.08121608062493482,0.22915695675783354,0.0,1.3660122156143188,0.34867656975984573,0.0,0.032256484031677246,0.34867656975984573,0.7303825282957731,1.3691407615965887,0.0038711024350983735,5.701108692419579,0.35290480926846546,2.1333128646912353e-06,0.0007593719717288298,0.025189295938598668,0.032256484031677246,0
0.23550169113150332,0.3298450526560363,0.10879775876166338,0.013250838033854961,1.3158810138702393,1.4150075592012463,1.1333794106577901,3.9169388286471296,21.02512707679505,0.10879775876166338,0.26681772333427034,0.0,1.3158810138702393,0.4285668805241585,0.0,0.013250838033854961,0.4285668805241585,0.7139745624819851,1.4006058770586576,-0.11192445730004592,5.6509482233699755,0.4052885457146073,1.999990743114191e-06,0.000587697794007879,0.029154459184239638,0.013250838033854961,0
0.24875196707580471,0.37166942875103637,0.1381381642681217,0.0,1.494673490524292,1.4086096387738913,0.8622751047940129,3.810165939045255,25.602010290202102,0.1381381642681217,0.30340469093403044,0.0,1.494673490524292,0.4220449849963188,0.0,0.0,0.4220449849963188,0.6692810291949036,1.494136641893464,-0.0793913594513192,5.496907505039967,0.4472311543175452,1.802809340858884e-06,0.00031329614008957776,0.03285124667869852,0.0,0
0.19114530972728971,0.33746878346889464,0.11388517981597568,0.0,1.8622157573699951,2.2003642321855716,5.314250676640187,3.620833063793155,19.253978783579797,0.11388517981597568,0.25055504934994133,0.0,1.8622157573699951,0.2880846709012985,0.0,0.0,0.2880846709012985,0.5664071839632067,1.765509098551082,0.08757323901975676,5.223757904836514,0.3878423768062448,1.6410190580518966e-06,0.0001426617287750192,0.029828308153703756,0.0,0
0.17075958830173477,0.24401974847932859,0.05954563764791479,0.0010006767697632313,1.1918308734893799,1.5452436685614455,2.121247839822866,3.888840421109969,11.354172754546271,0.05954563764791479,0.1975299822050829,0.0,1.1918308734893799,0.31885501742362976,0.0,0.0010006767697632313,0.31885501742362976,0.6997748731034652,1.4290251628397113,0.1349489723819824,5.610410790159237,0.29783296433553613,1.9999618770785276e-06,0.0004680162242881509,0.02156850236164612,0.0010006767697632313,0
0.197285767266294,0.30244409696427393,0.09147243178853515,0.0,1.330105185508728,1.6427945545092042,1.9591231909960483,3.8079718285907544,16.69044553656134,0.09147243178853515,0.23826504401904458,0.0,1.330105185508728,0.34528540819883347,0.0,0.0,0.34528540819883347,0.6523027460074785,1.5330254237551688,-0.08491457593418059,5.493742072768095,0.36110124031133634,1.9104340071165345e-06,0.0003866196142365853,0.026732533986659975,0.0,0
0.18904495447713998,0.3138644991029925,0.09851092379717238,0.0,1.444164752960205,1.8683772919011614,3.0772578962189288,3.6976084632482946,17.183861582135847,0.09851092379717238,0.23988672414884604,0.0,1.444164752960205,0.26696038991212845,0.0,0.0,0.26696038991212845,0.6023119935686412,1.6602638243960444,0.006991416792066633,5.334521392892711,0.36639994351860417,1.753408211542444e-06,0.0002175250630781777,0.027741964461180633,0.0,0
0.19044932546967175,0.28291112791845563,0.08003870630009277,0.0,1.1419637203216553,1.4846674867935925,1.2692759895909917,3.837016489349187,14.887635439609053,0.08003870630009277,0.22815445250898847,0.0,1.1419637203216553,0.32576846331357956,0.0,0.0,0.32576846331357956,0.6731748365505398,1.4854929374034882,-0.0057036011916737385,5.535644660808589,0.3410420089548291,1.969210268129764e-06,0.0004458872629907248,0.025006047128034344,0.0,0
0.24925208981585456,0.35296277773450424,0.12458272246605703,0.0038044676184654236,1.7088793516159058,1.3750324479204554,1.2998401995222437,3.887741585785105,23.898793823184363,0.12458272246605703,0.29219443298052283,0.0,1.7088793516159058,0.45508937537670135,0.0,0.0038044676184654236,0.45508937537670135,0.7061690335922783,1.4160875360975722,0.07001474861842782,5.608825505885302,0.43209874651938973,1.9999842860927373e-06,0.0005732108411323013,0.03119779670531351,0.0038044676184654236,0
0.23550599186273757,0.3579857799428273,0.1281538186412744,0.0,1.8426462411880493,1.792025040056931,3.4362251091292713,3.821670811963674,23.502962028099354,0.1281538186412744,0.2869286468530845,0.0,1.8426462411880493,0.48361461609601974,0.0,0.0,0.48361461609601974,0.6578622593279823,1.520070793576564,-0.008208499206641117,5.513505528145427,0.4285054151869334,1.939378936336304e-06,0.0004539686798443479,0.031641771570741044,0.0,0
0.22017024664819473,0.33149689837792884,0.10989019363418687,0.0,1.743560791015625,1.7494489880780004,3.1888929542732383,3.835977427405491,20.270736786344163,0.10989019363418687,0.26311358157920495,0.0,1.743560791015625,0.41287562996149063,0.0,0.0,0.41287562996149063,0.6641678506123938,1.5056389472444047,-0.06791713927153234,5.5341456112952425,0.3979511667821993,1.9393808923318092e-06,0.0004492311036384605,0.02930046309816766,0.0,0
0.24675202975049615,0.36286760917493704,0.13167290178833485,0.0,1.3186054229736328,1.4019271566859899,0.7185450012890606,3.846501348863109,24.647611644713546,0.13167290178833485,0.2898460193828214,0.0,1.3186054229736328,0.360142283141613,0.0,0.0,0.360142283141613,0.6800037906600467,1.4705759848940307,0.020331711973682758,5.549328420592851,0.4388159819039464,1.882346232713099e-06,0.00041479167726916395,0.03207326839006848,0.0,0
0.25498000827792566,0.4315797400887333,0.1862610720550586,0.0,2.2027039527893066,2.2579052359694414,5.444266198216646,3.72822006339385,32.16331221458812,0.1862610720550586,0.31409520501551924,0.0,2.2027039527893066,0.3629734143614769,0.0,0.0,0.3629734143614769,0.5908048821305177,1.6926022671483942,-0.09747850319146886,5.37868459661638,0.5012742529558741,1.9393746175569015e-06,0.0004441096426518296,0.03814662010493387,0.0,0
0.25709973511402495,0.3563412613996595,0.12697909457590045,0.0,1.5267281532287598,1.3147240059226317,0.8622975027345996,3.9136756598763895,24.714159151565088,0.12697909457590045,0.2948787701038782,0.0,1.5267281532287598,0.4761720597743988,0.0,0.0,0.4761720597743988,0.72149661424995,1.386004000516066,-0.016571077122773507,5.646240465966846,0.4394079748611787,1.969222492543966e-06,0.000560059189399558,0.031496415294033415,0.0,0
0.2715823555190582,0.41174711516723017,0.16953568684853632,0.0,1.8562566041946411,1.5847714965798052,1.7284106312020828,3.817202567982406,31.141460822760504,0.16953568684853632,0.3268913756000984,0.0,1.8562566041946411,0.4511762261390686,0.0,0.0,0.4511762261390686,0.6595837248915053,1.5161040722998516,-0.06437257295244053,5.50705921471217,0.4932470604857331,1.8823408465709672e-06,0.00041826824973398096,0.03639364715859335,0.0,0
0.27151528125978075,0.41038725470689413,0.16841769882586122,0.0,1.8414169549942017,1.656118882634244,2.163189042116011,3.830562852097351,30.993695588280204,0.16841769882586122,0.323925227541622,0.0,1.8414169549942017,0.48070329427719116,0.0,0.0,0.48070329427719116,0.6616058772288728,1.5114701935109254,0.1853514971113907,5.52633403034967,0.49207544826321004,1.9104391875683433e-06,0.0004627904110179949,0.03627345133947196,0.0,0
0.24953258246023324,0.39253051628443775,0.15408020621452723,0.0,1.6251356601715088,1.6542842186953726,1.7083679638489437,3.774141566562896,27.692379638246436,0.15408020621452723,0.3017721459839322,0.0,1.6251356601715088,0.3692205846309662,0.0,0.0,0.3692205846309662,0.6357007580492364,1.5730631744132788,0.08548404114731999,5.444935321508528,0.46513085892445394,1.9104036747765974e-06,0.0004020887187750557,0.0346951237359228,0.0,0
0.2046020927518839,0.2848111259415966,0.08111737746011997,0.04540059342980385,1.2467631101608276,1.5390280222973591,1.803610931343516,3.9505759940215395,15.741362408777022,0.08111737746011997,0.22537337993344408,0.0,1.2467631101608276,0.3222934454679489,0.0,0.04540059342980385,0.3222934454679489,0.7183756382403449,1.3920245003895453,-0.05341690974878542,5.699476395045199,0.35068417959550224,2.2068770159881793e-06,0.0008982120690444958,0.025173984813834843,0.04540059342980385,0
0.23593249471014133,0.34167929545790565,0.11674474094461079,0.0,1.4557807445526123,1.4320081700653347,1.0978473395101433,3.8723821731665056,22.06833702460949,0.11674474094461079,0.27690992696955163,0.0,1.4557807445526123,0.4074495732784271,0.0,0.0,0.4074495732784271,0.6905065871415104,1.4482078692792244,-0.0026185582532705044,5.586666557469481,0.41522148668483144,1.9692187600418638e-06,0.0005201577875502602,0.030200468351165875,0.0,0
0.19297133085638052,0.30454587245707054,0.09274818843063828,0.0,1.253096103668213,1.6978676302826043,2.0201641651359745,3.773512951601404,16.63822373927948,0.09274818843063828,0.2357349789390355,0.0,1.253096103668213,0.28463782370090485,0.0,0.0,0.28463782370090485,0.633634255704209,1.578192320618495,-0.08249109738654774,5.444028421820958,0.36053588304511514,1.8822907053824348e-06,0.00033807075828898975,0.026918306449595995,0.0,0
0.2322717265051324,0.3305922097591817,0.10929120915345877,0.019073473289608955,1.3483102321624756,1.51618267674212,1.513225305024399,3.90891626901024,20.894894603153123,0.10929120915345877,0.2618601263225173,0.0,1.3483102321624756,0.3809027522802353,0.0,0.019073473289608955,0.3809027522802353,0.7025907358300829,1.4232994033902648,0.0028152711156911826,5.639374116366598,0.40403138997747906,1.999991196780317e-06,0.0005849236447462774,0.02922049916602036,0.019073473289608955,0
0.20358737569040386,0.3280971693535284,0.1076477525377979,0.0,1.5676825046539307,1.8804606556810088,3.3593918187255403,3.7405913178864694,19.084233226022857,0.1076477525377979,0.2520374502520326,0.0,1.5676825046539307,0.334165558218956,0.0,0.0,0.334165558218956,0.6205075026524663,1.611579147483423,0.16616660637605793,5.396532544122458,0.3861289578344307,1.7534136470068051e-06,0.00023249822115069046,0.028999966667248876,0.0,0
0.16867505718255416,0.3061124202979366,0.09370481386066061,0.0,1.3145179748535156,2.049984831925294,3.4503133517727216,3.5851824626264044,15.635979363353412,0.09370481386066061,0.22453402830342384,0.0,1.3145179748535156,0.20010841637849808,0.0,0.0,0.20010841637849808,0.5510214384537101,1.814805492946336,0.0017418627380490223,5.172324959328531,0.3495083529419555,1.7066522543124183e-06,0.00016618906039264582,0.02705677102476219,0.0,0
0.14815582703249675,0.21539707549609632,0.04639590013227102,0.0,0.9062324166297913,1.5324101542055113,1.8098724796807613,3.852078115064895,8.748294299642126,0.04639590013227102,0.17272639760993513,0.0,0.9062324166297913,0.2545264735817909,0.0,0.0,0.2545264735817909,0.6878233553910363,1.4538549027089618,0.06286370151710426,5.557373993536366,0.26143077327651026,1.8027593157104464e-06,0.00025048123018544985,0.019038591591380053,0.0,0
0.2829517677600961,0.42894993435655304,0.18399804618449117,0.0,2.0957930088043213,1.7532051823778794,2.7892858001247314,3.8374462923514177,33.79964788007098,0.18399804618449117,0.33487482242071565,0.0,2.0957930088043213,0.4665897861123085,0.0,0.0,0.4665897861123085,0.6596366742609789,1.5159825215166818,0.08305651070916552,5.536264735468466,0.5138674430853296,1.939385496995536e-06,0.000516059335618968,0.037914175921630384,0.0,0
0.26764391751930816,0.3843420390528804,0.14771880298332582,0.0,1.705666422843933,1.4372196362908811,1.265486547809986,3.869932337772173,28.077064904756227,0.14771880298332582,0.3078877080050688,0.0,1.705666422843933,0.48036547005176544,0.0,0.0,0.48036547005176544,0.696367282152036,1.4360200770307192,0.07601378200993976,5.583132192095084,0.4683503705223345,1.9104017849514607e-06,0.00044569493055597435,0.03397135776366957,0.0,0
0.2837969428655924,0.4466536365656582,0.19949947105732707,0.0,2.53169846534729,2.1026478229968784,5.17820783680464,3.820382769901851,35.84514250715947,0.19949947105732707,0.33400662472990916,0.0,2.53169846534729,0.44544384628534317,0.0,0.0,0.44544384628534317,0.635383402818151,1.57384935882553,0.09874980465603264,5.51164727625038,0.5291882234490705,1.969219043572555e-06,0.000558303070960473,0.039478976907151075,0.0,0
0.21613009605789557,0.29989104812798456,0.08993464074730115,0.0,1.3561369180679321,1.3519985217602952,1.0743557696220192,3.9118770675395584,17.490797973669928,0.08993464074730115,0.2457671101001324,0.0,1.3561369180679321,0.3800198882818222,0.0,0.0,0.3800198882818222,0.7206929873834401,1.3875487662192665,-0.06455785071917329,5.643645645721918,0.3696577595145222,1.910440828269265e-06,0.0004415773064192795,0.026506874218554896,0.0,0
0.2642120442196756,0.38468513246792574,0.14798265114186557,0.029914338141679764,1.4186196327209473,1.5075940029819794,1.2215537720415472,3.88416250967485,27.877203897933484,0.14798265114186557,0.30267283593332195,0.0,1.4186196327209473,0.37066854536533356,0.0,0.029914338141679764,0.37066854536533356,0.6868249773513866,1.4559712204038828,0.03463463562683499,5.603661990530073,0.4666804639714473,2.064245423808072e-06,0.0006862189519736407,0.03400168322371445,0.029914338141679764,0
0.21816218490857864,0.36821220426545764,0.13558022737002712,0.0,1.8270280361175537,2.0644076845966155,4.188096239574862,3.695376410271443,23.44639568564633,0.13558022737002712,0.27583226648255277,0.0,1.8270280361175537,0.3722933977842331,0.0,0.0,0.3722933977842331,0.5924887602653651,1.6877911468468185,-0.001189094203472348,5.3313012211320085,0.4279894464751578,1.7534133073679648e-06,0.00023355430098532558,0.03254566831896891,0.0,0
0.2271351617819164,0.33716236071228284,0.11367845748107952,0.009264832362532616,1.4952512979507446,1.7049920538186978,2.3685391617535823,3.8714004774111537,21.154411417443434,0.11367845748107952,0.26107470070155614,0.0,1.4952512979507446,0.3437999337911606,0.0,0.009264832362532616,0.3437999337911606,0.6736650189453456,1.4844128846770495,-0.015074021010031875,5.585250269871572,0.4065327037260063,1.999989175056176e-06,0.0005619983753447751,0.029801223952564997,0.009264832362532616,0
0.2003995335981017,0.29374016811195997,0.08628328636244251,0.0,1.2130815982818604,1.3839455161875367,0.8983494458216947,3.844879014674778,16.184737206883735,0.08628328636244251,0.24096460898226724,0.0,1.2130815982818604,0.3616435304284096,0.0,0.0,0.3616435304284096,0.6822316901855551,1.4657727133290217,0.027519235242009533,5.5469878871046845,0.35558860981305235,1.939380939282304e-06,0.0004315094009994286,0.025963208097355417,0.0,0
0.20558404756593518,0.31910226564092614,0.10182625593717218,0.0,1.3524466753005981,1.6331932577038109,1.9009559006267063,3.7847966196407317,18.443655238497907,0.10182625593717218,0.25277544033087906,0.0,1.3524466753005981,0.3864496648311615,0.0,0.0,0.3864496648311615,0.644255542647033,1.5521742538831145,0.06041037846100852,5.460307313744334,0.3795932777997589,1.8285636599908754e-06,0.00031095122492468517,0.028204921990836237,0.0,0
0.28691815755155403,0.42021765334535593,0.17658287618307775,0.0,1.61985182762146,1.3817293649122857,0.840882856081405,3.839310797120893,33.13982788042958,0.17658287618307775,0.34324334296093184,0.0,1.61985182762146,0.4974457547068596,0.0,0.0,0.4974457547068596,0.6827830113380304,1.4645906586440085,0.09093334811950501,5.538954647253101,0.5088269895709701,1.8823368720475025e-06,0.0004269692403453133,0.037142344031849885,0.0,0
0.2584607368989964,0.3912668647611313,0.15308975946000541,0.046838292852044106,1.7097877264022827,1.7743829567758584,2.454040128480842,3.8705916953015063,28.14613913323234,0.15308975946000541,0.29668662321807915,0.0,1.7097877264022827,0.3957006633281708,0.0,0.046838292852044106,0.3957006633281708,0.6605723602084891,1.51383482634747,-0.01392971159398177,5.584083443932824,0.468926126355077,2.1694734080852067e-06,0.0008917714847038182,0.03458343166577447,0.046838292852044106,0
0.2455782971228473,0.33210611296741627,0.11029447027032624,0.0,1.3340522050857544,1.254427954171817,0.6759390276472788,3.9381400945668847,21.837205796874713,0.11029447027032624,0.2776178334361248,0.0,1.3340522050857544,0.4406486824154854,0.0,0.0,0.4406486824154854,0.7394550960639663,1.3523430891830177,-0.04969233527661563,5.681535184572976,0.4130413663158736,1.9692227028035413e-06,0.0005573731235274543,0.029354310569095703,0.0,0
0.23248688032617792,0.33537936874906843,0.11247932098252361,0.005320568569004536,1.69304621219635,1.6168447191846553,2.429780670395745,3.8915386925904496,21.315772224809237,0.11247932098252361,0.26720589680007834,0.0,1.69304621219635,0.4135756567120552,0.0,0.005320568569004536,0.4135756567120552,0.6932036039954521,1.442573311141398,0.029333258650768298,5.614303573043099,0.4080802255761999,2.031723568638221e-06,0.0006046354052851073,0.029643628239066244,0.005320568569004536,0
0.2652451965986984,0.40221123732815406,0.16177387943304466,0.02142418920993805,1.9873932600021362,1.8626461794956133,3.5117089483233075,3.8535848853600134,29.712498400221026,0.16177387943304466,0.31085701089273243,0.0,1.9873932600021362,0.4414684697985649,0.0,0.02142418920993805,0.4414684697985649,0.6594657545993362,1.5163751973110295,0.05721212223580212,5.559547803568893,0.4817975651160213,2.0644647221100537e-06,0.0006800335627710892,0.035550786673021195,0.02142418920993805,0
0.25847658298152965,0.35590322817147063,0.12666710782287388,0.06843882985413074,1.5543204545974731,1.400146574223929,1.162588743621538,3.9461935690041012,24.765088226903224,0.12666710782287388,0.28886368687062713,0.0,1.5543204545974731,0.46058177947998047,0.0,0.06843882985413074,0.46058177947998047,0.7262531954439119,1.3769263894861337,-0.089475050370868,5.693153892205471,0.439860491261356,2.133300721373963e-06,0.0008511976485451991,0.031457698260778745,0.06843882985413074,0
0.21829091716790572,0.34231281688963006,0.11717806460691338,0.0,1.5984009504318237,1.6892901575380854,2.203258129592342,3.7763312753714606,21.09811060798961,0.11717806460691338,0.2680151407021185,0.0,1.5984009504318237,0.33090807497501373,0.0,0.0,0.33090807497501373,0.6376923933464473,1.5681496112196402,-0.0586094298342161,5.448094403547637,0.40599136582557865,1.8550626532072963e-06,0.0003408262817729245,0.030256464263715793,0.0,0
0.21732642110691813,0.3136256028134456,0.09836101874009714,0.0003237206256017089,1.4877407550811768,1.6479804004680052,2.591404178324278,3.8889066724486514,18.635749382558547,0.09836101874009714,0.25132978406435313,0.0,1.4877407550811768,0.39630086719989777,0.0,0.0003237206256017089,0.39630086719989777,0.6929463864268885,1.4431084872977828,-0.09302772371013875,5.6105063706370055,0.38156492507991174,1.999940168048454e-06,0.000533324635581826,0.027720848812888266,0.0003237206256017089,0
0.15522707339550834,0.250425641930345,0.06271300213622535,0.0,1.30843186378479,1.8582303804514277,3.4605765443060417,3.7401367562780248,11.111481145748465,0.06271300213622535,0.19443197916507415,0.0,1.30843186378479,0.2299707680940628,0.0,0.0,0.2299707680940628,0.619850476766302,1.6132858556978458,-0.11903707543270924,5.395876750344177,0.2946327314660744,1.7777668815101474e-06,0.00022664269376348133,0.022134708698992644,0.0,0
0.15765479458059417,0.22442511057680883,0.05036663025741288,0.0,0.8697975277900696,1.3458701921502056,0.8177852574901525,3.8739160990850516,9.628373057492764,0.05036663025741288,0.18414007633839446,0.0,0.8697975277900696,0.30981481820344925,0.0,0.0,0.30981481820344925,0.7024797345344428,1.4235222669493965,-0.014455141558465012,5.588879544785259,0.2742656823440771,1.9104169608162023e-06,0.0003548053921365362,0.019836564694675287,0.0,0
0.31969318038318306,0.44568537958343146,0.1986354575744274,0.023144565522670746,2.0914225578308105,1.483952367468544,1.8763357136187713,3.9198875414956715,38.507415956216555,0.1986354575744274,0.3646948738696665,0.0,2.0914225578308105,0.5951511263847351,0.0,0.023144565522670746,0.5951511263847351,0.717305251019764,1.394103493384609,0.07989719162824864,5.655202316773574,0.5484880920839957,1.9999928701313834e-06,0.0006812028008998704,0.039393394272393106,0.023144565522670746,0
0.2401829629088752,0.3627893743028864,0.1316161301070798,0.0,1.4920704364776611,1.625642860698453,2.091550962761688,3.8178059647413773,24.23091017968204,0.1316161301070798,0.29038704119375325,0.0,1.4920704364776611,0.4180845469236374,0.0,0.0,0.4180845469236374,0.6620433724858182,1.5104708923110743,0.07362600681215298,5.507929732224026,0.4350907787792864,1.8823424518764679e-06,0.00039221120597996545,0.032066353338999445,0.0,0
0.2908489365108835,0.4117958633782137,0.16957583309540847,0.0,1.5031911134719849,1.220031787979684,0.2739513554781219,3.8640985941806134,32.53362393150981,0.16957583309540847,0.34728084979150253,0.0,1.5031911134719849,0.560792863368988,0.0,0.0,0.560792863368988,0.7062922580926851,1.4158410490278839,0.02767141964960644,5.574715879145724,0.5041517003491314,1.910413338419384e-06,0.00046009964383013027,0.036397955932413,0.0,0
0.29049234368903853,0.4390837455087031,0.19279453556995158,0.03976184315979481,1.7304691076278687,1.5952126130369422,1.6681017308824284,3.8387867369468553,35.47908317592347,0.19279453556995158,0.3490952424210434,0.0,1.7304691076278687,0.4706095829606056,0.0,0.03976184315979481,0.4706095829606056,0.661586052944034,1.5115157251053963,0.05567676497970768,5.53819858823889,0.5264791898184601,2.133240063684283e-06,0.0007984443628729543,0.03880988674474903,0.03976184315979481,0
0.17605036155055132,0.27517606282685525,0.0757218655528894,0.0,1.205802083015442,1.8223230969498196,2.874905598263423,3.8049536975705407,13.659596205436063,0.0757218655528894,0.21103560002792676,0.0,1.205802083015442,0.27760234475135803,0.0,0.0,0.27760234475135803,0.6397712067350771,1.5630530968710385,-0.12678834065973651,5.48938783011248,0.3266735302331201,1.969198203713373e-06,0.0004237848399980762,0.0243223575056356,0.0,0
0.21818472056475002,0.30467643935257227,0.09282773269656164,0.009866283740848303,1.2235195636749268,1.4087901183021443,1.0612629933591275,3.922030856781147,17.975335038013398,0.09282773269656164,0.24405482044790006,0.0,1.2235195636749268,0.33763039112091064,0.0,0.009866283740848303,0.33763039112091064,0.7161170877252484,1.396415104430534,-0.09027412286392383,5.6582944671069875,0.3747429852371885,2.0317291964384204e-06,0.0006048711360209,0.026929847041746967,0.009866283740848303,0
0.22748809409313253,0.34630225128776265,0.11992524924697272,0.027837279252707958,2.021218776702881,2.1596979332795554,5.87047166600478,3.8777034368475145,21.974538521740623,0.11992524924697272,0.259226687020373,0.0,2.021218776702881,0.37848036736249924,0.0,0.027837279252707958,0.37848036736249924,0.6569042977425009,1.5222873648323247,-0.03978425574479184,5.594343518193335,0.41433812544961224,2.2068648660177117e-06,0.0008806684131559327,0.030609083778218096,0.027837279252707958,0
0.23382602763103932,0.30539364111999046,0.09326527603652551,0.022868588101118803,1.3998563289642334,1.243746774471895,0.9888279136518356,3.9801327901361447,18.93630556598234,0.09326527603652551,0.25628237533439346,0.0,1.3998563289642334,0.44920921325683594,0.0,0.022868588101118803,0.44920921325683594,0.7656520323130634,1.3060720579912501,-0.05493342177730258,5.742117838224306,0.3846295454515124,2.0982798751948792e-06,0.000736074320061135,0.026993239320899514,0.022868588101118803,0
0.23795596232957905,0.3637265976954683,0.13229703787112101,0.0,1.6408417224884033,1.6180909449150234,1.9678501423449015,3.8079865092359846,24.181769968552587,0.13229703787112101,0.28916076278346736,0.0,1.6408417224884033,0.41709498316049576,0.0,0.0,0.41709498316049576,0.654214758069604,1.528545845771629,0.1742663185384779,5.493763252462166,0.43464937349467914,1.8823247459409516e-06,0.00038874846451399244,0.03214919296604711,0.0,0
0.22567605414587888,0.36542330280865837,0.13353419023558843,0.0,1.6782950162887573,1.961658656627871,3.781102474010371,3.757696815109898,23.611375571256588,0.13353419023558843,0.277247400453291,0.0,1.6782950162887573,0.33795610815286636,0.0,0.0,0.33795610815286636,0.6175726474986155,1.6192382669560754,0.05706161673172968,5.421210560138639,0.42949257461618834,1.8550605848098963e-06,0.0003430144155906269,0.03229916192744844,0.0,0
0.2605075942556141,0.4214073039663498,0.17758411583618752,0.0,1.8799152374267578,1.665767210528317,1.9310998257902172,3.7150938259291344,31.417385280132507,0.17758411583618752,0.33079186441500497,0.0,1.8799152374267578,0.4432031884789467,0.0,0.0,0.4432031884789467,0.6181833433363385,1.6176392291767832,0.05836875422325352,5.359747438920504,0.495427413957923,1.7297239563144189e-06,0.00023567680246683822,0.037247495284518324,0.0,0
0.22069164604181424,0.4011419277087686,0.16091484616590693,0.0,2.01808500289917,2.161113467707945,4.541685838360102,3.578522885947443,26.831315046214698,0.16091484616590693,0.2977814646983461,0.0,2.01808500289917,0.34341946244239807,0.0,0.0,0.34341946244239807,0.5501571405043872,1.8176579626070877,0.10231154629950033,5.162717221079376,0.45784238423124646,1.641018994591626e-06,0.00014693812424201736,0.03545627216263926,0.0,0
0.22164789189992007,0.3727695081640794,0.13895710621688967,0.0,1.5133637189865112,1.8943847998802854,2.8335289628151363,3.6914861755537256,24.07486645767274,0.13895710621688967,0.2792839984558668,0.0,1.5133637189865112,0.30145151168107986,0.0,0.0,0.30145151168107986,0.5945961041595037,1.681809400345638,0.1284530227998037,5.325688798796863,0.43368755366112166,1.7534165276311894e-06,0.0002367324551264455,0.03294848088029933,0.0,0
0.29970704269362614,0.4660447438453042,0.2171977032658352,0.0,2.078446865081787,1.7787000578677443,2.558209208205729,3.8042987751307837,39.29881788236726,0.2171977032658352,0.35613813618601853,0.0,2.078446865081787,0.4630606025457382,0.0,0.0,0.4630606025457382,0.6430850332861504,1.5550009758086194,0.005272908305788726,5.4884429767564775,0.5540956728814928,1.882345769176571e-06,0.0004401615487928311,0.041192924838670264,0.0,0
0.2064401314710267,0.30795563205314364,0.09483667131325119,0.0,1.442663311958313,1.7388722560695085,2.9685135107410403,3.8487800623859125,17.594137496963324,0.09483667131325119,0.24272413662856707,0.0,1.442663311958313,0.33023785799741745,0.0,0.0,0.33023785799741745,0.67035455640196,1.491743053343116,0.11899138128446113,5.552615909291807,0.37074816141826783,1.9393802398633942e-06,0.00043953317629038575,0.027219689466170895,0.0,0
0.21476259751580073,0.3300898838569718,0.10895933142470912,0.0,1.3060945272445679,1.399569361114832,0.7975108667589952,3.756571403564492,19.850535003704692,0.10895933142470912,0.27183999240935464,0.0,1.3060945272445679,0.3645664304494858,0.0,0.0,0.3645664304494858,0.6506165665843024,1.5369989359189329,0.05085303332674461,5.4195869344831245,0.39380490692275905,1.7777637188660152e-06,0.0002518065548055601,0.029176099409543077,0.0,0
0.20868676729151048,0.3110990059681134,0.09678259151434826,0.0,1.3353588581085205,1.4676198070707334,1.2633724298914029,3.817218203160392,17.96259306968695,0.09678259151434826,0.25141345284055205,0.0,1.3353588581085205,0.3732658252120018,0.0,0.0,0.3732658252120018,0.6708028392416685,1.4907462030572607,0.042642739248264325,5.507081771505914,0.3746101418233752,1.7777724014232432e-06,0.0002726354513672288,0.027497527092555898,0.0,0
0.23811528662918136,0.36212284772742354,0.13113295684621876,0.0,1.5295827388763428,1.5270641029722065,1.411443002025381,3.8015669390383033,24.04247636130764,0.13113295684621876,0.28984996027884335,0.0,1.5295827388763428,0.38089407980442047,0.0,0.0,0.38089407980442047,0.6575520726500581,1.520787904269918,-0.03268843772404574,5.484501770373335,0.43339571591412385,1.8285644474493423e-06,0.0003340265653747282,0.03200744015633059,0.0,0
0.24473894765833393,0.3480713674480214,0.12115367683713553,0.0,1.388645887374878,1.4909338195421873,1.4687157799594317,3.898878112927704,23.174506155269665,0.12115367683713553,0.2775487836515822,0.0,1.388645887374878,0.4054637625813484,0.0,0.0,0.4054637625813484,0.703126621204372,1.4222148570073283,-0.17134395338309438,5.624892118366655,0.4255006807727154,1.9692017309595264e-06,0.000529268667837659,0.030765453032421307,0.0,0
0.23409881329644122,0.36336430622435917,0.13203361903790986,0.0,1.7342089414596558,1.729557788930774,2.683219398901337,3.7850827265614098,23.914991798363125,0.13203361903790986,0.2850959711216774,0.0,1.7342089414596558,0.3803775832056999,0.0,0.0,0.3803775832056999,0.6442519670601062,1.552183460939753,0.0753645817577579,5.460720078779959,0.4322451543102732,1.8550525351101352e-06,0.000342341731458612,0.032117170621548695,0.0,0
0.22124216593510937,0.33186188607496886,0.1101323114292356,0.0,1.3984167575836182,1.6206584669101536,2.0154769513494752,3.8371697160400755,20.36229214936244,0.1101323114292356,0.26386125958129014,0.0,1.3984167575836182,0.39697832614183426,0.0,0.0,0.39697832614183426,0.6666673955373549,1.4999938401086907,0.19512825280505364,5.535865720195665,0.39884885284640603,1.939382570189147e-06,0.00045395447522026127,0.029332723757620995,0.0,0
0.17166845418250887,0.2574422981339283,0.06627653686847843,0.0,1.1280324459075928,1.569664052290419,1.736835066664006,3.8276137460098996,12.255564163825992,0.06627653686847843,0.20716507533279582,0.0,1.1280324459075928,0.3096545338630676,0.0,0.0,0.3096545338630676,0.6668204432853511,1.4996482572169563,-0.0549847124464437,5.522079369622247,0.30942946697089235,1.910429327836157e-06,0.0003639672532573241,0.022754899346843698,0.0,0
0.2502227887762274,0.3684565270977625,0.1357602123609442,0.0,1.5261125564575195,1.3579206106637696,0.7816226574119609,3.822118889627375,25.391572017138774,0.1357602123609442,0.30322605039208383,0.0,1.5261125564575195,0.42148326337337494,0.0,0.0,0.42148326337337494,0.679108907740772,1.4725138701386258,-0.17358251841066066,5.514151967568782,0.44538933124166397,1.8285567120085369e-06,0.000336434113316587,0.03256726361040909,0.0,0
0.21154680422478123,0.3197754279742403,0.10225632433610854,0.0,1.280807375907898,1.5006740354220756,1.1804855169859767,3.8126032080038232,18.817071963369784,0.10225632433610854,0.25493260419727903,0.0,1.280807375907898,0.3405623883008957,0.0,0.0,0.3405623883008957,0.6615459606104002,1.5116060445633566,-0.02832293039079503,5.500423740879805,0.3834167115734869,1.882338073689197e-06,0.00036799985782138563,0.028264421697176963,0.0,0
0.3124597059941152,0.4059475043645848,0.16479337629983462,0.1662183403968811,1.5779011249542236,1.3805745738774682,1.1390387936253843,4.022072117774922,33.59032885372973,0.16479337629983462,0.32079690137834405,0.0,1.5779011249542236,0.4864376336336136,0.0,0.1662183403968811,0.4864376336336136,0.7697028136196636,1.2991995338183873,-0.0018194599676271152,5.802623498226987,0.5122737980511628,2.1694789982720704e-06,0.0011115993424696377,0.035881029142744186,0.1662183403968811,0
0.3333277053752681,0.4597096283323043,0.21133294238142536,0.0665026307106018,2.290972948074341,1.5614091112406017,2.3466600938488424,3.9502586999777733,41.27235859867736,0.21133294238142536,0.3702374841591336,0.0,2.290972948074341,0.5931939631700516,0.0,0.0665026307106018,0.5931939631700516,0.7250815726938565,1.379152170428655,-0.05092406126999087,5.699018636501755,0.5678382705948648,2.169426787969485e-06,0.0010285380897167155,0.040632974446314966,0.0665026307106018,0
0.29948728636372834,0.4659531424974932,0.2171123310032892,0.0,2.0646157264709473,1.7453257215054556,2.431413617505725,3.7988908954298326,39.27103560919028,0.2171123310032892,0.3583987936417543,0.0,2.0646157264709473,0.48600558191537857,0.0,0.0,0.48600558191537857,0.6427398300581469,1.555836136334654,0.032888016457549275,5.480641055530189,0.5538997794698957,1.855066824969544e-06,0.0004069941249971294,0.04118482834689489,0.0,0
0.2853087459698145,0.41214181723626886,0.16986087751481405,0.0,1.8286982774734497,1.5106174436099917,1.597243248500381,3.8744898760758986,32.16153062933532,0.16986087751481405,0.33128040643009626,0.0,1.8286982774734497,0.4970625936985016,0.0,0.0,0.4970625936985016,0.6922569896596201,1.4445467342241,-0.0633022298327282,5.58970733000453,0.5012603695103794,1.9393804180702672e-06,0.000518118705454037,0.036428534222289054,0.0,0
0.33756556417938555,0.4937442533830428,0.24378338774877836,0.02846499066799879,1.998250126838684,1.5143838536522838,1.4163562208771872,3.8732448139163504,45.78993892717122,0.24378338774877836,0.39045819418879546,0.0,1.998250126838684,0.5448054373264313,0.0,0.02846499066799879,0.5448054373264313,0.6836836645344021,1.4626617930751444,0.016361180540463812,5.587911085001353,0.5981086003967215,2.0645029820837994e-06,0.0007855217254317517,0.043641238717379814,0.02846499066799879,0
0.23328584320552181,0.2870396186948736,0.08239174270049843,0.06216619536280632,1.1436887979507446,0.9562169952998003,-0.20177275656764104,4.039621585104038,17.512195499598043,0.08239174270049843,0.2513676559749456,0.0,1.1436887979507446,0.45744017511606216,0.0,0.06216619536280632,0.45744017511606216,0.8127276350860521,1.2304202207503667,-0.054936625817617685,5.827942027712945,0.36988380248479347,2.2455961360506713e-06,0.0010916401495046626,0.02537095760604325,0.06216619536280632,0
0.21507597250456456,0.2881932209460748,0.08305533259927309,0.0936918817460537,1.3829140663146973,1.582793268133477,2.2580003188717024,4.010013854716517,16.552064838151338,0.08305533259927309,0.2244046371240529,0.0,1.3829140663146973,0.3386607766151428,0.0,0.0936918817460537,0.3386607766151428,0.7462882905789021,1.3399600968441905,-0.0998724647182565,5.785227101910891,0.3596011770671188,2.285698411926544e-06,0.0011563781299144464,0.025472922602870304,0.0936918817460537,0
0.22768326452569454,0.3690997742537584,0.1362346433541754,0.0,1.8527851104736328,1.9098888117548953,3.3131652549194337,3.758911223896973,24.07351197430436,0.1362346433541754,0.2748743670766771,0.0,1.8527851104736328,0.2869737818837166,0.0,0.0,0.2869737818837166,0.6168593522623209,1.6211106908654882,-0.11780389443139871,5.422962581673364,0.4336753535759818,1.8550604546389127e-06,0.0003470507104631149,0.03262411916365705,0.0,0
0.3169323792681098,0.43757014269427846,0.1914676297774912,0.07168366760015488,2.0816009044647217,1.5832848398002994,2.2191120282107475,3.9668651810199833,37.364961639172634,0.1914676297774912,0.34671098669059575,0.0,2.0816009044647217,0.522381380200386,0.0,0.07168366760015488,0.522381380200386,0.7242990872676073,1.380641964398705,-0.17244765301912454,5.7229767243479674,0.5402904430082363,2.3272512393292654e-06,0.001451657412029158,0.03867610189298619,0.07168366760015488,0
0.23692361708344833,0.30609671997387033,0.093695201978762,0.02952476590871811,1.2372406721115112,1.1523472199773774,0.40107914654709953,3.9899458203471685,19.177984295765306,0.093695201978762,0.2577864389709248,0.0,1.2372406721115112,0.4677823632955551,0.0,0.02952476590871811,0.4677823632955551,0.7740130083414964,1.2919637296692887,-0.011994998861154852,5.756275048245843,0.387076222869174,2.064494992601357e-06,0.000711043113043786,0.027055383299060428,0.02952476590871811,0
0.24040533760125982,0.33403094835263114,0.11157667445735814,0.042787350714206696,1.385740041732788,1.3557182442292712,0.8100533322147045,3.9364017628936043,21.67953930298033,0.11157667445735814,0.27200103514917373,0.0,1.385740041732788,0.39846760779619217,0.0,0.042787350714206696,0.39846760779619217,0.7197076171512449,1.389448968502772,0.0504625042030793,5.679027302088514,0.4115475680945446,2.285679626560831e-06,0.001091261003891517,0.029524443588289862,0.042787350714206696,0
0.2945609281232464,0.3908454636283952,0.15276017643889517,0.08596671000123024,1.6328743696212769,1.3696623439037081,1.22184164527496,3.989658336617956,30.65936855241261,0.15276017643889517,0.31863778317540437,0.0,1.6328743696212769,0.4950009062886238,0.0,0.08596671000123024,0.4950009062886238,0.7536486972114603,1.326874769571824,0.10514428919692546,5.7558602968953725,0.4894142589011108,2.206880131009377e-06,0.001113091346934333,0.03454618471595479,0.08596671000123024,0
0.367037252528462,0.522284416631206,0.27278101185579917,0.0,2.3121447563171387,1.6046746278314779,2.3473440537034573,3.897086955209148,52.159661644728466,0.27278101185579917,0.4194713213905743,0.0,2.3121447563171387,0.688987672328949,0.0,0.0,0.688987672328949,0.7027522516249631,1.4229738617354795,-0.08907464775961497,5.622308024008645,0.6383551962657162,1.969198203235062e-06,0.0006256793120699205,0.04616385658849822,0.0,0
0.21326739725191146,0.31505606912710776,0.0992603266938249,0.0,1.2569971084594727,1.4163456250087951,1.056969225404588,3.8357538973731846,18.527143606326977,0.0992603266938249,0.25791801370905887,0.0,1.2569971084594727,0.3859313353896141,0.0,0.0,0.3859313353896141,0.6769167181132829,1.4772819155051793,-0.0010503941358189575,5.533823125626144,0.3804514547539929,1.9393810842511004e-06,0.0004403820891930198,0.027847285366719446,0.0,0
0.2600153854000382,0.39245125082411053,0.1540179842734089,0.0,1.5356979370117188,1.4866218163009821,1.2274084366287097,3.806462714539238,28.368126069521832,0.1540179842734089,0.3166534391684763,0.0,1.5356979370117188,0.43261580914258957,0.0,0.0,0.43261580914258957,0.6625401812679935,1.509338573255261,-0.08380892821440507,5.491564881409836,0.4707716908631394,1.802811852277528e-06,0.0003232663398228797,0.0346881175928589,0.0,0
0.21761514960962813,0.3623889909909135,0.13132578079141236,0.0,1.6027673482894897,1.938347611315874,3.3195282903703447,3.7172568319384363,22.871313168772247,0.13132578079141236,0.27351019978937074,0.0,1.6027673482894897,0.30465057492256165,0.0,0.0,0.30465057492256165,0.6004998896757184,1.6652746448994469,-0.07882640259296614,5.362867996963537,0.4227080956535292,1.8285619750438246e-06,0.0003054102883572293,0.0320309641196282,0.0,0
0.26796152108727256,0.3874087213579714,0.15008551738421833,0.0,1.6671481132507324,1.5355748450728424,1.7186264565363842,3.878102176808424,28.401778453455766,0.15008551738421833,0.31094665559601253,0.0,1.6671481132507324,0.46350473910570145,0.0,0.0,0.46350473910570145,0.6916747472107774,1.4457625101769593,-0.13718508503795057,5.594918778357544,0.4710508403215338,1.9692113583086644e-06,0.0005455780099321855,0.0342424167453789,0.0,0
0.25110552486148663,0.3263812401698742,0.1065247139348251,0.021721813827753067,1.5213276147842407,1.2942713070228005,1.2824348718457887,3.989048246478085,21.706073414500835,0.1065247139348251,0.27260502278886634,0.0,1.5213276147842407,0.4843817502260208,0.0,0.021721813827753067,0.4843817502260208,0.7693602590961818,1.2997772165702475,0.03196458660381142,5.754980122876086,0.4117993425817819,2.031736390193123e-06,0.000685472198347748,0.028848298522024154,0.021721813827753067,0
0.29540773047483526,0.40265357330746226,0.16212990009726788,0.022822163999080658,1.975682020187378,1.5460270825211968,2.227543405392346,3.9583622212375014,31.92264029715978,0.16212990009726788,0.31836234591173707,0.0,1.975682020187378,0.48163487017154694,0.0,0.022822163999080658,0.48163487017154694,0.73365050357758,1.3630434540769842,-0.004000534253955616,5.710709546436901,0.49939526161304415,1.999993911269025e-06,0.0006836220712763605,0.035589884019337645,0.022822163999080658,0
0.2710865397239104,0.3799517989441842,0.14436336952092174,0.010152130387723446,1.7185075283050537,1.4370933025516706,1.5682031694353773,3.904859820520563,27.88496403717184,0.14436336952092174,0.3135886608106375,0.0,1.7185075283050537,0.5325661450624466,0.0,0.010152130387723446,0.5325661450624466,0.7134742538473405,1.4015885824915846,0.01957726368205903,5.633521898246921,0.46674541405396264,1.999988363400386e-06,0.0006078278216279464,0.03358331169468254,0.010152130387723446,0
0.26985096345015336,0.3898042868522438,0.15194738204838637,0.01628720574080944,1.582093596458435,1.4340534076805316,1.2023813428849097,3.8729069852946685,28.770166338990382,0.15194738204838637,0.31748980631186896,0.0,1.582093596458435,0.4863247871398926,0.0,0.01628720574080944,0.4863247871398926,0.6922711737166375,1.4445169358242744,0.07205127036730753,5.587423701324179,0.47409590224274495,2.031731120340343e-06,0.0006395389913120608,0.034454156821100965,0.01628720574080944,0
0.265966675546224,0.40820459497564443,0.16663099135922993,0.013666611164808273,1.7920069694519043,1.8501170250806718,2.910349567211302,3.848392425336302,30.38326577412356,0.16663099135922993,0.3061983057568227,0.0,1.7920069694519043,0.3922017142176628,0.0,0.013666611164808273,0.3922017142176628,0.6515507842612811,1.5347960196039674,0.017255271017477567,5.552056667242669,0.48720556632733614,2.098334225949403e-06,0.0007379365563633067,0.03608052965234828,0.013666611164808273,0
0.18854762382306944,0.2987132881204595,0.08922962849973666,0.0,1.149096965789795,1.5863514316234115,1.4442241646063314,3.74364585075781,15.97181887347998,0.08922962849973666,0.23358672881919063,0.0,1.149096965789795,0.2513768710196018,0.0,0.0,0.2513768710196018,0.6311972052272095,1.584285614762072,-0.1059165417192438,5.4009393035481725,0.3532418929700473,1.753394507977061e-06,0.00022325788092881355,0.026402773957563484,0.0,0
0.223125154934678,0.3148967390881163,0.09915995628832919,0.042603278532624245,1.5606720447540283,1.4849488716104855,1.8065472160449723,3.916098067862653,19.064933254778012,0.09915995628832919,0.2568428175396775,0.0,1.5606720447540283,0.43649421632289886,0.0,0.042603278532624245,0.43649421632289886,0.7085638518104508,1.4113009318931578,0.1049829508241441,5.649735261955637,0.38593366146651836,2.1333105996018614e-06,0.0007671342548392018,0.027833202447842247,0.042603278532624245,0
0.15691421270275896,0.2521016205289046,0.06355522707329983,0.0,1.188320517539978,1.9526827023217614,3.443945322044055,3.7829846474275435,11.286694044342592,0.06355522707329983,0.18560861212264967,0.0,1.188320517539978,0.20429794490337372,0.0,0.0,0.20429794490337372,0.6224219818641993,1.606620689015967,-0.07625024859675363,5.457693190418137,0.29694662352252216,1.9392506889154847e-06,0.00036109887150429995,0.022282845678013273,0.0,0
0.26861903613826144,0.3953085632968247,0.15626886021579964,0.0,1.7639950513839722,1.6003982955075442,1.9402292826895406,3.8651366936763822,29.23840598933097,0.15626886021579964,0.30923426908611873,0.0,1.7639950513839722,0.3832192048430443,0.0,0.0,0.3832192048430443,0.6795156532465784,1.4716327218647103,-0.09753638170301557,5.57621354014022,0.47793832948576975,1.969212243614011e-06,0.0005453038302703389,0.034940670721037036,0.0,0
0.2772599575255299,0.42256464389041304,0.1785608782662316,0.0,1.837405800819397,1.759181628949458,2.6338980902168636,3.8252564381937715,32.69554717610115,0.1785608782662316,0.32505078624308226,0.0,1.837405800819397,0.42147396504879,0.0,0.0,0.42147396504879,0.6561346421183113,1.5240738246578704,0.0744443903186333,5.518678493326069,0.505404750980133,1.8823446272280754e-06,0.00042768829342651737,0.03734979064807371,0.0,0
0.2810326782055199,0.38360225032129913,0.14715068645156465,0.0,1.832930564880371,1.4211187943597698,1.6699007614025474,3.938256561281356,28.94464674187929,0.14715068645156465,0.31294365513167577,0.0,1.832930564880371,0.5123742967844009,0.0,0.0,0.5123742967844009,0.7326128701207095,1.3649738271389558,-0.04106302943992654,5.681703210524372,0.4755313372123145,1.96922335970048e-06,0.0005959554774943994,0.03390596906007626,0.0,0
0.22812276250624564,0.3468292463417888,0.12029052611801322,0.0,1.4686322212219238,1.6123506021212715,1.8766381104151497,3.810864410078148,22.05830667411125,0.12029052611801322,0.2769899802397049,0.0,1.4686322212219238,0.38775186240673065,0.0,0.0,0.38775186240673065,0.6577360680401525,1.520362293229257,0.019919480258068133,5.497915185735327,0.4151271141367354,1.8823412921023307e-06,0.00038134093117184154,0.030655664000262303,0.0,0
0.22359790025802795,0.31469949188617574,0.09903577019341721,0.03482861444354057,1.225547432899475,1.4482983513195515,1.1494889298825903,3.9229841831825483,19.076069272731676,0.09903577019341721,0.24943386352651942,0.0,1.225547432899475,0.3404030203819275,0.0,0.03482861444354057,0.3404030203819275,0.7105101708544557,1.4074349156365877,0.0014382804152809846,5.65966982637864,0.386046358865378,2.13331139903784e-06,0.0007742439558148692,0.027815768093584468,0.03482861444354057,0
0.2376133725465479,0.3174346406669904,0.1007647510953813,0.09224791079759598,1.4425610303878784,1.57311461631633,2.088327049712132,4.016216149540031,20.12478283626571,0.1007647510953813,0.2472987386562977,0.0,1.4425610303878784,0.3770345225930214,0.0,0.09224791079759598,0.3770345225930214,0.7485403089813063,1.3359291914633538,-0.08522049032021288,5.794175121894906,0.3965159087707905,2.370252611140767e-06,0.0013961574917063756,0.02805752337489299,0.09224791079759598,0
0.280438888747085,0.40678862756545253,0.16547698751658443,0.04727388732135296,2.015165328979492,1.757669816422781,3.158276250370233,3.904591193061176,31.247738603300398,0.16547698751658443,0.3163273968861233,0.0,2.015165328979492,0.46413877606391907,0.0,0.04727388732135296,0.46413877606391907,0.6893953772259406,1.4505428593832312,0.11626399841049481,5.633134350743417,0.4940880061672054,2.0983199222351198e-06,0.0007926279147446993,0.03595537463263755,0.04727388732135296,0
0.24826728820698918,0.37856299934714166,0.143309944474704,0.0,1.6570643186569214,1.6369064376002214,1.9164322320147305,3.818129485861051,26.233163631149594,0.143309944474704,0.2971054692945927,0.0,1.6570643186569214,0.36982811242341995,0.0,0.0,0.36982811242341995,0.6558132538623386,1.5248202938097926,0.006269333880649607,5.508396474539003,0.45271027254564944,1.939378293411862e-06,0.0004665508549863424,0.0334605579930853,0.0,0
0.33027422367740655,0.4735104482440334,0.22421214459626543,0.039618367329239845,2.145887613296509,1.5871412461829109,2.040545772893619,3.910814412989885,42.66153055001331,0.22421214459626543,0.37527585628026827,0.0,2.145887613296509,0.5901336371898651,0.0,0.039618367329239845,0.5901336371898651,0.6974999757707934,1.433688778287863,0.04436893531278999,5.642112559272929,0.5773155180851967,2.1694758934317444e-06,0.0010243404008360279,0.04185280611450472,0.039618367329239845,0
0.2493409295893798,0.36532518820530624,0.13346249313724243,0.0013716297689825296,1.7360315322875977,1.5975529233173722,2.1651559579693886,3.863622620269121,25.041074215134525,0.13346249313724243,0.2915912746750564,0.0,1.7360315322875977,0.4111343175172806,0.0,0.0013716297689825296,0.4111343175172806,0.6825158930277812,1.4651633360272294,0.080757877251073,5.574029193944021,0.44230463744543586,1.999967907472834e-06,0.0005503477936475873,0.03229048973977797,0.0013716297689825296,0
0.33621014898017165,0.48641459601729486,0.23659915921866817,0.0,2.0117740631103516,1.5464963406027814,1.83460514448831,3.870483465728254,44.753462207479984,0.23659915921866817,0.38920292840265347,0.0,2.0117740631103516,0.5715623646974564,0.0,0.0,0.5715623646974564,0.6911993606558156,1.4467576231495072,0.13683421990176192,5.583927301664218,0.5913006202397706,1.910427174638386e-06,0.0005064704346842136,0.042993382413993024,0.0,0
0.31083186803152785,0.474230155573715,0.22489424045546993,0.01031382568180561,2.1519925594329834,1.9048531245547995,3.2994090000046103,3.859445542877262,41.1533684018482,0.22489424045546993,0.3551507314059563,0.0,2.1519925594329834,0.44958116859197617,0.0,0.01031382568180561,0.44958116859197617,0.6554437943991468,1.5256806149799724,0.11893955343872666,5.568002945105377,0.5670191272253865,1.999992194770459e-06,0.0006597723176061017,0.041916419856165656,0.01031382568180561,0
0.32526673897518776,0.4866614503165888,0.23683936722424564,0.12064564600586891,2.2897751331329346,2.1192957013246527,4.673882923188706,3.9190799471176074,43.85764079459822,0.23683936722424564,0.3555837655362666,0.0,2.2897751331329346,0.5056518018245697,0.0,0.12064564600586891,0.5056518018245697,0.668362103473551,1.4961918696326115,0.17621803147898937,5.654037204369291,0.5853527301617364,2.206883750942831e-06,0.0011606117534140414,0.0430152014576175,0.12064564600586891,0
0.28723020504548913,0.42669098479784817,0.1820651965077575,0.012735630851238966,2.385215997695923,2.0149567974026352,4.959818956640521,3.8862900715123985,33.86449756137359,0.1820651965077575,0.32562457647031806,0.0,2.385215997695923,0.48582471907138824,0.0,0.012735630851238966,0.48582471907138824,0.6731558484314366,1.4855366089728357,0.14937976003501305,5.60673141344229,0.5143601726399811,2.031732265083037e-06,0.0006826058285631141,0.03771451110271556,0.012735630851238966,0
0.2402521227086254,0.36020194116945053,0.1297454384222403,0.001274999463930726,1.5554412603378296,1.6221320441696212,1.9857466960363466,3.839785279275703,23.995714673694806,0.1297454384222403,0.2843731692394158,0.0,1.5554412603378296,0.4124695435166359,0.0,0.001274999463930726,0.4124695435166359,0.6669910077041915,1.499266425239034,0.0338615210735201,5.539639180304837,0.4329740418180294,2.0316756351579257e-06,0.0005633801048624131,0.031837654399684535,0.001274999463930726,0
0.17105264867495862,0.28444524295366796,0.08090909623897119,0.0,1.0885454416275024,1.8144789240669863,2.2394145440990556,3.711644450529562,14.101517421784322,0.08090909623897119,0.21364769721469656,0.0,1.0885454416275024,0.24208935722708702,0.0,0.0,0.24208935722708702,0.6013531657115982,1.6629104849126464,-0.1216770166842119,5.354771042137376,0.33191580989415076,1.8285532019941366e-06,0.00026788059173350856,0.025141645021099203,0.0,0
0.2517065600331989,0.3120240310413366,0.09735899594728498,0.1301482766866684,1.4177086353302002,1.3102597168574537,1.3670457341825681,4.073333542528049,20.57154410381201,0.09735899594728498,0.2544690999310433,0.0,1.4177086353302002,0.4495820552110672,0.0,0.1301482766866684,0.4495820552110672,0.8066870763321974,1.239634084229597,-0.07542013572763664,5.876578101507227,0.40089298860298284,2.37034967047205e-06,0.0015235508260232884,0.02757928853031136,0.1301482766866684,0
0.25776988522557076,0.3667192776093928,0.13448302857035493,0.0,1.429484248161316,1.274784501082783,0.5650317359556971,3.8590034262407,25.718827814343534,0.13448302857035493,0.3051775257290501,0.0,1.429484248161316,0.5076631456613541,0.0,0.0,0.5076631456613541,0.7029060048327377,1.422661445841441,-0.04095759238014241,5.567365105626314,0.4482503121020206,1.8028117770040988e-06,0.0003299989035541045,0.032413710998679214,0.0,0
0.25912309107661713,0.37480828223833446,0.14048124843445098,0.0,1.570142388343811,1.4220776776404946,1.0781638008705885,3.8698738209555454,26.576131169734627,0.14048124843445098,0.30453532662022553,0.0,1.570142388343811,0.4254213869571686,0.0,0.0,0.4254213869571686,0.6913465150306641,1.4464487926609046,0.08922443796463436,5.583047770173927,0.4556599881090634,1.969219976175476e-06,0.0005403851933709829,0.03312868475195096,0.0,0
0.22984614469169173,0.34851743974988403,0.12146440580981403,0.0,1.6218321323394775,1.6816643974718957,2.391988079403812,3.8230364373285863,22.30958797304936,0.12146440580981403,0.2744364965249133,0.0,1.6218321323394775,0.38477935642004013,0.0,0.0,0.38477935642004013,0.6594949319084579,1.516307529183812,-0.026893698461812617,5.515475709087099,0.4174849171400664,1.8823439817191142e-06,0.00039196870027638324,0.030804880626114625,0.0,0
0.20255753021046985,0.31335307554703307,0.09819014995478462,0.0,1.2617924213409424,1.7236137535733544,2.2305204148976436,3.805830186353517,17.820121983968004,0.09819014995478462,0.24150908648243785,0.0,1.2617924213409424,0.32529863715171814,0.0,0.0,0.32529863715171814,0.6464174109012566,1.546983097697922,0.04073580090040461,5.490652336133073,0.3731215659805126,1.910421159530828e-06,0.0003859406105452005,0.027696760578120948,0.0,0
0.38822961874393513,0.5563693153285199,0.30954681503912596,0.07665294036269188,2.4800031185150146,1.7783584099140302,2.952448163967266,3.9383182602855147,58.91443864437595,0.30954681503912596,0.4282653171504762,0.0,2.4800031185150146,0.6198395490646362,0.0,0.07665294036269188,0.6198395490646362,0.697789957601705,1.4330934283905956,0.15134131635933185,5.6817922233716995,0.6784313170168275,2.2455989485745905e-06,0.0013705296835995057,0.049176564464114114,0.07665294036269188,0
0.36816255810867915,0.4750974379407056,0.22571757553782257,0.07223714515566826,1.6848721504211426,1.0237693600792266,-0.29578860570920273,3.985494603728274,46.24143932556149,0.22571757553782257,0.4081455189696612,0.0,1.6848721504211426,0.6687618792057037,0.0,0.07223714515566826,0.6687618792057037,0.7749184773253822,1.2904556084718968,0.10556498191095982,5.749853300103842,0.6010501183187215,2.1332445055842987e-06,0.0010157528271436936,0.041993077511528476,0.07223714515566826,0
0.34673139399819775,0.5175873770149592,0.2678966928452255,0.0,2.084376811981201,1.595581312394444,1.7231297824513234,3.8467331799840823,49.67927711093235,0.2678966928452255,0.4030240405360246,0.0,2.084376811981201,0.5013499334454536,0.0,0.0,0.5013499334454536,0.6698979524962876,1.4927617919064158,0.09666724478758701,5.549662882201404,0.6229922571181434,1.9692194122593177e-06,0.0006100625128662723,0.04574869301797947,0.0,0
0.2869467426207848,0.4288987180307224,0.1839541103283971,0.040286167524755,2.0693650245666504,1.8426298236471044,3.349552808628899,3.880741097000191,34.085445558921734,0.1839541103283971,0.32828150391378585,0.0,2.0693650245666504,0.42854784429073334,0.0,0.040286167524755,0.42854784429073334,0.6690299166860972,1.494697985115428,0.16445082634434352,5.598725935431506,0.5160354090845667,2.1333167549946437e-06,0.0008680754936512317,0.03790964899521759,0.040286167524755,0
0.25961916259257123,0.3877812802433072,0.15037432130713835,0.0,1.463280200958252,1.4823379120911373,1.0596756943822925,3.8396621065784826,27.875383154228004,0.15037432130713835,0.30929215161722823,0.0,1.463280200958252,0.4353683143854141,0.0,0.0,0.4353683143854141,0.6694972303264547,1.4936543064498862,0.06454092739640775,5.539461479665386,0.4666652235729659,1.9692189830785704e-06,0.0005327643178000633,0.034275346609655435,0.0,0
0.2866379642200627,0.4165811548682628,0.17353985859137555,0.0,2.0387461185455322,1.7300534604679507,3.3007041221746505,3.8767129209488163,32.72975118382048,0.17353985859137555,0.3301046333671991,0.0,2.0387461185455322,0.5376989245414734,0.0,0.0,0.5376989245414734,0.6880706743444333,1.4533355900770975,0.05972416734437501,5.59291450581836,0.5056690430742201,1.9691133573703054e-06,0.0005380896529576891,0.036820919940233995,0.0,0
0.2550038937624777,0.39738541408906397,0.15791516733073685,0.0,1.8714016675949097,1.847777708215418,2.898010942349652,3.817889404198668,28.536595605089516,0.15791516733073685,0.29743336905517026,0.0,1.8714016675949097,0.36470090597867966,0.0,0.0,0.36470090597867966,0.6417025965697084,1.5583503774228913,0.2001784593065447,5.508050109915275,0.4721675054096394,1.9692107387099046e-06,0.000518460133210091,0.035124240130875166,0.0,0
0.18890565628771583,0.28295944904208,0.08006604980219746,0.01054580183699727,1.3152278661727905,1.719865962088719,2.5270035354710654,3.8597773273019333,14.816178787800332,0.08006604980219746,0.21916196265824794,0.0,1.3152278661727905,0.29228729754686356,0.0,0.01054580183699727,0.29228729754686356,0.6676044547117009,1.4978876472132416,-0.08051392546706518,5.568481608849492,0.34022256947429297,2.1332567676732607e-06,0.000648881281674234,0.02501031815230801,0.01054580183699727,0
0.23852521059779974,0.3312365694364323,0.10971766493201646,0.0,1.201212763786316,1.2072815544881699,0.21378350358194487,3.899165699078469,21.326328450910868,0.10971766493201646,0.27861694937197967,0.0,1.201212763786316,0.4415014311671257,0.0,0.0,0.4415014311671257,0.7201031302204838,1.3886857854827015,0.1049271987270698,5.625307017480193,0.4081812600092527,1.9692094805448004e-06,0.0005191442074795287,0.029277453053183747,0.0,0
0.27578132311737136,0.40844147880313325,0.16682444160689036,0.0,1.6767325401306152,1.443791474097711,1.1654711163872733,3.828677945287795,31.08861181276907,0.16682444160689036,0.3320178758585257,0.0,1.6767325401306152,0.45700516551733017,0.0,0.0,0.45700516551733017,0.6752023538920305,1.4810338647526986,0.021769803605886946,5.523614684642984,0.4928283471831327,1.9393423801616162e-06,0.0004678769903653907,0.036101467422444626,0.0,0
0.30087384453509003,0.41613220401753803,0.1731660112204939,0.06825128942728043,1.960623025894165,1.5188518841184788,1.9193408829611887,3.9446808796916653,33.75245843786489,0.1731660112204939,0.334480317784255,0.0,1.960623025894165,0.5253589153289795,0.0,0.06825128942728043,0.5253589153289795,0.7230229206184894,1.383078694196716,0.026427108260380663,5.690971542836017,0.5135085992910142,2.0645083233763657e-06,0.0008030444550775429,0.036781237916363126,0.06825128942728043,0
0.22522260728146648,0.32024998383677933,0.10256005214745742,0.0,1.5112454891204834,1.5515878724960344,2.1378582491136084,3.891906871095909,19.620515197199243,0.10256005214745742,0.25959732349838305,0.0,1.5112454891204834,0.40140553563833237,0.0,0.0,0.40140553563833237,0.7032690566104695,1.4219264562396026,0.14823553463505218,5.614834742347087,0.39151663435685474,1.93937822102307e-06,0.000468123035095885,0.02830636690573361,0.0,0
0.24963096233841497,0.35201308926224306,0.1239132150119479,0.03879391774535179,1.3067562580108643,1.3936866110976496,0.9122783748229502,3.9128185689577952,23.83729054335374,0.1239132150119479,0.28561928992303365,0.0,1.3067562580108643,0.4303815960884094,0.0,0.03879391774535179,0.4303815960884094,0.7091504856001523,1.410133927156971,0.07679342091383619,5.645003945148998,0.4315423876862516,2.0645034014499154e-06,0.000703478060721103,0.031113855310469687,0.03879391774535179,0
0.42925093121993996,0.6017231231712324,0.3620707169589421,0.0022529010893777013,2.3998234272003174,1.388753547607973,0.9708352918491054,3.9090505943456364,69.92986610075235,0.3620707169589421,0.4858885361136629,0.0,2.3998234272003174,0.674640879034996,0.0,0.0022529010893777013,0.674640879034996,0.71336832726214,1.4017980612438579,0.01914630180640526,5.639567906861844,0.7391394177772741,2.0316986977490492e-06,0.0007986763505416552,0.053185312598890824,0.0022529010893777013,0
0.24884175204351777,0.35551416981450634,0.12639032493889765,0.03598640486598015,1.5404129028320312,1.5433183194084217,1.816334120462403,3.9063313145313545,24.10400543987011,0.12639032493889765,0.28545894247884007,0.0,1.5404129028320312,0.4679390415549278,0.0,0.03598640486598015,0.4679390415549278,0.69994693102225,1.4286757222008852,-0.13754852218309624,5.635644815358987,0.43394993086643674,2.0982403035991672e-06,0.0007344719876081089,0.0314233100354679,0.03598640486598015,0
0.34538703062389686,0.521063385344349,0.27150705154651356,0.0010671884519979358,2.2028534412384033,1.6079258336460196,1.7329631299723003,3.8365168248104813,50.0223043161224,0.27150705154651356,0.4090407453743694,0.0,2.2028534412384033,0.6180910468101501,0.0,0.0010671884519979358,0.6180910468101501,0.6628490457962223,1.5086362229731547,0.0852531473500871,5.534923797256491,0.6251393864329029,1.999976484070709e-06,0.0006500807546039599,0.046055931650626034,0.0010671884519979358,0
0.26556172202617745,0.425933230972089,0.18141911724632295,0.0,2.106863021850586,1.827351891513408,3.1032012072657142,3.7503168641843083,32.248594617834456,0.18141911724632295,0.33186071948858853,0.0,2.106863021850586,0.42188312113285065,0.0,0.0,0.42188312113285065,0.6234805815444766,1.6038954248462929,0.1326124843199597,5.410563541536286,0.5019383881033923,1.8550375002567006e-06,0.0003544487236682481,0.037647534494132516,0.0,0
0.231566701662814,0.3732763353170672,0.1393352225077396,0.0,1.6472028493881226,1.852140638798918,2.809538888886255,3.764331158091801,24.69867005782199,0.1393352225077396,0.2820597511567371,0.0,1.6472028493881226,0.3364398330450058,0.0,0.0,0.3364398330450058,0.6203610017364646,1.6119603234691215,0.1509124651888621,5.430781893858187,0.4392702582997559,1.9104275481908847e-06,0.00040366273465641887,0.03299327849489522,0.0,0
0.1569658119333326,0.2587452178602484,0.06694908776554742,0.0,1.0146023035049438,1.633615203469081,1.5589189347757557,3.682521186382134,11.723181296824034,0.06694908776554742,0.20413637284082142,0.0,1.0146023035049438,0.24220682308077812,0.0,0.0,0.24220682308077812,0.6066400244664117,1.6484176692574568,-0.006160212157321986,5.312755053377384,0.3026340263113812,1.7297162260616423e-06,0.00018318693934771697,0.022870062268571526,0.0,0
0.2433295439759604,0.39180691785140076,0.15351266087621432,0.0,1.8250452280044556,1.8904026084119572,3.4809193001462626,3.74293758859645,27.228406764513682,0.15351266087621432,0.3030577835682351,0.0,1.8250452280044556,0.41133448481559753,0.0,0.0,0.41133448481559753,0.6210429470397965,1.6101904908435989,-0.008536753683462097,5.39991749724033,0.4612178745969882,1.7777105354648976e-06,0.00026738126026661015,0.034631166066065755,0.0,0
0.3275537895533489,0.48043797484642453,0.23082064767453367,0.019369234330952168,1.8560823202133179,1.5351226130009585,1.4173545521311608,3.8722576208946053,43.27835298883754,0.23082064767453367,0.37987313401413303,0.0,1.8560823202133179,0.5611130744218826,0.0,0.019369234330952168,0.5611130744218826,0.6817802191382446,1.466745280222671,-0.04652862028253079,5.58648686652448,0.5814741032284183,2.0317345157170442e-06,0.000718584063557105,0.04246511874417984,0.019369234330952168,0
0.28599064964510035,0.38134502637940415,0.14542402914430846,0.035380336456000805,1.244253396987915,1.076964143164258,-0.17447681594756181,3.9439868374564298,29.083479146078076,0.14542402914430846,0.32618440544092664,0.0,1.244253396987915,0.5910459607839584,0.0,0.035380336456000805,0.5910459607839584,0.7499505170156566,1.3334178122698546,0.026529944324162787,5.689970251545073,0.4766704111110055,2.031736697838444e-06,0.000701744027952781,0.033706456765579935,0.035380336456000805,0
0.2615448122705857,0.418394902372328,0.17505429433114988,0.0,1.7029178142547607,1.6372947056980074,1.668378537873564,3.7390628166409043,31.16287784407114,0.17505429433114988,0.3270170755072286,0.0,1.7029178142547607,0.3883761093020439,0.0,0.0,0.3883761093020439,0.625113225984318,1.5997063705452907,0.06796850888726166,5.39432738295549,0.49341664256164464,1.8550491681039367e-06,0.00034378393604085904,0.03698123408516958,0.0,0
0.2938518609444145,0.4578856080824744,0.20965923008905735,0.0,2.1145150661468506,1.7526525807895008,2.6670324623261994,3.7893230549779164,37.889042722502765,0.20965923008905735,0.35638791448263873,0.0,2.1145150661468506,0.46509307622909546,0.0,0.0,0.46509307622909546,0.641756836206675,1.5582191877596745,0.01900387816039456,5.466837579558194,0.5440663068685221,1.910433539867147e-06,0.0004512055006414626,0.040471752310355436,0.0,0
0.2490194989950396,0.3826904280836888,0.146451963746877,0.0,2.0858209133148193,2.004340331073198,4.4349771367011295,3.842844967296972,26.68322235220704,0.146451963746877,0.28969211766252556,0.0,2.0858209133148193,0.40509411692619324,0.0,0.0,0.40509411692619324,0.6507057141101756,1.5367890049899742,0.07756368144677366,5.544053377039787,0.4565771288912942,1.939382797783505e-06,0.0004914636201812831,0.03382537459914489,0.0,0
0.27655129833874526,0.4129457947757001,0.1705242294229346,0.0,1.666831135749817,1.5800216958845523,1.6152882800135053,3.849521403820362,31.616620804579878,0.1705242294229346,0.32521432691532937,0.0,1.666831135749817,0.462619386613369,0.0,0.0,0.462619386613369,0.6697020096474157,1.4931978163049027,-0.13981912236308872,5.5536854389028925,0.49699582496815836,1.9692205487714113e-06,0.0005574640484205401,0.03649959646854574,0.0,0
0.23488294915296137,0.38178334968692024,0.14575852609816523,0.0,2.121791362762451,2.020317553629928,4.600320766208697,3.742902384057566,25.718851315322606,0.14575852609816523,0.28921755179180764,0.0,2.121791362762451,0.3373924195766449,0.0,0.0,0.3373924195766449,0.6152241424918953,1.6254196018217304,-0.17230851059709973,5.399866707826666,0.44825051689982226,1.8027908764580876e-06,0.0002876009160338247,0.03374519943846703,0.0,0
0.31064868945395574,0.42546024194502424,0.18101641747591857,0.08667029812932014,1.9015288352966309,1.5498776243607844,2.099760959910043,3.965759803702469,35.522435294128485,0.18101641747591857,0.3406781928251803,0.0,1.9015288352966309,0.5486748963594437,0.0,0.08667029812932014,0.5486748963594437,0.7301456838554898,1.3695864698250588,-0.011429763486043309,5.721382001973677,0.5268007457619804,2.245581433438072e-06,0.0011917438022753003,0.03760572777557448,0.08667029812932014,0
0.2999413116485812,0.4757385115282421,0.22632713135110732,0.0,2.1672255992889404,1.7587295822983398,2.386122172895818,3.7680503467906297,40.485365988426054,0.22632713135110732,0.36352214520684356,0.0,2.1672255992889404,0.4944215565919876,0.0,0.0,0.4944215565919876,0.6304738294388552,1.5861053247831007,-0.10154707816126747,5.436147548950117,0.562398365737827,1.7777738482000933e-06,0.0003132105456317954,0.04204974094665181,0.0,0
0.25738353487395216,0.35824320588346914,0.12833819456166567,0.01851668581366539,1.7820754051208496,1.6584003950766393,2.8428785812111164,3.9427170249768513,24.90681325899221,0.12833819456166567,0.284582215516366,0.0,1.7820754051208496,0.4445698782801628,0.0,0.01851668581366539,0.4445698782801628,0.7184583327432091,1.3918652801893903,0.0372940893026408,5.688138299377926,0.4411173070577447,2.0645029465715954e-06,0.0007286639585157901,0.031664525024276184,0.01851668581366539,0
0.27438907824034686,0.4455407099204405,0.1985065241964101,0.0,1.9701374769210815,1.8385576840298228,2.7778715951871558,3.753204366438406,35.04587397811165,0.1985065241964101,0.33819549902017343,0.0,1.9701374769210815,0.37658604979515076,0.0,0.0,0.37658604979515076,0.6158549741377615,1.623755263065449,0.18767664488232763,5.414729326718829,0.5232550911878424,1.9692086908799737e-06,0.0005031818445571067,0.039380607159926494,0.0,0
0.20191361193428747,0.3020602587679893,0.09124039992698467,0.0,1.1582683324813843,1.5137043940261525,1.2113768191383638,3.8349136397450865,16.897216846250842,0.09124039992698467,0.23832966872305406,0.0,1.1582683324813843,0.30257564038038254,0.0,0.0,0.30257564038038254,0.6684525276688185,1.4959875952607615,-0.11311430039749915,5.532610890113017,0.3633311252994088,1.9104365058913537e-06,0.00040232933869389074,0.026698607162726064,0.0,0
0.2310039218282327,0.33387893992657425,0.11147514652649299,0.003975262865424156,1.5196478366851807,1.5536637465745913,1.846285336503719,3.8858328609625747,21.099258678594204,0.11147514652649299,0.26616148150424124,0.0,1.5196478366851807,0.40263986587524414,0.0,0.003975262865424156,0.40263986587524414,0.6918772115480623,1.4453388379043892,-0.11589929428932119,5.606071798049415,0.40600241184815294,1.9999860676129015e-06,0.0005621576526970945,0.02951100781468207,0.003975262865424156,0
0.2451428065669461,0.37299535793481176,0.13912553704091835,0.0,1.5637030601501465,1.5434884617512503,1.473395162989429,3.8074936104963855,25.500228179512,0.13912553704091835,0.29560814310664796,0.0,1.5637030601501465,0.3836527690291405,0.0,0.0,0.3836527690291405,0.6572257378711175,1.5215431493110134,0.003583459460256373,5.493052149894886,0.4463412737496248,1.969187128978586e-06,0.0004763326465297277,0.032968443368351114,0.0,0
0.2900462668912951,0.42837065231816407,0.1835014157674894,0.0,1.8194398880004883,1.4361054400044655,1.135050860546988,3.8306147550944276,34.256416346248415,0.1835014157674894,0.34890133512726607,0.0,1.8194398880004883,0.4821094796061516,0.0,0.0,0.4821094796061516,0.6770902447015082,1.4769045535714853,-0.033571370258019595,5.526408910546158,0.517327993351477,1.8285662672944819e-06,0.00037251520208167444,0.03786297413943483,0.0,0
0.37100024985556956,0.4925221223644863,0.24257804101841798,0.07997454702854156,1.9755916595458984,1.2882989192434475,0.747059191182684,3.9812342639477736,48.668060980648065,0.24257804101841798,0.40314735108017885,0.0,1.9755916595458984,0.6092807352542877,0.0,0.07997454702854156,0.6092807352542877,0.7532646347129566,1.3275519964103129,0.030619225443582886,5.743706929030013,0.6166191907582126,2.169480979381416e-06,0.0011574887352727643,0.04353321657603985,0.07997454702854156,0
0.30831838506856,0.471948066210264,0.22273497719960772,0.0,1.8698874711990356,1.6046650168684349,1.8032769381102165,3.795526582087861,40.677786082674245,0.22273497719960772,0.37665059882328933,0.0,1.8698874711990356,0.5396623909473419,0.0,0.0,0.5396623909473419,0.6532874141363323,1.5307165873527717,-0.05373859835473835,5.475787377355732,0.5637332736063151,1.828561747991716e-06,0.00036725975628922085,0.04171470974814442,0.0,0
0.2599311985904933,0.4022769240880347,0.16182672365373046,0.0,1.797425389289856,1.7555614233199222,2.5695106380502546,3.812793030126798,29.362041811765877,0.16182672365373046,0.3091357635152008,0.0,1.797425389289856,0.3475843742489815,0.0,0.0,0.3475843742489815,0.6461483045080292,1.5476284734938608,0.06857064985513596,5.500697596315273,0.478947754618832,1.9393831833820026e-06,0.00048522433175969066,0.035556592617189416,0.0,0
0.31842099169443827,0.47850938095085543,0.2289712276579709,0.0,2.1702494621276855,1.5818429310723956,1.8685446833097643,3.8205341442159915,42.28648391803397,0.2289712276579709,0.38062850219193933,0.0,2.1702494621276855,0.49335096776485443,0.0,0.0,0.49335096776485443,0.6654421813413932,1.5027570211515466,-0.060474629623713846,5.511865663222709,0.5747722641269675,1.8550645781107088e-06,0.00041360697871152394,0.04229465351646585,0.0,0
0.21200020186734037,0.3151632151486327,0.09932785218282336,0.0,1.811094045639038,1.9918659360734154,5.044494111669591,3.871958149997774,18.466808035150905,0.09932785218282336,0.24206023689032463,0.0,1.811094045639038,0.37297874689102173,0.0,0.0,0.37297874689102173,0.6726658410992512,1.4866175238165427,-0.06609071288240427,5.586054821346729,0.37983145969576615,1.910436934692587e-06,0.00042593124870059473,0.027856755826519128,0.0,0
0.21246285691449884,0.3400230631765433,0.11561568349195955,0.0,1.5413445234298706,1.6190322121211647,1.7804846440905324,3.7212561383435085,20.576787079709483,0.11561568349195955,0.26831276278039695,0.0,1.5413445234298706,0.32874540984630585,0.0,0.0,0.32874540984630585,0.6248465327119699,1.6003882660458546,0.042445902881648366,5.3686377764811315,0.40094407223480727,1.7066601223091987e-06,0.00019991338402833728,0.03005407671649445,0.0,0
0.21840587054612115,0.27983543384751763,0.07830787003662842,0.06657486408948898,0.9775258898735046,1.0904166948701706,-0.036605029784522625,4.007329117324565,16.129151273681593,0.07830787003662842,0.2356610293754784,0.0,0.9775258898735046,0.35234013199806213,0.0,0.06657486408948898,0.35234013199806213,0.7804768933881217,1.2812633339378316,-0.008293138608391747,5.781353844589432,0.35497745608085796,2.2068763800916124e-06,0.000951114590625963,0.024734191611232404,0.06657486408948898,0
0.2201940054364968,0.31919194082083197,0.10188349508496951,0.0,1.2180906534194946,1.449247368896594,1.1190957029995454,3.871813940072314,19.2472185747376,0.10188349508496951,0.25757815889073754,0.0,1.2180906534194946,0.3529350161552429,0.0,0.0,0.3529350161552429,0.6898461001996131,1.449594143982661,0.14076312891914386,5.58584677040242,0.38777428372074585,1.9692193166703282e-06,0.0005028115716070919,0.02821284823181318,0.0,0
0.266541006792977,0.3885858091474116,0.15099893107074858,0.0,2.144824266433716,1.8260797506418052,4.235966299010642,3.8731284131618953,28.421509039739185,0.15099893107074858,0.31100808268797664,0.0,2.144824266433716,0.4991776943206787,0.0,0.0,0.4991776943206787,0.6859239699303943,1.4578837748940714,0.00473683035372377,5.587743154210144,0.47121443035306376,1.910437209961452e-06,0.0004641718282196648,0.034346457590124536,0.0,0
0.28022249434434343,0.40980686583470777,0.16794166728526616,0.05976841412484646,1.4795303344726562,1.4394812560936479,0.792111816279776,3.883649644061475,31.547688143594463,0.16794166728526616,0.32472939404942736,0.0,1.4795303344726562,0.37536126375198364,0.0,0.05976841412484646,0.37536126375198364,0.683789935982753,1.4624338663231236,0.03529336341878833,5.602922081853016,0.4964537376451423,2.2068756868988588e-06,0.0009978648165616946,0.03622215172606594,0.05976841412484646,0
0.40040594154197606,0.6208969319707042,0.3855130001306333,0.05400506593286991,2.6825432777404785,1.9571475862739858,3.620465264824783,3.842277896605866,69.86725352355197,0.3855130001306333,0.4652015863609904,0.0,2.6825432777404785,0.5866245776414871,0.0,0.05400506593286991,0.5866245776414871,0.6448820666403321,1.5506686278920094,-0.07010525425718228,5.543235266965896,0.7388084448304241,2.1333048223221227e-06,0.0009828071412857355,0.05488005387680092,0.05400506593286991,0
0.2694842522687395,0.41424998771067084,0.17160305231829093,0.0,2.0186233520507812,1.6671469628584963,2.3146023968718685,3.803695250332609,31.260776261008964,0.17160305231829093,0.33018820326276455,0.0,2.0186233520507812,0.44747716188430786,0.0,0.0,0.44747716188430786,0.6505337591541434,1.537195528952711,0.060111040616104526,5.487572274523096,0.4941910708816303,1.93937903847246e-06,0.000477353012503473,0.03661487192708241,0.0,0
0.2555639432830503,0.4795553063717274,0.22997329186928134,0.0,2.260613203048706,2.119206040441809,3.7909521760755,3.536245459997648,37.796636284884926,0.22997329186928134,0.3465949843391627,0.0,2.260613203048706,0.22548747435212135,0.0,0.0,0.22548747435212135,0.5329174903706726,1.8764591757789362,-0.07555805599177962,5.101723788320056,0.5434024484446711,1.6623188273228849e-06,0.00016227256280903137,0.0423871011361801,0.0,0
